-- Ozruk texts
DELETE FROM `creature_text` WHERE `entry` = 49154;
DELETE FROM `creature_text` WHERE `entry` = 49654;
INSERT INTO `creature_text` (`entry`, `groupid`, `id`, `text`, `type`, `language`, `probability`, `emote`, `duration`, `sound`, `comment`) VALUES
(49154, 0, 0, 'None may pass into the World''s Heart!', 14, 0, 100, 0, 0, 21919,  'Ozruk to Player'),
(49154, 1, 0, '|TInterface\\Icons\\ability_warrior_shieldreflection.blp:20|tOzruk casts |cFFFF0000|Hspell:78939|h[Elementium Bulwark]|h|r!', 41, 0, 100, 0, 0, 0, 'Ozruk'),
(49154, 2, 0, 'Break yourselves upon my body. Feel the strength of the earth!', 14, 0, 100, 0, 0, 21921, 'Ozruk'),
(49154, 3, 0, '%s becomes enraged!', 41, 0, 100, 0, 0, 0, 'Ozruk'),
(49154, 4, 0, 'A protector has fallen. The World''s Heart lies exposed!', 14, 0, 100, 0, 0, 21922, 'Ozruk to Player');

-- High Priestess Azil texts
DELETE FROM `creature_text` WHERE `entry` = 49624;
INSERT INTO `creature_text` (`entry`, `groupid`, `id`, `text`, `type`, `language`, `probability`, `emote`, `duration`, `sound`, `comment`) VALUES
(49624, 0, 0, 'The world will be reborn in flames!', 14, 0, 100, 0, 0, 21634, 'High Priestess Azil to Player'),
(49624, 1, 0, 'Witness the power bestowed upon me by Deathwing! Feel the fury of earth!', 14, 0, 100, 0, 0, 21628, 'High Priestess Azil to High Priestess Azil'),
(49624, 2, 0, 'For my death, countless more will fall. The burden is now yours to bear.', 14, 0, 100, 0, 0, 21633, 'High Priestess Azil to Player');

DELETE FROM `creature_text` WHERE `entry` = 49662 AND `groupid` = 0;
INSERT INTO `creature_text` (`entry`, `groupid`, `id`, `text`, `type`, `language`, `probability`, `emote`, `duration`, `sound`, `comment`) VALUES
(49662, 0, 0, '%s begins to transform into a Force of Earth!', 16, 0, 100, 0, 0, 0, 'Stonecore Earthshaper');

-- Millhouse Manastorm texts
DELETE FROM `creature_text` WHERE `entry` IN (49653);
INSERT INTO `creature_text` (`entry`, `groupid`, `id`, `text`, `type`, `language`, `probability`, `emote`, `duration`, `sound`, `comment`) VALUES
(49653, 0, 1, 'Follow me if you dare!', 14, 0, 100, 0, 0, 21783,'Millhouse Manastorm'),
(49653, 0, 2, 'It''s time for a tactical retreat!', 14, 0, 100, 0, 0, 21784, 'Millhouse Manastorm'),
(49653, 0, 3, 'You''re gonna be sorry!', 14, 0, 100, 0, 0, 21785, 'Millhouse Manastorm'),
(49653, 0, 4, 'Don''t say I didn''t warn ya!', 14, 0, 100, 0, 0, 21786, 'Millhouse Manastorm'),
(49653, 1, 1, 'Ah-ha! I''ve got you right where I want you!', 14, 0, 100, 0, 0, 21787, 'Millhouse Manastorm'),
(49653, 1, 2, 'Now... witness the full power of Millhouse Manastorm!', 14, 0, 100, 0, 0, 21788, 'Millhouse Manastorm'),
(49653, 1, 3, 'Prison taught me one very important lesson, well, two if you count how to hold your soap, but yes! SURVIVAL!', 14, 0, 100, 0, 0, 21789, 'Millhouse Manastorm');

-- Stonecore Sentry
DELETE FROM `creature_text` WHERE `entry` IN (42695);
INSERT INTO `creature_text` VALUES ('42695', '0', '0', '%s becomes enraged!', '16', '0', '100', '0', '0', '0', 'combat Enrage');

-- http://www.wowhead.com/npc=43537 and heroic 49662
DELETE FROM `creature_template` WHERE `entry`=43537;
INSERT INTO `creature_template` ( `entry`, `difficulty_entry_1`, `difficulty_entry_2`, `difficulty_entry_3`, `KillCredit1`, `KillCredit2`, `modelid1`, `modelid2`, `modelid3`, `modelid4`, `name`, `subname`, `IconName`, `gossip_menu_id`, `minlevel`, `maxlevel`, `exp`, `faction_A`, `faction_H`, `npcflag`, `speed_walk`, `speed_run`, `scale`, `rank`, `mindmg`, `maxdmg`, `dmgschool`, `attackpower`, `dmg_multiplier`, `baseattacktime`, `rangeattacktime`, `unit_class`, `unit_flags`, `dynamicflags`, `family`, `trainer_type`, `trainer_spell`, `trainer_class`, `trainer_race`, `minrangedmg`, `maxrangedmg`, `rangedattackpower`, `type`, `type_flags`, `lootid`, `pickpocketloot`, `skinloot`, `resistance1`, `resistance2`, `resistance3`, `resistance4`, `resistance5`, `resistance6`, `spell1`, `spell2`, `spell3`, `spell4`, `spell5`, `spell6`, `spell7`, `spell8`, `PetSpellDataId`, `VehicleId`, `mingold`, `maxgold`, `AIName`, `MovementType`, `InhabitType`, `Health_mod`, `Mana_mod`, `Armor_mod`, `RacialLeader`, `questItem1`, `questItem2`, `questItem3`, `questItem4`, `questItem5`, `questItem6`, `movementId`, `RegenHealth`, `equipment_id`, `mechanic_immune_mask`, `flags_extra`, `ScriptName`, `WDBVerified`) VALUES ( 43537, 0, 0, 0, 0, 0, 37216, 37217, 37218, 0, "Stonecore Earthshaper", "", "", 0, 82, 85, 3, 16, 16, 0, 1.2, 1.6, 1.0, 1, 516, 696, 0, 1013, 9.5, 2000, 2000, 1, 64, 0, 0, 0, 0, 0, 0, 516, 696, 1013, 7, 12, 43537, 43537, 0, 0, 0, 0, 0, 0, 0, 0, 0, 0, 0, 0, 0, 0, 0, 0, 0, 12174, 12174, "", 0, 1, 1.9137, 0.0, 1.0, 0, 0, 0, 0, 0, 0, 0, 0, 1, 0, 613097436, 0, "npc_stonecore_earthshaper", "13623");
DELETE FROM `pickpocketing_loot_template` WHERE entry='43537';
INSERT INTO `pickpocketing_loot_template` VALUES ('43537', '63348', '11', '1', '0', '1', '1');
INSERT INTO `pickpocketing_loot_template` VALUES ('43537', '63291', '10', '1', '0', '1', '1');
INSERT INTO `pickpocketing_loot_template` VALUES ('43537', '63349', '10', '1', '0', '1', '1');
INSERT INTO `pickpocketing_loot_template` VALUES ('43537', '63317', '9', '1', '0', '1', '1');
INSERT INTO `pickpocketing_loot_template` VALUES ('43537', '58269', '8', '1', '0', '1', '1');
INSERT INTO `pickpocketing_loot_template` VALUES ('43537', '63310', '5', '1', '0', '1', '1');
INSERT INTO `pickpocketing_loot_template` VALUES ('43537', '63300', '4', '1', '0', '1', '1');
INSERT INTO `pickpocketing_loot_template` VALUES ('43537', '63316', '0.7', '1', '0', '1', '1');
INSERT INTO `pickpocketing_loot_template` VALUES ('43537', '63318', '0.4', '1', '0', '1', '1');
UPDATE `creature_template` SET pickpocketloot='43537' WHERE entry='43537';
DELETE FROM `creature_template` WHERE `entry`=49662;
INSERT INTO `creature_template` ( `entry`, `difficulty_entry_1`, `difficulty_entry_2`, `difficulty_entry_3`, `KillCredit1`, `KillCredit2`, `modelid1`, `modelid2`, `modelid3`, `modelid4`, `name`, `subname`, `IconName`, `gossip_menu_id`, `minlevel`, `maxlevel`, `exp`, `faction_A`, `faction_H`, `npcflag`, `speed_walk`, `speed_run`, `scale`, `rank`, `mindmg`, `maxdmg`, `dmgschool`, `attackpower`, `dmg_multiplier`, `baseattacktime`, `rangeattacktime`, `unit_class`, `unit_flags`, `dynamicflags`, `family`, `trainer_type`, `trainer_spell`, `trainer_class`, `trainer_race`, `minrangedmg`, `maxrangedmg`, `rangedattackpower`, `type`, `type_flags`, `lootid`, `pickpocketloot`, `skinloot`, `resistance1`, `resistance2`, `resistance3`, `resistance4`, `resistance5`, `resistance6`, `spell1`, `spell2`, `spell3`, `spell4`, `spell5`, `spell6`, `spell7`, `spell8`, `PetSpellDataId`, `VehicleId`, `mingold`, `maxgold`, `AIName`, `MovementType`, `InhabitType`, `Health_mod`, `Mana_mod`, `Armor_mod`, `RacialLeader`, `questItem1`, `questItem2`, `questItem3`, `questItem4`, `questItem5`, `questItem6`, `movementId`, `RegenHealth`, `equipment_id`, `mechanic_immune_mask`, `flags_extra`, `ScriptName`, `WDBVerified`) VALUES ( 49662, 0, 0, 0, 0, 0, 37216, 37217, 37218, 0, "Stonecore Earthshaper (H)", "", "", 0, 84, 85, 3, 16, 16, 0, 1.0, 1.14286, 1.0, 1, 814, 925, 0, 1305, 13.0, 2000, 2000, 1, 0, 0, 0, 0, 0, 0, 0, 814, 925, 1305, 7, 12, 49662, 49662, 0, 0, 0, 0, 0, 0, 0, 0, 0, 0, 0, 0, 0, 0, 0, 0, 0, 12174, 12174, "", 0, 1, 4.0, 0.0, 1.0, 0, 0, 0, 0, 0, 0, 0, 0, 1, 0, 613097436, 0, "npc_stonecore_earthshaper", "13623");
DELETE FROM `pickpocketing_loot_template` WHERE entry='49662';
INSERT INTO `pickpocketing_loot_template` VALUES ('49662', '63348', '11', '1', '0', '1', '1');
INSERT INTO `pickpocketing_loot_template` VALUES ('49662', '63291', '10', '1', '0', '1', '1');
INSERT INTO `pickpocketing_loot_template` VALUES ('49662', '63349', '10', '1', '0', '1', '1');
INSERT INTO `pickpocketing_loot_template` VALUES ('49662', '63317', '9', '1', '0', '1', '1');
INSERT INTO `pickpocketing_loot_template` VALUES ('49662', '58269', '8', '1', '0', '1', '1');
INSERT INTO `pickpocketing_loot_template` VALUES ('49662', '63310', '5', '1', '0', '1', '1');
INSERT INTO `pickpocketing_loot_template` VALUES ('49662', '63300', '4', '1', '0', '1', '1');
INSERT INTO `pickpocketing_loot_template` VALUES ('49662', '63316', '0.7', '1', '0', '1', '1');
INSERT INTO `pickpocketing_loot_template` VALUES ('49662', '63318', '0.4', '1', '0', '1', '1');
UPDATE `creature_template` SET pickpocketloot='49662' WHERE entry='49662';

-- http://www.wowhead.com/npc=43214 and heroic 49538
DELETE FROM `creature_template` WHERE `entry`=43214;
INSERT INTO `creature_template` ( `entry`, `difficulty_entry_1`, `difficulty_entry_2`, `difficulty_entry_3`, `KillCredit1`, `KillCredit2`, `modelid1`, `modelid2`, `modelid3`, `modelid4`, `name`, `subname`, `IconName`, `gossip_menu_id`, `minlevel`, `maxlevel`, `exp`, `faction_A`, `faction_H`, `npcflag`, `speed_walk`, `speed_run`, `scale`, `rank`, `mindmg`, `maxdmg`, `dmgschool`, `attackpower`, `dmg_multiplier`, `baseattacktime`, `rangeattacktime`, `unit_class`, `unit_flags`, `dynamicflags`, `family`, `trainer_type`, `trainer_spell`, `trainer_class`, `trainer_race`, `minrangedmg`, `maxrangedmg`, `rangedattackpower`, `type`, `type_flags`, `lootid`, `pickpocketloot`, `skinloot`, `resistance1`, `resistance2`, `resistance3`, `resistance4`, `resistance5`, `resistance6`, `spell1`, `spell2`, `spell3`, `spell4`, `spell5`, `spell6`, `spell7`, `spell8`, `PetSpellDataId`, `VehicleId`, `mingold`, `maxgold`, `AIName`, `MovementType`, `InhabitType`, `Health_mod`, `Mana_mod`, `Armor_mod`, `RacialLeader`, `questItem1`, `questItem2`, `questItem3`, `questItem4`, `questItem5`, `questItem6`, `movementId`, `RegenHealth`, `equipment_id`, `mechanic_immune_mask`, `flags_extra`, `ScriptName`, `WDBVerified`) VALUES ( 43214, 0, 0, 0, 0, 0, 36476, 0, 0, 0, "Slabhide", "", "", 0, 84, 87, 3, 16, 16, 0, 1.8, 2.42857, 1.0, 1, 2902, 3223, 0, 1890, 9.5, 2000, 2000, 1, 0, 0, 0, 0, 0, 0, 0, 2902, 3223, 1890, 2, 76, 43214, 0, 43214, 0, 0, 0, 0, 0, 0, 0, 0, 0, 0, 0, 0, 0, 0, 0, 0, 20011, 20011, "", 1, 4, 29.5304, 0.0, 1.0, 0, 0, 0, 0, 0, 0, 0, 0, 1, 0, 651116543, 1, "boss_slabhide", "13623");
DELETE FROM `creature_loot_template` WHERE entry='43214';
INSERT INTO `creature_loot_template` VALUES ('43214', '55799', '25', '1', '0', '1', '1');
INSERT INTO `creature_loot_template` VALUES ('43214', '55797', '20', '1', '0', '1', '1');
INSERT INTO `creature_loot_template` VALUES ('43214', '55801', '19', '1', '0', '1', '1');
INSERT INTO `creature_loot_template` VALUES ('43214', '55798', '13', '1', '0', '1', '1');
INSERT INTO `creature_loot_template` VALUES ('43214', '63043', '0.8', '1', '0', '1', '1');
UPDATE `creature_template` SET lootid='43214' WHERE entry='43214';
DELETE FROM `skinning_loot_template` WHERE entry='43214';
INSERT INTO `skinning_loot_template` VALUES ('43214', '52976', '75', '1', '0', '1', '7');
INSERT INTO `skinning_loot_template` VALUES ('43214', '52979', '43', '1', '0', '1', '7');
UPDATE `creature_template` SET skinloot='43214' WHERE entry='43214';
DELETE FROM `creature_template` WHERE `entry`=49538;
INSERT INTO `creature_template` ( `entry`, `difficulty_entry_1`, `difficulty_entry_2`, `difficulty_entry_3`, `KillCredit1`, `KillCredit2`, `modelid1`, `modelid2`, `modelid3`, `modelid4`, `name`, `subname`, `IconName`, `gossip_menu_id`, `minlevel`, `maxlevel`, `exp`, `faction_A`, `faction_H`, `npcflag`, `speed_walk`, `speed_run`, `scale`, `rank`, `mindmg`, `maxdmg`, `dmgschool`, `attackpower`, `dmg_multiplier`, `baseattacktime`, `rangeattacktime`, `unit_class`, `unit_flags`, `dynamicflags`, `family`, `trainer_type`, `trainer_spell`, `trainer_class`, `trainer_race`, `minrangedmg`, `maxrangedmg`, `rangedattackpower`, `type`, `type_flags`, `lootid`, `pickpocketloot`, `skinloot`, `resistance1`, `resistance2`, `resistance3`, `resistance4`, `resistance5`, `resistance6`, `spell1`, `spell2`, `spell3`, `spell4`, `spell5`, `spell6`, `spell7`, `spell8`, `PetSpellDataId`, `VehicleId`, `mingold`, `maxgold`, `AIName`, `MovementType`, `InhabitType`, `Health_mod`, `Mana_mod`, `Armor_mod`, `RacialLeader`, `questItem1`, `questItem2`, `questItem3`, `questItem4`, `questItem5`, `questItem6`, `movementId`, `RegenHealth`, `equipment_id`, `mechanic_immune_mask`, `flags_extra`, `ScriptName`, `WDBVerified`) VALUES ( 49538, 0, 0, 0, 0, 0, 36476, 0, 0, 0, "Slabhide (H)", "", "", 0, 84, 87, 3, 16, 16, 0, 2.0, 2.14286, 1.0, 1, 5000, 6000, 0, 2024, 9.5, 2000, 2000, 1, 0, 0, 0, 0, 0, 0, 0, 5000, 6000, 2024, 2, 76, 49538, 0, 49538, 0, 0, 0, 0, 0, 0, 0, 0, 0, 0, 0, 0, 0, 0, 0, 0, 20011, 20011, "", 1, 4, 50.0, 0.0, 1.0, 0, 71715, 0, 0, 0, 0, 0, 0, 1, 0, 651116543, 1, "boss_slabhide", "13623");
DELETE FROM `creature_loot_template` WHERE entry='49538';
INSERT INTO `creature_loot_template` VALUES ('49538', '56334', '20', '1', '0', '1', '1');
INSERT INTO `creature_loot_template` VALUES ('49538', '56336', '19', '1', '0', '1', '1');
INSERT INTO `creature_loot_template` VALUES ('49538', '56335', '19', '1', '0', '1', '1');
INSERT INTO `creature_loot_template` VALUES ('49538', '56333', '19', '1', '0', '1', '1');
INSERT INTO `creature_loot_template` VALUES ('49538', '63043', '0.9', '1', '0', '1', '1');
INSERT INTO `creature_loot_template` VALUES ('49538', '71715', '0.6', '1', '0', '1', '1');
UPDATE `creature_template` SET lootid='49538' WHERE entry='49538';
DELETE FROM `skinning_loot_template` WHERE entry='49538';
INSERT INTO `skinning_loot_template` VALUES ('49538', '52976', '75', '1', '0', '1', '7');
INSERT INTO `skinning_loot_template` VALUES ('49538', '52979', '43', '1', '0', '1', '7');
UPDATE `creature_template` SET skinloot='49538' WHERE entry='49538';

-- http://www.wowhead.com/npc=43438 and heroic 49642
DELETE FROM `creature_template` WHERE `entry`=43438;
INSERT INTO `creature_template` ( `entry`, `difficulty_entry_1`, `difficulty_entry_2`, `difficulty_entry_3`, `KillCredit1`, `KillCredit2`, `modelid1`, `modelid2`, `modelid3`, `modelid4`, `name`, `subname`, `IconName`, `gossip_menu_id`, `minlevel`, `maxlevel`, `exp`, `faction_A`, `faction_H`, `npcflag`, `speed_walk`, `speed_run`, `scale`, `rank`, `mindmg`, `maxdmg`, `dmgschool`, `attackpower`, `dmg_multiplier`, `baseattacktime`, `rangeattacktime`, `unit_class`, `unit_flags`, `dynamicflags`, `family`, `trainer_type`, `trainer_spell`, `trainer_class`, `trainer_race`, `minrangedmg`, `maxrangedmg`, `rangedattackpower`, `type`, `type_flags`, `lootid`, `pickpocketloot`, `skinloot`, `resistance1`, `resistance2`, `resistance3`, `resistance4`, `resistance5`, `resistance6`, `spell1`, `spell2`, `spell3`, `spell4`, `spell5`, `spell6`, `spell7`, `spell8`, `PetSpellDataId`, `VehicleId`, `mingold`, `maxgold`, `AIName`, `MovementType`, `InhabitType`, `Health_mod`, `Mana_mod`, `Armor_mod`, `RacialLeader`, `questItem1`, `questItem2`, `questItem3`, `questItem4`, `questItem5`, `questItem6`, `movementId`, `RegenHealth`, `equipment_id`, `mechanic_immune_mask`, `flags_extra`, `ScriptName`, `WDBVerified`) VALUES ( 43438, 0, 0, 0, 0, 0, 33477, 0, 0, 0, "Corborus", "", "", 0, 84, 87, 3, 16, 16, 0, 1.8, 2.42857, 1.0, 1, 2530, 2619, 0, 1215, 9.5, 2000, 2000, 1, 0, 1, 0, 0, 0, 0, 0, 2530, 2619, 1215, 4, 4, 43438, 0, 0, 0, 0, 0, 0, 0, 0, 86881, 92650, 0, 0, 0, 0, 0, 0, 0, 0, 13998, 18297, "", 0, 1, 24.9898, 0.0, 1.0, 0, 52506, 0, 0, 0, 0, 0, 0, 1, 0, 651116543, 1, "boss_corborus", "13596");
DELETE FROM `creature_template` WHERE `entry`=49642;
INSERT INTO `creature_template` ( `entry`, `difficulty_entry_1`, `difficulty_entry_2`, `difficulty_entry_3`, `KillCredit1`, `KillCredit2`, `modelid1`, `modelid2`, `modelid3`, `modelid4`, `name`, `subname`, `IconName`, `gossip_menu_id`, `minlevel`, `maxlevel`, `exp`, `faction_A`, `faction_H`, `npcflag`, `speed_walk`, `speed_run`, `scale`, `rank`, `mindmg`, `maxdmg`, `dmgschool`, `attackpower`, `dmg_multiplier`, `baseattacktime`, `rangeattacktime`, `unit_class`, `unit_flags`, `dynamicflags`, `family`, `trainer_type`, `trainer_spell`, `trainer_class`, `trainer_race`, `minrangedmg`, `maxrangedmg`, `rangedattackpower`, `type`, `type_flags`, `lootid`, `pickpocketloot`, `skinloot`, `resistance1`, `resistance2`, `resistance3`, `resistance4`, `resistance5`, `resistance6`, `spell1`, `spell2`, `spell3`, `spell4`, `spell5`, `spell6`, `spell7`, `spell8`, `PetSpellDataId`, `VehicleId`, `mingold`, `maxgold`, `AIName`, `MovementType`, `InhabitType`, `Health_mod`, `Mana_mod`, `Armor_mod`, `RacialLeader`, `questItem1`, `questItem2`, `questItem3`, `questItem4`, `questItem5`, `questItem6`, `movementId`, `RegenHealth`, `equipment_id`, `mechanic_immune_mask`, `flags_extra`, `ScriptName`, `WDBVerified`) VALUES ( 49642, 0, 0, 0, 0, 0, 33477, 0, 0, 0, "Corborus (H)", "", "", 0, 84, 87, 3, 16, 16, 0, 1.0, 1.14286, 1.0, 1, 5000, 6000, 0, 1613, 10.5, 2000, 2000, 1, 0, 0, 0, 0, 0, 0, 0, 5000, 6000, 1613, 4, 76, 49642, 0, 0, 0, 0, 0, 0, 0, 0, 0, 0, 0, 0, 0, 0, 0, 0, 0, 0, 19998, 19998, "", 0, 1, 35.0, 0.0, 1.0, 0, 52506, 0, 0, 0, 0, 0, 0, 1, 0, 651116543, 1, "boss_corborus", "13623");
DELETE FROM `creature_loot_template` WHERE entry='43438';
INSERT INTO `creature_loot_template` VALUES ('43438', '55795', '26', '1', '0', '1', '1');
INSERT INTO `creature_loot_template` VALUES ('43438', '55796', '20', '1', '0', '1', '1');
INSERT INTO `creature_loot_template` VALUES ('43438', '55794', '20', '1', '0', '1', '1');
INSERT INTO `creature_loot_template` VALUES ('43438', '55792', '13', '1', '0', '1', '1');
INSERT INTO `creature_loot_template` VALUES ('43438', '55793', '13', '1', '0', '1', '1');
INSERT INTO `creature_loot_template` VALUES ('43438', '52506', '0.3', '1', '0', '1', '1');
UPDATE `creature_template` SET lootid='43438' WHERE entry='43438';
DELETE FROM `creature_loot_template` WHERE entry='49642';
INSERT INTO `creature_loot_template` VALUES ('49642', '56328', '20', '1', '0', '1', '1');
INSERT INTO `creature_loot_template` VALUES ('49642', '56330', '19', '1', '0', '1', '1');
INSERT INTO `creature_loot_template` VALUES ('49642', '56331', '19', '1', '0', '1', '1');
INSERT INTO `creature_loot_template` VALUES ('49642', '56329', '19', '1', '0', '1', '1');
INSERT INTO `creature_loot_template` VALUES ('49642', '56332', '19', '1', '0', '1', '1');
INSERT INTO `creature_loot_template` VALUES ('49642', '52506', '1.5', '1', '0', '1', '1');
UPDATE `creature_template` SET lootid='49642' WHERE entry='49642';

-- http://www.wowhead.com/npc=42188 and heroic 49654
DELETE FROM `creature_template` WHERE `entry`=42188;
INSERT INTO `creature_template` ( `entry`, `difficulty_entry_1`, `difficulty_entry_2`, `difficulty_entry_3`, `KillCredit1`, `KillCredit2`, `modelid1`, `modelid2`, `modelid3`, `modelid4`, `name`, `subname`, `IconName`, `gossip_menu_id`, `minlevel`, `maxlevel`, `exp`, `faction_A`, `faction_H`, `npcflag`, `speed_walk`, `speed_run`, `scale`, `rank`, `mindmg`, `maxdmg`, `dmgschool`, `attackpower`, `dmg_multiplier`, `baseattacktime`, `rangeattacktime`, `unit_class`, `unit_flags`, `dynamicflags`, `family`, `trainer_type`, `trainer_spell`, `trainer_class`, `trainer_race`, `minrangedmg`, `maxrangedmg`, `rangedattackpower`, `type`, `type_flags`, `lootid`, `pickpocketloot`, `skinloot`, `resistance1`, `resistance2`, `resistance3`, `resistance4`, `resistance5`, `resistance6`, `spell1`, `spell2`, `spell3`, `spell4`, `spell5`, `spell6`, `spell7`, `spell8`, `PetSpellDataId`, `VehicleId`, `mingold`, `maxgold`, `AIName`, `MovementType`, `InhabitType`, `Health_mod`, `Mana_mod`, `Armor_mod`, `RacialLeader`, `questItem1`, `questItem2`, `questItem3`, `questItem4`, `questItem5`, `questItem6`, `movementId`, `RegenHealth`, `equipment_id`, `mechanic_immune_mask`, `flags_extra`, `ScriptName`, `WDBVerified`) VALUES ( 42188, 0, 0, 0, 0, 0, 36475, 0, 0, 0, "Ozruk", "", "", 0, 85, 85, 3, 16, 16, 0, 1.0, 1.5873, 1.0, 1, 719, 844, 0, 1215, 9.5, 2000, 2000, 1, 0, 0, 0, 0, 0, 0, 0, 719, 844, 1215, 5, 76, 42188, 0, 0, 0, 0, 0, 0, 0, 0, 0, 0, 0, 0, 0, 0, 0, 0, 0, 867, 12611, 19611, "", 0, 1, 31.6279, 0.0, 1.0, 0, 0, 0, 0, 0, 0, 0, 0, 1, 0, 651116543, 1, "boss_ozruk", "13623");
DELETE FROM `creature_template` WHERE `entry`=49654;
INSERT INTO `creature_template` ( `entry`, `difficulty_entry_1`, `difficulty_entry_2`, `difficulty_entry_3`, `KillCredit1`, `KillCredit2`, `modelid1`, `modelid2`, `modelid3`, `modelid4`, `name`, `subname`, `IconName`, `gossip_menu_id`, `minlevel`, `maxlevel`, `exp`, `faction_A`, `faction_H`, `npcflag`, `speed_walk`, `speed_run`, `scale`, `rank`, `mindmg`, `maxdmg`, `dmgschool`, `attackpower`, `dmg_multiplier`, `baseattacktime`, `rangeattacktime`, `unit_class`, `unit_flags`, `dynamicflags`, `family`, `trainer_type`, `trainer_spell`, `trainer_class`, `trainer_race`, `minrangedmg`, `maxrangedmg`, `rangedattackpower`, `type`, `type_flags`, `lootid`, `pickpocketloot`, `skinloot`, `resistance1`, `resistance2`, `resistance3`, `resistance4`, `resistance5`, `resistance6`, `spell1`, `spell2`, `spell3`, `spell4`, `spell5`, `spell6`, `spell7`, `spell8`, `PetSpellDataId`, `VehicleId`, `mingold`, `maxgold`, `AIName`, `MovementType`, `InhabitType`, `Health_mod`, `Mana_mod`, `Armor_mod`, `RacialLeader`, `questItem1`, `questItem2`, `questItem3`, `questItem4`, `questItem5`, `questItem6`, `movementId`, `RegenHealth`, `equipment_id`, `mechanic_immune_mask`, `flags_extra`, `ScriptName`, `WDBVerified`) VALUES ( 49654, 0, 0, 0, 0, 0, 36475, 0, 0, 0, "Ozruk (H)", "", "", 0, 86, 86, 3, 16, 16, 0, 1.2, 1.64286, 1.0, 1, 5000, 6000, 0, 1813, 9.5, 2000, 2000, 1, 0, 0, 0, 0, 0, 0, 0, 5000, 6000, 1813, 5, 76, 49654, 0, 0, 0, 0, 0, 0, 0, 0, 0, 0, 0, 0, 0, 0, 0, 0, 0, 0, 20011, 20011, "", 0, 1, 41.3961, 0.0, 1.0, 0, 0, 0, 0, 0, 0, 0, 0, 1, 0, 651116543, 0, "boss_ozruk", "13623");
DELETE FROM `creature_loot_template` WHERE entry='42188';
INSERT INTO `creature_loot_template` VALUES ('42188', '55811', '29', '1', '0', '1', '1');
INSERT INTO `creature_loot_template` VALUES ('42188', '55804', '19', '1', '0', '1', '1');
INSERT INTO `creature_loot_template` VALUES ('42188', '55810', '19', '1', '0', '1', '1');
INSERT INTO `creature_loot_template` VALUES ('42188', '55802', '14', '1', '0', '1', '1');
INSERT INTO `creature_loot_template` VALUES ('42188', '55803', '9', '1', '0', '1', '1');
UPDATE `creature_template` SET lootid='42188' WHERE entry='42188';
DELETE FROM `creature_loot_template` WHERE entry='49654';
INSERT INTO `creature_loot_template` VALUES ('49654', '56339', '20', '1', '0', '1', '1');
INSERT INTO `creature_loot_template` VALUES ('49654', '56341', '19', '1', '0', '1', '1');
INSERT INTO `creature_loot_template` VALUES ('49654', '56340', '19', '1', '0', '1', '1');
INSERT INTO `creature_loot_template` VALUES ('49654', '56338', '19', '1', '0', '1', '1');
INSERT INTO `creature_loot_template` VALUES ('49654', '56342', '18', '1', '0', '1', '1');
UPDATE `creature_template` SET lootid='49654' WHERE entry='49654';

-- http://www.wowhead.com/npc=42333 and heroic 49624
DELETE FROM `creature_template` WHERE `entry`=42333;
INSERT INTO `creature_template` ( `entry`, `difficulty_entry_1`, `difficulty_entry_2`, `difficulty_entry_3`, `KillCredit1`, `KillCredit2`, `modelid1`, `modelid2`, `modelid3`, `modelid4`, `name`, `subname`, `IconName`, `gossip_menu_id`, `minlevel`, `maxlevel`, `exp`, `faction_A`, `faction_H`, `npcflag`, `speed_walk`, `speed_run`, `scale`, `rank`, `mindmg`, `maxdmg`, `dmgschool`, `attackpower`, `dmg_multiplier`, `baseattacktime`, `rangeattacktime`, `unit_class`, `unit_flags`, `dynamicflags`, `family`, `trainer_type`, `trainer_spell`, `trainer_class`, `trainer_race`, `minrangedmg`, `maxrangedmg`, `rangedattackpower`, `type`, `type_flags`, `lootid`, `pickpocketloot`, `skinloot`, `resistance1`, `resistance2`, `resistance3`, `resistance4`, `resistance5`, `resistance6`, `spell1`, `spell2`, `spell3`, `spell4`, `spell5`, `spell6`, `spell7`, `spell8`, `PetSpellDataId`, `VehicleId`, `mingold`, `maxgold`, `AIName`, `MovementType`, `InhabitType`, `Health_mod`, `Mana_mod`, `Armor_mod`, `RacialLeader`, `questItem1`, `questItem2`, `questItem3`, `questItem4`, `questItem5`, `questItem6`, `movementId`, `RegenHealth`, `equipment_id`, `mechanic_immune_mask`, `flags_extra`, `ScriptName`, `WDBVerified`) VALUES ( 42333, 0, 0, 0, 0, 0, 26448, 0, 0, 0, "High Priestess Azil", "", "", 0, 85, 87, 3, 16, 16, 3, 1.2, 1.42857, 1.0, 1, 2806, 2941, 0, 1815, 9.9, 2000, 2000, 1, 0, 1, 0, 0, 0, 0, 0, 2806, 2941, 1815, 7, 4, 42333, 0, 0, 0, 0, 0, 0, 0, 0, 0, 0, 0, 0, 0, 0, 0, 0, 0, 903, 16820, 19650, "", 0, 1, 19.4279, 0.0, 1.0, 0, 0, 0, 0, 0, 0, 0, 0, 1, 0, 617299803, 1, "boss_priestess_azil", "13623");
DELETE FROM `creature_template` WHERE `entry`=49624;
INSERT INTO `creature_template` ( `entry`, `difficulty_entry_1`, `difficulty_entry_2`, `difficulty_entry_3`, `KillCredit1`, `KillCredit2`, `modelid1`, `modelid2`, `modelid3`, `modelid4`, `name`, `subname`, `IconName`, `gossip_menu_id`, `minlevel`, `maxlevel`, `exp`, `faction_A`, `faction_H`, `npcflag`, `speed_walk`, `speed_run`, `scale`, `rank`, `mindmg`, `maxdmg`, `dmgschool`, `attackpower`, `dmg_multiplier`, `baseattacktime`, `rangeattacktime`, `unit_class`, `unit_flags`, `dynamicflags`, `family`, `trainer_type`, `trainer_spell`, `trainer_class`, `trainer_race`, `minrangedmg`, `maxrangedmg`, `rangedattackpower`, `type`, `type_flags`, `lootid`, `pickpocketloot`, `skinloot`, `resistance1`, `resistance2`, `resistance3`, `resistance4`, `resistance5`, `resistance6`, `spell1`, `spell2`, `spell3`, `spell4`, `spell5`, `spell6`, `spell7`, `spell8`, `PetSpellDataId`, `VehicleId`, `mingold`, `maxgold`, `AIName`, `MovementType`, `InhabitType`, `Health_mod`, `Mana_mod`, `Armor_mod`, `RacialLeader`, `questItem1`, `questItem2`, `questItem3`, `questItem4`, `questItem5`, `questItem6`, `movementId`, `RegenHealth`, `equipment_id`, `mechanic_immune_mask`, `flags_extra`, `ScriptName`, `WDBVerified`) VALUES ( 49624, 0, 0, 0, 0, 0, 26448, 0, 0, 0, "High Priestess Azil (H)", "", "", 0, 87, 87, 3, 16, 16, 3, 1.2, 1.44286, 1.0, 1, 5000, 6000, 0, 24, 9.5, 2000, 2000, 1, 0, 0, 0, 0, 0, 0, 0, 5000, 6000, 24, 7, 76, 49624, 0, 0, 0, 0, 0, 0, 0, 0, 0, 0, 0, 0, 0, 0, 0, 0, 0, 903, 16245, 19650, "", 0, 1, 30.0, 0.0, 1.0, 0, 0, 0, 0, 0, 0, 0, 0, 1, 0, 617299803, 1, "boss_priestess_azil", "13623");
DELETE FROM `creature_loot_template` WHERE entry='42333';
INSERT INTO `creature_loot_template` VALUES ('42333', '55815', '23', '1', '0', '1', '1');
INSERT INTO `creature_loot_template` VALUES ('42333', '55814', '21', '1', '0', '1', '1');
INSERT INTO `creature_loot_template` VALUES ('42333', '55820', '20', '1', '0', '1', '1');
INSERT INTO `creature_loot_template` VALUES ('42333', '55819', '20', '1', '0', '1', '1');
INSERT INTO `creature_loot_template` VALUES ('42333', '55817', '19', '1', '0', '1', '1');
INSERT INTO `creature_loot_template` VALUES ('42333', '55813', '15', '1', '0', '1', '1');
INSERT INTO `creature_loot_template` VALUES ('42333', '55812', '15', '1', '0', '1', '1');
INSERT INTO `creature_loot_template` VALUES ('42333', '55816', '15', '1', '0', '1', '1');
INSERT INTO `creature_loot_template` VALUES ('42333', '55818', '13', '1', '0', '1', '1');
INSERT INTO `creature_loot_template` VALUES ('42333', '21524', '12', '1', '0', '1', '1');
INSERT INTO `creature_loot_template` VALUES ('42333', '22206', '3', '1', '0', '1', '1');
UPDATE `creature_template` SET lootid='42333' WHERE entry='42333';
DELETE FROM `creature_loot_template` WHERE entry='49624';
INSERT INTO `creature_loot_template` VALUES ('49624', '52078', '84', '1', '0', '1', '1');
INSERT INTO `creature_loot_template` VALUES ('49624', '56351', '19', '1', '0', '1', '1');
INSERT INTO `creature_loot_template` VALUES ('49624', '56352', '18', '1', '0', '1', '1');
INSERT INTO `creature_loot_template` VALUES ('49624', '56343', '18', '1', '0', '1', '1');
INSERT INTO `creature_loot_template` VALUES ('49624', '56346', '18', '1', '0', '1', '1');
INSERT INTO `creature_loot_template` VALUES ('49624', '56344', '18', '1', '0', '1', '1');
INSERT INTO `creature_loot_template` VALUES ('49624', '56347', '18', '1', '0', '1', '1');
INSERT INTO `creature_loot_template` VALUES ('49624', '56345', '18', '1', '0', '1', '1');
INSERT INTO `creature_loot_template` VALUES ('49624', '56349', '18', '1', '0', '1', '1');
INSERT INTO `creature_loot_template` VALUES ('49624', '56348', '17', '1', '0', '1', '1');
INSERT INTO `creature_loot_template` VALUES ('49624', '21524', '14', '1', '0', '1', '1');
INSERT INTO `creature_loot_template` VALUES ('49624', '22206', '5', '1', '0', '1', '1');
UPDATE `creature_template` SET lootid='49624' WHERE entry='49624';

--  http://www.wowhead.com/npc=42691 and heroic 49665
DELETE FROM `creature_template` WHERE `entry`=42691;
INSERT INTO `creature_template` ( `entry`, `difficulty_entry_1`, `difficulty_entry_2`, `difficulty_entry_3`, `KillCredit1`, `KillCredit2`, `modelid1`, `modelid2`, `modelid3`, `modelid4`, `name`, `subname`, `IconName`, `gossip_menu_id`, `minlevel`, `maxlevel`, `exp`, `faction_A`, `faction_H`, `npcflag`, `speed_walk`, `speed_run`, `scale`, `rank`, `mindmg`, `maxdmg`, `dmgschool`, `attackpower`, `dmg_multiplier`, `baseattacktime`, `rangeattacktime`, `unit_class`, `unit_flags`, `dynamicflags`, `family`, `trainer_type`, `trainer_spell`, `trainer_class`, `trainer_race`, `minrangedmg`, `maxrangedmg`, `rangedattackpower`, `type`, `type_flags`, `lootid`, `pickpocketloot`, `skinloot`, `resistance1`, `resistance2`, `resistance3`, `resistance4`, `resistance5`, `resistance6`, `spell1`, `spell2`, `spell3`, `spell4`, `spell5`, `spell6`, `spell7`, `spell8`, `PetSpellDataId`, `VehicleId`, `mingold`, `maxgold`, `AIName`, `MovementType`, `InhabitType`, `Health_mod`, `Mana_mod`, `Armor_mod`, `RacialLeader`, `questItem1`, `questItem2`, `questItem3`, `questItem4`, `questItem5`, `questItem6`, `movementId`, `RegenHealth`, `equipment_id`, `mechanic_immune_mask`, `flags_extra`, `ScriptName`, `WDBVerified`) VALUES ( 42691, 0, 0, 0, 0, 0, 37227, 37226, 37228, 0, "Stonecore Rift Conjurer", "", "", 0, 82, 85, 3, 16, 16, 0, 1.2, 1.4, 1.0, 1, 498, 684, 0, 1091, 7.5, 2000, 2000, 2, 64, 0, 0, 0, 0, 0, 0, 498, 684, 1091, 7, 12, 42691, 42691, 0, 0, 0, 0, 0, 0, 0, 0, 0, 0, 0, 0, 0, 0, 0, 0, 0, 0, 0, "", 0, 1, 0.584, 3.7797, 1.0, 0, 0, 0, 0, 0, 0, 0, 0, 1, 0, 613097436, 0, "npc_stonecore_rift_conjurer", "13623");
DELETE FROM `creature_template` WHERE `entry`=49665;
INSERT INTO `creature_template` ( `entry`, `difficulty_entry_1`, `difficulty_entry_2`, `difficulty_entry_3`, `KillCredit1`, `KillCredit2`, `modelid1`, `modelid2`, `modelid3`, `modelid4`, `name`, `subname`, `IconName`, `gossip_menu_id`, `minlevel`, `maxlevel`, `exp`, `faction_A`, `faction_H`, `npcflag`, `speed_walk`, `speed_run`, `scale`, `rank`, `mindmg`, `maxdmg`, `dmgschool`, `attackpower`, `dmg_multiplier`, `baseattacktime`, `rangeattacktime`, `unit_class`, `unit_flags`, `dynamicflags`, `family`, `trainer_type`, `trainer_spell`, `trainer_class`, `trainer_race`, `minrangedmg`, `maxrangedmg`, `rangedattackpower`, `type`, `type_flags`, `lootid`, `pickpocketloot`, `skinloot`, `resistance1`, `resistance2`, `resistance3`, `resistance4`, `resistance5`, `resistance6`, `spell1`, `spell2`, `spell3`, `spell4`, `spell5`, `spell6`, `spell7`, `spell8`, `PetSpellDataId`, `VehicleId`, `mingold`, `maxgold`, `AIName`, `MovementType`, `InhabitType`, `Health_mod`, `Mana_mod`, `Armor_mod`, `RacialLeader`, `questItem1`, `questItem2`, `questItem3`, `questItem4`, `questItem5`, `questItem6`, `movementId`, `RegenHealth`, `equipment_id`, `mechanic_immune_mask`, `flags_extra`, `ScriptName`, `WDBVerified`) VALUES ( 49665, 0, 0, 0, 0, 0, 37227, 37226, 37228, 0, "Stonecore Rift Conjurer (H)", "", "", 0, 84, 85, 3, 16, 16, 0, 1.0, 1.14286, 1.0, 1, 820, 944, 0, 1305, 13.0, 2000, 2000, 2, 0, 0, 0, 0, 0, 0, 0, 820, 944, 1305, 7, 12, 0, 49665, 0, 0, 0, 0, 0, 0, 0, 0, 0, 0, 0, 0, 0, 0, 0, 0, 0, 12205, 12205, "", 0, 1, 5.0, 4.0381, 1.0, 0, 0, 0, 0, 0, 0, 0, 0, 1, 0, 613097436, 0, "npc_stonecore_rift_conjurer", "13623");
DELETE FROM `pickpocketing_loot_template` WHERE entry='42691';
INSERT INTO `pickpocketing_loot_template` VALUES ('42691', '63291', '9', '1', '0', '1', '1');
INSERT INTO `pickpocketing_loot_template` VALUES ('42691', '63349', '9', '1', '0', '1', '1');
INSERT INTO `pickpocketing_loot_template` VALUES ('42691', '63348', '9', '1', '0', '1', '1');
INSERT INTO `pickpocketing_loot_template` VALUES ('42691', '63317', '9', '1', '0', '1', '1');
INSERT INTO `pickpocketing_loot_template` VALUES ('42691', '58269', '7', '1', '0', '1', '1');
INSERT INTO `pickpocketing_loot_template` VALUES ('42691', '63310', '4', '1', '0', '1', '1');
INSERT INTO `pickpocketing_loot_template` VALUES ('42691', '63300', '3', '1', '0', '1', '1');
INSERT INTO `pickpocketing_loot_template` VALUES ('42691', '63316', '0.9', '1', '0', '1', '1');
INSERT INTO `pickpocketing_loot_template` VALUES ('42691', '63318', '0.5', '1', '0', '1', '1');
UPDATE `creature_template` SET pickpocketloot='42691' WHERE entry='42691';
DELETE FROM `pickpocketing_loot_template` WHERE entry='49665';
INSERT INTO `pickpocketing_loot_template` VALUES ('49665', '63291', '9', '1', '0', '1', '1');
INSERT INTO `pickpocketing_loot_template` VALUES ('49665', '63349', '9', '1', '0', '1', '1');
INSERT INTO `pickpocketing_loot_template` VALUES ('49665', '63348', '9', '1', '0', '1', '1');
INSERT INTO `pickpocketing_loot_template` VALUES ('49665', '63317', '9', '1', '0', '1', '1');
INSERT INTO `pickpocketing_loot_template` VALUES ('49665', '58269', '7', '1', '0', '1', '1');
INSERT INTO `pickpocketing_loot_template` VALUES ('49665', '63310', '4', '1', '0', '1', '1');
INSERT INTO `pickpocketing_loot_template` VALUES ('49665', '63300', '3', '1', '0', '1', '1');
INSERT INTO `pickpocketing_loot_template` VALUES ('49665', '63316', '0.9', '1', '0', '1', '1');
INSERT INTO `pickpocketing_loot_template` VALUES ('49665', '63318', '0.5', '1', '0', '1', '1');
UPDATE `creature_template` SET pickpocketloot='49665' WHERE entry='49665';

-- http://www.wowhead.com/npc=42692 and heroic 49661
DELETE FROM `creature_template` WHERE `entry`=42692;
INSERT INTO `creature_template` ( `entry`, `difficulty_entry_1`, `difficulty_entry_2`, `difficulty_entry_3`, `KillCredit1`, `KillCredit2`, `modelid1`, `modelid2`, `modelid3`, `modelid4`, `name`, `subname`, `IconName`, `gossip_menu_id`, `minlevel`, `maxlevel`, `exp`, `faction_A`, `faction_H`, `npcflag`, `speed_walk`, `speed_run`, `scale`, `rank`, `mindmg`, `maxdmg`, `dmgschool`, `attackpower`, `dmg_multiplier`, `baseattacktime`, `rangeattacktime`, `unit_class`, `unit_flags`, `dynamicflags`, `family`, `trainer_type`, `trainer_spell`, `trainer_class`, `trainer_race`, `minrangedmg`, `maxrangedmg`, `rangedattackpower`, `type`, `type_flags`, `lootid`, `pickpocketloot`, `skinloot`, `resistance1`, `resistance2`, `resistance3`, `resistance4`, `resistance5`, `resistance6`, `spell1`, `spell2`, `spell3`, `spell4`, `spell5`, `spell6`, `spell7`, `spell8`, `PetSpellDataId`, `VehicleId`, `mingold`, `maxgold`, `AIName`, `MovementType`, `InhabitType`, `Health_mod`, `Mana_mod`, `Armor_mod`, `RacialLeader`, `questItem1`, `questItem2`, `questItem3`, `questItem4`, `questItem5`, `questItem6`, `movementId`, `RegenHealth`, `equipment_id`, `mechanic_immune_mask`, `flags_extra`, `ScriptName`, `WDBVerified`) VALUES ( 42692, 0, 0, 0, 0, 0, 20856, 0, 0, 0, "Stonecore Bruiser", "", "", 0, 83, 86, 3, 16, 16, 0, 1.2, 1.4, 1.0, 1, 711, 848, 0, 1389, 9.5, 2000, 2000, 1, 64, 0, 0, 0, 0, 0, 0, 711, 848, 1389, 7, 12, 42692, 42692, 0, 0, 0, 0, 0, 0, 0, 0, 0, 0, 0, 0, 0, 0, 0, 0, 0, 10201, 11849, "", 1, 1, 10.7532, 0.0, 1.0, 0, 0, 0, 0, 0, 0, 0, 0, 1, 0, 613097436, 0, "npc_stonecore_bruiser", "13623");
DELETE FROM `creature_template` WHERE `entry`=49661;
INSERT INTO `creature_template` ( `entry`, `difficulty_entry_1`, `difficulty_entry_2`, `difficulty_entry_3`, `KillCredit1`, `KillCredit2`, `modelid1`, `modelid2`, `modelid3`, `modelid4`, `name`, `subname`, `IconName`, `gossip_menu_id`, `minlevel`, `maxlevel`, `exp`, `faction_A`, `faction_H`, `npcflag`, `speed_walk`, `speed_run`, `scale`, `rank`, `mindmg`, `maxdmg`, `dmgschool`, `attackpower`, `dmg_multiplier`, `baseattacktime`, `rangeattacktime`, `unit_class`, `unit_flags`, `dynamicflags`, `family`, `trainer_type`, `trainer_spell`, `trainer_class`, `trainer_race`, `minrangedmg`, `maxrangedmg`, `rangedattackpower`, `type`, `type_flags`, `lootid`, `pickpocketloot`, `skinloot`, `resistance1`, `resistance2`, `resistance3`, `resistance4`, `resistance5`, `resistance6`, `spell1`, `spell2`, `spell3`, `spell4`, `spell5`, `spell6`, `spell7`, `spell8`, `PetSpellDataId`, `VehicleId`, `mingold`, `maxgold`, `AIName`, `MovementType`, `InhabitType`, `Health_mod`, `Mana_mod`, `Armor_mod`, `RacialLeader`, `questItem1`, `questItem2`, `questItem3`, `questItem4`, `questItem5`, `questItem6`, `movementId`, `RegenHealth`, `equipment_id`, `mechanic_immune_mask`, `flags_extra`, `ScriptName`, `WDBVerified`) VALUES ( 49661, 0, 0, 0, 0, 0, 20856, 0, 0, 0, "Stonecore Bruiser (H)", "", "", 0, 84, 85, 3, 16, 16, 0, 1.0, 1.14286, 1.0, 1, 788, 856, 0, 1805, 13.5, 2000, 2000, 1, 0, 0, 0, 0, 0, 0, 0, 788, 856, 1805, 7, 12, 49661, 49661, 0, 0, 0, 0, 0, 0, 0, 0, 0, 0, 0, 0, 0, 0, 0, 0, 0, 10202, 11849, "", 1, 1, 15.5236, 0.0, 1.0, 0, 0, 0, 0, 0, 0, 0, 0, 1, 0, 613097436, 0, "npc_stonecore_bruiser", "13623");
DELETE FROM `pickpocketing_loot_template` WHERE entry='42692';
INSERT INTO `pickpocketing_loot_template` VALUES ('42692', '63291', '6', '1', '0', '1', '1');
INSERT INTO `pickpocketing_loot_template` VALUES ('42692', '63349', '5', '1', '0', '1', '1');
INSERT INTO `pickpocketing_loot_template` VALUES ('42692', '63348', '5', '1', '0', '1', '1');
INSERT INTO `pickpocketing_loot_template` VALUES ('42692', '63317', '5', '1', '0', '1', '1');
INSERT INTO `pickpocketing_loot_template` VALUES ('42692', '58269', '4', '1', '0', '1', '1');
INSERT INTO `pickpocketing_loot_template` VALUES ('42692', '63310', '3', '1', '0', '1', '1');
INSERT INTO `pickpocketing_loot_template` VALUES ('42692', '63300', '1.9', '1', '0', '1', '1');
INSERT INTO `pickpocketing_loot_template` VALUES ('42692', '63318', '0.6', '1', '0', '1', '1');
INSERT INTO `pickpocketing_loot_template` VALUES ('42692', '63316', '0.4', '1', '0', '1', '1');
UPDATE `creature_template` SET pickpocketloot='42692' WHERE entry='42692';
DELETE FROM `pickpocketing_loot_template` WHERE entry='49661';
INSERT INTO `pickpocketing_loot_template` VALUES ('49661', '63291', '6', '1', '0', '1', '1');
INSERT INTO `pickpocketing_loot_template` VALUES ('49661', '63349', '5', '1', '0', '1', '1');
INSERT INTO `pickpocketing_loot_template` VALUES ('49661', '63348', '5', '1', '0', '1', '1');
INSERT INTO `pickpocketing_loot_template` VALUES ('49661', '63317', '5', '1', '0', '1', '1');
INSERT INTO `pickpocketing_loot_template` VALUES ('49661', '58269', '4', '1', '0', '1', '1');
INSERT INTO `pickpocketing_loot_template` VALUES ('49661', '63310', '3', '1', '0', '1', '1');
INSERT INTO `pickpocketing_loot_template` VALUES ('49661', '63300', '1.9', '1', '0', '1', '1');
INSERT INTO `pickpocketing_loot_template` VALUES ('49661', '63318', '0.6', '1', '0', '1', '1');
INSERT INTO `pickpocketing_loot_template` VALUES ('49661', '63316', '0.4', '1', '0', '1', '1');
UPDATE `creature_template` SET pickpocketloot='49661' WHERE entry='49661';
DELETE FROM `creature_loot_template` WHERE entry='49661';
INSERT INTO `creature_loot_template` VALUES ('49661', '52366', '0.1', '1', '0', '1', '1');
INSERT INTO `creature_loot_template` VALUES ('49661', '55287', '0.03', '1', '0', '1', '1');
INSERT INTO `creature_loot_template` VALUES ('49661', '55288', '0.03', '1', '0', '1', '1');
INSERT INTO `creature_loot_template` VALUES ('49661', '55296', '0.03', '1', '0', '1', '1');
INSERT INTO `creature_loot_template` VALUES ('49661', '55297', '0.03', '1', '0', '1', '1');
INSERT INTO `creature_loot_template` VALUES ('49661', '55305', '0.1', '1', '0', '1', '1');
INSERT INTO `creature_loot_template` VALUES ('49661', '55306', '0.01', '1', '0', '1', '1');
INSERT INTO `creature_loot_template` VALUES ('49661', '55314', '0.05', '1', '0', '1', '1');
INSERT INTO `creature_loot_template` VALUES ('49661', '55315', '0.06', '1', '0', '1', '1');
INSERT INTO `creature_loot_template` VALUES ('49661', '55323', '0.1', '1', '0', '1', '1');
INSERT INTO `creature_loot_template` VALUES ('49661', '55324', '0.01', '1', '0', '1', '1');
INSERT INTO `creature_loot_template` VALUES ('49661', '55332', '0.05', '1', '0', '1', '1');
INSERT INTO `creature_loot_template` VALUES ('49661', '55333', '0.03', '1', '0', '1', '1');
INSERT INTO `creature_loot_template` VALUES ('49661', '55341', '0.02', '1', '0', '1', '1');
INSERT INTO `creature_loot_template` VALUES ('49661', '55342', '0.05', '1', '0', '1', '1');
INSERT INTO `creature_loot_template` VALUES ('49661', '55350', '0.05', '1', '0', '1', '1');
INSERT INTO `creature_loot_template` VALUES ('49661', '55351', '0.05', '1', '0', '1', '1');
INSERT INTO `creature_loot_template` VALUES ('49661', '55359', '0.01', '1', '0', '1', '1');
INSERT INTO `creature_loot_template` VALUES ('49661', '55360', '0.1', '1', '0', '1', '1');
INSERT INTO `creature_loot_template` VALUES ('49661', '55368', '0.08', '1', '0', '1', '1');
INSERT INTO `creature_loot_template` VALUES ('49661', '55369', '0.08', '1', '0', '1', '1');
INSERT INTO `creature_loot_template` VALUES ('49661', '55377', '0.03', '1', '0', '1', '1');
INSERT INTO `creature_loot_template` VALUES ('49661', '55378', '0.06', '1', '0', '1', '1');
INSERT INTO `creature_loot_template` VALUES ('49661', '55386', '0.04', '1', '0', '1', '1');
INSERT INTO `creature_loot_template` VALUES ('49661', '55387', '0.04', '1', '0', '1', '1');
INSERT INTO `creature_loot_template` VALUES ('49661', '55395', '0.04', '1', '0', '1', '1');
INSERT INTO `creature_loot_template` VALUES ('49661', '55396', '0.02', '1', '0', '1', '1');
INSERT INTO `creature_loot_template` VALUES ('49661', '55404', '0.08', '1', '0', '1', '1');
INSERT INTO `creature_loot_template` VALUES ('49661', '55405', '0.08', '1', '0', '1', '1');
INSERT INTO `creature_loot_template` VALUES ('49661', '55413', '0.02', '1', '0', '1', '1');
INSERT INTO `creature_loot_template` VALUES ('49661', '55414', '0.02', '1', '0', '1', '1');
INSERT INTO `creature_loot_template` VALUES ('49661', '55422', '0.19', '1', '0', '1', '1');
INSERT INTO `creature_loot_template` VALUES ('49661', '55423', '0.21', '1', '0', '1', '1');
INSERT INTO `creature_loot_template` VALUES ('49661', '55431', '0.05', '1', '0', '1', '1');
INSERT INTO `creature_loot_template` VALUES ('49661', '55432', '0.04', '1', '0', '1', '1');
INSERT INTO `creature_loot_template` VALUES ('49661', '55440', '0.13', '1', '0', '1', '1');
INSERT INTO `creature_loot_template` VALUES ('49661', '55441', '0.15', '1', '0', '1', '1');
INSERT INTO `creature_loot_template` VALUES ('49661', '55449', '0.02', '1', '0', '1', '1');
INSERT INTO `creature_loot_template` VALUES ('49661', '55450', '0.02', '1', '0', '1', '1');
INSERT INTO `creature_loot_template` VALUES ('49661', '55458', '0.04', '1', '0', '1', '1');
INSERT INTO `creature_loot_template` VALUES ('49661', '55459', '0.04', '1', '0', '1', '1');
INSERT INTO `creature_loot_template` VALUES ('49661', '55467', '0.03', '1', '0', '1', '1');
INSERT INTO `creature_loot_template` VALUES ('49661', '55468', '0.03', '1', '0', '1', '1');
INSERT INTO `creature_loot_template` VALUES ('49661', '55485', '0.08', '1', '0', '1', '1');
INSERT INTO `creature_loot_template` VALUES ('49661', '55486', '0.12', '1', '0', '1', '1');
INSERT INTO `creature_loot_template` VALUES ('49661', '55494', '0.07', '1', '0', '1', '1');
INSERT INTO `creature_loot_template` VALUES ('49661', '55495', '0.07', '1', '0', '1', '1');
INSERT INTO `creature_loot_template` VALUES ('49661', '55503', '0.07', '1', '0', '1', '1');
INSERT INTO `creature_loot_template` VALUES ('49661', '55504', '0.07', '1', '0', '1', '1');
INSERT INTO `creature_loot_template` VALUES ('49661', '55512', '0.06', '1', '0', '1', '1');
INSERT INTO `creature_loot_template` VALUES ('49661', '55513', '0.07', '1', '0', '1', '1');
INSERT INTO `creature_loot_template` VALUES ('49661', '55521', '0.07', '1', '0', '1', '1');
INSERT INTO `creature_loot_template` VALUES ('49661', '55522', '0.07', '1', '0', '1', '1');
INSERT INTO `creature_loot_template` VALUES ('49661', '55530', '0.08', '1', '0', '1', '1');
INSERT INTO `creature_loot_template` VALUES ('49661', '55531', '0.07', '1', '0', '1', '1');
INSERT INTO `creature_loot_template` VALUES ('49661', '55539', '0.08', '1', '0', '1', '1');
INSERT INTO `creature_loot_template` VALUES ('49661', '55540', '0.07', '1', '0', '1', '1');
INSERT INTO `creature_loot_template` VALUES ('49661', '55548', '0.07', '1', '0', '1', '1');
INSERT INTO `creature_loot_template` VALUES ('49661', '55549', '0.07', '1', '0', '1', '1');
INSERT INTO `creature_loot_template` VALUES ('49661', '55557', '0.07', '1', '0', '1', '1');
INSERT INTO `creature_loot_template` VALUES ('49661', '55558', '0.07', '1', '0', '1', '1');
INSERT INTO `creature_loot_template` VALUES ('49661', '55566', '0.05', '1', '0', '1', '1');
INSERT INTO `creature_loot_template` VALUES ('49661', '55567', '0.08', '1', '0', '1', '1');
INSERT INTO `creature_loot_template` VALUES ('49661', '55575', '0.08', '1', '0', '1', '1');
INSERT INTO `creature_loot_template` VALUES ('49661', '55576', '0.06', '1', '0', '1', '1');
INSERT INTO `creature_loot_template` VALUES ('49661', '55584', '0.07', '1', '0', '1', '1');
INSERT INTO `creature_loot_template` VALUES ('49661', '55585', '0.08', '1', '0', '1', '1');
INSERT INTO `creature_loot_template` VALUES ('49661', '55593', '0.08', '1', '0', '1', '1');
INSERT INTO `creature_loot_template` VALUES ('49661', '55594', '0.08', '1', '0', '1', '1');
INSERT INTO `creature_loot_template` VALUES ('49661', '55602', '0.07', '1', '0', '1', '1');
INSERT INTO `creature_loot_template` VALUES ('49661', '55603', '0.06', '1', '0', '1', '1');
INSERT INTO `creature_loot_template` VALUES ('49661', '55611', '0.07', '1', '0', '1', '1');
INSERT INTO `creature_loot_template` VALUES ('49661', '55612', '0.06', '1', '0', '1', '1');
INSERT INTO `creature_loot_template` VALUES ('49661', '55620', '0.05', '1', '0', '1', '1');
INSERT INTO `creature_loot_template` VALUES ('49661', '55621', '0.09', '1', '0', '1', '1');
INSERT INTO `creature_loot_template` VALUES ('49661', '55629', '0.06', '1', '0', '1', '1');
INSERT INTO `creature_loot_template` VALUES ('49661', '55630', '0.05', '1', '0', '1', '1');
INSERT INTO `creature_loot_template` VALUES ('49661', '55638', '0.05', '1', '0', '1', '1');
INSERT INTO `creature_loot_template` VALUES ('49661', '55639', '0.07', '1', '0', '1', '1');
INSERT INTO `creature_loot_template` VALUES ('49661', '55647', '0.05', '1', '0', '1', '1');
INSERT INTO `creature_loot_template` VALUES ('49661', '55648', '0.07', '1', '0', '1', '1');
INSERT INTO `creature_loot_template` VALUES ('49661', '55656', '0.07', '1', '0', '1', '1');
INSERT INTO `creature_loot_template` VALUES ('49661', '55657', '0.05', '1', '0', '1', '1');
INSERT INTO `creature_loot_template` VALUES ('49661', '55665', '0.06', '1', '0', '1', '1');
INSERT INTO `creature_loot_template` VALUES ('49661', '55666', '0.07', '1', '0', '1', '1');
INSERT INTO `creature_loot_template` VALUES ('49661', '55674', '0.08', '1', '0', '1', '1');
INSERT INTO `creature_loot_template` VALUES ('49661', '55675', '0.08', '1', '0', '1', '1');
INSERT INTO `creature_loot_template` VALUES ('49661', '55683', '0.07', '1', '0', '1', '1');
INSERT INTO `creature_loot_template` VALUES ('49661', '55684', '0.06', '1', '0', '1', '1');
INSERT INTO `creature_loot_template` VALUES ('49661', '55692', '0.07', '1', '0', '1', '1');
INSERT INTO `creature_loot_template` VALUES ('49661', '55693', '0.08', '1', '0', '1', '1');
INSERT INTO `creature_loot_template` VALUES ('49661', '55701', '0.05', '1', '0', '1', '1');
INSERT INTO `creature_loot_template` VALUES ('49661', '55702', '0.06', '1', '0', '1', '1');
INSERT INTO `creature_loot_template` VALUES ('49661', '55710', '0.11', '1', '0', '1', '1');
INSERT INTO `creature_loot_template` VALUES ('49661', '55711', '0.08', '1', '0', '1', '1');
INSERT INTO `creature_loot_template` VALUES ('49661', '55719', '0.09', '1', '0', '1', '1');
INSERT INTO `creature_loot_template` VALUES ('49661', '55720', '0.09', '1', '0', '1', '1');
INSERT INTO `creature_loot_template` VALUES ('49661', '55728', '0.11', '1', '0', '1', '1');
INSERT INTO `creature_loot_template` VALUES ('49661', '55729', '0.09', '1', '0', '1', '1');
INSERT INTO `creature_loot_template` VALUES ('49661', '55737', '0.1', '1', '0', '1', '1');
INSERT INTO `creature_loot_template` VALUES ('49661', '55738', '0.1', '1', '0', '1', '1');
INSERT INTO `creature_loot_template` VALUES ('49661', '55746', '0.09', '1', '0', '1', '1');
INSERT INTO `creature_loot_template` VALUES ('49661', '55747', '0.11', '1', '0', '1', '1');
INSERT INTO `creature_loot_template` VALUES ('49661', '55755', '0.11', '1', '0', '1', '1');
INSERT INTO `creature_loot_template` VALUES ('49661', '55756', '0.07', '1', '0', '1', '1');
INSERT INTO `creature_loot_template` VALUES ('49661', '55764', '0.12', '1', '0', '1', '1');
INSERT INTO `creature_loot_template` VALUES ('49661', '55765', '0.09', '1', '0', '1', '1');
INSERT INTO `creature_loot_template` VALUES ('49661', '55773', '0.09', '1', '0', '1', '1');
INSERT INTO `creature_loot_template` VALUES ('49661', '55774', '0.09', '1', '0', '1', '1');
INSERT INTO `creature_loot_template` VALUES ('49661', '66941', '0.01', '1', '0', '1', '1');
INSERT INTO `creature_loot_template` VALUES ('49661', '66973', '0.1', '1', '0', '1', '1');
INSERT INTO `creature_loot_template` VALUES ('49661', '66974', '0.01', '1', '0', '1', '1');
INSERT INTO `creature_loot_template` VALUES ('49661', '66976', '0.01', '1', '0', '1', '1');
INSERT INTO `creature_loot_template` VALUES ('49661', '66993', '0.01', '1', '0', '1', '1');
INSERT INTO `creature_loot_template` VALUES ('49661', '66994', '0.01', '1', '0', '1', '1');
INSERT INTO `creature_loot_template` VALUES ('49661', '67069', '0.1', '1', '0', '1', '1');
INSERT INTO `creature_loot_template` VALUES ('49661', '67071', '0.01', '1', '0', '1', '1');
INSERT INTO `creature_loot_template` VALUES ('49661', '67123', '0.01', '1', '0', '1', '1');
INSERT INTO `creature_loot_template` VALUES ('49661', '67124', '0.01', '1', '0', '1', '1');
INSERT INTO `creature_loot_template` VALUES ('49661', '67126', '0.1', '1', '0', '1', '1');
INSERT INTO `creature_loot_template` VALUES ('49661', '67127', '0.1', '1', '0', '1', '1');
INSERT INTO `creature_loot_template` VALUES ('49661', '52369', '0.1', '1', '0', '1', '1');
INSERT INTO `creature_loot_template` VALUES ('49661', '52373', '0.1', '1', '0', '1', '1');
INSERT INTO `creature_loot_template` VALUES ('49661', '53010', '15.08', '1', '0', '1', '6');
INSERT INTO `creature_loot_template` VALUES ('49661', '55822', '0.48', '1', '0', '1', '1');
INSERT INTO `creature_loot_template` VALUES ('49661', '55823', '0.48', '1', '0', '1', '1');
INSERT INTO `creature_loot_template` VALUES ('49661', '55824', '0.45', '1', '0', '1', '1');
INSERT INTO `creature_loot_template` VALUES ('49661', '58256', '1.23', '1', '0', '1', '1');
INSERT INTO `creature_loot_template` VALUES ('49661', '58268', '2.59', '1', '0', '1', '1');
INSERT INTO `creature_loot_template` VALUES ('49661', '62063', '0.17', '1', '0', '1', '1');
INSERT INTO `creature_loot_template` VALUES ('49661', '62064', '0.2', '1', '0', '1', '1');
INSERT INTO `creature_loot_template` VALUES ('49661', '62065', '0.17', '1', '0', '1', '1');
INSERT INTO `creature_loot_template` VALUES ('49661', '62066', '0.21', '1', '0', '1', '1');
INSERT INTO `creature_loot_template` VALUES ('49661', '62067', '0.2', '1', '0', '1', '1');
INSERT INTO `creature_loot_template` VALUES ('49661', '62068', '0.17', '1', '0', '1', '1');
INSERT INTO `creature_loot_template` VALUES ('49661', '62069', '0.2', '1', '0', '1', '1');
INSERT INTO `creature_loot_template` VALUES ('49661', '62070', '0.21', '1', '0', '1', '1');
INSERT INTO `creature_loot_template` VALUES ('49661', '62071', '0.17', '1', '0', '1', '1');
INSERT INTO `creature_loot_template` VALUES ('49661', '62072', '0.18', '1', '0', '1', '1');
INSERT INTO `creature_loot_template` VALUES ('49661', '62105', '0.09', '1', '0', '1', '1');
INSERT INTO `creature_loot_template` VALUES ('49661', '62106', '0.11', '1', '0', '1', '1');
INSERT INTO `creature_loot_template` VALUES ('49661', '62107', '0.1', '1', '0', '1', '1');
INSERT INTO `creature_loot_template` VALUES ('49661', '62108', '0.11', '1', '0', '1', '1');
INSERT INTO `creature_loot_template` VALUES ('49661', '62109', '0.09', '1', '0', '1', '1');
INSERT INTO `creature_loot_template` VALUES ('49661', '62110', '0.08', '1', '0', '1', '1');
INSERT INTO `creature_loot_template` VALUES ('49661', '62111', '0.09', '1', '0', '1', '1');
INSERT INTO `creature_loot_template` VALUES ('49661', '62112', '0.1', '1', '0', '1', '1');
INSERT INTO `creature_loot_template` VALUES ('49661', '62113', '0.13', '1', '0', '1', '1');
INSERT INTO `creature_loot_template` VALUES ('49661', '62114', '0.09', '1', '0', '1', '1');
INSERT INTO `creature_loot_template` VALUES ('49661', '62115', '0.09', '1', '0', '1', '1');
INSERT INTO `creature_loot_template` VALUES ('49661', '62116', '0.07', '1', '0', '1', '1');
INSERT INTO `creature_loot_template` VALUES ('49661', '62117', '0.11', '1', '0', '1', '1');
INSERT INTO `creature_loot_template` VALUES ('49661', '62118', '0.09', '1', '0', '1', '1');
INSERT INTO `creature_loot_template` VALUES ('49661', '62119', '0.09', '1', '0', '1', '1');
INSERT INTO `creature_loot_template` VALUES ('49661', '62120', '0.09', '1', '0', '1', '1');
INSERT INTO `creature_loot_template` VALUES ('49661', '62121', '0.09', '1', '0', '1', '1');
INSERT INTO `creature_loot_template` VALUES ('49661', '62122', '0.09', '1', '0', '1', '1');
INSERT INTO `creature_loot_template` VALUES ('49661', '62123', '0.11', '1', '0', '1', '1');
INSERT INTO `creature_loot_template` VALUES ('49661', '62124', '0.1', '1', '0', '1', '1');
INSERT INTO `creature_loot_template` VALUES ('49661', '62125', '0.1', '1', '0', '1', '1');
INSERT INTO `creature_loot_template` VALUES ('49661', '62126', '0.11', '1', '0', '1', '1');
INSERT INTO `creature_loot_template` VALUES ('49661', '62127', '0.1', '1', '0', '1', '1');
INSERT INTO `creature_loot_template` VALUES ('49661', '62128', '0.07', '1', '0', '1', '1');
INSERT INTO `creature_loot_template` VALUES ('49661', '62129', '0.07', '1', '0', '1', '1');
INSERT INTO `creature_loot_template` VALUES ('49661', '62130', '0.09', '1', '0', '1', '1');
INSERT INTO `creature_loot_template` VALUES ('49661', '62131', '0.1', '1', '0', '1', '1');
INSERT INTO `creature_loot_template` VALUES ('49661', '62132', '0.08', '1', '0', '1', '1');
INSERT INTO `creature_loot_template` VALUES ('49661', '62133', '0.08', '1', '0', '1', '1');
INSERT INTO `creature_loot_template` VALUES ('49661', '62134', '0.07', '1', '0', '1', '1');
INSERT INTO `creature_loot_template` VALUES ('49661', '62135', '0.09', '1', '0', '1', '1');
INSERT INTO `creature_loot_template` VALUES ('49661', '62136', '0.09', '1', '0', '1', '1');
INSERT INTO `creature_loot_template` VALUES ('49661', '67539', '0.02', '1', '0', '1', '1');
INSERT INTO `creature_loot_template` VALUES ('49661', '68197', '1.71', '1', '0', '1', '2');
INSERT INTO `creature_loot_template` VALUES ('49661', '68198', '4.84', '1', '0', '1', '2');
INSERT INTO `creature_loot_template` VALUES ('49661', '68729', '0.42', '1', '0', '1', '1');
UPDATE `creature_template` SET lootid='49661' WHERE entry='49661';

-- http://www.wowhead.com/npc=42695 and heroic 49666
DELETE FROM `creature_template` WHERE `entry`=42695;
INSERT INTO `creature_template` ( `entry`, `difficulty_entry_1`, `difficulty_entry_2`, `difficulty_entry_3`, `KillCredit1`, `KillCredit2`, `modelid1`, `modelid2`, `modelid3`, `modelid4`, `name`, `subname`, `IconName`, `gossip_menu_id`, `minlevel`, `maxlevel`, `exp`, `faction_A`, `faction_H`, `npcflag`, `speed_walk`, `speed_run`, `scale`, `rank`, `mindmg`, `maxdmg`, `dmgschool`, `attackpower`, `dmg_multiplier`, `baseattacktime`, `rangeattacktime`, `unit_class`, `unit_flags`, `dynamicflags`, `family`, `trainer_type`, `trainer_spell`, `trainer_class`, `trainer_race`, `minrangedmg`, `maxrangedmg`, `rangedattackpower`, `type`, `type_flags`, `lootid`, `pickpocketloot`, `skinloot`, `resistance1`, `resistance2`, `resistance3`, `resistance4`, `resistance5`, `resistance6`, `spell1`, `spell2`, `spell3`, `spell4`, `spell5`, `spell6`, `spell7`, `spell8`, `PetSpellDataId`, `VehicleId`, `mingold`, `maxgold`, `AIName`, `MovementType`, `InhabitType`, `Health_mod`, `Mana_mod`, `Armor_mod`, `RacialLeader`, `questItem1`, `questItem2`, `questItem3`, `questItem4`, `questItem5`, `questItem6`, `movementId`, `RegenHealth`, `equipment_id`, `mechanic_immune_mask`, `flags_extra`, `ScriptName`, `WDBVerified`) VALUES ( 42695, 0, 0, 0, 0, 0, 37222, 37223, 0, 0, "Stonecore Sentry", "", "", 0, 82, 85, 3, 16, 16, 0, 1.2, 1.5, 1.0, 0, 451, 589, 0, 1027, 3.8, 2000, 2000, 1, 0, 0, 0, 0, 0, 0, 0, 451, 589, 1027, 7, 12, 42695, 42695, 0, 0, 0, 0, 0, 0, 0, 0, 0, 0, 0, 0, 0, 0, 0, 0, 0, 10197, 11890, "SmartAI", 0, 1, 0.0865, 0.0, 1.0, 0, 0, 0, 0, 0, 0, 0, 0, 1, 0, 0, 0, "", "13623");
DELETE FROM `creature_template` WHERE `entry`=49666;
INSERT INTO `creature_template` ( `entry`, `difficulty_entry_1`, `difficulty_entry_2`, `difficulty_entry_3`, `KillCredit1`, `KillCredit2`, `modelid1`, `modelid2`, `modelid3`, `modelid4`, `name`, `subname`, `IconName`, `gossip_menu_id`, `minlevel`, `maxlevel`, `exp`, `faction_A`, `faction_H`, `npcflag`, `speed_walk`, `speed_run`, `scale`, `rank`, `mindmg`, `maxdmg`, `dmgschool`, `attackpower`, `dmg_multiplier`, `baseattacktime`, `rangeattacktime`, `unit_class`, `unit_flags`, `dynamicflags`, `family`, `trainer_type`, `trainer_spell`, `trainer_class`, `trainer_race`, `minrangedmg`, `maxrangedmg`, `rangedattackpower`, `type`, `type_flags`, `lootid`, `pickpocketloot`, `skinloot`, `resistance1`, `resistance2`, `resistance3`, `resistance4`, `resistance5`, `resistance6`, `spell1`, `spell2`, `spell3`, `spell4`, `spell5`, `spell6`, `spell7`, `spell8`, `PetSpellDataId`, `VehicleId`, `mingold`, `maxgold`, `AIName`, `MovementType`, `InhabitType`, `Health_mod`, `Mana_mod`, `Armor_mod`, `RacialLeader`, `questItem1`, `questItem2`, `questItem3`, `questItem4`, `questItem5`, `questItem6`, `movementId`, `RegenHealth`, `equipment_id`, `mechanic_immune_mask`, `flags_extra`, `ScriptName`, `WDBVerified`) VALUES ( 49666, 0, 0, 0, 0, 0, 37222, 37223, 0, 0, "Stonecore Sentry (H)", "", "", 0, 85, 85, 3, 16, 16, 0, 1.0, 1.14286, 1.0, 0, 651, 728, 0, 1099, 4.7, 2000, 2000, 1, 0, 0, 0, 0, 0, 0, 0, 651, 728, 1099, 7, 12, 49666, 49666, 0, 0, 0, 0, 0, 0, 0, 0, 0, 0, 0, 0, 0, 0, 0, 0, 0, 10197, 12190, "SmartAI", 0, 1, 0.15, 0.0, 1.0, 0, 0, 0, 0, 0, 0, 0, 0, 1, 0, 0, 0, "", "13623");
DELETE FROM `pickpocketing_loot_template` WHERE entry='42695';
INSERT INTO `pickpocketing_loot_template` VALUES ('42695', '63291', '7', '1', '0', '1', '1');
INSERT INTO `pickpocketing_loot_template` VALUES ('42695', '63349', '7', '1', '0', '1', '1');
INSERT INTO `pickpocketing_loot_template` VALUES ('42695', '63348', '6', '1', '0', '1', '1');
INSERT INTO `pickpocketing_loot_template` VALUES ('42695', '63317', '6', '1', '0', '1', '1');
INSERT INTO `pickpocketing_loot_template` VALUES ('42695', '58269', '5', '1', '0', '1', '1');
INSERT INTO `pickpocketing_loot_template` VALUES ('42695', '63310', '3', '1', '0', '1', '1');
INSERT INTO `pickpocketing_loot_template` VALUES ('42695', '63300', '3', '1', '0', '1', '1');
INSERT INTO `pickpocketing_loot_template` VALUES ('42695', '63316', '0.5', '1', '0', '1', '1');
INSERT INTO `pickpocketing_loot_template` VALUES ('42695', '63318', '0.5', '1', '0', '1', '1');
UPDATE `creature_template` SET pickpocketloot='42695' WHERE entry='42695';
DELETE FROM `pickpocketing_loot_template` WHERE entry='49666';
INSERT INTO `pickpocketing_loot_template` VALUES ('49666', '63291', '7', '1', '0', '1', '1');
INSERT INTO `pickpocketing_loot_template` VALUES ('49666', '63349', '7', '1', '0', '1', '1');
INSERT INTO `pickpocketing_loot_template` VALUES ('49666', '63348', '6', '1', '0', '1', '1');
INSERT INTO `pickpocketing_loot_template` VALUES ('49666', '63317', '6', '1', '0', '1', '1');
INSERT INTO `pickpocketing_loot_template` VALUES ('49666', '58269', '5', '1', '0', '1', '1');
INSERT INTO `pickpocketing_loot_template` VALUES ('49666', '63310', '3', '1', '0', '1', '1');
INSERT INTO `pickpocketing_loot_template` VALUES ('49666', '63300', '3', '1', '0', '1', '1');
INSERT INTO `pickpocketing_loot_template` VALUES ('49666', '63316', '0.5', '1', '0', '1', '1');
INSERT INTO `pickpocketing_loot_template` VALUES ('49666', '63318', '0.5', '1', '0', '1', '1');
UPDATE `creature_template` SET pickpocketloot='49666' WHERE entry='49666';
DELETE FROM `creature_loot_template` WHERE entry='49666';
INSERT INTO `creature_loot_template` VALUES ('49666', '20400', '0.1', '1', '0', '1', '1');
INSERT INTO `creature_loot_template` VALUES ('49666', '52374', '0.1', '1', '0', '1', '1');
INSERT INTO `creature_loot_template` VALUES ('49666', '52383', '0.1', '1', '0', '1', '1');
INSERT INTO `creature_loot_template` VALUES ('49666', '53010', '16.56', '1', '0', '1', '6');
INSERT INTO `creature_loot_template` VALUES ('49666', '55822', '0.44', '1', '0', '1', '1');
INSERT INTO `creature_loot_template` VALUES ('49666', '55823', '0.48', '1', '0', '1', '1');
INSERT INTO `creature_loot_template` VALUES ('49666', '55824', '0.47', '1', '0', '1', '1');
INSERT INTO `creature_loot_template` VALUES ('49666', '58256', '1.43', '1', '0', '1', '1');
INSERT INTO `creature_loot_template` VALUES ('49666', '58268', '2.85', '1', '0', '1', '1');
INSERT INTO `creature_loot_template` VALUES ('49666', '62063', '0.17', '1', '0', '1', '1');
INSERT INTO `creature_loot_template` VALUES ('49666', '62064', '0.16', '1', '0', '1', '1');
INSERT INTO `creature_loot_template` VALUES ('49666', '62065', '0.16', '1', '0', '1', '1');
INSERT INTO `creature_loot_template` VALUES ('49666', '62066', '0.18', '1', '0', '1', '1');
INSERT INTO `creature_loot_template` VALUES ('49666', '62067', '0.21', '1', '0', '1', '1');
INSERT INTO `creature_loot_template` VALUES ('49666', '62068', '0.17', '1', '0', '1', '1');
INSERT INTO `creature_loot_template` VALUES ('49666', '62069', '0.16', '1', '0', '1', '1');
INSERT INTO `creature_loot_template` VALUES ('49666', '62070', '0.15', '1', '0', '1', '1');
INSERT INTO `creature_loot_template` VALUES ('49666', '62071', '0.15', '1', '0', '1', '1');
INSERT INTO `creature_loot_template` VALUES ('49666', '62072', '0.14', '1', '0', '1', '1');
INSERT INTO `creature_loot_template` VALUES ('49666', '62073', '0.06', '1', '0', '1', '1');
INSERT INTO `creature_loot_template` VALUES ('49666', '62074', '0.1', '1', '0', '1', '1');
INSERT INTO `creature_loot_template` VALUES ('49666', '62075', '0.07', '1', '0', '1', '1');
INSERT INTO `creature_loot_template` VALUES ('49666', '62076', '0.06', '1', '0', '1', '1');
INSERT INTO `creature_loot_template` VALUES ('49666', '62077', '0.08', '1', '0', '1', '1');
INSERT INTO `creature_loot_template` VALUES ('49666', '62078', '0.06', '1', '0', '1', '1');
INSERT INTO `creature_loot_template` VALUES ('49666', '62079', '0.06', '1', '0', '1', '1');
INSERT INTO `creature_loot_template` VALUES ('49666', '62080', '0.08', '1', '0', '1', '1');
INSERT INTO `creature_loot_template` VALUES ('49666', '62081', '0.08', '1', '0', '1', '1');
INSERT INTO `creature_loot_template` VALUES ('49666', '62082', '0.08', '1', '0', '1', '1');
INSERT INTO `creature_loot_template` VALUES ('49666', '62083', '0.09', '1', '0', '1', '1');
INSERT INTO `creature_loot_template` VALUES ('49666', '62084', '0.07', '1', '0', '1', '1');
INSERT INTO `creature_loot_template` VALUES ('49666', '62085', '0.08', '1', '0', '1', '1');
INSERT INTO `creature_loot_template` VALUES ('49666', '62086', '0.09', '1', '0', '1', '1');
INSERT INTO `creature_loot_template` VALUES ('49666', '62087', '0.07', '1', '0', '1', '1');
INSERT INTO `creature_loot_template` VALUES ('49666', '62088', '0.06', '1', '0', '1', '1');
INSERT INTO `creature_loot_template` VALUES ('49666', '62089', '0.07', '1', '0', '1', '1');
INSERT INTO `creature_loot_template` VALUES ('49666', '62090', '0.07', '1', '0', '1', '1');
INSERT INTO `creature_loot_template` VALUES ('49666', '62091', '0.06', '1', '0', '1', '1');
INSERT INTO `creature_loot_template` VALUES ('49666', '62092', '0.06', '1', '0', '1', '1');
INSERT INTO `creature_loot_template` VALUES ('49666', '62093', '0.07', '1', '0', '1', '1');
INSERT INTO `creature_loot_template` VALUES ('49666', '62094', '0.06', '1', '0', '1', '1');
INSERT INTO `creature_loot_template` VALUES ('49666', '62095', '0.08', '1', '0', '1', '1');
INSERT INTO `creature_loot_template` VALUES ('49666', '62096', '0.07', '1', '0', '1', '1');
INSERT INTO `creature_loot_template` VALUES ('49666', '62097', '0.07', '1', '0', '1', '1');
INSERT INTO `creature_loot_template` VALUES ('49666', '62098', '0.07', '1', '0', '1', '1');
INSERT INTO `creature_loot_template` VALUES ('49666', '62099', '0.07', '1', '0', '1', '1');
INSERT INTO `creature_loot_template` VALUES ('49666', '62100', '0.07', '1', '0', '1', '1');
INSERT INTO `creature_loot_template` VALUES ('49666', '62101', '0.07', '1', '0', '1', '1');
INSERT INTO `creature_loot_template` VALUES ('49666', '62102', '0.06', '1', '0', '1', '1');
INSERT INTO `creature_loot_template` VALUES ('49666', '62103', '0.06', '1', '0', '1', '1');
INSERT INTO `creature_loot_template` VALUES ('49666', '62104', '0.07', '1', '0', '1', '1');
INSERT INTO `creature_loot_template` VALUES ('49666', '67539', '0.03', '1', '0', '1', '1');
INSERT INTO `creature_loot_template` VALUES ('49666', '68197', '1.92', '1', '0', '1', '2');
INSERT INTO `creature_loot_template` VALUES ('49666', '68198', '5.61', '1', '0', '1', '2');
INSERT INTO `creature_loot_template` VALUES ('49666', '52379', '0.01', '1', '0', '1', '1');
INSERT INTO `creature_loot_template` VALUES ('49666', '52382', '0.1', '1', '0', '1', '1');
INSERT INTO `creature_loot_template` VALUES ('49666', '55286', '0.02', '1', '0', '1', '1');
INSERT INTO `creature_loot_template` VALUES ('49666', '55287', '0.02', '1', '0', '1', '1');
INSERT INTO `creature_loot_template` VALUES ('49666', '55288', '0.02', '1', '0', '1', '1');
INSERT INTO `creature_loot_template` VALUES ('49666', '55295', '0.02', '1', '0', '1', '1');
INSERT INTO `creature_loot_template` VALUES ('49666', '55296', '0.03', '1', '0', '1', '1');
INSERT INTO `creature_loot_template` VALUES ('49666', '55297', '0.02', '1', '0', '1', '1');
INSERT INTO `creature_loot_template` VALUES ('49666', '55304', '0.1', '1', '0', '1', '1');
INSERT INTO `creature_loot_template` VALUES ('49666', '55313', '0.03', '1', '0', '1', '1');
INSERT INTO `creature_loot_template` VALUES ('49666', '55314', '0.03', '1', '0', '1', '1');
INSERT INTO `creature_loot_template` VALUES ('49666', '55315', '0.03', '1', '0', '1', '1');
INSERT INTO `creature_loot_template` VALUES ('49666', '55324', '0.01', '1', '0', '1', '1');
INSERT INTO `creature_loot_template` VALUES ('49666', '55331', '0.02', '1', '0', '1', '1');
INSERT INTO `creature_loot_template` VALUES ('49666', '55332', '0.03', '1', '0', '1', '1');
INSERT INTO `creature_loot_template` VALUES ('49666', '55333', '0.02', '1', '0', '1', '1');
INSERT INTO `creature_loot_template` VALUES ('49666', '55340', '0.01', '1', '0', '1', '1');
INSERT INTO `creature_loot_template` VALUES ('49666', '55341', '0.02', '1', '0', '1', '1');
INSERT INTO `creature_loot_template` VALUES ('49666', '55342', '0.02', '1', '0', '1', '1');
INSERT INTO `creature_loot_template` VALUES ('49666', '55349', '0.03', '1', '0', '1', '1');
INSERT INTO `creature_loot_template` VALUES ('49666', '55350', '0.03', '1', '0', '1', '1');
INSERT INTO `creature_loot_template` VALUES ('49666', '55351', '0.02', '1', '0', '1', '1');
INSERT INTO `creature_loot_template` VALUES ('49666', '55359', '0.1', '1', '0', '1', '1');
INSERT INTO `creature_loot_template` VALUES ('49666', '55360', '0.01', '1', '0', '1', '1');
INSERT INTO `creature_loot_template` VALUES ('49666', '55367', '0.04', '1', '0', '1', '1');
INSERT INTO `creature_loot_template` VALUES ('49666', '55368', '0.05', '1', '0', '1', '1');
INSERT INTO `creature_loot_template` VALUES ('49666', '55369', '0.05', '1', '0', '1', '1');
INSERT INTO `creature_loot_template` VALUES ('49666', '55376', '0.04', '1', '0', '1', '1');
INSERT INTO `creature_loot_template` VALUES ('49666', '55377', '0.03', '1', '0', '1', '1');
INSERT INTO `creature_loot_template` VALUES ('49666', '55378', '0.03', '1', '0', '1', '1');
INSERT INTO `creature_loot_template` VALUES ('49666', '55385', '0.03', '1', '0', '1', '1');
INSERT INTO `creature_loot_template` VALUES ('49666', '55386', '0.04', '1', '0', '1', '1');
INSERT INTO `creature_loot_template` VALUES ('49666', '55387', '0.04', '1', '0', '1', '1');
INSERT INTO `creature_loot_template` VALUES ('49666', '55394', '0.02', '1', '0', '1', '1');
INSERT INTO `creature_loot_template` VALUES ('49666', '55395', '0.02', '1', '0', '1', '1');
INSERT INTO `creature_loot_template` VALUES ('49666', '55396', '0.02', '1', '0', '1', '1');
INSERT INTO `creature_loot_template` VALUES ('49666', '55403', '0.06', '1', '0', '1', '1');
INSERT INTO `creature_loot_template` VALUES ('49666', '55404', '0.04', '1', '0', '1', '1');
INSERT INTO `creature_loot_template` VALUES ('49666', '55405', '0.06', '1', '0', '1', '1');
INSERT INTO `creature_loot_template` VALUES ('49666', '55412', '0.02', '1', '0', '1', '1');
INSERT INTO `creature_loot_template` VALUES ('49666', '55413', '0.02', '1', '0', '1', '1');
INSERT INTO `creature_loot_template` VALUES ('49666', '55414', '0.02', '1', '0', '1', '1');
INSERT INTO `creature_loot_template` VALUES ('49666', '55421', '0.13', '1', '0', '1', '1');
INSERT INTO `creature_loot_template` VALUES ('49666', '55422', '0.11', '1', '0', '1', '1');
INSERT INTO `creature_loot_template` VALUES ('49666', '55423', '0.13', '1', '0', '1', '1');
INSERT INTO `creature_loot_template` VALUES ('49666', '55430', '0.02', '1', '0', '1', '1');
INSERT INTO `creature_loot_template` VALUES ('49666', '55431', '0.02', '1', '0', '1', '1');
INSERT INTO `creature_loot_template` VALUES ('49666', '55432', '0.03', '1', '0', '1', '1');
INSERT INTO `creature_loot_template` VALUES ('49666', '55439', '0.09', '1', '0', '1', '1');
INSERT INTO `creature_loot_template` VALUES ('49666', '55440', '0.09', '1', '0', '1', '1');
INSERT INTO `creature_loot_template` VALUES ('49666', '55441', '0.11', '1', '0', '1', '1');
INSERT INTO `creature_loot_template` VALUES ('49666', '55448', '0.01', '1', '0', '1', '1');
INSERT INTO `creature_loot_template` VALUES ('49666', '55449', '0.02', '1', '0', '1', '1');
INSERT INTO `creature_loot_template` VALUES ('49666', '55450', '0.01', '1', '0', '1', '1');
INSERT INTO `creature_loot_template` VALUES ('49666', '55457', '0.03', '1', '0', '1', '1');
INSERT INTO `creature_loot_template` VALUES ('49666', '55458', '0.04', '1', '0', '1', '1');
INSERT INTO `creature_loot_template` VALUES ('49666', '55459', '0.03', '1', '0', '1', '1');
INSERT INTO `creature_loot_template` VALUES ('49666', '55466', '0.02', '1', '0', '1', '1');
INSERT INTO `creature_loot_template` VALUES ('49666', '55467', '0.01', '1', '0', '1', '1');
INSERT INTO `creature_loot_template` VALUES ('49666', '55468', '0.01', '1', '0', '1', '1');
INSERT INTO `creature_loot_template` VALUES ('49666', '55484', '0.05', '1', '0', '1', '1');
INSERT INTO `creature_loot_template` VALUES ('49666', '55485', '0.06', '1', '0', '1', '1');
INSERT INTO `creature_loot_template` VALUES ('49666', '55486', '0.06', '1', '0', '1', '1');
INSERT INTO `creature_loot_template` VALUES ('49666', '55493', '0.04', '1', '0', '1', '1');
INSERT INTO `creature_loot_template` VALUES ('49666', '55494', '0.05', '1', '0', '1', '1');
INSERT INTO `creature_loot_template` VALUES ('49666', '55495', '0.05', '1', '0', '1', '1');
INSERT INTO `creature_loot_template` VALUES ('49666', '55502', '0.05', '1', '0', '1', '1');
INSERT INTO `creature_loot_template` VALUES ('49666', '55503', '0.04', '1', '0', '1', '1');
INSERT INTO `creature_loot_template` VALUES ('49666', '55504', '0.04', '1', '0', '1', '1');
INSERT INTO `creature_loot_template` VALUES ('49666', '55511', '0.04', '1', '0', '1', '1');
INSERT INTO `creature_loot_template` VALUES ('49666', '55512', '0.04', '1', '0', '1', '1');
INSERT INTO `creature_loot_template` VALUES ('49666', '55513', '0.06', '1', '0', '1', '1');
INSERT INTO `creature_loot_template` VALUES ('49666', '55520', '0.04', '1', '0', '1', '1');
INSERT INTO `creature_loot_template` VALUES ('49666', '55521', '0.04', '1', '0', '1', '1');
INSERT INTO `creature_loot_template` VALUES ('49666', '55522', '0.06', '1', '0', '1', '1');
INSERT INTO `creature_loot_template` VALUES ('49666', '55529', '0.04', '1', '0', '1', '1');
INSERT INTO `creature_loot_template` VALUES ('49666', '55530', '0.05', '1', '0', '1', '1');
INSERT INTO `creature_loot_template` VALUES ('49666', '55531', '0.05', '1', '0', '1', '1');
INSERT INTO `creature_loot_template` VALUES ('49666', '55538', '0.04', '1', '0', '1', '1');
INSERT INTO `creature_loot_template` VALUES ('49666', '55539', '0.07', '1', '0', '1', '1');
INSERT INTO `creature_loot_template` VALUES ('49666', '55540', '0.04', '1', '0', '1', '1');
INSERT INTO `creature_loot_template` VALUES ('49666', '55547', '0.04', '1', '0', '1', '1');
INSERT INTO `creature_loot_template` VALUES ('49666', '55548', '0.06', '1', '0', '1', '1');
INSERT INTO `creature_loot_template` VALUES ('49666', '55549', '0.05', '1', '0', '1', '1');
INSERT INTO `creature_loot_template` VALUES ('49666', '55556', '0.04', '1', '0', '1', '1');
INSERT INTO `creature_loot_template` VALUES ('49666', '55557', '0.05', '1', '0', '1', '1');
INSERT INTO `creature_loot_template` VALUES ('49666', '55558', '0.04', '1', '0', '1', '1');
INSERT INTO `creature_loot_template` VALUES ('49666', '55565', '0.03', '1', '0', '1', '1');
INSERT INTO `creature_loot_template` VALUES ('49666', '55566', '0.04', '1', '0', '1', '1');
INSERT INTO `creature_loot_template` VALUES ('49666', '55567', '0.04', '1', '0', '1', '1');
INSERT INTO `creature_loot_template` VALUES ('49666', '55574', '0.04', '1', '0', '1', '1');
INSERT INTO `creature_loot_template` VALUES ('49666', '55575', '0.05', '1', '0', '1', '1');
INSERT INTO `creature_loot_template` VALUES ('49666', '55576', '0.03', '1', '0', '1', '1');
INSERT INTO `creature_loot_template` VALUES ('49666', '55583', '0.04', '1', '0', '1', '1');
INSERT INTO `creature_loot_template` VALUES ('49666', '55584', '0.04', '1', '0', '1', '1');
INSERT INTO `creature_loot_template` VALUES ('49666', '55585', '0.05', '1', '0', '1', '1');
INSERT INTO `creature_loot_template` VALUES ('49666', '55592', '0.04', '1', '0', '1', '1');
INSERT INTO `creature_loot_template` VALUES ('49666', '55593', '0.04', '1', '0', '1', '1');
INSERT INTO `creature_loot_template` VALUES ('49666', '55594', '0.05', '1', '0', '1', '1');
INSERT INTO `creature_loot_template` VALUES ('49666', '55601', '0.05', '1', '0', '1', '1');
INSERT INTO `creature_loot_template` VALUES ('49666', '55602', '0.06', '1', '0', '1', '1');
INSERT INTO `creature_loot_template` VALUES ('49666', '55603', '0.05', '1', '0', '1', '1');
INSERT INTO `creature_loot_template` VALUES ('49666', '55610', '0.05', '1', '0', '1', '1');
INSERT INTO `creature_loot_template` VALUES ('49666', '55611', '0.05', '1', '0', '1', '1');
INSERT INTO `creature_loot_template` VALUES ('49666', '55612', '0.05', '1', '0', '1', '1');
INSERT INTO `creature_loot_template` VALUES ('49666', '55619', '0.05', '1', '0', '1', '1');
INSERT INTO `creature_loot_template` VALUES ('49666', '55620', '0.05', '1', '0', '1', '1');
INSERT INTO `creature_loot_template` VALUES ('49666', '55621', '0.06', '1', '0', '1', '1');
INSERT INTO `creature_loot_template` VALUES ('49666', '55628', '0.04', '1', '0', '1', '1');
INSERT INTO `creature_loot_template` VALUES ('49666', '55629', '0.05', '1', '0', '1', '1');
INSERT INTO `creature_loot_template` VALUES ('49666', '55630', '0.05', '1', '0', '1', '1');
INSERT INTO `creature_loot_template` VALUES ('49666', '55637', '0.04', '1', '0', '1', '1');
INSERT INTO `creature_loot_template` VALUES ('49666', '55638', '0.03', '1', '0', '1', '1');
INSERT INTO `creature_loot_template` VALUES ('49666', '55639', '0.05', '1', '0', '1', '1');
INSERT INTO `creature_loot_template` VALUES ('49666', '55646', '0.04', '1', '0', '1', '1');
INSERT INTO `creature_loot_template` VALUES ('49666', '55647', '0.04', '1', '0', '1', '1');
INSERT INTO `creature_loot_template` VALUES ('49666', '55648', '0.05', '1', '0', '1', '1');
INSERT INTO `creature_loot_template` VALUES ('49666', '55655', '0.06', '1', '0', '1', '1');
INSERT INTO `creature_loot_template` VALUES ('49666', '55656', '0.05', '1', '0', '1', '1');
INSERT INTO `creature_loot_template` VALUES ('49666', '55657', '0.04', '1', '0', '1', '1');
INSERT INTO `creature_loot_template` VALUES ('49666', '55664', '0.05', '1', '0', '1', '1');
INSERT INTO `creature_loot_template` VALUES ('49666', '55665', '0.05', '1', '0', '1', '1');
INSERT INTO `creature_loot_template` VALUES ('49666', '55666', '0.04', '1', '0', '1', '1');
INSERT INTO `creature_loot_template` VALUES ('49666', '55673', '0.06', '1', '0', '1', '1');
INSERT INTO `creature_loot_template` VALUES ('49666', '55674', '0.04', '1', '0', '1', '1');
INSERT INTO `creature_loot_template` VALUES ('49666', '55675', '0.05', '1', '0', '1', '1');
INSERT INTO `creature_loot_template` VALUES ('49666', '55682', '0.04', '1', '0', '1', '1');
INSERT INTO `creature_loot_template` VALUES ('49666', '55683', '0.06', '1', '0', '1', '1');
INSERT INTO `creature_loot_template` VALUES ('49666', '55684', '0.03', '1', '0', '1', '1');
INSERT INTO `creature_loot_template` VALUES ('49666', '55691', '0.04', '1', '0', '1', '1');
INSERT INTO `creature_loot_template` VALUES ('49666', '55692', '0.04', '1', '0', '1', '1');
INSERT INTO `creature_loot_template` VALUES ('49666', '55693', '0.04', '1', '0', '1', '1');
INSERT INTO `creature_loot_template` VALUES ('49666', '55700', '0.04', '1', '0', '1', '1');
INSERT INTO `creature_loot_template` VALUES ('49666', '55701', '0.04', '1', '0', '1', '1');
INSERT INTO `creature_loot_template` VALUES ('49666', '55702', '0.04', '1', '0', '1', '1');
INSERT INTO `creature_loot_template` VALUES ('49666', '55709', '0.06', '1', '0', '1', '1');
INSERT INTO `creature_loot_template` VALUES ('49666', '55710', '0.05', '1', '0', '1', '1');
INSERT INTO `creature_loot_template` VALUES ('49666', '55711', '0.06', '1', '0', '1', '1');
INSERT INTO `creature_loot_template` VALUES ('49666', '55718', '0.06', '1', '0', '1', '1');
INSERT INTO `creature_loot_template` VALUES ('49666', '55719', '0.07', '1', '0', '1', '1');
INSERT INTO `creature_loot_template` VALUES ('49666', '55720', '0.06', '1', '0', '1', '1');
INSERT INTO `creature_loot_template` VALUES ('49666', '55727', '0.07', '1', '0', '1', '1');
INSERT INTO `creature_loot_template` VALUES ('49666', '55728', '0.08', '1', '0', '1', '1');
INSERT INTO `creature_loot_template` VALUES ('49666', '55729', '0.06', '1', '0', '1', '1');
INSERT INTO `creature_loot_template` VALUES ('49666', '55736', '0.06', '1', '0', '1', '1');
INSERT INTO `creature_loot_template` VALUES ('49666', '55737', '0.06', '1', '0', '1', '1');
INSERT INTO `creature_loot_template` VALUES ('49666', '55738', '0.06', '1', '0', '1', '1');
INSERT INTO `creature_loot_template` VALUES ('49666', '55745', '0.06', '1', '0', '1', '1');
INSERT INTO `creature_loot_template` VALUES ('49666', '55746', '0.08', '1', '0', '1', '1');
INSERT INTO `creature_loot_template` VALUES ('49666', '55747', '0.07', '1', '0', '1', '1');
INSERT INTO `creature_loot_template` VALUES ('49666', '55754', '0.06', '1', '0', '1', '1');
INSERT INTO `creature_loot_template` VALUES ('49666', '55755', '0.06', '1', '0', '1', '1');
INSERT INTO `creature_loot_template` VALUES ('49666', '55756', '0.07', '1', '0', '1', '1');
INSERT INTO `creature_loot_template` VALUES ('49666', '55763', '0.07', '1', '0', '1', '1');
INSERT INTO `creature_loot_template` VALUES ('49666', '55764', '0.07', '1', '0', '1', '1');
INSERT INTO `creature_loot_template` VALUES ('49666', '55765', '0.06', '1', '0', '1', '1');
INSERT INTO `creature_loot_template` VALUES ('49666', '55772', '0.07', '1', '0', '1', '1');
INSERT INTO `creature_loot_template` VALUES ('49666', '55773', '0.07', '1', '0', '1', '1');
INSERT INTO `creature_loot_template` VALUES ('49666', '55774', '0.05', '1', '0', '1', '1');
INSERT INTO `creature_loot_template` VALUES ('49666', '62105', '0.06', '1', '0', '1', '1');
INSERT INTO `creature_loot_template` VALUES ('49666', '62106', '0.06', '1', '0', '1', '1');
INSERT INTO `creature_loot_template` VALUES ('49666', '62107', '0.06', '1', '0', '1', '1');
INSERT INTO `creature_loot_template` VALUES ('49666', '62108', '0.04', '1', '0', '1', '1');
INSERT INTO `creature_loot_template` VALUES ('49666', '62109', '0.04', '1', '0', '1', '1');
INSERT INTO `creature_loot_template` VALUES ('49666', '62110', '0.06', '1', '0', '1', '1');
INSERT INTO `creature_loot_template` VALUES ('49666', '62111', '0.06', '1', '0', '1', '1');
INSERT INTO `creature_loot_template` VALUES ('49666', '62112', '0.06', '1', '0', '1', '1');
INSERT INTO `creature_loot_template` VALUES ('49666', '62113', '0.05', '1', '0', '1', '1');
INSERT INTO `creature_loot_template` VALUES ('49666', '62114', '0.04', '1', '0', '1', '1');
INSERT INTO `creature_loot_template` VALUES ('49666', '62115', '0.06', '1', '0', '1', '1');
INSERT INTO `creature_loot_template` VALUES ('49666', '62116', '0.06', '1', '0', '1', '1');
INSERT INTO `creature_loot_template` VALUES ('49666', '62117', '0.05', '1', '0', '1', '1');
INSERT INTO `creature_loot_template` VALUES ('49666', '62118', '0.06', '1', '0', '1', '1');
INSERT INTO `creature_loot_template` VALUES ('49666', '62119', '0.06', '1', '0', '1', '1');
INSERT INTO `creature_loot_template` VALUES ('49666', '62120', '0.04', '1', '0', '1', '1');
INSERT INTO `creature_loot_template` VALUES ('49666', '62121', '0.07', '1', '0', '1', '1');
INSERT INTO `creature_loot_template` VALUES ('49666', '62122', '0.06', '1', '0', '1', '1');
INSERT INTO `creature_loot_template` VALUES ('49666', '62123', '0.06', '1', '0', '1', '1');
INSERT INTO `creature_loot_template` VALUES ('49666', '62124', '0.05', '1', '0', '1', '1');
INSERT INTO `creature_loot_template` VALUES ('49666', '62125', '0.06', '1', '0', '1', '1');
INSERT INTO `creature_loot_template` VALUES ('49666', '62126', '0.05', '1', '0', '1', '1');
INSERT INTO `creature_loot_template` VALUES ('49666', '62127', '0.04', '1', '0', '1', '1');
INSERT INTO `creature_loot_template` VALUES ('49666', '62128', '0.08', '1', '0', '1', '1');
INSERT INTO `creature_loot_template` VALUES ('49666', '62129', '0.04', '1', '0', '1', '1');
INSERT INTO `creature_loot_template` VALUES ('49666', '62130', '0.05', '1', '0', '1', '1');
INSERT INTO `creature_loot_template` VALUES ('49666', '62131', '0.05', '1', '0', '1', '1');
INSERT INTO `creature_loot_template` VALUES ('49666', '62132', '0.06', '1', '0', '1', '1');
INSERT INTO `creature_loot_template` VALUES ('49666', '62133', '0.04', '1', '0', '1', '1');
INSERT INTO `creature_loot_template` VALUES ('49666', '62134', '0.04', '1', '0', '1', '1');
INSERT INTO `creature_loot_template` VALUES ('49666', '62135', '0.05', '1', '0', '1', '1');
INSERT INTO `creature_loot_template` VALUES ('49666', '62136', '0.05', '1', '0', '1', '1');
INSERT INTO `creature_loot_template` VALUES ('49666', '66969', '0.01', '1', '0', '1', '1');
INSERT INTO `creature_loot_template` VALUES ('49666', '66970', '0.1', '1', '0', '1', '1');
INSERT INTO `creature_loot_template` VALUES ('49666', '66971', '0.1', '1', '0', '1', '1');
INSERT INTO `creature_loot_template` VALUES ('49666', '66972', '0.1', '1', '0', '1', '1');
INSERT INTO `creature_loot_template` VALUES ('49666', '66974', '0.01', '1', '0', '1', '1');
INSERT INTO `creature_loot_template` VALUES ('49666', '66975', '0.1', '1', '0', '1', '1');
INSERT INTO `creature_loot_template` VALUES ('49666', '66976', '0.1', '1', '0', '1', '1');
INSERT INTO `creature_loot_template` VALUES ('49666', '66989', '0.1', '1', '0', '1', '1');
INSERT INTO `creature_loot_template` VALUES ('49666', '66991', '0.1', '1', '0', '1', '1');
INSERT INTO `creature_loot_template` VALUES ('49666', '66993', '0.1', '1', '0', '1', '1');
INSERT INTO `creature_loot_template` VALUES ('49666', '66994', '0.1', '1', '0', '1', '1');
INSERT INTO `creature_loot_template` VALUES ('49666', '67061', '0.1', '1', '0', '1', '1');
INSERT INTO `creature_loot_template` VALUES ('49666', '67069', '0.1', '1', '0', '1', '1');
INSERT INTO `creature_loot_template` VALUES ('49666', '67119', '0.1', '1', '0', '1', '1');
INSERT INTO `creature_loot_template` VALUES ('49666', '67120', '0.1', '1', '0', '1', '1');
INSERT INTO `creature_loot_template` VALUES ('49666', '67122', '0.1', '1', '0', '1', '1');
INSERT INTO `creature_loot_template` VALUES ('49666', '67124', '0.1', '1', '0', '1', '1');
INSERT INTO `creature_loot_template` VALUES ('49666', '67125', '0.1', '1', '0', '1', '1');
INSERT INTO `creature_loot_template` VALUES ('49666', '67126', '0.1', '1', '0', '1', '1');
INSERT INTO `creature_loot_template` VALUES ('49666', '67137', '0.1', '1', '0', '1', '1');
INSERT INTO `creature_loot_template` VALUES ('49666', '67139', '0.1', '1', '0', '1', '1');
INSERT INTO `creature_loot_template` VALUES ('49666', '68729', '0.48', '1', '0', '1', '1');
UPDATE `creature_template` SET lootid='49666' WHERE entry='49666';

-- http://www.wowhead.com/npc=42696 and heroic 49667
DELETE FROM `creature_template` WHERE `entry`=42696;
INSERT INTO `creature_template` ( `entry`, `difficulty_entry_1`, `difficulty_entry_2`, `difficulty_entry_3`, `KillCredit1`, `KillCredit2`, `modelid1`, `modelid2`, `modelid3`, `modelid4`, `name`, `subname`, `IconName`, `gossip_menu_id`, `minlevel`, `maxlevel`, `exp`, `faction_A`, `faction_H`, `npcflag`, `speed_walk`, `speed_run`, `scale`, `rank`, `mindmg`, `maxdmg`, `dmgschool`, `attackpower`, `dmg_multiplier`, `baseattacktime`, `rangeattacktime`, `unit_class`, `unit_flags`, `dynamicflags`, `family`, `trainer_type`, `trainer_spell`, `trainer_class`, `trainer_race`, `minrangedmg`, `maxrangedmg`, `rangedattackpower`, `type`, `type_flags`, `lootid`, `pickpocketloot`, `skinloot`, `resistance1`, `resistance2`, `resistance3`, `resistance4`, `resistance5`, `resistance6`, `spell1`, `spell2`, `spell3`, `spell4`, `spell5`, `spell6`, `spell7`, `spell8`, `PetSpellDataId`, `VehicleId`, `mingold`, `maxgold`, `AIName`, `MovementType`, `InhabitType`, `Health_mod`, `Mana_mod`, `Armor_mod`, `RacialLeader`, `questItem1`, `questItem2`, `questItem3`, `questItem4`, `questItem5`, `questItem6`, `movementId`, `RegenHealth`, `equipment_id`, `mechanic_immune_mask`, `flags_extra`, `ScriptName`, `WDBVerified`) VALUES ( 42696, 0, 0, 0, 0, 0, 37219, 37220, 37221, 0, "Stonecore Warbringer", "", "", 0, 82, 85, 3, 16, 16, 0, 1.2, 1.0, 1.0, 1, 509, 683, 0, 1005, 9.5, 2000, 2000, 1, 64, 0, 0, 0, 0, 0, 0, 509, 683, 1005, 7, 12, 42696, 42696, 0, 0, 0, 0, 0, 0, 0, 0, 0, 0, 0, 0, 0, 0, 0, 0, 0, 10075, 11053, "", 0, 1, 4.036, 0.0, 100.0, 0, 0, 0, 0, 0, 0, 0, 0, 1, 0, 613097436, 0, "npc_stonecore_warbringer", "13623");
DELETE FROM `creature_template` WHERE `entry`=49667;
INSERT INTO `creature_template` ( `entry`, `difficulty_entry_1`, `difficulty_entry_2`, `difficulty_entry_3`, `KillCredit1`, `KillCredit2`, `modelid1`, `modelid2`, `modelid3`, `modelid4`, `name`, `subname`, `IconName`, `gossip_menu_id`, `minlevel`, `maxlevel`, `exp`, `faction_A`, `faction_H`, `npcflag`, `speed_walk`, `speed_run`, `scale`, `rank`, `mindmg`, `maxdmg`, `dmgschool`, `attackpower`, `dmg_multiplier`, `baseattacktime`, `rangeattacktime`, `unit_class`, `unit_flags`, `dynamicflags`, `family`, `trainer_type`, `trainer_spell`, `trainer_class`, `trainer_race`, `minrangedmg`, `maxrangedmg`, `rangedattackpower`, `type`, `type_flags`, `lootid`, `pickpocketloot`, `skinloot`, `resistance1`, `resistance2`, `resistance3`, `resistance4`, `resistance5`, `resistance6`, `spell1`, `spell2`, `spell3`, `spell4`, `spell5`, `spell6`, `spell7`, `spell8`, `PetSpellDataId`, `VehicleId`, `mingold`, `maxgold`, `AIName`, `MovementType`, `InhabitType`, `Health_mod`, `Mana_mod`, `Armor_mod`, `RacialLeader`, `questItem1`, `questItem2`, `questItem3`, `questItem4`, `questItem5`, `questItem6`, `movementId`, `RegenHealth`, `equipment_id`, `mechanic_immune_mask`, `flags_extra`, `ScriptName`, `WDBVerified`) VALUES ( 49667, 0, 0, 0, 0, 0, 37219, 37220, 37221, 0, "Stonecore Warbringer (H)", "", "", 0, 84, 85, 3, 16, 16, 0, 1.0, 1.14286, 1.0, 1, 711, 823, 0, 1205, 13.5, 2000, 2000, 1, 0, 0, 0, 0, 0, 0, 0, 711, 823, 1205, 7, 12, 49667, 49667, 0, 0, 0, 0, 0, 0, 0, 0, 0, 0, 0, 0, 0, 0, 0, 0, 0, 12175, 12175, "", 0, 1, 5.0, 0.0, 1.0, 0, 0, 0, 0, 0, 0, 0, 0, 1, 0, 613097436, 0, "npc_stonecore_warbringer", "13623");
DELETE FROM `pickpocketing_loot_template` WHERE entry='42696';
INSERT INTO `pickpocketing_loot_template` VALUES ('42696', '63291', '9', '1', '0', '1', '1');
INSERT INTO `pickpocketing_loot_template` VALUES ('42696', '63349', '9', '1', '0', '1', '1');
INSERT INTO `pickpocketing_loot_template` VALUES ('42696', '63348', '9', '1', '0', '1', '1');
INSERT INTO `pickpocketing_loot_template` VALUES ('42696', '63317', '8', '1', '0', '1', '1');
INSERT INTO `pickpocketing_loot_template` VALUES ('42696', '58269', '6', '1', '0', '1', '1');
INSERT INTO `pickpocketing_loot_template` VALUES ('42696', '63310', '4', '1', '0', '1', '1');
INSERT INTO `pickpocketing_loot_template` VALUES ('42696', '63300', '3', '1', '0', '1', '1');
INSERT INTO `pickpocketing_loot_template` VALUES ('42696', '63316', '0.7', '1', '0', '1', '1');
INSERT INTO `pickpocketing_loot_template` VALUES ('42696', '63318', '0.4', '1', '0', '1', '1');
UPDATE `creature_template` SET pickpocketloot='42696' WHERE entry='42696';
DELETE FROM `pickpocketing_loot_template` WHERE entry='49667';
INSERT INTO `pickpocketing_loot_template` VALUES ('49667', '63291', '9', '1', '0', '1', '1');
INSERT INTO `pickpocketing_loot_template` VALUES ('49667', '63349', '9', '1', '0', '1', '1');
INSERT INTO `pickpocketing_loot_template` VALUES ('49667', '63348', '9', '1', '0', '1', '1');
INSERT INTO `pickpocketing_loot_template` VALUES ('49667', '63317', '8', '1', '0', '1', '1');
INSERT INTO `pickpocketing_loot_template` VALUES ('49667', '58269', '6', '1', '0', '1', '1');
INSERT INTO `pickpocketing_loot_template` VALUES ('49667', '63310', '4', '1', '0', '1', '1');
INSERT INTO `pickpocketing_loot_template` VALUES ('49667', '63300', '3', '1', '0', '1', '1');
INSERT INTO `pickpocketing_loot_template` VALUES ('49667', '63316', '0.7', '1', '0', '1', '1');
INSERT INTO `pickpocketing_loot_template` VALUES ('49667', '63318', '0.4', '1', '0', '1', '1');
UPDATE `creature_template` SET pickpocketloot='49667' WHERE entry='49667';
DELETE FROM `creature_loot_template` WHERE entry='49667';
INSERT INTO `creature_loot_template` VALUES ('49667', '52363', '1', '1', '0', '1', '1');
INSERT INTO `creature_loot_template` VALUES ('49667', '52365', '1', '1', '0', '1', '1');
INSERT INTO `creature_loot_template` VALUES ('49667', '52366', '1', '1', '0', '1', '1');
INSERT INTO `creature_loot_template` VALUES ('49667', '52367', '1', '1', '0', '1', '1');
INSERT INTO `creature_loot_template` VALUES ('49667', '52368', '1', '1', '0', '1', '1');
INSERT INTO `creature_loot_template` VALUES ('49667', '52369', '1', '1', '0', '1', '1');
INSERT INTO `creature_loot_template` VALUES ('49667', '52370', '1', '1', '0', '1', '1');
INSERT INTO `creature_loot_template` VALUES ('49667', '52371', '1', '1', '0', '1', '1');
INSERT INTO `creature_loot_template` VALUES ('49667', '52372', '1', '1', '0', '1', '1');
INSERT INTO `creature_loot_template` VALUES ('49667', '52373', '1', '1', '0', '1', '1');
INSERT INTO `creature_loot_template` VALUES ('49667', '52374', '1', '1', '0', '1', '1');
INSERT INTO `creature_loot_template` VALUES ('49667', '52376', '1', '1', '0', '1', '1');
INSERT INTO `creature_loot_template` VALUES ('49667', '52377', '1', '1', '0', '1', '1');
INSERT INTO `creature_loot_template` VALUES ('49667', '52378', '1', '1', '0', '1', '1');
INSERT INTO `creature_loot_template` VALUES ('49667', '52379', '1', '1', '0', '1', '1');
INSERT INTO `creature_loot_template` VALUES ('49667', '52382', '1', '1', '0', '1', '1');
INSERT INTO `creature_loot_template` VALUES ('49667', '52383', '1', '1', '0', '1', '1');
INSERT INTO `creature_loot_template` VALUES ('49667', '52385', '1', '1', '0', '1', '1');
INSERT INTO `creature_loot_template` VALUES ('49667', '52386', '1', '1', '0', '1', '1');
INSERT INTO `creature_loot_template` VALUES ('49667', '52388', '1', '1', '0', '1', '1');
INSERT INTO `creature_loot_template` VALUES ('49667', '53010', '17.17', '1', '0', '1', '6');
INSERT INTO `creature_loot_template` VALUES ('49667', '55822', '0.42', '1', '0', '1', '1');
INSERT INTO `creature_loot_template` VALUES ('49667', '55823', '0.44', '1', '0', '1', '1');
INSERT INTO `creature_loot_template` VALUES ('49667', '55824', '0.44', '1', '0', '1', '1');
INSERT INTO `creature_loot_template` VALUES ('49667', '58256', '1.5', '1', '0', '1', '1');
INSERT INTO `creature_loot_template` VALUES ('49667', '58268', '2.95', '1', '0', '1', '1');
INSERT INTO `creature_loot_template` VALUES ('49667', '62063', '0.15', '1', '0', '1', '1');
INSERT INTO `creature_loot_template` VALUES ('49667', '62064', '0.17', '1', '0', '1', '1');
INSERT INTO `creature_loot_template` VALUES ('49667', '62065', '0.15', '1', '0', '1', '1');
INSERT INTO `creature_loot_template` VALUES ('49667', '62066', '0.17', '1', '0', '1', '1');
INSERT INTO `creature_loot_template` VALUES ('49667', '62067', '0.17', '1', '0', '1', '1');
INSERT INTO `creature_loot_template` VALUES ('49667', '62068', '0.17', '1', '0', '1', '1');
INSERT INTO `creature_loot_template` VALUES ('49667', '62069', '0.17', '1', '0', '1', '1');
INSERT INTO `creature_loot_template` VALUES ('49667', '62070', '0.16', '1', '0', '1', '1');
INSERT INTO `creature_loot_template` VALUES ('49667', '62071', '0.16', '1', '0', '1', '1');
INSERT INTO `creature_loot_template` VALUES ('49667', '62072', '0.16', '1', '0', '1', '1');
INSERT INTO `creature_loot_template` VALUES ('49667', '62073', '0.06', '1', '0', '1', '1');
INSERT INTO `creature_loot_template` VALUES ('49667', '62074', '0.07', '1', '0', '1', '1');
INSERT INTO `creature_loot_template` VALUES ('49667', '62075', '0.07', '1', '0', '1', '1');
INSERT INTO `creature_loot_template` VALUES ('49667', '62076', '0.07', '1', '0', '1', '1');
INSERT INTO `creature_loot_template` VALUES ('49667', '62077', '0.07', '1', '0', '1', '1');
INSERT INTO `creature_loot_template` VALUES ('49667', '62078', '0.07', '1', '0', '1', '1');
INSERT INTO `creature_loot_template` VALUES ('49667', '62079', '0.08', '1', '0', '1', '1');
INSERT INTO `creature_loot_template` VALUES ('49667', '62080', '0.07', '1', '0', '1', '1');
INSERT INTO `creature_loot_template` VALUES ('49667', '62081', '0.08', '1', '0', '1', '1');
INSERT INTO `creature_loot_template` VALUES ('49667', '62082', '0.08', '1', '0', '1', '1');
INSERT INTO `creature_loot_template` VALUES ('49667', '62083', '0.09', '1', '0', '1', '1');
INSERT INTO `creature_loot_template` VALUES ('49667', '62084', '0.08', '1', '0', '1', '1');
INSERT INTO `creature_loot_template` VALUES ('49667', '62085', '0.08', '1', '0', '1', '1');
INSERT INTO `creature_loot_template` VALUES ('49667', '62086', '0.08', '1', '0', '1', '1');
INSERT INTO `creature_loot_template` VALUES ('49667', '62087', '0.07', '1', '0', '1', '1');
INSERT INTO `creature_loot_template` VALUES ('49667', '62088', '0.06', '1', '0', '1', '1');
INSERT INTO `creature_loot_template` VALUES ('49667', '62089', '0.07', '1', '0', '1', '1');
INSERT INTO `creature_loot_template` VALUES ('49667', '62090', '0.07', '1', '0', '1', '1');
INSERT INTO `creature_loot_template` VALUES ('49667', '62091', '0.07', '1', '0', '1', '1');
INSERT INTO `creature_loot_template` VALUES ('49667', '62092', '0.08', '1', '0', '1', '1');
INSERT INTO `creature_loot_template` VALUES ('49667', '62093', '0.07', '1', '0', '1', '1');
INSERT INTO `creature_loot_template` VALUES ('49667', '62094', '0.06', '1', '0', '1', '1');
INSERT INTO `creature_loot_template` VALUES ('49667', '62095', '0.07', '1', '0', '1', '1');
INSERT INTO `creature_loot_template` VALUES ('49667', '62096', '0.08', '1', '0', '1', '1');
INSERT INTO `creature_loot_template` VALUES ('49667', '62097', '0.07', '1', '0', '1', '1');
INSERT INTO `creature_loot_template` VALUES ('49667', '62098', '0.07', '1', '0', '1', '1');
INSERT INTO `creature_loot_template` VALUES ('49667', '62099', '0.07', '1', '0', '1', '1');
INSERT INTO `creature_loot_template` VALUES ('49667', '62100', '0.07', '1', '0', '1', '1');
INSERT INTO `creature_loot_template` VALUES ('49667', '62101', '0.07', '1', '0', '1', '1');
INSERT INTO `creature_loot_template` VALUES ('49667', '62102', '0.06', '1', '0', '1', '1');
INSERT INTO `creature_loot_template` VALUES ('49667', '62103', '0.07', '1', '0', '1', '1');
INSERT INTO `creature_loot_template` VALUES ('49667', '62104', '0.06', '1', '0', '1', '1');
INSERT INTO `creature_loot_template` VALUES ('49667', '67539', '0.03', '1', '0', '1', '1');
INSERT INTO `creature_loot_template` VALUES ('49667', '68197', '1.87', '1', '0', '1', '2');
INSERT INTO `creature_loot_template` VALUES ('49667', '68198', '5.54', '1', '0', '1', '2');
INSERT INTO `creature_loot_template` VALUES ('49667', '68781', '1', '1', '0', '1', '1');
INSERT INTO `creature_loot_template` VALUES ('49667', '68783', '1', '1', '0', '1', '1');
INSERT INTO `creature_loot_template` VALUES ('49667', '68788', '1', '1', '0', '1', '1');
INSERT INTO `creature_loot_template` VALUES ('49667', '68789', '1', '1', '0', '1', '1');
INSERT INTO `creature_loot_template` VALUES ('49667', '69820', '1', '1', '0', '1', '1');
INSERT INTO `creature_loot_template` VALUES ('49667', '52364', '1', '1', '0', '1', '1');
INSERT INTO `creature_loot_template` VALUES ('49667', '55286', '0.02', '1', '0', '1', '1');
INSERT INTO `creature_loot_template` VALUES ('49667', '55287', '0.02', '1', '0', '1', '1');
INSERT INTO `creature_loot_template` VALUES ('49667', '55288', '0.02', '1', '0', '1', '1');
INSERT INTO `creature_loot_template` VALUES ('49667', '55295', '0.02', '1', '0', '1', '1');
INSERT INTO `creature_loot_template` VALUES ('49667', '55296', '0.02', '1', '0', '1', '1');
INSERT INTO `creature_loot_template` VALUES ('49667', '55297', '0.02', '1', '0', '1', '1');
INSERT INTO `creature_loot_template` VALUES ('49667', '55304', '1', '1', '0', '1', '1');
INSERT INTO `creature_loot_template` VALUES ('49667', '55305', '0.01', '1', '0', '1', '1');
INSERT INTO `creature_loot_template` VALUES ('49667', '55306', '1', '1', '0', '1', '1');
INSERT INTO `creature_loot_template` VALUES ('49667', '55313', '0.02', '1', '0', '1', '1');
INSERT INTO `creature_loot_template` VALUES ('49667', '55314', '0.03', '1', '0', '1', '1');
INSERT INTO `creature_loot_template` VALUES ('49667', '55315', '0.02', '1', '0', '1', '1');
INSERT INTO `creature_loot_template` VALUES ('49667', '55322', '1', '1', '0', '1', '1');
INSERT INTO `creature_loot_template` VALUES ('49667', '55323', '1', '1', '0', '1', '1');
INSERT INTO `creature_loot_template` VALUES ('49667', '55324', '1', '1', '0', '1', '1');
INSERT INTO `creature_loot_template` VALUES ('49667', '55331', '0.02', '1', '0', '1', '1');
INSERT INTO `creature_loot_template` VALUES ('49667', '55332', '0.03', '1', '0', '1', '1');
INSERT INTO `creature_loot_template` VALUES ('49667', '55333', '0.02', '1', '0', '1', '1');
INSERT INTO `creature_loot_template` VALUES ('49667', '55340', '0.02', '1', '0', '1', '1');
INSERT INTO `creature_loot_template` VALUES ('49667', '55341', '0.01', '1', '0', '1', '1');
INSERT INTO `creature_loot_template` VALUES ('49667', '55342', '0.01', '1', '0', '1', '1');
INSERT INTO `creature_loot_template` VALUES ('49667', '55349', '0.02', '1', '0', '1', '1');
INSERT INTO `creature_loot_template` VALUES ('49667', '55350', '0.03', '1', '0', '1', '1');
INSERT INTO `creature_loot_template` VALUES ('49667', '55351', '0.02', '1', '0', '1', '1');
INSERT INTO `creature_loot_template` VALUES ('49667', '55358', '1', '1', '0', '1', '1');
INSERT INTO `creature_loot_template` VALUES ('49667', '55359', '1', '1', '0', '1', '1');
INSERT INTO `creature_loot_template` VALUES ('49667', '55360', '0.01', '1', '0', '1', '1');
INSERT INTO `creature_loot_template` VALUES ('49667', '55367', '0.04', '1', '0', '1', '1');
INSERT INTO `creature_loot_template` VALUES ('49667', '55368', '0.05', '1', '0', '1', '1');
INSERT INTO `creature_loot_template` VALUES ('49667', '55369', '0.05', '1', '0', '1', '1');
INSERT INTO `creature_loot_template` VALUES ('49667', '55376', '0.03', '1', '0', '1', '1');
INSERT INTO `creature_loot_template` VALUES ('49667', '55377', '0.03', '1', '0', '1', '1');
INSERT INTO `creature_loot_template` VALUES ('49667', '55378', '0.03', '1', '0', '1', '1');
INSERT INTO `creature_loot_template` VALUES ('49667', '55385', '0.03', '1', '0', '1', '1');
INSERT INTO `creature_loot_template` VALUES ('49667', '55386', '0.02', '1', '0', '1', '1');
INSERT INTO `creature_loot_template` VALUES ('49667', '55387', '0.03', '1', '0', '1', '1');
INSERT INTO `creature_loot_template` VALUES ('49667', '55394', '0.02', '1', '0', '1', '1');
INSERT INTO `creature_loot_template` VALUES ('49667', '55395', '0.01', '1', '0', '1', '1');
INSERT INTO `creature_loot_template` VALUES ('49667', '55396', '0.02', '1', '0', '1', '1');
INSERT INTO `creature_loot_template` VALUES ('49667', '55403', '0.06', '1', '0', '1', '1');
INSERT INTO `creature_loot_template` VALUES ('49667', '55404', '0.06', '1', '0', '1', '1');
INSERT INTO `creature_loot_template` VALUES ('49667', '55405', '0.06', '1', '0', '1', '1');
INSERT INTO `creature_loot_template` VALUES ('49667', '55412', '0.01', '1', '0', '1', '1');
INSERT INTO `creature_loot_template` VALUES ('49667', '55413', '0.02', '1', '0', '1', '1');
INSERT INTO `creature_loot_template` VALUES ('49667', '55414', '0.02', '1', '0', '1', '1');
INSERT INTO `creature_loot_template` VALUES ('49667', '55421', '0.12', '1', '0', '1', '1');
INSERT INTO `creature_loot_template` VALUES ('49667', '55422', '0.13', '1', '0', '1', '1');
INSERT INTO `creature_loot_template` VALUES ('49667', '55423', '0.12', '1', '0', '1', '1');
INSERT INTO `creature_loot_template` VALUES ('49667', '55430', '0.02', '1', '0', '1', '1');
INSERT INTO `creature_loot_template` VALUES ('49667', '55431', '0.03', '1', '0', '1', '1');
INSERT INTO `creature_loot_template` VALUES ('49667', '55432', '0.02', '1', '0', '1', '1');
INSERT INTO `creature_loot_template` VALUES ('49667', '55439', '0.09', '1', '0', '1', '1');
INSERT INTO `creature_loot_template` VALUES ('49667', '55440', '0.09', '1', '0', '1', '1');
INSERT INTO `creature_loot_template` VALUES ('49667', '55441', '0.09', '1', '0', '1', '1');
INSERT INTO `creature_loot_template` VALUES ('49667', '55448', '0.01', '1', '0', '1', '1');
INSERT INTO `creature_loot_template` VALUES ('49667', '55449', '0.02', '1', '0', '1', '1');
INSERT INTO `creature_loot_template` VALUES ('49667', '55450', '0.01', '1', '0', '1', '1');
INSERT INTO `creature_loot_template` VALUES ('49667', '55457', '0.03', '1', '0', '1', '1');
INSERT INTO `creature_loot_template` VALUES ('49667', '55458', '0.03', '1', '0', '1', '1');
INSERT INTO `creature_loot_template` VALUES ('49667', '55459', '0.02', '1', '0', '1', '1');
INSERT INTO `creature_loot_template` VALUES ('49667', '55466', '0.01', '1', '0', '1', '1');
INSERT INTO `creature_loot_template` VALUES ('49667', '55467', '0.01', '1', '0', '1', '1');
INSERT INTO `creature_loot_template` VALUES ('49667', '55468', '0.02', '1', '0', '1', '1');
INSERT INTO `creature_loot_template` VALUES ('49667', '55484', '0.06', '1', '0', '1', '1');
INSERT INTO `creature_loot_template` VALUES ('49667', '55485', '0.06', '1', '0', '1', '1');
INSERT INTO `creature_loot_template` VALUES ('49667', '55486', '0.06', '1', '0', '1', '1');
INSERT INTO `creature_loot_template` VALUES ('49667', '55493', '0.04', '1', '0', '1', '1');
INSERT INTO `creature_loot_template` VALUES ('49667', '55494', '0.04', '1', '0', '1', '1');
INSERT INTO `creature_loot_template` VALUES ('49667', '55495', '0.04', '1', '0', '1', '1');
INSERT INTO `creature_loot_template` VALUES ('49667', '55502', '0.04', '1', '0', '1', '1');
INSERT INTO `creature_loot_template` VALUES ('49667', '55503', '0.05', '1', '0', '1', '1');
INSERT INTO `creature_loot_template` VALUES ('49667', '55504', '0.03', '1', '0', '1', '1');
INSERT INTO `creature_loot_template` VALUES ('49667', '55511', '0.05', '1', '0', '1', '1');
INSERT INTO `creature_loot_template` VALUES ('49667', '55512', '0.04', '1', '0', '1', '1');
INSERT INTO `creature_loot_template` VALUES ('49667', '55513', '0.04', '1', '0', '1', '1');
INSERT INTO `creature_loot_template` VALUES ('49667', '55520', '0.04', '1', '0', '1', '1');
INSERT INTO `creature_loot_template` VALUES ('49667', '55521', '0.04', '1', '0', '1', '1');
INSERT INTO `creature_loot_template` VALUES ('49667', '55522', '0.04', '1', '0', '1', '1');
INSERT INTO `creature_loot_template` VALUES ('49667', '55529', '0.05', '1', '0', '1', '1');
INSERT INTO `creature_loot_template` VALUES ('49667', '55530', '0.05', '1', '0', '1', '1');
INSERT INTO `creature_loot_template` VALUES ('49667', '55531', '0.05', '1', '0', '1', '1');
INSERT INTO `creature_loot_template` VALUES ('49667', '55538', '0.05', '1', '0', '1', '1');
INSERT INTO `creature_loot_template` VALUES ('49667', '55539', '0.05', '1', '0', '1', '1');
INSERT INTO `creature_loot_template` VALUES ('49667', '55540', '0.04', '1', '0', '1', '1');
INSERT INTO `creature_loot_template` VALUES ('49667', '55547', '0.05', '1', '0', '1', '1');
INSERT INTO `creature_loot_template` VALUES ('49667', '55548', '0.04', '1', '0', '1', '1');
INSERT INTO `creature_loot_template` VALUES ('49667', '55549', '0.04', '1', '0', '1', '1');
INSERT INTO `creature_loot_template` VALUES ('49667', '55556', '0.04', '1', '0', '1', '1');
INSERT INTO `creature_loot_template` VALUES ('49667', '55557', '0.04', '1', '0', '1', '1');
INSERT INTO `creature_loot_template` VALUES ('49667', '55558', '0.04', '1', '0', '1', '1');
INSERT INTO `creature_loot_template` VALUES ('49667', '55565', '0.04', '1', '0', '1', '1');
INSERT INTO `creature_loot_template` VALUES ('49667', '55566', '0.05', '1', '0', '1', '1');
INSERT INTO `creature_loot_template` VALUES ('49667', '55567', '0.03', '1', '0', '1', '1');
INSERT INTO `creature_loot_template` VALUES ('49667', '55574', '0.04', '1', '0', '1', '1');
INSERT INTO `creature_loot_template` VALUES ('49667', '55575', '0.04', '1', '0', '1', '1');
INSERT INTO `creature_loot_template` VALUES ('49667', '55576', '0.04', '1', '0', '1', '1');
INSERT INTO `creature_loot_template` VALUES ('49667', '55583', '0.04', '1', '0', '1', '1');
INSERT INTO `creature_loot_template` VALUES ('49667', '55584', '0.04', '1', '0', '1', '1');
INSERT INTO `creature_loot_template` VALUES ('49667', '55585', '0.04', '1', '0', '1', '1');
INSERT INTO `creature_loot_template` VALUES ('49667', '55592', '0.05', '1', '0', '1', '1');
INSERT INTO `creature_loot_template` VALUES ('49667', '55593', '0.05', '1', '0', '1', '1');
INSERT INTO `creature_loot_template` VALUES ('49667', '55594', '0.04', '1', '0', '1', '1');
INSERT INTO `creature_loot_template` VALUES ('49667', '55601', '0.05', '1', '0', '1', '1');
INSERT INTO `creature_loot_template` VALUES ('49667', '55602', '0.05', '1', '0', '1', '1');
INSERT INTO `creature_loot_template` VALUES ('49667', '55603', '0.04', '1', '0', '1', '1');
INSERT INTO `creature_loot_template` VALUES ('49667', '55610', '0.04', '1', '0', '1', '1');
INSERT INTO `creature_loot_template` VALUES ('49667', '55611', '0.05', '1', '0', '1', '1');
INSERT INTO `creature_loot_template` VALUES ('49667', '55612', '0.04', '1', '0', '1', '1');
INSERT INTO `creature_loot_template` VALUES ('49667', '55619', '0.04', '1', '0', '1', '1');
INSERT INTO `creature_loot_template` VALUES ('49667', '55620', '0.05', '1', '0', '1', '1');
INSERT INTO `creature_loot_template` VALUES ('49667', '55621', '0.04', '1', '0', '1', '1');
INSERT INTO `creature_loot_template` VALUES ('49667', '55628', '0.04', '1', '0', '1', '1');
INSERT INTO `creature_loot_template` VALUES ('49667', '55629', '0.04', '1', '0', '1', '1');
INSERT INTO `creature_loot_template` VALUES ('49667', '55630', '0.04', '1', '0', '1', '1');
INSERT INTO `creature_loot_template` VALUES ('49667', '55637', '0.04', '1', '0', '1', '1');
INSERT INTO `creature_loot_template` VALUES ('49667', '55638', '0.04', '1', '0', '1', '1');
INSERT INTO `creature_loot_template` VALUES ('49667', '55639', '0.04', '1', '0', '1', '1');
INSERT INTO `creature_loot_template` VALUES ('49667', '55646', '0.04', '1', '0', '1', '1');
INSERT INTO `creature_loot_template` VALUES ('49667', '55647', '0.03', '1', '0', '1', '1');
INSERT INTO `creature_loot_template` VALUES ('49667', '55648', '0.04', '1', '0', '1', '1');
INSERT INTO `creature_loot_template` VALUES ('49667', '55655', '0.04', '1', '0', '1', '1');
INSERT INTO `creature_loot_template` VALUES ('49667', '55656', '0.04', '1', '0', '1', '1');
INSERT INTO `creature_loot_template` VALUES ('49667', '55657', '0.03', '1', '0', '1', '1');
INSERT INTO `creature_loot_template` VALUES ('49667', '55664', '0.04', '1', '0', '1', '1');
INSERT INTO `creature_loot_template` VALUES ('49667', '55665', '0.05', '1', '0', '1', '1');
INSERT INTO `creature_loot_template` VALUES ('49667', '55666', '0.04', '1', '0', '1', '1');
INSERT INTO `creature_loot_template` VALUES ('49667', '55673', '0.05', '1', '0', '1', '1');
INSERT INTO `creature_loot_template` VALUES ('49667', '55674', '0.05', '1', '0', '1', '1');
INSERT INTO `creature_loot_template` VALUES ('49667', '55675', '0.04', '1', '0', '1', '1');
INSERT INTO `creature_loot_template` VALUES ('49667', '55682', '0.04', '1', '0', '1', '1');
INSERT INTO `creature_loot_template` VALUES ('49667', '55683', '0.05', '1', '0', '1', '1');
INSERT INTO `creature_loot_template` VALUES ('49667', '55684', '0.04', '1', '0', '1', '1');
INSERT INTO `creature_loot_template` VALUES ('49667', '55691', '0.04', '1', '0', '1', '1');
INSERT INTO `creature_loot_template` VALUES ('49667', '55692', '0.05', '1', '0', '1', '1');
INSERT INTO `creature_loot_template` VALUES ('49667', '55693', '0.04', '1', '0', '1', '1');
INSERT INTO `creature_loot_template` VALUES ('49667', '55700', '0.04', '1', '0', '1', '1');
INSERT INTO `creature_loot_template` VALUES ('49667', '55701', '0.04', '1', '0', '1', '1');
INSERT INTO `creature_loot_template` VALUES ('49667', '55702', '0.04', '1', '0', '1', '1');
INSERT INTO `creature_loot_template` VALUES ('49667', '55709', '0.05', '1', '0', '1', '1');
INSERT INTO `creature_loot_template` VALUES ('49667', '55710', '0.05', '1', '0', '1', '1');
INSERT INTO `creature_loot_template` VALUES ('49667', '55711', '0.05', '1', '0', '1', '1');
INSERT INTO `creature_loot_template` VALUES ('49667', '55718', '0.05', '1', '0', '1', '1');
INSERT INTO `creature_loot_template` VALUES ('49667', '55719', '0.05', '1', '0', '1', '1');
INSERT INTO `creature_loot_template` VALUES ('49667', '55720', '0.05', '1', '0', '1', '1');
INSERT INTO `creature_loot_template` VALUES ('49667', '55727', '0.06', '1', '0', '1', '1');
INSERT INTO `creature_loot_template` VALUES ('49667', '55728', '0.06', '1', '0', '1', '1');
INSERT INTO `creature_loot_template` VALUES ('49667', '55729', '0.06', '1', '0', '1', '1');
INSERT INTO `creature_loot_template` VALUES ('49667', '55736', '0.06', '1', '0', '1', '1');
INSERT INTO `creature_loot_template` VALUES ('49667', '55737', '0.06', '1', '0', '1', '1');
INSERT INTO `creature_loot_template` VALUES ('49667', '55738', '0.06', '1', '0', '1', '1');
INSERT INTO `creature_loot_template` VALUES ('49667', '55745', '0.06', '1', '0', '1', '1');
INSERT INTO `creature_loot_template` VALUES ('49667', '55746', '0.06', '1', '0', '1', '1');
INSERT INTO `creature_loot_template` VALUES ('49667', '55747', '0.06', '1', '0', '1', '1');
INSERT INTO `creature_loot_template` VALUES ('49667', '55754', '0.06', '1', '0', '1', '1');
INSERT INTO `creature_loot_template` VALUES ('49667', '55755', '0.06', '1', '0', '1', '1');
INSERT INTO `creature_loot_template` VALUES ('49667', '55756', '0.06', '1', '0', '1', '1');
INSERT INTO `creature_loot_template` VALUES ('49667', '55763', '0.06', '1', '0', '1', '1');
INSERT INTO `creature_loot_template` VALUES ('49667', '55764', '0.06', '1', '0', '1', '1');
INSERT INTO `creature_loot_template` VALUES ('49667', '55765', '0.06', '1', '0', '1', '1');
INSERT INTO `creature_loot_template` VALUES ('49667', '55772', '0.05', '1', '0', '1', '1');
INSERT INTO `creature_loot_template` VALUES ('49667', '55773', '0.06', '1', '0', '1', '1');
INSERT INTO `creature_loot_template` VALUES ('49667', '55774', '0.06', '1', '0', '1', '1');
INSERT INTO `creature_loot_template` VALUES ('49667', '62105', '0.05', '1', '0', '1', '1');
INSERT INTO `creature_loot_template` VALUES ('49667', '62106', '0.05', '1', '0', '1', '1');
INSERT INTO `creature_loot_template` VALUES ('49667', '62107', '0.05', '1', '0', '1', '1');
INSERT INTO `creature_loot_template` VALUES ('49667', '62108', '0.05', '1', '0', '1', '1');
INSERT INTO `creature_loot_template` VALUES ('49667', '62109', '0.05', '1', '0', '1', '1');
INSERT INTO `creature_loot_template` VALUES ('49667', '62110', '0.06', '1', '0', '1', '1');
INSERT INTO `creature_loot_template` VALUES ('49667', '62111', '0.07', '1', '0', '1', '1');
INSERT INTO `creature_loot_template` VALUES ('49667', '62112', '0.06', '1', '0', '1', '1');
INSERT INTO `creature_loot_template` VALUES ('49667', '62113', '0.05', '1', '0', '1', '1');
INSERT INTO `creature_loot_template` VALUES ('49667', '62114', '0.06', '1', '0', '1', '1');
INSERT INTO `creature_loot_template` VALUES ('49667', '62115', '0.06', '1', '0', '1', '1');
INSERT INTO `creature_loot_template` VALUES ('49667', '62116', '0.05', '1', '0', '1', '1');
INSERT INTO `creature_loot_template` VALUES ('49667', '62117', '0.05', '1', '0', '1', '1');
INSERT INTO `creature_loot_template` VALUES ('49667', '62118', '0.05', '1', '0', '1', '1');
INSERT INTO `creature_loot_template` VALUES ('49667', '62119', '0.05', '1', '0', '1', '1');
INSERT INTO `creature_loot_template` VALUES ('49667', '62120', '0.04', '1', '0', '1', '1');
INSERT INTO `creature_loot_template` VALUES ('49667', '62121', '0.06', '1', '0', '1', '1');
INSERT INTO `creature_loot_template` VALUES ('49667', '62122', '0.06', '1', '0', '1', '1');
INSERT INTO `creature_loot_template` VALUES ('49667', '62123', '0.06', '1', '0', '1', '1');
INSERT INTO `creature_loot_template` VALUES ('49667', '62124', '0.06', '1', '0', '1', '1');
INSERT INTO `creature_loot_template` VALUES ('49667', '62125', '0.05', '1', '0', '1', '1');
INSERT INTO `creature_loot_template` VALUES ('49667', '62126', '0.05', '1', '0', '1', '1');
INSERT INTO `creature_loot_template` VALUES ('49667', '62127', '0.05', '1', '0', '1', '1');
INSERT INTO `creature_loot_template` VALUES ('49667', '62128', '0.05', '1', '0', '1', '1');
INSERT INTO `creature_loot_template` VALUES ('49667', '62129', '0.05', '1', '0', '1', '1');
INSERT INTO `creature_loot_template` VALUES ('49667', '62130', '0.05', '1', '0', '1', '1');
INSERT INTO `creature_loot_template` VALUES ('49667', '62131', '0.05', '1', '0', '1', '1');
INSERT INTO `creature_loot_template` VALUES ('49667', '62132', '0.05', '1', '0', '1', '1');
INSERT INTO `creature_loot_template` VALUES ('49667', '62133', '0.05', '1', '0', '1', '1');
INSERT INTO `creature_loot_template` VALUES ('49667', '62134', '0.05', '1', '0', '1', '1');
INSERT INTO `creature_loot_template` VALUES ('49667', '62135', '0.05', '1', '0', '1', '1');
INSERT INTO `creature_loot_template` VALUES ('49667', '62136', '0.05', '1', '0', '1', '1');
INSERT INTO `creature_loot_template` VALUES ('49667', '66931', '1', '1', '0', '1', '1');
INSERT INTO `creature_loot_template` VALUES ('49667', '66932', '1', '1', '0', '1', '1');
INSERT INTO `creature_loot_template` VALUES ('49667', '66940', '1', '1', '0', '1', '1');
INSERT INTO `creature_loot_template` VALUES ('49667', '66941', '1', '1', '0', '1', '1');
INSERT INTO `creature_loot_template` VALUES ('49667', '66942', '1', '1', '0', '1', '1');
INSERT INTO `creature_loot_template` VALUES ('49667', '66968', '1', '1', '0', '1', '1');
INSERT INTO `creature_loot_template` VALUES ('49667', '66969', '1', '1', '0', '1', '1');
INSERT INTO `creature_loot_template` VALUES ('49667', '66970', '1', '1', '0', '1', '1');
INSERT INTO `creature_loot_template` VALUES ('49667', '66971', '1', '1', '0', '1', '1');
INSERT INTO `creature_loot_template` VALUES ('49667', '66972', '1', '1', '0', '1', '1');
INSERT INTO `creature_loot_template` VALUES ('49667', '66973', '1', '1', '0', '1', '1');
INSERT INTO `creature_loot_template` VALUES ('49667', '66974', '1', '1', '0', '1', '1');
INSERT INTO `creature_loot_template` VALUES ('49667', '66975', '1', '1', '0', '1', '1');
INSERT INTO `creature_loot_template` VALUES ('49667', '66976', '1', '1', '0', '1', '1');
INSERT INTO `creature_loot_template` VALUES ('49667', '66989', '1', '1', '0', '1', '1');
INSERT INTO `creature_loot_template` VALUES ('49667', '66990', '1', '1', '0', '1', '1');
INSERT INTO `creature_loot_template` VALUES ('49667', '66991', '1', '1', '0', '1', '1');
INSERT INTO `creature_loot_template` VALUES ('49667', '66992', '1', '1', '0', '1', '1');
INSERT INTO `creature_loot_template` VALUES ('49667', '66993', '0.01', '1', '0', '1', '1');
INSERT INTO `creature_loot_template` VALUES ('49667', '66994', '0.1', '1', '0', '1', '1');
INSERT INTO `creature_loot_template` VALUES ('49667', '67057', '0.1', '1', '0', '1', '1');
INSERT INTO `creature_loot_template` VALUES ('49667', '67061', '1', '1', '0', '1', '1');
INSERT INTO `creature_loot_template` VALUES ('49667', '67067', '0.01', '1', '0', '1', '1');
INSERT INTO `creature_loot_template` VALUES ('49667', '67069', '0.1', '1', '0', '1', '1');
INSERT INTO `creature_loot_template` VALUES ('49667', '67071', '0.1', '1', '0', '1', '1');
INSERT INTO `creature_loot_template` VALUES ('49667', '67119', '0.1', '1', '0', '1', '1');
INSERT INTO `creature_loot_template` VALUES ('49667', '67120', '0.1', '1', '0', '1', '1');
INSERT INTO `creature_loot_template` VALUES ('49667', '67121', '0.1', '1', '0', '1', '1');
INSERT INTO `creature_loot_template` VALUES ('49667', '67122', '0.1', '1', '0', '1', '1');
INSERT INTO `creature_loot_template` VALUES ('49667', '67123', '0.1', '1', '0', '1', '1');
INSERT INTO `creature_loot_template` VALUES ('49667', '67124', '0.1', '1', '0', '1', '1');
INSERT INTO `creature_loot_template` VALUES ('49667', '67125', '0.1', '1', '0', '1', '1');
INSERT INTO `creature_loot_template` VALUES ('49667', '67126', '0.1', '1', '0', '1', '1');
INSERT INTO `creature_loot_template` VALUES ('49667', '67127', '0.1', '1', '0', '1', '1');
INSERT INTO `creature_loot_template` VALUES ('49667', '67131', '0.1', '1', '0', '1', '1');
INSERT INTO `creature_loot_template` VALUES ('49667', '67133', '0.1', '1', '0', '1', '1');
INSERT INTO `creature_loot_template` VALUES ('49667', '67138', '0.1', '1', '0', '1', '1');
INSERT INTO `creature_loot_template` VALUES ('49667', '67139', '0.1', '1', '0', '1', '1');
INSERT INTO `creature_loot_template` VALUES ('49667', '67140', '0.1', '1', '0', '1', '1');
INSERT INTO `creature_loot_template` VALUES ('49667', '67141', '0.1', '1', '0', '1', '1');
INSERT INTO `creature_loot_template` VALUES ('49667', '67142', '0.1', '1', '0', '1', '1');
INSERT INTO `creature_loot_template` VALUES ('49667', '67144', '0.1', '1', '0', '1', '1');
INSERT INTO `creature_loot_template` VALUES ('49667', '67145', '0.1', '1', '0', '1', '1');
INSERT INTO `creature_loot_template` VALUES ('49667', '67147', '0.1', '1', '0', '1', '1');
INSERT INTO `creature_loot_template` VALUES ('49667', '67149', '0.1', '1', '0', '1', '1');
INSERT INTO `creature_loot_template` VALUES ('49667', '68729', '0.36', '1', '0', '1', '1');
UPDATE `creature_template` SET lootid='49667' WHERE entry='49667';

-- http://www.wowhead.com/npc=42789 and heroic 49664
DELETE FROM `creature_template` WHERE `entry`=42789;
INSERT INTO `creature_template` ( `entry`, `difficulty_entry_1`, `difficulty_entry_2`, `difficulty_entry_3`, `KillCredit1`, `KillCredit2`, `modelid1`, `modelid2`, `modelid3`, `modelid4`, `name`, `subname`, `IconName`, `gossip_menu_id`, `minlevel`, `maxlevel`, `exp`, `faction_A`, `faction_H`, `npcflag`, `speed_walk`, `speed_run`, `scale`, `rank`, `mindmg`, `maxdmg`, `dmgschool`, `attackpower`, `dmg_multiplier`, `baseattacktime`, `rangeattacktime`, `unit_class`, `unit_flags`, `dynamicflags`, `family`, `trainer_type`, `trainer_spell`, `trainer_class`, `trainer_race`, `minrangedmg`, `maxrangedmg`, `rangedattackpower`, `type`, `type_flags`, `lootid`, `pickpocketloot`, `skinloot`, `resistance1`, `resistance2`, `resistance3`, `resistance4`, `resistance5`, `resistance6`, `spell1`, `spell2`, `spell3`, `spell4`, `spell5`, `spell6`, `spell7`, `spell8`, `PetSpellDataId`, `VehicleId`, `mingold`, `maxgold`, `AIName`, `MovementType`, `InhabitType`, `Health_mod`, `Mana_mod`, `Armor_mod`, `RacialLeader`, `questItem1`, `questItem2`, `questItem3`, `questItem4`, `questItem5`, `questItem6`, `movementId`, `RegenHealth`, `equipment_id`, `mechanic_immune_mask`, `flags_extra`, `ScriptName`, `WDBVerified`) VALUES ( 42789, 0, 0, 0, 0, 0, 1070, 0, 0, 0, "Stonecore Magmalord", "", "", 0, 82, 85, 3, 16, 16, 0, 1.2, 1.4, 1.0, 1, 612, 706, 0, 1013, 9.5, 2000, 2000, 2, 64, 0, 0, 0, 0, 0, 0, 612, 706, 1013, 4, 12, 42789, 42789, 0, 0, 0, 0, 0, 0, 0, 0, 0, 0, 0, 0, 0, 0, 0, 0, 0, 12167, 12167, "", 0, 1, 2.4869, 5.6695, 1.0, 0, 52506, 0, 0, 0, 0, 0, 0, 1, 0, 613097436, 0, "npc_stonecore_magmalord", "13623");
DELETE FROM `creature_template` WHERE `entry`=49664;
INSERT INTO `creature_template` ( `entry`, `difficulty_entry_1`, `difficulty_entry_2`, `difficulty_entry_3`, `KillCredit1`, `KillCredit2`, `modelid1`, `modelid2`, `modelid3`, `modelid4`, `name`, `subname`, `IconName`, `gossip_menu_id`, `minlevel`, `maxlevel`, `exp`, `faction_A`, `faction_H`, `npcflag`, `speed_walk`, `speed_run`, `scale`, `rank`, `mindmg`, `maxdmg`, `dmgschool`, `attackpower`, `dmg_multiplier`, `baseattacktime`, `rangeattacktime`, `unit_class`, `unit_flags`, `dynamicflags`, `family`, `trainer_type`, `trainer_spell`, `trainer_class`, `trainer_race`, `minrangedmg`, `maxrangedmg`, `rangedattackpower`, `type`, `type_flags`, `lootid`, `pickpocketloot`, `skinloot`, `resistance1`, `resistance2`, `resistance3`, `resistance4`, `resistance5`, `resistance6`, `spell1`, `spell2`, `spell3`, `spell4`, `spell5`, `spell6`, `spell7`, `spell8`, `PetSpellDataId`, `VehicleId`, `mingold`, `maxgold`, `AIName`, `MovementType`, `InhabitType`, `Health_mod`, `Mana_mod`, `Armor_mod`, `RacialLeader`, `questItem1`, `questItem2`, `questItem3`, `questItem4`, `questItem5`, `questItem6`, `movementId`, `RegenHealth`, `equipment_id`, `mechanic_immune_mask`, `flags_extra`, `ScriptName`, `WDBVerified`) VALUES ( 49664, 0, 0, 0, 0, 0, 1070, 0, 0, 0, "Stonecore Magmalord (H)", "", "", 0, 82, 85, 3, 16, 16, 0, 1.0, 1.14286, 1.0, 1, 681, 789, 0, 1224, 10.5, 2000, 2000, 2, 0, 0, 0, 0, 0, 0, 0, 681, 789, 1224, 4, 12, 49664, 49664, 0, 0, 0, 0, 0, 0, 0, 0, 0, 0, 0, 0, 0, 0, 0, 0, 0, 11067, 11567, "", 0, 1, 5.0, 6.0571, 1.0, 0, 52506, 0, 0, 0, 0, 0, 0, 1, 0, 0, 0, "npc_stonecore_magmalord", "13623");
DELETE FROM `pickpocketing_loot_template` WHERE entry='42789';
INSERT INTO `pickpocketing_loot_template` VALUES ('42789', '63317', '78', '1', '0', '1', '1');
UPDATE `creature_template` SET pickpocketloot='42789' WHERE entry='42789';
DELETE FROM `pickpocketing_loot_template` WHERE entry='49664';
INSERT INTO `pickpocketing_loot_template` VALUES ('49664', '63317', '78', '1', '0', '1', '1');
UPDATE `creature_template` SET pickpocketloot='49664' WHERE entry='49664';
DELETE FROM `creature_loot_template` WHERE entry='49664';
INSERT INTO `creature_loot_template` VALUES ('49664', '52325', '13.2', '1', '0', '2', '6');
INSERT INTO `creature_loot_template` VALUES ('49664', '52388', '0.1', '1', '0', '1', '1');
INSERT INTO `creature_loot_template` VALUES ('49664', '52506', '3.87', '1', '0', '1', '1');
INSERT INTO `creature_loot_template` VALUES ('49664', '55822', '0.56', '1', '0', '1', '1');
INSERT INTO `creature_loot_template` VALUES ('49664', '55823', '0.55', '1', '0', '1', '1');
INSERT INTO `creature_loot_template` VALUES ('49664', '55824', '0.69', '1', '0', '1', '1');
INSERT INTO `creature_loot_template` VALUES ('49664', '62063', '0.28', '1', '0', '1', '1');
INSERT INTO `creature_loot_template` VALUES ('49664', '62064', '0.21', '1', '0', '1', '1');
INSERT INTO `creature_loot_template` VALUES ('49664', '62065', '0.23', '1', '0', '1', '1');
INSERT INTO `creature_loot_template` VALUES ('49664', '62066', '0.26', '1', '0', '1', '1');
INSERT INTO `creature_loot_template` VALUES ('49664', '62067', '0.26', '1', '0', '1', '1');
INSERT INTO `creature_loot_template` VALUES ('49664', '62068', '0.27', '1', '0', '1', '1');
INSERT INTO `creature_loot_template` VALUES ('49664', '62069', '0.3', '1', '0', '1', '1');
INSERT INTO `creature_loot_template` VALUES ('49664', '62070', '0.3', '1', '0', '1', '1');
INSERT INTO `creature_loot_template` VALUES ('49664', '62071', '0.24', '1', '0', '1', '1');
INSERT INTO `creature_loot_template` VALUES ('49664', '62072', '0.24', '1', '0', '1', '1');
INSERT INTO `creature_loot_template` VALUES ('49664', '62073', '0.1', '1', '0', '1', '1');
INSERT INTO `creature_loot_template` VALUES ('49664', '62074', '0.11', '1', '0', '1', '1');
INSERT INTO `creature_loot_template` VALUES ('49664', '62075', '0.1', '1', '0', '1', '1');
INSERT INTO `creature_loot_template` VALUES ('49664', '62076', '0.13', '1', '0', '1', '1');
INSERT INTO `creature_loot_template` VALUES ('49664', '62077', '0.11', '1', '0', '1', '1');
INSERT INTO `creature_loot_template` VALUES ('49664', '62078', '0.12', '1', '0', '1', '1');
INSERT INTO `creature_loot_template` VALUES ('49664', '62079', '0.12', '1', '0', '1', '1');
INSERT INTO `creature_loot_template` VALUES ('49664', '62080', '0.08', '1', '0', '1', '1');
INSERT INTO `creature_loot_template` VALUES ('49664', '62081', '0.12', '1', '0', '1', '1');
INSERT INTO `creature_loot_template` VALUES ('49664', '62082', '0.12', '1', '0', '1', '1');
INSERT INTO `creature_loot_template` VALUES ('49664', '62083', '0.12', '1', '0', '1', '1');
INSERT INTO `creature_loot_template` VALUES ('49664', '62084', '0.11', '1', '0', '1', '1');
INSERT INTO `creature_loot_template` VALUES ('49664', '62085', '0.1', '1', '0', '1', '1');
INSERT INTO `creature_loot_template` VALUES ('49664', '62086', '0.15', '1', '0', '1', '1');
INSERT INTO `creature_loot_template` VALUES ('49664', '62087', '0.11', '1', '0', '1', '1');
INSERT INTO `creature_loot_template` VALUES ('49664', '62088', '0.1', '1', '0', '1', '1');
INSERT INTO `creature_loot_template` VALUES ('49664', '62089', '0.12', '1', '0', '1', '1');
INSERT INTO `creature_loot_template` VALUES ('49664', '62090', '0.1', '1', '0', '1', '1');
INSERT INTO `creature_loot_template` VALUES ('49664', '62091', '0.11', '1', '0', '1', '1');
INSERT INTO `creature_loot_template` VALUES ('49664', '62092', '0.13', '1', '0', '1', '1');
INSERT INTO `creature_loot_template` VALUES ('49664', '62093', '0.11', '1', '0', '1', '1');
INSERT INTO `creature_loot_template` VALUES ('49664', '62094', '0.11', '1', '0', '1', '1');
INSERT INTO `creature_loot_template` VALUES ('49664', '62095', '0.1', '1', '0', '1', '1');
INSERT INTO `creature_loot_template` VALUES ('49664', '62096', '0.13', '1', '0', '1', '1');
INSERT INTO `creature_loot_template` VALUES ('49664', '62097', '0.12', '1', '0', '1', '1');
INSERT INTO `creature_loot_template` VALUES ('49664', '62098', '0.12', '1', '0', '1', '1');
INSERT INTO `creature_loot_template` VALUES ('49664', '62099', '0.11', '1', '0', '1', '1');
INSERT INTO `creature_loot_template` VALUES ('49664', '62100', '0.11', '1', '0', '1', '1');
INSERT INTO `creature_loot_template` VALUES ('49664', '62101', '0.09', '1', '0', '1', '1');
INSERT INTO `creature_loot_template` VALUES ('49664', '62102', '0.08', '1', '0', '1', '1');
INSERT INTO `creature_loot_template` VALUES ('49664', '62103', '0.09', '1', '0', '1', '1');
INSERT INTO `creature_loot_template` VALUES ('49664', '62104', '0.13', '1', '0', '1', '1');
INSERT INTO `creature_loot_template` VALUES ('49664', '67539', '0.04', '1', '0', '1', '1');
INSERT INTO `creature_loot_template` VALUES ('49664', '55286', '0.03', '1', '0', '1', '1');
INSERT INTO `creature_loot_template` VALUES ('49664', '55287', '0.05', '1', '0', '1', '1');
INSERT INTO `creature_loot_template` VALUES ('49664', '55288', '0.03', '1', '0', '1', '1');
INSERT INTO `creature_loot_template` VALUES ('49664', '55295', '0.02', '1', '0', '1', '1');
INSERT INTO `creature_loot_template` VALUES ('49664', '55296', '0.03', '1', '0', '1', '1');
INSERT INTO `creature_loot_template` VALUES ('49664', '55297', '0.03', '1', '0', '1', '1');
INSERT INTO `creature_loot_template` VALUES ('49664', '55304', '1', '1', '0', '1', '1');
INSERT INTO `creature_loot_template` VALUES ('49664', '55305', '1', '1', '0', '1', '1');
INSERT INTO `creature_loot_template` VALUES ('49664', '55306', '0.01', '1', '0', '1', '1');
INSERT INTO `creature_loot_template` VALUES ('49664', '55313', '0.04', '1', '0', '1', '1');
INSERT INTO `creature_loot_template` VALUES ('49664', '55314', '0.04', '1', '0', '1', '1');
INSERT INTO `creature_loot_template` VALUES ('49664', '55315', '0.04', '1', '0', '1', '1');
INSERT INTO `creature_loot_template` VALUES ('49664', '55322', '0.01', '1', '0', '1', '1');
INSERT INTO `creature_loot_template` VALUES ('49664', '55323', '0.02', '1', '0', '1', '1');
INSERT INTO `creature_loot_template` VALUES ('49664', '55324', '0.01', '1', '0', '1', '1');
INSERT INTO `creature_loot_template` VALUES ('49664', '55331', '0.04', '1', '0', '1', '1');
INSERT INTO `creature_loot_template` VALUES ('49664', '55332', '0.04', '1', '0', '1', '1');
INSERT INTO `creature_loot_template` VALUES ('49664', '55333', '0.03', '1', '0', '1', '1');
INSERT INTO `creature_loot_template` VALUES ('49664', '55340', '0.02', '1', '0', '1', '1');
INSERT INTO `creature_loot_template` VALUES ('49664', '55341', '0.03', '1', '0', '1', '1');
INSERT INTO `creature_loot_template` VALUES ('49664', '55342', '0.02', '1', '0', '1', '1');
INSERT INTO `creature_loot_template` VALUES ('49664', '55349', '0.03', '1', '0', '1', '1');
INSERT INTO `creature_loot_template` VALUES ('49664', '55350', '0.03', '1', '0', '1', '1');
INSERT INTO `creature_loot_template` VALUES ('49664', '55351', '0.03', '1', '0', '1', '1');
INSERT INTO `creature_loot_template` VALUES ('49664', '55358', '0.01', '1', '0', '1', '1');
INSERT INTO `creature_loot_template` VALUES ('49664', '55359', '1', '1', '0', '1', '1');
INSERT INTO `creature_loot_template` VALUES ('49664', '55360', '0.01', '1', '0', '1', '1');
INSERT INTO `creature_loot_template` VALUES ('49664', '55367', '0.06', '1', '0', '1', '1');
INSERT INTO `creature_loot_template` VALUES ('49664', '55368', '0.07', '1', '0', '1', '1');
INSERT INTO `creature_loot_template` VALUES ('49664', '55369', '0.06', '1', '0', '1', '1');
INSERT INTO `creature_loot_template` VALUES ('49664', '55376', '0.03', '1', '0', '1', '1');
INSERT INTO `creature_loot_template` VALUES ('49664', '55377', '0.03', '1', '0', '1', '1');
INSERT INTO `creature_loot_template` VALUES ('49664', '55378', '0.04', '1', '0', '1', '1');
INSERT INTO `creature_loot_template` VALUES ('49664', '55385', '0.03', '1', '0', '1', '1');
INSERT INTO `creature_loot_template` VALUES ('49664', '55386', '0.03', '1', '0', '1', '1');
INSERT INTO `creature_loot_template` VALUES ('49664', '55387', '0.04', '1', '0', '1', '1');
INSERT INTO `creature_loot_template` VALUES ('49664', '55394', '0.02', '1', '0', '1', '1');
INSERT INTO `creature_loot_template` VALUES ('49664', '55395', '0.02', '1', '0', '1', '1');
INSERT INTO `creature_loot_template` VALUES ('49664', '55396', '0.03', '1', '0', '1', '1');
INSERT INTO `creature_loot_template` VALUES ('49664', '55403', '0.07', '1', '0', '1', '1');
INSERT INTO `creature_loot_template` VALUES ('49664', '55404', '0.11', '1', '0', '1', '1');
INSERT INTO `creature_loot_template` VALUES ('49664', '55405', '0.07', '1', '0', '1', '1');
INSERT INTO `creature_loot_template` VALUES ('49664', '55412', '0.03', '1', '0', '1', '1');
INSERT INTO `creature_loot_template` VALUES ('49664', '55413', '0.02', '1', '0', '1', '1');
INSERT INTO `creature_loot_template` VALUES ('49664', '55414', '0.02', '1', '0', '1', '1');
INSERT INTO `creature_loot_template` VALUES ('49664', '55421', '0.19', '1', '0', '1', '1');
INSERT INTO `creature_loot_template` VALUES ('49664', '55422', '0.18', '1', '0', '1', '1');
INSERT INTO `creature_loot_template` VALUES ('49664', '55423', '0.17', '1', '0', '1', '1');
INSERT INTO `creature_loot_template` VALUES ('49664', '55430', '0.06', '1', '0', '1', '1');
INSERT INTO `creature_loot_template` VALUES ('49664', '55431', '0.04', '1', '0', '1', '1');
INSERT INTO `creature_loot_template` VALUES ('49664', '55432', '0.05', '1', '0', '1', '1');
INSERT INTO `creature_loot_template` VALUES ('49664', '55439', '0.12', '1', '0', '1', '1');
INSERT INTO `creature_loot_template` VALUES ('49664', '55440', '0.15', '1', '0', '1', '1');
INSERT INTO `creature_loot_template` VALUES ('49664', '55441', '0.14', '1', '0', '1', '1');
INSERT INTO `creature_loot_template` VALUES ('49664', '55448', '0.04', '1', '0', '1', '1');
INSERT INTO `creature_loot_template` VALUES ('49664', '55449', '0.02', '1', '0', '1', '1');
INSERT INTO `creature_loot_template` VALUES ('49664', '55450', '0.03', '1', '0', '1', '1');
INSERT INTO `creature_loot_template` VALUES ('49664', '55457', '0.04', '1', '0', '1', '1');
INSERT INTO `creature_loot_template` VALUES ('49664', '55458', '0.04', '1', '0', '1', '1');
INSERT INTO `creature_loot_template` VALUES ('49664', '55459', '0.03', '1', '0', '1', '1');
INSERT INTO `creature_loot_template` VALUES ('49664', '55466', '0.02', '1', '0', '1', '1');
INSERT INTO `creature_loot_template` VALUES ('49664', '55467', '0.01', '1', '0', '1', '1');
INSERT INTO `creature_loot_template` VALUES ('49664', '55468', '0.02', '1', '0', '1', '1');
INSERT INTO `creature_loot_template` VALUES ('49664', '55484', '0.07', '1', '0', '1', '1');
INSERT INTO `creature_loot_template` VALUES ('49664', '55485', '0.09', '1', '0', '1', '1');
INSERT INTO `creature_loot_template` VALUES ('49664', '55486', '0.07', '1', '0', '1', '1');
INSERT INTO `creature_loot_template` VALUES ('49664', '55493', '0.06', '1', '0', '1', '1');
INSERT INTO `creature_loot_template` VALUES ('49664', '55494', '0.05', '1', '0', '1', '1');
INSERT INTO `creature_loot_template` VALUES ('49664', '55495', '0.05', '1', '0', '1', '1');
INSERT INTO `creature_loot_template` VALUES ('49664', '55502', '0.09', '1', '0', '1', '1');
INSERT INTO `creature_loot_template` VALUES ('49664', '55503', '0.05', '1', '0', '1', '1');
INSERT INTO `creature_loot_template` VALUES ('49664', '55504', '0.05', '1', '0', '1', '1');
INSERT INTO `creature_loot_template` VALUES ('49664', '55511', '0.07', '1', '0', '1', '1');
INSERT INTO `creature_loot_template` VALUES ('49664', '55512', '0.06', '1', '0', '1', '1');
INSERT INTO `creature_loot_template` VALUES ('49664', '55513', '0.05', '1', '0', '1', '1');
INSERT INTO `creature_loot_template` VALUES ('49664', '55520', '0.07', '1', '0', '1', '1');
INSERT INTO `creature_loot_template` VALUES ('49664', '55521', '0.07', '1', '0', '1', '1');
INSERT INTO `creature_loot_template` VALUES ('49664', '55522', '0.08', '1', '0', '1', '1');
INSERT INTO `creature_loot_template` VALUES ('49664', '55529', '0.06', '1', '0', '1', '1');
INSERT INTO `creature_loot_template` VALUES ('49664', '55530', '0.08', '1', '0', '1', '1');
INSERT INTO `creature_loot_template` VALUES ('49664', '55531', '0.08', '1', '0', '1', '1');
INSERT INTO `creature_loot_template` VALUES ('49664', '55538', '0.04', '1', '0', '1', '1');
INSERT INTO `creature_loot_template` VALUES ('49664', '55539', '0.09', '1', '0', '1', '1');
INSERT INTO `creature_loot_template` VALUES ('49664', '55540', '0.06', '1', '0', '1', '1');
INSERT INTO `creature_loot_template` VALUES ('49664', '55547', '0.06', '1', '0', '1', '1');
INSERT INTO `creature_loot_template` VALUES ('49664', '55548', '0.07', '1', '0', '1', '1');
INSERT INTO `creature_loot_template` VALUES ('49664', '55549', '0.05', '1', '0', '1', '1');
INSERT INTO `creature_loot_template` VALUES ('49664', '55556', '0.06', '1', '0', '1', '1');
INSERT INTO `creature_loot_template` VALUES ('49664', '55557', '0.06', '1', '0', '1', '1');
INSERT INTO `creature_loot_template` VALUES ('49664', '55558', '0.07', '1', '0', '1', '1');
INSERT INTO `creature_loot_template` VALUES ('49664', '55565', '0.04', '1', '0', '1', '1');
INSERT INTO `creature_loot_template` VALUES ('49664', '55566', '0.07', '1', '0', '1', '1');
INSERT INTO `creature_loot_template` VALUES ('49664', '55567', '0.05', '1', '0', '1', '1');
INSERT INTO `creature_loot_template` VALUES ('49664', '55574', '0.07', '1', '0', '1', '1');
INSERT INTO `creature_loot_template` VALUES ('49664', '55575', '0.05', '1', '0', '1', '1');
INSERT INTO `creature_loot_template` VALUES ('49664', '55576', '0.06', '1', '0', '1', '1');
INSERT INTO `creature_loot_template` VALUES ('49664', '55583', '0.08', '1', '0', '1', '1');
INSERT INTO `creature_loot_template` VALUES ('49664', '55584', '0.06', '1', '0', '1', '1');
INSERT INTO `creature_loot_template` VALUES ('49664', '55585', '0.05', '1', '0', '1', '1');
INSERT INTO `creature_loot_template` VALUES ('49664', '55592', '0.06', '1', '0', '1', '1');
INSERT INTO `creature_loot_template` VALUES ('49664', '55593', '0.07', '1', '0', '1', '1');
INSERT INTO `creature_loot_template` VALUES ('49664', '55594', '0.07', '1', '0', '1', '1');
INSERT INTO `creature_loot_template` VALUES ('49664', '55601', '0.07', '1', '0', '1', '1');
INSERT INTO `creature_loot_template` VALUES ('49664', '55602', '0.06', '1', '0', '1', '1');
INSERT INTO `creature_loot_template` VALUES ('49664', '55603', '0.07', '1', '0', '1', '1');
INSERT INTO `creature_loot_template` VALUES ('49664', '55610', '0.07', '1', '0', '1', '1');
INSERT INTO `creature_loot_template` VALUES ('49664', '55611', '0.08', '1', '0', '1', '1');
INSERT INTO `creature_loot_template` VALUES ('49664', '55612', '0.05', '1', '0', '1', '1');
INSERT INTO `creature_loot_template` VALUES ('49664', '55619', '0.07', '1', '0', '1', '1');
INSERT INTO `creature_loot_template` VALUES ('49664', '55620', '0.06', '1', '0', '1', '1');
INSERT INTO `creature_loot_template` VALUES ('49664', '55621', '0.06', '1', '0', '1', '1');
INSERT INTO `creature_loot_template` VALUES ('49664', '55628', '0.06', '1', '0', '1', '1');
INSERT INTO `creature_loot_template` VALUES ('49664', '55629', '0.08', '1', '0', '1', '1');
INSERT INTO `creature_loot_template` VALUES ('49664', '55630', '0.05', '1', '0', '1', '1');
INSERT INTO `creature_loot_template` VALUES ('49664', '55637', '0.06', '1', '0', '1', '1');
INSERT INTO `creature_loot_template` VALUES ('49664', '55638', '0.05', '1', '0', '1', '1');
INSERT INTO `creature_loot_template` VALUES ('49664', '55639', '0.06', '1', '0', '1', '1');
INSERT INTO `creature_loot_template` VALUES ('49664', '55646', '0.05', '1', '0', '1', '1');
INSERT INTO `creature_loot_template` VALUES ('49664', '55647', '0.05', '1', '0', '1', '1');
INSERT INTO `creature_loot_template` VALUES ('49664', '55648', '0.06', '1', '0', '1', '1');
INSERT INTO `creature_loot_template` VALUES ('49664', '55655', '0.04', '1', '0', '1', '1');
INSERT INTO `creature_loot_template` VALUES ('49664', '55656', '0.06', '1', '0', '1', '1');
INSERT INTO `creature_loot_template` VALUES ('49664', '55657', '0.06', '1', '0', '1', '1');
INSERT INTO `creature_loot_template` VALUES ('49664', '55664', '0.06', '1', '0', '1', '1');
INSERT INTO `creature_loot_template` VALUES ('49664', '55665', '0.07', '1', '0', '1', '1');
INSERT INTO `creature_loot_template` VALUES ('49664', '55666', '0.06', '1', '0', '1', '1');
INSERT INTO `creature_loot_template` VALUES ('49664', '55673', '0.05', '1', '0', '1', '1');
INSERT INTO `creature_loot_template` VALUES ('49664', '55674', '0.07', '1', '0', '1', '1');
INSERT INTO `creature_loot_template` VALUES ('49664', '55675', '0.05', '1', '0', '1', '1');
INSERT INTO `creature_loot_template` VALUES ('49664', '55682', '0.05', '1', '0', '1', '1');
INSERT INTO `creature_loot_template` VALUES ('49664', '55683', '0.08', '1', '0', '1', '1');
INSERT INTO `creature_loot_template` VALUES ('49664', '55684', '0.05', '1', '0', '1', '1');
INSERT INTO `creature_loot_template` VALUES ('49664', '55691', '0.07', '1', '0', '1', '1');
INSERT INTO `creature_loot_template` VALUES ('49664', '55692', '0.06', '1', '0', '1', '1');
INSERT INTO `creature_loot_template` VALUES ('49664', '55693', '0.06', '1', '0', '1', '1');
INSERT INTO `creature_loot_template` VALUES ('49664', '55700', '0.07', '1', '0', '1', '1');
INSERT INTO `creature_loot_template` VALUES ('49664', '55701', '0.08', '1', '0', '1', '1');
INSERT INTO `creature_loot_template` VALUES ('49664', '55702', '0.05', '1', '0', '1', '1');
INSERT INTO `creature_loot_template` VALUES ('49664', '55709', '0.08', '1', '0', '1', '1');
INSERT INTO `creature_loot_template` VALUES ('49664', '55710', '0.1', '1', '0', '1', '1');
INSERT INTO `creature_loot_template` VALUES ('49664', '55711', '0.06', '1', '0', '1', '1');
INSERT INTO `creature_loot_template` VALUES ('49664', '55718', '0.06', '1', '0', '1', '1');
INSERT INTO `creature_loot_template` VALUES ('49664', '55719', '0.1', '1', '0', '1', '1');
INSERT INTO `creature_loot_template` VALUES ('49664', '55720', '0.09', '1', '0', '1', '1');
INSERT INTO `creature_loot_template` VALUES ('49664', '55727', '0.07', '1', '0', '1', '1');
INSERT INTO `creature_loot_template` VALUES ('49664', '55728', '0.09', '1', '0', '1', '1');
INSERT INTO `creature_loot_template` VALUES ('49664', '55729', '0.07', '1', '0', '1', '1');
INSERT INTO `creature_loot_template` VALUES ('49664', '55736', '0.1', '1', '0', '1', '1');
INSERT INTO `creature_loot_template` VALUES ('49664', '55737', '0.09', '1', '0', '1', '1');
INSERT INTO `creature_loot_template` VALUES ('49664', '55738', '0.09', '1', '0', '1', '1');
INSERT INTO `creature_loot_template` VALUES ('49664', '55745', '0.12', '1', '0', '1', '1');
INSERT INTO `creature_loot_template` VALUES ('49664', '55746', '0.08', '1', '0', '1', '1');
INSERT INTO `creature_loot_template` VALUES ('49664', '55747', '0.09', '1', '0', '1', '1');
INSERT INTO `creature_loot_template` VALUES ('49664', '55754', '0.1', '1', '0', '1', '1');
INSERT INTO `creature_loot_template` VALUES ('49664', '55755', '0.11', '1', '0', '1', '1');
INSERT INTO `creature_loot_template` VALUES ('49664', '55756', '0.07', '1', '0', '1', '1');
INSERT INTO `creature_loot_template` VALUES ('49664', '55763', '0.08', '1', '0', '1', '1');
INSERT INTO `creature_loot_template` VALUES ('49664', '55764', '0.08', '1', '0', '1', '1');
INSERT INTO `creature_loot_template` VALUES ('49664', '55765', '0.1', '1', '0', '1', '1');
INSERT INTO `creature_loot_template` VALUES ('49664', '55772', '0.1', '1', '0', '1', '1');
INSERT INTO `creature_loot_template` VALUES ('49664', '55773', '0.1', '1', '0', '1', '1');
INSERT INTO `creature_loot_template` VALUES ('49664', '55774', '0.08', '1', '0', '1', '1');
INSERT INTO `creature_loot_template` VALUES ('49664', '62105', '0.06', '1', '0', '1', '1');
INSERT INTO `creature_loot_template` VALUES ('49664', '62106', '0.09', '1', '0', '1', '1');
INSERT INTO `creature_loot_template` VALUES ('49664', '62107', '0.08', '1', '0', '1', '1');
INSERT INTO `creature_loot_template` VALUES ('49664', '62108', '0.1', '1', '0', '1', '1');
INSERT INTO `creature_loot_template` VALUES ('49664', '62109', '0.1', '1', '0', '1', '1');
INSERT INTO `creature_loot_template` VALUES ('49664', '62110', '0.07', '1', '0', '1', '1');
INSERT INTO `creature_loot_template` VALUES ('49664', '62111', '0.09', '1', '0', '1', '1');
INSERT INTO `creature_loot_template` VALUES ('49664', '62112', '0.11', '1', '0', '1', '1');
INSERT INTO `creature_loot_template` VALUES ('49664', '62113', '0.09', '1', '0', '1', '1');
INSERT INTO `creature_loot_template` VALUES ('49664', '62114', '0.08', '1', '0', '1', '1');
INSERT INTO `creature_loot_template` VALUES ('49664', '62115', '0.07', '1', '0', '1', '1');
INSERT INTO `creature_loot_template` VALUES ('49664', '62116', '0.09', '1', '0', '1', '1');
INSERT INTO `creature_loot_template` VALUES ('49664', '62117', '0.08', '1', '0', '1', '1');
INSERT INTO `creature_loot_template` VALUES ('49664', '62118', '0.08', '1', '0', '1', '1');
INSERT INTO `creature_loot_template` VALUES ('49664', '62119', '0.09', '1', '0', '1', '1');
INSERT INTO `creature_loot_template` VALUES ('49664', '62120', '0.08', '1', '0', '1', '1');
INSERT INTO `creature_loot_template` VALUES ('49664', '62121', '0.08', '1', '0', '1', '1');
INSERT INTO `creature_loot_template` VALUES ('49664', '62122', '0.1', '1', '0', '1', '1');
INSERT INTO `creature_loot_template` VALUES ('49664', '62123', '0.09', '1', '0', '1', '1');
INSERT INTO `creature_loot_template` VALUES ('49664', '62124', '0.1', '1', '0', '1', '1');
INSERT INTO `creature_loot_template` VALUES ('49664', '62125', '0.07', '1', '0', '1', '1');
INSERT INTO `creature_loot_template` VALUES ('49664', '62126', '0.08', '1', '0', '1', '1');
INSERT INTO `creature_loot_template` VALUES ('49664', '62127', '0.08', '1', '0', '1', '1');
INSERT INTO `creature_loot_template` VALUES ('49664', '62128', '0.09', '1', '0', '1', '1');
INSERT INTO `creature_loot_template` VALUES ('49664', '62129', '0.08', '1', '0', '1', '1');
INSERT INTO `creature_loot_template` VALUES ('49664', '62130', '0.08', '1', '0', '1', '1');
INSERT INTO `creature_loot_template` VALUES ('49664', '62131', '0.1', '1', '0', '1', '1');
INSERT INTO `creature_loot_template` VALUES ('49664', '62132', '0.07', '1', '0', '1', '1');
INSERT INTO `creature_loot_template` VALUES ('49664', '62133', '0.09', '1', '0', '1', '1');
INSERT INTO `creature_loot_template` VALUES ('49664', '62134', '0.07', '1', '0', '1', '1');
INSERT INTO `creature_loot_template` VALUES ('49664', '62135', '0.08', '1', '0', '1', '1');
INSERT INTO `creature_loot_template` VALUES ('49664', '62136', '0.09', '1', '0', '1', '1');
INSERT INTO `creature_loot_template` VALUES ('49664', '66931', '1', '1', '0', '1', '1');
INSERT INTO `creature_loot_template` VALUES ('49664', '66932', '0.01', '1', '0', '1', '1');
INSERT INTO `creature_loot_template` VALUES ('49664', '66969', '0.01', '1', '0', '1', '1');
INSERT INTO `creature_loot_template` VALUES ('49664', '66976', '0.01', '1', '0', '1', '1');
INSERT INTO `creature_loot_template` VALUES ('49664', '66989', '0.01', '1', '0', '1', '1');
INSERT INTO `creature_loot_template` VALUES ('49664', '66991', '1', '1', '0', '1', '1');
INSERT INTO `creature_loot_template` VALUES ('49664', '66994', '1', '1', '0', '1', '1');
INSERT INTO `creature_loot_template` VALUES ('49664', '67057', '0.01', '1', '0', '1', '1');
INSERT INTO `creature_loot_template` VALUES ('49664', '67067', '0.01', '1', '0', '1', '1');
INSERT INTO `creature_loot_template` VALUES ('49664', '67071', '0.01', '1', '0', '1', '1');
INSERT INTO `creature_loot_template` VALUES ('49664', '67125', '0.01', '1', '0', '1', '1');
INSERT INTO `creature_loot_template` VALUES ('49664', '67126', '0.02', '1', '0', '1', '1');
INSERT INTO `creature_loot_template` VALUES ('49664', '67142', '0.01', '1', '0', '1', '1');
INSERT INTO `creature_loot_template` VALUES ('49664', '68729', '0.51', '1', '0', '1', '1');
UPDATE `creature_template` SET lootid='49664' WHERE entry='49664';

-- http://www.wowhead.com/npc=42808 and heroic 49663
DELETE FROM `creature_template` WHERE `entry`=42808;
INSERT INTO `creature_template` ( `entry`, `difficulty_entry_1`, `difficulty_entry_2`, `difficulty_entry_3`, `KillCredit1`, `KillCredit2`, `modelid1`, `modelid2`, `modelid3`, `modelid4`, `name`, `subname`, `IconName`, `gossip_menu_id`, `minlevel`, `maxlevel`, `exp`, `faction_A`, `faction_H`, `npcflag`, `speed_walk`, `speed_run`, `scale`, `rank`, `mindmg`, `maxdmg`, `dmgschool`, `attackpower`, `dmg_multiplier`, `baseattacktime`, `rangeattacktime`, `unit_class`, `unit_flags`, `dynamicflags`, `family`, `trainer_type`, `trainer_spell`, `trainer_class`, `trainer_race`, `minrangedmg`, `maxrangedmg`, `rangedattackpower`, `type`, `type_flags`, `lootid`, `pickpocketloot`, `skinloot`, `resistance1`, `resistance2`, `resistance3`, `resistance4`, `resistance5`, `resistance6`, `spell1`, `spell2`, `spell3`, `spell4`, `spell5`, `spell6`, `spell7`, `spell8`, `PetSpellDataId`, `VehicleId`, `mingold`, `maxgold`, `AIName`, `MovementType`, `InhabitType`, `Health_mod`, `Mana_mod`, `Armor_mod`, `RacialLeader`, `questItem1`, `questItem2`, `questItem3`, `questItem4`, `questItem5`, `questItem6`, `movementId`, `RegenHealth`, `equipment_id`, `mechanic_immune_mask`, `flags_extra`, `ScriptName`, `WDBVerified`) VALUES ( 42808, 0, 0, 0, 0, 0, 21392, 0, 0, 0, "Stonecore Flayer", "", "", 0, 82, 85, 3, 16, 16, 0, 1.2, 1.4, 1.0, 1, 726, 892, 0, 827, 9.5, 2000, 2000, 1, 64, 0, 0, 0, 0, 0, 0, 726, 892, 827, 7, 12, 42808, 0, 42808, 0, 0, 0, 0, 0, 0, 0, 0, 0, 0, 0, 0, 0, 0, 0, 0, 10185, 11267, "", 0, 1, 4.036, 0.0, 1.0, 0, 0, 0, 0, 0, 0, 0, 0, 1, 0, 613097436, 0, "npc_stonecore_flayer", "13623");
DELETE FROM `creature_template` WHERE `entry`=49663;
INSERT INTO `creature_template` ( `entry`, `difficulty_entry_1`, `difficulty_entry_2`, `difficulty_entry_3`, `KillCredit1`, `KillCredit2`, `modelid1`, `modelid2`, `modelid3`, `modelid4`, `name`, `subname`, `IconName`, `gossip_menu_id`, `minlevel`, `maxlevel`, `exp`, `faction_A`, `faction_H`, `npcflag`, `speed_walk`, `speed_run`, `scale`, `rank`, `mindmg`, `maxdmg`, `dmgschool`, `attackpower`, `dmg_multiplier`, `baseattacktime`, `rangeattacktime`, `unit_class`, `unit_flags`, `dynamicflags`, `family`, `trainer_type`, `trainer_spell`, `trainer_class`, `trainer_race`, `minrangedmg`, `maxrangedmg`, `rangedattackpower`, `type`, `type_flags`, `lootid`, `pickpocketloot`, `skinloot`, `resistance1`, `resistance2`, `resistance3`, `resistance4`, `resistance5`, `resistance6`, `spell1`, `spell2`, `spell3`, `spell4`, `spell5`, `spell6`, `spell7`, `spell8`, `PetSpellDataId`, `VehicleId`, `mingold`, `maxgold`, `AIName`, `MovementType`, `InhabitType`, `Health_mod`, `Mana_mod`, `Armor_mod`, `RacialLeader`, `questItem1`, `questItem2`, `questItem3`, `questItem4`, `questItem5`, `questItem6`, `movementId`, `RegenHealth`, `equipment_id`, `mechanic_immune_mask`, `flags_extra`, `ScriptName`, `WDBVerified`) VALUES ( 49663, 0, 0, 0, 0, 0, 21392, 0, 0, 0, "Stonecore Flayer (H)", "", "", 0, 82, 85, 3, 16, 16, 0, 1.0, 1.14286, 1.0, 1, 892, 968, 0, 1571, 13.5, 2000, 2000, 1, 0, 0, 0, 0, 0, 0, 0, 892, 968, 1571, 7, 12, 49663, 0, 49663, 0, 0, 0, 0, 0, 0, 0, 0, 0, 0, 0, 0, 0, 0, 0, 0, 10185, 11267, "", 0, 1, 5.0, 0.0, 1.0, 0, 0, 0, 0, 0, 0, 0, 0, 1, 0, 613097436, 0, "npc_stonecore_flayer", "13623");
DELETE FROM `skinning_loot_template` WHERE entry='42808';
INSERT INTO `skinning_loot_template` VALUES ('42808', '52976', '80', '1', '0', '1', '9');
INSERT INTO `skinning_loot_template` VALUES ('42808', '52977', '43', '1', '0', '1', '13');
UPDATE `creature_template` SET skinloot='42808' WHERE entry='42808';
DELETE FROM `skinning_loot_template` WHERE entry='49663';
INSERT INTO `skinning_loot_template` VALUES ('49663', '52976', '80', '1', '0', '1', '9');
INSERT INTO `skinning_loot_template` VALUES ('49663', '52977', '43', '1', '0', '1', '13');
UPDATE `creature_template` SET skinloot='49663' WHERE entry='49663';

-- http://www.wowhead.com/npc=43662 and heroic 49669
DELETE FROM `creature_template` WHERE `entry`=43662;
INSERT INTO `creature_template` ( `entry`, `difficulty_entry_1`, `difficulty_entry_2`, `difficulty_entry_3`, `KillCredit1`, `KillCredit2`, `modelid1`, `modelid2`, `modelid3`, `modelid4`, `name`, `subname`, `IconName`, `gossip_menu_id`, `minlevel`, `maxlevel`, `exp`, `faction_A`, `faction_H`, `npcflag`, `speed_walk`, `speed_run`, `scale`, `rank`, `mindmg`, `maxdmg`, `dmgschool`, `attackpower`, `dmg_multiplier`, `baseattacktime`, `rangeattacktime`, `unit_class`, `unit_flags`, `dynamicflags`, `family`, `trainer_type`, `trainer_spell`, `trainer_class`, `trainer_race`, `minrangedmg`, `maxrangedmg`, `rangedattackpower`, `type`, `type_flags`, `lootid`, `pickpocketloot`, `skinloot`, `resistance1`, `resistance2`, `resistance3`, `resistance4`, `resistance5`, `resistance6`, `spell1`, `spell2`, `spell3`, `spell4`, `spell5`, `spell6`, `spell7`, `spell8`, `PetSpellDataId`, `VehicleId`, `mingold`, `maxgold`, `AIName`, `MovementType`, `InhabitType`, `Health_mod`, `Mana_mod`, `Armor_mod`, `RacialLeader`, `questItem1`, `questItem2`, `questItem3`, `questItem4`, `questItem5`, `questItem6`, `movementId`, `RegenHealth`, `equipment_id`, `mechanic_immune_mask`, `flags_extra`, `ScriptName`, `WDBVerified`) VALUES ( 43662, 0, 0, 0, 0, 0, 8109, 0, 0, 0, "Unbound Earth Rager", "", "", 0, 82, 85, 3, 16, 16, 0, 1.2, 1.714286, 1.0, 0, 619, 742, 0, 1082, 1.9, 2000, 2000, 1, 0, 0, 0, 0, 0, 0, 0, 619, 742, 1082, 4, 108, 0, 0, 0, 0, 0, 0, 0, 0, 0, 0, 0, 0, 0, 0, 0, 0, 0, 0, 0, 0, 0, "SmartAI", 0, 1, 0.0522, 0.0, 1.0, 0, 0, 0, 0, 0, 0, 0, 0, 1, 0, 0, 0, "npc_unbound_earth_rager", "13623");
DELETE FROM `creature_template` WHERE `entry`=49669;
INSERT INTO `creature_template` ( `entry`, `difficulty_entry_1`, `difficulty_entry_2`, `difficulty_entry_3`, `KillCredit1`, `KillCredit2`, `modelid1`, `modelid2`, `modelid3`, `modelid4`, `name`, `subname`, `IconName`, `gossip_menu_id`, `minlevel`, `maxlevel`, `exp`, `faction_A`, `faction_H`, `npcflag`, `speed_walk`, `speed_run`, `scale`, `rank`, `mindmg`, `maxdmg`, `dmgschool`, `attackpower`, `dmg_multiplier`, `baseattacktime`, `rangeattacktime`, `unit_class`, `unit_flags`, `dynamicflags`, `family`, `trainer_type`, `trainer_spell`, `trainer_class`, `trainer_race`, `minrangedmg`, `maxrangedmg`, `rangedattackpower`, `type`, `type_flags`, `lootid`, `pickpocketloot`, `skinloot`, `resistance1`, `resistance2`, `resistance3`, `resistance4`, `resistance5`, `resistance6`, `spell1`, `spell2`, `spell3`, `spell4`, `spell5`, `spell6`, `spell7`, `spell8`, `PetSpellDataId`, `VehicleId`, `mingold`, `maxgold`, `AIName`, `MovementType`, `InhabitType`, `Health_mod`, `Mana_mod`, `Armor_mod`, `RacialLeader`, `questItem1`, `questItem2`, `questItem3`, `questItem4`, `questItem5`, `questItem6`, `movementId`, `RegenHealth`, `equipment_id`, `mechanic_immune_mask`, `flags_extra`, `ScriptName`, `WDBVerified`) VALUES ( 49669, 0, 0, 0, 0, 0, 8109, 0, 0, 0, "Unbound Earth Rager (H)", "", "", 0, 82, 85, 3, 16, 16, 0, 1.0, 1.14286, 1.0, 0, 618, 792, 0, 1024, 5.8, 2000, 2000, 1, 0, 0, 0, 0, 0, 0, 0, 618, 792, 1024, 4, 108, 0, 0, 0, 0, 0, 0, 0, 0, 0, 0, 0, 0, 0, 0, 0, 0, 0, 0, 0, 0, 0, "", 0, 1, 0.1926, 0.0, 1.0, 0, 0, 0, 0, 0, 0, 0, 0, 1, 0, 0, 0, "npc_unbound_earth_rager", "13623");

-- http://www.wowhead.com/npc=42428 and heroic 49648
DELETE FROM `creature_template` WHERE `entry`=42428;
INSERT INTO `creature_template` ( `entry`, `difficulty_entry_1`, `difficulty_entry_2`, `difficulty_entry_3`, `KillCredit1`, `KillCredit2`, `modelid1`, `modelid2`, `modelid3`, `modelid4`, `name`, `subname`, `IconName`, `gossip_menu_id`, `minlevel`, `maxlevel`, `exp`, `faction_A`, `faction_H`, `npcflag`, `speed_walk`, `speed_run`, `scale`, `rank`, `mindmg`, `maxdmg`, `dmgschool`, `attackpower`, `dmg_multiplier`, `baseattacktime`, `rangeattacktime`, `unit_class`, `unit_flags`, `dynamicflags`, `family`, `trainer_type`, `trainer_spell`, `trainer_class`, `trainer_race`, `minrangedmg`, `maxrangedmg`, `rangedattackpower`, `type`, `type_flags`, `lootid`, `pickpocketloot`, `skinloot`, `resistance1`, `resistance2`, `resistance3`, `resistance4`, `resistance5`, `resistance6`, `spell1`, `spell2`, `spell3`, `spell4`, `spell5`, `spell6`, `spell7`, `spell8`, `PetSpellDataId`, `VehicleId`, `mingold`, `maxgold`, `AIName`, `MovementType`, `InhabitType`, `Health_mod`, `Mana_mod`, `Armor_mod`, `RacialLeader`, `questItem1`, `questItem2`, `questItem3`, `questItem4`, `questItem5`, `questItem6`, `movementId`, `RegenHealth`, `equipment_id`, `mechanic_immune_mask`, `flags_extra`, `ScriptName`, `WDBVerified`) VALUES ( 42428, 0, 0, 0, 0, 0, 37235, 37236, 37237, 37238, "Devout Follower", "", "", 0, 83, 86, 3, 1771, 1771, 0, 1.2, 1.4, 1.0, 0, 650, 792, 0, 1005, 6.2, 2000, 2000, 1, 0, 0, 0, 0, 0, 0, 0, 650, 792, 1005, 7, 12, 0, 0, 0, 0, 0, 0, 0, 0, 0, 0, 0, 0, 0, 0, 0, 0, 0, 0, 0, 1081, 1357, "", 0, 1, 0.1003, 0.0, 100.0, 0, 0, 0, 0, 0, 0, 0, 0, 1, 0, 0, 0, "", "13623");
DELETE FROM `creature_template` WHERE `entry`=49648;
INSERT INTO `creature_template` ( `entry`, `difficulty_entry_1`, `difficulty_entry_2`, `difficulty_entry_3`, `KillCredit1`, `KillCredit2`, `modelid1`, `modelid2`, `modelid3`, `modelid4`, `name`, `subname`, `IconName`, `gossip_menu_id`, `minlevel`, `maxlevel`, `exp`, `faction_A`, `faction_H`, `npcflag`, `speed_walk`, `speed_run`, `scale`, `rank`, `mindmg`, `maxdmg`, `dmgschool`, `attackpower`, `dmg_multiplier`, `baseattacktime`, `rangeattacktime`, `unit_class`, `unit_flags`, `dynamicflags`, `family`, `trainer_type`, `trainer_spell`, `trainer_class`, `trainer_race`, `minrangedmg`, `maxrangedmg`, `rangedattackpower`, `type`, `type_flags`, `lootid`, `pickpocketloot`, `skinloot`, `resistance1`, `resistance2`, `resistance3`, `resistance4`, `resistance5`, `resistance6`, `spell1`, `spell2`, `spell3`, `spell4`, `spell5`, `spell6`, `spell7`, `spell8`, `PetSpellDataId`, `VehicleId`, `mingold`, `maxgold`, `AIName`, `MovementType`, `InhabitType`, `Health_mod`, `Mana_mod`, `Armor_mod`, `RacialLeader`, `questItem1`, `questItem2`, `questItem3`, `questItem4`, `questItem5`, `questItem6`, `movementId`, `RegenHealth`, `equipment_id`, `mechanic_immune_mask`, `flags_extra`, `ScriptName`, `WDBVerified`) VALUES ( 49648, 0, 0, 0, 0, 0, 37235, 37236, 37237, 37238, "Devout Follower (H)", "", "", 0, 83, 86, 3, 7, 7, 0, 1.0, 1.14286, 1.0, 0, 782, 844, 0, 1324, 8.2, 2000, 2000, 1, 0, 0, 0, 0, 0, 0, 0, 782, 844, 1324, 7, 12, 0, 0, 0, 0, 0, 0, 0, 0, 0, 0, 0, 0, 0, 0, 0, 0, 0, 0, 0, 1081, 1357, "", 0, 1, 0.2, 0.0, 1.0, 0, 0, 0, 0, 0, 0, 0, 0, 1, 0, 0, 0, "", "13623");
DELETE FROM `creature_loot_template` WHERE entry='42428';

-- http://www.wowhead.com/npc=43391 and heroic 
DELETE FROM `creature_template` WHERE `entry`=43391;
INSERT INTO `creature_template` ( `entry`, `difficulty_entry_1`, `difficulty_entry_2`, `difficulty_entry_3`, `KillCredit1`, `KillCredit2`, `modelid1`, `modelid2`, `modelid3`, `modelid4`, `name`, `subname`, `IconName`, `gossip_menu_id`, `minlevel`, `maxlevel`, `exp`, `faction_A`, `faction_H`, `npcflag`, `speed_walk`, `speed_run`, `scale`, `rank`, `mindmg`, `maxdmg`, `dmgschool`, `attackpower`, `dmg_multiplier`, `baseattacktime`, `rangeattacktime`, `unit_class`, `unit_flags`, `dynamicflags`, `family`, `trainer_type`, `trainer_spell`, `trainer_class`, `trainer_race`, `minrangedmg`, `maxrangedmg`, `rangedattackpower`, `type`, `type_flags`, `lootid`, `pickpocketloot`, `skinloot`, `resistance1`, `resistance2`, `resistance3`, `resistance4`, `resistance5`, `resistance6`, `spell1`, `spell2`, `spell3`, `spell4`, `spell5`, `spell6`, `spell7`, `spell8`, `PetSpellDataId`, `VehicleId`, `mingold`, `maxgold`, `AIName`, `MovementType`, `InhabitType`, `Health_mod`, `Mana_mod`, `Armor_mod`, `RacialLeader`, `questItem1`, `questItem2`, `questItem3`, `questItem4`, `questItem5`, `questItem6`, `movementId`, `RegenHealth`, `equipment_id`, `mechanic_immune_mask`, `flags_extra`, `ScriptName`, `WDBVerified`) VALUES ( 43391, 0, 0, 0, 0, 0, 37234, 0, 0, 0, "Millhouse Manastorm", "", "", 0, 83, 86, 3, 16, 16, 0, 1.0, 1.14286, 1.0, 1, 688, 742, 0, 1289, 11.7, 2000, 2000, 8, 64, 0, 0, 0, 0, 0, 0, 688, 742, 1289, 7, 4, 0, 0, 0, 0, 0, 0, 0, 0, 0, 0, 0, 0, 0, 0, 0, 0, 0, 0, 0, 0, 0, "", 0, 1, 4.4902, 18.896, 1.0, 0, 0, 0, 0, 0, 0, 0, 0, 1, 0, 0, 0, "mob_millhouse_manastorm", "13623");
DELETE FROM `creature_template` WHERE `entry`=49653;
INSERT INTO `creature_template` ( `entry`, `difficulty_entry_1`, `difficulty_entry_2`, `difficulty_entry_3`, `KillCredit1`, `KillCredit2`, `modelid1`, `modelid2`, `modelid3`, `modelid4`, `name`, `subname`, `IconName`, `gossip_menu_id`, `minlevel`, `maxlevel`, `exp`, `faction_A`, `faction_H`, `npcflag`, `speed_walk`, `speed_run`, `scale`, `rank`, `mindmg`, `maxdmg`, `dmgschool`, `attackpower`, `dmg_multiplier`, `baseattacktime`, `rangeattacktime`, `unit_class`, `unit_flags`, `dynamicflags`, `family`, `trainer_type`, `trainer_spell`, `trainer_class`, `trainer_race`, `minrangedmg`, `maxrangedmg`, `rangedattackpower`, `type`, `type_flags`, `lootid`, `pickpocketloot`, `skinloot`, `resistance1`, `resistance2`, `resistance3`, `resistance4`, `resistance5`, `resistance6`, `spell1`, `spell2`, `spell3`, `spell4`, `spell5`, `spell6`, `spell7`, `spell8`, `PetSpellDataId`, `VehicleId`, `mingold`, `maxgold`, `AIName`, `MovementType`, `InhabitType`, `Health_mod`, `Mana_mod`, `Armor_mod`, `RacialLeader`, `questItem1`, `questItem2`, `questItem3`, `questItem4`, `questItem5`, `questItem6`, `movementId`, `RegenHealth`, `equipment_id`, `mechanic_immune_mask`, `flags_extra`, `ScriptName`, `WDBVerified`) VALUES ( 49653, 0, 0, 0, 0, 0, 37234, 0, 0, 0, "Millhouse Manastorm (H)", "", "", 0, 83, 86, 3, 16, 16, 0, 1.0, 1.14286, 1.0, 1, 812, 961, 0, 1289, 11.9, 2000, 2000, 8, 64, 0, 0, 0, 0, 0, 0, 812, 961, 1289, 7, 4, 0, 0, 0, 0, 0, 0, 0, 0, 0, 0, 0, 0, 0, 0, 0, 0, 0, 0, 0, 0, 0, "", 0, 1, 5.9627, 19.9919, 1.0, 0, 0, 0, 0, 0, 0, 0, 0, 1, 0, 0, 0, "mob_millhouse_manastorm", "13623");

-- http://www.wowhead.com/npc=43430 and heroic 49660
DELETE FROM `creature_template` WHERE `entry`=43430;
INSERT INTO `creature_template` ( `entry`, `difficulty_entry_1`, `difficulty_entry_2`, `difficulty_entry_3`, `KillCredit1`, `KillCredit2`, `modelid1`, `modelid2`, `modelid3`, `modelid4`, `name`, `subname`, `IconName`, `gossip_menu_id`, `minlevel`, `maxlevel`, `exp`, `faction_A`, `faction_H`, `npcflag`, `speed_walk`, `speed_run`, `scale`, `rank`, `mindmg`, `maxdmg`, `dmgschool`, `attackpower`, `dmg_multiplier`, `baseattacktime`, `rangeattacktime`, `unit_class`, `unit_flags`, `dynamicflags`, `family`, `trainer_type`, `trainer_spell`, `trainer_class`, `trainer_race`, `minrangedmg`, `maxrangedmg`, `rangedattackpower`, `type`, `type_flags`, `lootid`, `pickpocketloot`, `skinloot`, `resistance1`, `resistance2`, `resistance3`, `resistance4`, `resistance5`, `resistance6`, `spell1`, `spell2`, `spell3`, `spell4`, `spell5`, `spell6`, `spell7`, `spell8`, `PetSpellDataId`, `VehicleId`, `mingold`, `maxgold`, `AIName`, `MovementType`, `InhabitType`, `Health_mod`, `Mana_mod`, `Armor_mod`, `RacialLeader`, `questItem1`, `questItem2`, `questItem3`, `questItem4`, `questItem5`, `questItem6`, `movementId`, `RegenHealth`, `equipment_id`, `mechanic_immune_mask`, `flags_extra`, `ScriptName`, `WDBVerified`) VALUES ( 43430, 0, 0, 0, 0, 0, 37213, 37214, 37215, 0, "Stonecore Berserker", "", "", 0, 82, 85, 3, 16, 16, 0, 1.2, 1.4, 1.0, 1, 822, 956, 0, 1427, 13.5, 2000, 2000, 1, 0, 1, 0, 0, 0, 0, 0, 822, 956, 1427, 7, 4, 43430, 43430, 0, 0, 0, 0, 0, 0, 0, 0, 0, 0, 0, 0, 0, 0, 0, 0, 0, 10170, 12000, "", 0, 1, 4.036, 0.0, 1.0, 0, 0, 0, 0, 0, 0, 0, 0, 1, 0, 0, 0, "npc_stonecore_berserker", "13623");
DELETE FROM `creature_template` WHERE `entry`=49660;
INSERT INTO `creature_template` ( `entry`, `difficulty_entry_1`, `difficulty_entry_2`, `difficulty_entry_3`, `KillCredit1`, `KillCredit2`, `modelid1`, `modelid2`, `modelid3`, `modelid4`, `name`, `subname`, `IconName`, `gossip_menu_id`, `minlevel`, `maxlevel`, `exp`, `faction_A`, `faction_H`, `npcflag`, `speed_walk`, `speed_run`, `scale`, `rank`, `mindmg`, `maxdmg`, `dmgschool`, `attackpower`, `dmg_multiplier`, `baseattacktime`, `rangeattacktime`, `unit_class`, `unit_flags`, `dynamicflags`, `family`, `trainer_type`, `trainer_spell`, `trainer_class`, `trainer_race`, `minrangedmg`, `maxrangedmg`, `rangedattackpower`, `type`, `type_flags`, `lootid`, `pickpocketloot`, `skinloot`, `resistance1`, `resistance2`, `resistance3`, `resistance4`, `resistance5`, `resistance6`, `spell1`, `spell2`, `spell3`, `spell4`, `spell5`, `spell6`, `spell7`, `spell8`, `PetSpellDataId`, `VehicleId`, `mingold`, `maxgold`, `AIName`, `MovementType`, `InhabitType`, `Health_mod`, `Mana_mod`, `Armor_mod`, `RacialLeader`, `questItem1`, `questItem2`, `questItem3`, `questItem4`, `questItem5`, `questItem6`, `movementId`, `RegenHealth`, `equipment_id`, `mechanic_immune_mask`, `flags_extra`, `ScriptName`, `WDBVerified`) VALUES ( 49660, 0, 0, 0, 0, 0, 37213, 37214, 37215, 0, "Stonecore Berserker (H)", "", "", 0, 82, 85, 3, 16, 16, 0, 1.2, 1.4, 1.0, 1, 822, 956, 0, 1602, 17.5, 2000, 2000, 1, 0, 1, 0, 0, 0, 0, 0, 822, 956, 1602, 7, 4, 49660, 49660, 0, 0, 0, 0, 0, 0, 0, 0, 0, 0, 0, 0, 0, 0, 0, 0, 0, 10170, 12000, "", 0, 1, 5.0, 0.0, 1.0, 0, 0, 0, 0, 0, 0, 0, 0, 1, 0, 0, 0, "npc_stonecore_berserker", "13623");
DELETE FROM `pickpocketing_loot_template` WHERE entry='43430';
INSERT INTO `pickpocketing_loot_template` VALUES ('43430', '63291', '4', '1', '0', '1', '1');
INSERT INTO `pickpocketing_loot_template` VALUES ('43430', '63349', '4', '1', '0', '1', '1');
INSERT INTO `pickpocketing_loot_template` VALUES ('43430', '63348', '4', '1', '0', '1', '1');
INSERT INTO `pickpocketing_loot_template` VALUES ('43430', '63317', '4', '1', '0', '1', '1');
INSERT INTO `pickpocketing_loot_template` VALUES ('43430', '58269', '3', '1', '0', '1', '1');
INSERT INTO `pickpocketing_loot_template` VALUES ('43430', '63310', '2', '1', '0', '1', '1');
INSERT INTO `pickpocketing_loot_template` VALUES ('43430', '63300', '1.4', '1', '0', '1', '1');
INSERT INTO `pickpocketing_loot_template` VALUES ('43430', '63316', '0.4', '1', '0', '1', '1');
UPDATE `creature_template` SET pickpocketloot='43430' WHERE entry='43430';
DELETE FROM `pickpocketing_loot_template` WHERE entry='49660';
INSERT INTO `pickpocketing_loot_template` VALUES ('49660', '63291', '4', '1', '0', '1', '1');
INSERT INTO `pickpocketing_loot_template` VALUES ('49660', '63349', '4', '1', '0', '1', '1');
INSERT INTO `pickpocketing_loot_template` VALUES ('49660', '63348', '4', '1', '0', '1', '1');
INSERT INTO `pickpocketing_loot_template` VALUES ('49660', '63317', '4', '1', '0', '1', '1');
INSERT INTO `pickpocketing_loot_template` VALUES ('49660', '58269', '3', '1', '0', '1', '1');
INSERT INTO `pickpocketing_loot_template` VALUES ('49660', '63310', '2', '1', '0', '1', '1');
INSERT INTO `pickpocketing_loot_template` VALUES ('49660', '63300', '1.4', '1', '0', '1', '1');
INSERT INTO `pickpocketing_loot_template` VALUES ('49660', '63316', '0.4', '1', '0', '1', '1');
UPDATE `creature_template` SET pickpocketloot='49660' WHERE entry='49660';
DELETE FROM `creature_loot_template` WHERE entry='49660';
INSERT INTO `creature_loot_template` VALUES ('49660', '52364', '19', '1', '0', '1', '1');
INSERT INTO `creature_loot_template` VALUES ('49660', '52370', '19', '1', '0', '1', '1');
INSERT INTO `creature_loot_template` VALUES ('49660', '52373', '19', '1', '0', '1', '1');
INSERT INTO `creature_loot_template` VALUES ('49660', '52379', '19', '1', '0', '1', '1');
INSERT INTO `creature_loot_template` VALUES ('49660', '52383', '19', '1', '0', '1', '1');
INSERT INTO `creature_loot_template` VALUES ('49660', '53010', '15.29', '1', '0', '1', '6');
INSERT INTO `creature_loot_template` VALUES ('49660', '55822', '0.4', '1', '0', '1', '1');
INSERT INTO `creature_loot_template` VALUES ('49660', '55823', '0.44', '1', '0', '1', '1');
INSERT INTO `creature_loot_template` VALUES ('49660', '55824', '0.43', '1', '0', '1', '1');
INSERT INTO `creature_loot_template` VALUES ('49660', '58256', '1.43', '1', '0', '1', '1');
INSERT INTO `creature_loot_template` VALUES ('49660', '58268', '2.79', '1', '0', '1', '1');
INSERT INTO `creature_loot_template` VALUES ('49660', '62063', '0.14', '1', '0', '1', '1');
INSERT INTO `creature_loot_template` VALUES ('49660', '62064', '0.16', '1', '0', '1', '1');
INSERT INTO `creature_loot_template` VALUES ('49660', '62065', '0.14', '1', '0', '1', '1');
INSERT INTO `creature_loot_template` VALUES ('49660', '62066', '0.15', '1', '0', '1', '1');
INSERT INTO `creature_loot_template` VALUES ('49660', '62067', '0.16', '1', '0', '1', '1');
INSERT INTO `creature_loot_template` VALUES ('49660', '62068', '0.19', '1', '0', '1', '1');
INSERT INTO `creature_loot_template` VALUES ('49660', '62069', '0.16', '1', '0', '1', '1');
INSERT INTO `creature_loot_template` VALUES ('49660', '62070', '0.14', '1', '0', '1', '1');
INSERT INTO `creature_loot_template` VALUES ('49660', '62071', '0.14', '1', '0', '1', '1');
INSERT INTO `creature_loot_template` VALUES ('49660', '62072', '0.17', '1', '0', '1', '1');
INSERT INTO `creature_loot_template` VALUES ('49660', '62073', '0.07', '1', '0', '1', '1');
INSERT INTO `creature_loot_template` VALUES ('49660', '62074', '0.07', '1', '0', '1', '1');
INSERT INTO `creature_loot_template` VALUES ('49660', '62075', '0.06', '1', '0', '1', '1');
INSERT INTO `creature_loot_template` VALUES ('49660', '62076', '0.08', '1', '0', '1', '1');
INSERT INTO `creature_loot_template` VALUES ('49660', '62077', '0.07', '1', '0', '1', '1');
INSERT INTO `creature_loot_template` VALUES ('49660', '62078', '0.08', '1', '0', '1', '1');
INSERT INTO `creature_loot_template` VALUES ('49660', '62079', '0.08', '1', '0', '1', '1');
INSERT INTO `creature_loot_template` VALUES ('49660', '62080', '0.07', '1', '0', '1', '1');
INSERT INTO `creature_loot_template` VALUES ('49660', '62081', '0.06', '1', '0', '1', '1');
INSERT INTO `creature_loot_template` VALUES ('49660', '62082', '0.07', '1', '0', '1', '1');
INSERT INTO `creature_loot_template` VALUES ('49660', '62083', '0.07', '1', '0', '1', '1');
INSERT INTO `creature_loot_template` VALUES ('49660', '62084', '0.07', '1', '0', '1', '1');
INSERT INTO `creature_loot_template` VALUES ('49660', '62085', '0.06', '1', '0', '1', '1');
INSERT INTO `creature_loot_template` VALUES ('49660', '62086', '0.06', '1', '0', '1', '1');
INSERT INTO `creature_loot_template` VALUES ('49660', '62087', '0.08', '1', '0', '1', '1');
INSERT INTO `creature_loot_template` VALUES ('49660', '62088', '0.07', '1', '0', '1', '1');
INSERT INTO `creature_loot_template` VALUES ('49660', '62089', '0.06', '1', '0', '1', '1');
INSERT INTO `creature_loot_template` VALUES ('49660', '62090', '0.07', '1', '0', '1', '1');
INSERT INTO `creature_loot_template` VALUES ('49660', '62091', '0.06', '1', '0', '1', '1');
INSERT INTO `creature_loot_template` VALUES ('49660', '62092', '0.06', '1', '0', '1', '1');
INSERT INTO `creature_loot_template` VALUES ('49660', '62093', '0.06', '1', '0', '1', '1');
INSERT INTO `creature_loot_template` VALUES ('49660', '62094', '0.07', '1', '0', '1', '1');
INSERT INTO `creature_loot_template` VALUES ('49660', '62095', '0.06', '1', '0', '1', '1');
INSERT INTO `creature_loot_template` VALUES ('49660', '62096', '0.07', '1', '0', '1', '1');
INSERT INTO `creature_loot_template` VALUES ('49660', '62097', '0.07', '1', '0', '1', '1');
INSERT INTO `creature_loot_template` VALUES ('49660', '62098', '0.07', '1', '0', '1', '1');
INSERT INTO `creature_loot_template` VALUES ('49660', '62099', '0.06', '1', '0', '1', '1');
INSERT INTO `creature_loot_template` VALUES ('49660', '62100', '0.07', '1', '0', '1', '1');
INSERT INTO `creature_loot_template` VALUES ('49660', '62101', '0.05', '1', '0', '1', '1');
INSERT INTO `creature_loot_template` VALUES ('49660', '62102', '0.07', '1', '0', '1', '1');
INSERT INTO `creature_loot_template` VALUES ('49660', '62103', '0.07', '1', '0', '1', '1');
INSERT INTO `creature_loot_template` VALUES ('49660', '62104', '0.07', '1', '0', '1', '1');
INSERT INTO `creature_loot_template` VALUES ('49660', '67539', '0.02', '1', '0', '1', '1');
INSERT INTO `creature_loot_template` VALUES ('49660', '68197', '1.85', '1', '0', '1', '2');
INSERT INTO `creature_loot_template` VALUES ('49660', '68198', '5.29', '1', '0', '1', '2');
INSERT INTO `creature_loot_template` VALUES ('49660', '52366', '16', '1', '0', '1', '1');
INSERT INTO `creature_loot_template` VALUES ('49660', '52374', '11', '1', '0', '1', '1');
INSERT INTO `creature_loot_template` VALUES ('49660', '52375', '22', '1', '0', '1', '1');
INSERT INTO `creature_loot_template` VALUES ('49660', '55286', '0.02', '1', '0', '1', '1');
INSERT INTO `creature_loot_template` VALUES ('49660', '55287', '0.02', '1', '0', '1', '1');
INSERT INTO `creature_loot_template` VALUES ('49660', '55288', '0.02', '1', '0', '1', '1');
INSERT INTO `creature_loot_template` VALUES ('49660', '55295', '0.02', '1', '0', '1', '1');
INSERT INTO `creature_loot_template` VALUES ('49660', '55296', '0.02', '1', '0', '1', '1');
INSERT INTO `creature_loot_template` VALUES ('49660', '55297', '0.02', '1', '0', '1', '1');
INSERT INTO `creature_loot_template` VALUES ('49660', '55305', '8', '1', '0', '1', '1');
INSERT INTO `creature_loot_template` VALUES ('49660', '55306', '0.01', '1', '0', '1', '1');
INSERT INTO `creature_loot_template` VALUES ('49660', '55313', '0.02', '1', '0', '1', '1');
INSERT INTO `creature_loot_template` VALUES ('49660', '55314', '0.02', '1', '0', '1', '1');
INSERT INTO `creature_loot_template` VALUES ('49660', '55315', '0.02', '1', '0', '1', '1');
INSERT INTO `creature_loot_template` VALUES ('49660', '55322', '13', '1', '0', '1', '1');
INSERT INTO `creature_loot_template` VALUES ('49660', '55323', '11', '1', '0', '1', '1');
INSERT INTO `creature_loot_template` VALUES ('49660', '55331', '0.03', '1', '0', '1', '1');
INSERT INTO `creature_loot_template` VALUES ('49660', '55332', '0.02', '1', '0', '1', '1');
INSERT INTO `creature_loot_template` VALUES ('49660', '55333', '0.02', '1', '0', '1', '1');
INSERT INTO `creature_loot_template` VALUES ('49660', '55340', '0.02', '1', '0', '1', '1');
INSERT INTO `creature_loot_template` VALUES ('49660', '55341', '0.01', '1', '0', '1', '1');
INSERT INTO `creature_loot_template` VALUES ('49660', '55342', '0.02', '1', '0', '1', '1');
INSERT INTO `creature_loot_template` VALUES ('49660', '55349', '0.02', '1', '0', '1', '1');
INSERT INTO `creature_loot_template` VALUES ('49660', '55350', '0.02', '1', '0', '1', '1');
INSERT INTO `creature_loot_template` VALUES ('49660', '55351', '0.02', '1', '0', '1', '1');
INSERT INTO `creature_loot_template` VALUES ('49660', '55358', '9', '1', '0', '1', '1');
INSERT INTO `creature_loot_template` VALUES ('49660', '55359', '6', '1', '0', '1', '1');
INSERT INTO `creature_loot_template` VALUES ('49660', '55360', '0.01', '1', '0', '1', '1');
INSERT INTO `creature_loot_template` VALUES ('49660', '55367', '0.04', '1', '0', '1', '1');
INSERT INTO `creature_loot_template` VALUES ('49660', '55368', '0.05', '1', '0', '1', '1');
INSERT INTO `creature_loot_template` VALUES ('49660', '55369', '0.04', '1', '0', '1', '1');
INSERT INTO `creature_loot_template` VALUES ('49660', '55376', '0.03', '1', '0', '1', '1');
INSERT INTO `creature_loot_template` VALUES ('49660', '55377', '0.03', '1', '0', '1', '1');
INSERT INTO `creature_loot_template` VALUES ('49660', '55378', '0.03', '1', '0', '1', '1');
INSERT INTO `creature_loot_template` VALUES ('49660', '55385', '0.02', '1', '0', '1', '1');
INSERT INTO `creature_loot_template` VALUES ('49660', '55386', '0.02', '1', '0', '1', '1');
INSERT INTO `creature_loot_template` VALUES ('49660', '55387', '0.03', '1', '0', '1', '1');
INSERT INTO `creature_loot_template` VALUES ('49660', '55394', '0.02', '1', '0', '1', '1');
INSERT INTO `creature_loot_template` VALUES ('49660', '55395', '0.01', '1', '0', '1', '1');
INSERT INTO `creature_loot_template` VALUES ('49660', '55396', '0.01', '1', '0', '1', '1');
INSERT INTO `creature_loot_template` VALUES ('49660', '55403', '0.05', '1', '0', '1', '1');
INSERT INTO `creature_loot_template` VALUES ('49660', '55404', '0.07', '1', '0', '1', '1');
INSERT INTO `creature_loot_template` VALUES ('49660', '55405', '0.07', '1', '0', '1', '1');
INSERT INTO `creature_loot_template` VALUES ('49660', '55412', '0.01', '1', '0', '1', '1');
INSERT INTO `creature_loot_template` VALUES ('49660', '55413', '0.02', '1', '0', '1', '1');
INSERT INTO `creature_loot_template` VALUES ('49660', '55414', '0.01', '1', '0', '1', '1');
INSERT INTO `creature_loot_template` VALUES ('49660', '55421', '0.13', '1', '0', '1', '1');
INSERT INTO `creature_loot_template` VALUES ('49660', '55422', '0.13', '1', '0', '1', '1');
INSERT INTO `creature_loot_template` VALUES ('49660', '55423', '0.11', '1', '0', '1', '1');
INSERT INTO `creature_loot_template` VALUES ('49660', '55430', '0.02', '1', '0', '1', '1');
INSERT INTO `creature_loot_template` VALUES ('49660', '55431', '0.02', '1', '0', '1', '1');
INSERT INTO `creature_loot_template` VALUES ('49660', '55432', '0.04', '1', '0', '1', '1');
INSERT INTO `creature_loot_template` VALUES ('49660', '55439', '0.08', '1', '0', '1', '1');
INSERT INTO `creature_loot_template` VALUES ('49660', '55440', '0.09', '1', '0', '1', '1');
INSERT INTO `creature_loot_template` VALUES ('49660', '55441', '0.11', '1', '0', '1', '1');
INSERT INTO `creature_loot_template` VALUES ('49660', '55448', '0.02', '1', '0', '1', '1');
INSERT INTO `creature_loot_template` VALUES ('49660', '55449', '0.02', '1', '0', '1', '1');
INSERT INTO `creature_loot_template` VALUES ('49660', '55450', '0.02', '1', '0', '1', '1');
INSERT INTO `creature_loot_template` VALUES ('49660', '55457', '0.03', '1', '0', '1', '1');
INSERT INTO `creature_loot_template` VALUES ('49660', '55458', '0.03', '1', '0', '1', '1');
INSERT INTO `creature_loot_template` VALUES ('49660', '55459', '0.02', '1', '0', '1', '1');
INSERT INTO `creature_loot_template` VALUES ('49660', '55466', '0.01', '1', '0', '1', '1');
INSERT INTO `creature_loot_template` VALUES ('49660', '55467', '0.01', '1', '0', '1', '1');
INSERT INTO `creature_loot_template` VALUES ('49660', '55468', '0.01', '1', '0', '1', '1');
INSERT INTO `creature_loot_template` VALUES ('49660', '55484', '0.06', '1', '0', '1', '1');
INSERT INTO `creature_loot_template` VALUES ('49660', '55485', '0.06', '1', '0', '1', '1');
INSERT INTO `creature_loot_template` VALUES ('49660', '55486', '0.05', '1', '0', '1', '1');
INSERT INTO `creature_loot_template` VALUES ('49660', '55493', '0.04', '1', '0', '1', '1');
INSERT INTO `creature_loot_template` VALUES ('49660', '55494', '0.04', '1', '0', '1', '1');
INSERT INTO `creature_loot_template` VALUES ('49660', '55495', '0.04', '1', '0', '1', '1');
INSERT INTO `creature_loot_template` VALUES ('49660', '55502', '0.04', '1', '0', '1', '1');
INSERT INTO `creature_loot_template` VALUES ('49660', '55503', '0.04', '1', '0', '1', '1');
INSERT INTO `creature_loot_template` VALUES ('49660', '55504', '0.03', '1', '0', '1', '1');
INSERT INTO `creature_loot_template` VALUES ('49660', '55511', '0.04', '1', '0', '1', '1');
INSERT INTO `creature_loot_template` VALUES ('49660', '55512', '0.06', '1', '0', '1', '1');
INSERT INTO `creature_loot_template` VALUES ('49660', '55513', '0.05', '1', '0', '1', '1');
INSERT INTO `creature_loot_template` VALUES ('49660', '55520', '0.05', '1', '0', '1', '1');
INSERT INTO `creature_loot_template` VALUES ('49660', '55521', '0.04', '1', '0', '1', '1');
INSERT INTO `creature_loot_template` VALUES ('49660', '55522', '0.05', '1', '0', '1', '1');
INSERT INTO `creature_loot_template` VALUES ('49660', '55529', '0.03', '1', '0', '1', '1');
INSERT INTO `creature_loot_template` VALUES ('49660', '55530', '0.05', '1', '0', '1', '1');
INSERT INTO `creature_loot_template` VALUES ('49660', '55531', '0.04', '1', '0', '1', '1');
INSERT INTO `creature_loot_template` VALUES ('49660', '55538', '0.05', '1', '0', '1', '1');
INSERT INTO `creature_loot_template` VALUES ('49660', '55539', '0.05', '1', '0', '1', '1');
INSERT INTO `creature_loot_template` VALUES ('49660', '55540', '0.05', '1', '0', '1', '1');
INSERT INTO `creature_loot_template` VALUES ('49660', '55547', '0.04', '1', '0', '1', '1');
INSERT INTO `creature_loot_template` VALUES ('49660', '55548', '0.04', '1', '0', '1', '1');
INSERT INTO `creature_loot_template` VALUES ('49660', '55549', '0.04', '1', '0', '1', '1');
INSERT INTO `creature_loot_template` VALUES ('49660', '55556', '0.04', '1', '0', '1', '1');
INSERT INTO `creature_loot_template` VALUES ('49660', '55557', '0.03', '1', '0', '1', '1');
INSERT INTO `creature_loot_template` VALUES ('49660', '55558', '0.05', '1', '0', '1', '1');
INSERT INTO `creature_loot_template` VALUES ('49660', '55565', '0.03', '1', '0', '1', '1');
INSERT INTO `creature_loot_template` VALUES ('49660', '55566', '0.04', '1', '0', '1', '1');
INSERT INTO `creature_loot_template` VALUES ('49660', '55567', '0.04', '1', '0', '1', '1');
INSERT INTO `creature_loot_template` VALUES ('49660', '55574', '0.03', '1', '0', '1', '1');
INSERT INTO `creature_loot_template` VALUES ('49660', '55575', '0.03', '1', '0', '1', '1');
INSERT INTO `creature_loot_template` VALUES ('49660', '55576', '0.05', '1', '0', '1', '1');
INSERT INTO `creature_loot_template` VALUES ('49660', '55583', '0.04', '1', '0', '1', '1');
INSERT INTO `creature_loot_template` VALUES ('49660', '55584', '0.05', '1', '0', '1', '1');
INSERT INTO `creature_loot_template` VALUES ('49660', '55585', '0.04', '1', '0', '1', '1');
INSERT INTO `creature_loot_template` VALUES ('49660', '55592', '0.03', '1', '0', '1', '1');
INSERT INTO `creature_loot_template` VALUES ('49660', '55593', '0.04', '1', '0', '1', '1');
INSERT INTO `creature_loot_template` VALUES ('49660', '55594', '0.04', '1', '0', '1', '1');
INSERT INTO `creature_loot_template` VALUES ('49660', '55601', '0.04', '1', '0', '1', '1');
INSERT INTO `creature_loot_template` VALUES ('49660', '55602', '0.05', '1', '0', '1', '1');
INSERT INTO `creature_loot_template` VALUES ('49660', '55603', '0.04', '1', '0', '1', '1');
INSERT INTO `creature_loot_template` VALUES ('49660', '55610', '0.04', '1', '0', '1', '1');
INSERT INTO `creature_loot_template` VALUES ('49660', '55611', '0.06', '1', '0', '1', '1');
INSERT INTO `creature_loot_template` VALUES ('49660', '55612', '0.04', '1', '0', '1', '1');
INSERT INTO `creature_loot_template` VALUES ('49660', '55619', '0.05', '1', '0', '1', '1');
INSERT INTO `creature_loot_template` VALUES ('49660', '55620', '0.04', '1', '0', '1', '1');
INSERT INTO `creature_loot_template` VALUES ('49660', '55621', '0.05', '1', '0', '1', '1');
INSERT INTO `creature_loot_template` VALUES ('49660', '55628', '0.04', '1', '0', '1', '1');
INSERT INTO `creature_loot_template` VALUES ('49660', '55629', '0.05', '1', '0', '1', '1');
INSERT INTO `creature_loot_template` VALUES ('49660', '55630', '0.03', '1', '0', '1', '1');
INSERT INTO `creature_loot_template` VALUES ('49660', '55637', '0.03', '1', '0', '1', '1');
INSERT INTO `creature_loot_template` VALUES ('49660', '55638', '0.04', '1', '0', '1', '1');
INSERT INTO `creature_loot_template` VALUES ('49660', '55639', '0.04', '1', '0', '1', '1');
INSERT INTO `creature_loot_template` VALUES ('49660', '55646', '0.03', '1', '0', '1', '1');
INSERT INTO `creature_loot_template` VALUES ('49660', '55647', '0.03', '1', '0', '1', '1');
INSERT INTO `creature_loot_template` VALUES ('49660', '55648', '0.04', '1', '0', '1', '1');
INSERT INTO `creature_loot_template` VALUES ('49660', '55655', '0.05', '1', '0', '1', '1');
INSERT INTO `creature_loot_template` VALUES ('49660', '55656', '0.03', '1', '0', '1', '1');
INSERT INTO `creature_loot_template` VALUES ('49660', '55657', '0.04', '1', '0', '1', '1');
INSERT INTO `creature_loot_template` VALUES ('49660', '55664', '0.05', '1', '0', '1', '1');
INSERT INTO `creature_loot_template` VALUES ('49660', '55665', '0.04', '1', '0', '1', '1');
INSERT INTO `creature_loot_template` VALUES ('49660', '55666', '0.05', '1', '0', '1', '1');
INSERT INTO `creature_loot_template` VALUES ('49660', '55673', '0.03', '1', '0', '1', '1');
INSERT INTO `creature_loot_template` VALUES ('49660', '55674', '0.04', '1', '0', '1', '1');
INSERT INTO `creature_loot_template` VALUES ('49660', '55675', '0.05', '1', '0', '1', '1');
INSERT INTO `creature_loot_template` VALUES ('49660', '55682', '0.04', '1', '0', '1', '1');
INSERT INTO `creature_loot_template` VALUES ('49660', '55683', '0.04', '1', '0', '1', '1');
INSERT INTO `creature_loot_template` VALUES ('49660', '55684', '0.05', '1', '0', '1', '1');
INSERT INTO `creature_loot_template` VALUES ('49660', '55691', '0.04', '1', '0', '1', '1');
INSERT INTO `creature_loot_template` VALUES ('49660', '55692', '0.05', '1', '0', '1', '1');
INSERT INTO `creature_loot_template` VALUES ('49660', '55693', '0.04', '1', '0', '1', '1');
INSERT INTO `creature_loot_template` VALUES ('49660', '55700', '0.04', '1', '0', '1', '1');
INSERT INTO `creature_loot_template` VALUES ('49660', '55701', '0.03', '1', '0', '1', '1');
INSERT INTO `creature_loot_template` VALUES ('49660', '55702', '0.04', '1', '0', '1', '1');
INSERT INTO `creature_loot_template` VALUES ('49660', '55709', '0.04', '1', '0', '1', '1');
INSERT INTO `creature_loot_template` VALUES ('49660', '55710', '0.06', '1', '0', '1', '1');
INSERT INTO `creature_loot_template` VALUES ('49660', '55711', '0.06', '1', '0', '1', '1');
INSERT INTO `creature_loot_template` VALUES ('49660', '55718', '0.06', '1', '0', '1', '1');
INSERT INTO `creature_loot_template` VALUES ('49660', '55719', '0.06', '1', '0', '1', '1');
INSERT INTO `creature_loot_template` VALUES ('49660', '55720', '0.05', '1', '0', '1', '1');
INSERT INTO `creature_loot_template` VALUES ('49660', '55727', '0.06', '1', '0', '1', '1');
INSERT INTO `creature_loot_template` VALUES ('49660', '55728', '0.06', '1', '0', '1', '1');
INSERT INTO `creature_loot_template` VALUES ('49660', '55729', '5.06', '1', '0', '1', '1');
INSERT INTO `creature_loot_template` VALUES ('49660', '55736', '5.07', '1', '0', '1', '1');
INSERT INTO `creature_loot_template` VALUES ('49660', '55737', '5.05', '1', '0', '1', '1');
INSERT INTO `creature_loot_template` VALUES ('49660', '55738', '5.06', '1', '0', '1', '1');
INSERT INTO `creature_loot_template` VALUES ('49660', '55745', '5.06', '1', '0', '1', '1');
INSERT INTO `creature_loot_template` VALUES ('49660', '55746', '5.06', '1', '0', '1', '1');
INSERT INTO `creature_loot_template` VALUES ('49660', '55747', '5.06', '1', '0', '1', '1');
INSERT INTO `creature_loot_template` VALUES ('49660', '55754', '5.05', '1', '0', '1', '1');
INSERT INTO `creature_loot_template` VALUES ('49660', '55755', '5.07', '1', '0', '1', '1');
INSERT INTO `creature_loot_template` VALUES ('49660', '55756', '5.05', '1', '0', '1', '1');
INSERT INTO `creature_loot_template` VALUES ('49660', '55763', '5.06', '1', '0', '1', '1');
INSERT INTO `creature_loot_template` VALUES ('49660', '55764', '5.05', '1', '0', '1', '1');
INSERT INTO `creature_loot_template` VALUES ('49660', '55765', '5.06', '1', '0', '1', '1');
INSERT INTO `creature_loot_template` VALUES ('49660', '55772', '5.05', '1', '0', '1', '1');
INSERT INTO `creature_loot_template` VALUES ('49660', '55773', '5.05', '1', '0', '1', '1');
INSERT INTO `creature_loot_template` VALUES ('49660', '55774', '5.06', '1', '0', '1', '1');
INSERT INTO `creature_loot_template` VALUES ('49660', '62105', '5.05', '1', '0', '1', '1');
INSERT INTO `creature_loot_template` VALUES ('49660', '62106', '5.06', '1', '0', '1', '1');
INSERT INTO `creature_loot_template` VALUES ('49660', '62107', '5.07', '1', '0', '1', '1');
INSERT INTO `creature_loot_template` VALUES ('49660', '62108', '5.05', '1', '0', '1', '1');
INSERT INTO `creature_loot_template` VALUES ('49660', '62109', '5.05', '1', '0', '1', '1');
INSERT INTO `creature_loot_template` VALUES ('49660', '62110', '5.05', '1', '0', '1', '1');
INSERT INTO `creature_loot_template` VALUES ('49660', '62111', '5.05', '1', '0', '1', '1');
INSERT INTO `creature_loot_template` VALUES ('49660', '62112', '5.06', '1', '0', '1', '1');
INSERT INTO `creature_loot_template` VALUES ('49660', '62113', '5.06', '1', '0', '1', '1');
INSERT INTO `creature_loot_template` VALUES ('49660', '62114', '5.04', '1', '0', '1', '1');
INSERT INTO `creature_loot_template` VALUES ('49660', '62115', '5.04', '1', '0', '1', '1');
INSERT INTO `creature_loot_template` VALUES ('49660', '62116', '5.06', '1', '0', '1', '1');
INSERT INTO `creature_loot_template` VALUES ('49660', '62117', '5.05', '1', '0', '1', '1');
INSERT INTO `creature_loot_template` VALUES ('49660', '62118', '5.05', '1', '0', '1', '1');
INSERT INTO `creature_loot_template` VALUES ('49660', '62119', '5.04', '1', '0', '1', '1');
INSERT INTO `creature_loot_template` VALUES ('49660', '62120', '5.04', '1', '0', '1', '1');
INSERT INTO `creature_loot_template` VALUES ('49660', '62121', '5.06', '1', '0', '1', '1');
INSERT INTO `creature_loot_template` VALUES ('49660', '62122', '5.05', '1', '0', '1', '1');
INSERT INTO `creature_loot_template` VALUES ('49660', '62123', '5.05', '1', '0', '1', '1');
INSERT INTO `creature_loot_template` VALUES ('49660', '62124', '5.05', '1', '0', '1', '1');
INSERT INTO `creature_loot_template` VALUES ('49660', '62125', '5.05', '1', '0', '1', '1');
INSERT INTO `creature_loot_template` VALUES ('49660', '62126', '5.05', '1', '0', '1', '1');
INSERT INTO `creature_loot_template` VALUES ('49660', '62127', '5.06', '1', '0', '1', '1');
INSERT INTO `creature_loot_template` VALUES ('49660', '62128', '5.05', '1', '0', '1', '1');
INSERT INTO `creature_loot_template` VALUES ('49660', '62129', '5.04', '1', '0', '1', '1');
INSERT INTO `creature_loot_template` VALUES ('49660', '62130', '5.04', '1', '0', '1', '1');
INSERT INTO `creature_loot_template` VALUES ('49660', '62131', '5.05', '1', '0', '1', '1');
INSERT INTO `creature_loot_template` VALUES ('49660', '62132', '5.05', '1', '0', '1', '1');
INSERT INTO `creature_loot_template` VALUES ('49660', '62133', '5.05', '1', '0', '1', '1');
INSERT INTO `creature_loot_template` VALUES ('49660', '62134', '5.05', '1', '0', '1', '1');
INSERT INTO `creature_loot_template` VALUES ('49660', '62135', '5.06', '1', '0', '1', '1');
INSERT INTO `creature_loot_template` VALUES ('49660', '62136', '5.05', '1', '0', '1', '1');
INSERT INTO `creature_loot_template` VALUES ('49660', '66931', '5', '1', '0', '1', '1');
INSERT INTO `creature_loot_template` VALUES ('49660', '66932', '5', '1', '0', '1', '1');
INSERT INTO `creature_loot_template` VALUES ('49660', '66941', '5', '1', '0', '1', '1');
INSERT INTO `creature_loot_template` VALUES ('49660', '66942', '5', '1', '0', '1', '1');
INSERT INTO `creature_loot_template` VALUES ('49660', '66968', '5', '1', '0', '1', '1');
INSERT INTO `creature_loot_template` VALUES ('49660', '66969', '5', '1', '0', '1', '1');
INSERT INTO `creature_loot_template` VALUES ('49660', '66970', '5', '1', '0', '1', '1');
INSERT INTO `creature_loot_template` VALUES ('49660', '66971', '5', '1', '0', '1', '1');
INSERT INTO `creature_loot_template` VALUES ('49660', '66972', '5.01', '1', '0', '1', '1');
INSERT INTO `creature_loot_template` VALUES ('49660', '66973', '5', '1', '0', '1', '1');
INSERT INTO `creature_loot_template` VALUES ('49660', '66974', '5.01', '1', '0', '1', '1');
INSERT INTO `creature_loot_template` VALUES ('49660', '66975', '5', '1', '0', '1', '1');
INSERT INTO `creature_loot_template` VALUES ('49660', '66989', '5', '1', '0', '1', '1');
INSERT INTO `creature_loot_template` VALUES ('49660', '66990', '5', '1', '0', '1', '1');
INSERT INTO `creature_loot_template` VALUES ('49660', '66991', '5', '1', '0', '1', '1');
INSERT INTO `creature_loot_template` VALUES ('49660', '66992', '5', '1', '0', '1', '1');
INSERT INTO `creature_loot_template` VALUES ('49660', '66993', '5', '1', '0', '1', '1');
INSERT INTO `creature_loot_template` VALUES ('49660', '66994', '5', '1', '0', '1', '1');
INSERT INTO `creature_loot_template` VALUES ('49660', '67057', '5', '1', '0', '1', '1');
INSERT INTO `creature_loot_template` VALUES ('49660', '67069', '5', '1', '0', '1', '1');
INSERT INTO `creature_loot_template` VALUES ('49660', '67071', '5', '1', '0', '1', '1');
INSERT INTO `creature_loot_template` VALUES ('49660', '67119', '5.01', '1', '0', '1', '1');
INSERT INTO `creature_loot_template` VALUES ('49660', '67120', '5', '1', '0', '1', '1');
INSERT INTO `creature_loot_template` VALUES ('49660', '67121', '5', '1', '0', '1', '1');
INSERT INTO `creature_loot_template` VALUES ('49660', '67122', '5', '1', '0', '1', '1');
INSERT INTO `creature_loot_template` VALUES ('49660', '67125', '5', '1', '0', '1', '1');
INSERT INTO `creature_loot_template` VALUES ('49660', '67126', '5', '1', '0', '1', '1');
INSERT INTO `creature_loot_template` VALUES ('49660', '67127', '5', '1', '0', '1', '1');
INSERT INTO `creature_loot_template` VALUES ('49660', '67134', '5', '1', '0', '1', '1');
INSERT INTO `creature_loot_template` VALUES ('49660', '67142', '5', '1', '0', '1', '1');
INSERT INTO `creature_loot_template` VALUES ('49660', '67146', '5.01', '1', '0', '1', '1');
INSERT INTO `creature_loot_template` VALUES ('49660', '67148', '5', '1', '0', '1', '1');
INSERT INTO `creature_loot_template` VALUES ('49660', '68729', '5.36', '1', '0', '1', '1');
INSERT INTO `creature_loot_template` VALUES ('49660', '68781', '5', '1', '0', '1', '1');
UPDATE `creature_template` SET lootid='49660' WHERE entry='49660';

-- http://www.wowhead.com/npc=42810 and heroic 49647
DELETE FROM `creature_template` WHERE `entry`=42810;
INSERT INTO `creature_template` ( `entry`, `difficulty_entry_1`, `difficulty_entry_2`, `difficulty_entry_3`, `KillCredit1`, `KillCredit2`, `modelid1`, `modelid2`, `modelid3`, `modelid4`, `name`, `subname`, `IconName`, `gossip_menu_id`, `minlevel`, `maxlevel`, `exp`, `faction_A`, `faction_H`, `npcflag`, `speed_walk`, `speed_run`, `scale`, `rank`, `mindmg`, `maxdmg`, `dmgschool`, `attackpower`, `dmg_multiplier`, `baseattacktime`, `rangeattacktime`, `unit_class`, `unit_flags`, `dynamicflags`, `family`, `trainer_type`, `trainer_spell`, `trainer_class`, `trainer_race`, `minrangedmg`, `maxrangedmg`, `rangedattackpower`, `type`, `type_flags`, `lootid`, `pickpocketloot`, `skinloot`, `resistance1`, `resistance2`, `resistance3`, `resistance4`, `resistance5`, `resistance6`, `spell1`, `spell2`, `spell3`, `spell4`, `spell5`, `spell6`, `spell7`, `spell8`, `PetSpellDataId`, `VehicleId`, `mingold`, `maxgold`, `AIName`, `MovementType`, `InhabitType`, `Health_mod`, `Mana_mod`, `Armor_mod`, `RacialLeader`, `questItem1`, `questItem2`, `questItem3`, `questItem4`, `questItem5`, `questItem6`, `movementId`, `RegenHealth`, `equipment_id`, `mechanic_immune_mask`, `flags_extra`, `ScriptName`, `WDBVerified`) VALUES ( 42810, 0, 0, 0, 0, 0, 19688, 0, 0, 0, "Crystalspawn Giant", "", "", 0, 83, 86, 3, 16, 16, 0, 1.2, 1.4, 1.0, 1, 817, 942, 0, 1327, 9.5, 2000, 2000, 1, 64, 0, 0, 0, 0, 0, 0, 817, 942, 1327, 4, 524, 42810, 0, 0, 0, 0, 0, 0, 0, 0, 0, 0, 0, 0, 0, 0, 0, 0, 0, 0, 10154, 10757, "SmartAI", 0, 1, 6.6938, 0.0, 1.0, 0, 52506, 0, 0, 0, 0, 0, 0, 1, 0, 0, 0, "npc_crystalspawn_giant", "13623");
DELETE FROM `creature_template` WHERE `entry`=49647;
INSERT INTO `creature_template` ( `entry`, `difficulty_entry_1`, `difficulty_entry_2`, `difficulty_entry_3`, `KillCredit1`, `KillCredit2`, `modelid1`, `modelid2`, `modelid3`, `modelid4`, `name`, `subname`, `IconName`, `gossip_menu_id`, `minlevel`, `maxlevel`, `exp`, `faction_A`, `faction_H`, `npcflag`, `speed_walk`, `speed_run`, `scale`, `rank`, `mindmg`, `maxdmg`, `dmgschool`, `attackpower`, `dmg_multiplier`, `baseattacktime`, `rangeattacktime`, `unit_class`, `unit_flags`, `dynamicflags`, `family`, `trainer_type`, `trainer_spell`, `trainer_class`, `trainer_race`, `minrangedmg`, `maxrangedmg`, `rangedattackpower`, `type`, `type_flags`, `lootid`, `pickpocketloot`, `skinloot`, `resistance1`, `resistance2`, `resistance3`, `resistance4`, `resistance5`, `resistance6`, `spell1`, `spell2`, `spell3`, `spell4`, `spell5`, `spell6`, `spell7`, `spell8`, `PetSpellDataId`, `VehicleId`, `mingold`, `maxgold`, `AIName`, `MovementType`, `InhabitType`, `Health_mod`, `Mana_mod`, `Armor_mod`, `RacialLeader`, `questItem1`, `questItem2`, `questItem3`, `questItem4`, `questItem5`, `questItem6`, `movementId`, `RegenHealth`, `equipment_id`, `mechanic_immune_mask`, `flags_extra`, `ScriptName`, `WDBVerified`) VALUES ( 49647, 0, 0, 0, 0, 0, 19688, 0, 0, 0, "Crystalspawn Giant (H)", "", "", 0, 83, 86, 3, 16, 16, 0, 1.2, 1.4, 1.0, 1, 961, 1024, 0, 1327, 11.9, 2000, 2000, 1, 64, 0, 0, 0, 0, 0, 0, 961, 1024, 1327, 4, 524, 49647, 0, 0, 0, 0, 0, 0, 0, 0, 0, 0, 0, 0, 0, 0, 0, 0, 0, 0, 10154, 10757, "SmartAI", 0, 1, 15.0, 0.0, 1.0, 0, 52506, 0, 0, 0, 0, 0, 0, 1, 0, 0, 0, "npc_crystalspawn_giant", "13623");
DELETE FROM `creature_loot_template` WHERE entry='49647';
INSERT INTO `creature_loot_template` VALUES ('49647', '52363', '0.02', '1', '0', '1', '1');
INSERT INTO `creature_loot_template` VALUES ('49647', '52378', '0.01', '1', '0', '1', '1');
INSERT INTO `creature_loot_template` VALUES ('49647', '55287', '0.05', '1', '0', '1', '1');
INSERT INTO `creature_loot_template` VALUES ('49647', '55288', '0.04', '1', '0', '1', '1');
INSERT INTO `creature_loot_template` VALUES ('49647', '55296', '0.05', '1', '0', '1', '1');
INSERT INTO `creature_loot_template` VALUES ('49647', '55297', '0.04', '1', '0', '1', '1');
INSERT INTO `creature_loot_template` VALUES ('49647', '55305', '0.01', '1', '0', '1', '1');
INSERT INTO `creature_loot_template` VALUES ('49647', '55306', '0.01', '1', '0', '1', '1');
INSERT INTO `creature_loot_template` VALUES ('49647', '55314', '0.06', '1', '0', '1', '1');
INSERT INTO `creature_loot_template` VALUES ('49647', '55315', '0.05', '1', '0', '1', '1');
INSERT INTO `creature_loot_template` VALUES ('49647', '55323', '0.01', '1', '0', '1', '1');
INSERT INTO `creature_loot_template` VALUES ('49647', '55324', '8', '1', '0', '1', '1');
INSERT INTO `creature_loot_template` VALUES ('49647', '55332', '0.04', '1', '0', '1', '1');
INSERT INTO `creature_loot_template` VALUES ('49647', '55333', '0.03', '1', '0', '1', '1');
INSERT INTO `creature_loot_template` VALUES ('49647', '55341', '0.03', '1', '0', '1', '1');
INSERT INTO `creature_loot_template` VALUES ('49647', '55342', '0.04', '1', '0', '1', '1');
INSERT INTO `creature_loot_template` VALUES ('49647', '55350', '0.05', '1', '0', '1', '1');
INSERT INTO `creature_loot_template` VALUES ('49647', '55351', '0.05', '1', '0', '1', '1');
INSERT INTO `creature_loot_template` VALUES ('49647', '55359', '0.01', '1', '0', '1', '1');
INSERT INTO `creature_loot_template` VALUES ('49647', '55368', '0.11', '1', '0', '1', '1');
INSERT INTO `creature_loot_template` VALUES ('49647', '55369', '0.1', '1', '0', '1', '1');
INSERT INTO `creature_loot_template` VALUES ('49647', '55377', '0.06', '1', '0', '1', '1');
INSERT INTO `creature_loot_template` VALUES ('49647', '55378', '0.05', '1', '0', '1', '1');
INSERT INTO `creature_loot_template` VALUES ('49647', '55386', '0.06', '1', '0', '1', '1');
INSERT INTO `creature_loot_template` VALUES ('49647', '55387', '0.04', '1', '0', '1', '1');
INSERT INTO `creature_loot_template` VALUES ('49647', '55395', '0.04', '1', '0', '1', '1');
INSERT INTO `creature_loot_template` VALUES ('49647', '55396', '0.03', '1', '0', '1', '1');
INSERT INTO `creature_loot_template` VALUES ('49647', '55404', '0.15', '1', '0', '1', '1');
INSERT INTO `creature_loot_template` VALUES ('49647', '55405', '0.1', '1', '0', '1', '1');
INSERT INTO `creature_loot_template` VALUES ('49647', '55413', '0.04', '1', '0', '1', '1');
INSERT INTO `creature_loot_template` VALUES ('49647', '55414', '0.03', '1', '0', '1', '1');
INSERT INTO `creature_loot_template` VALUES ('49647', '55422', '0.25', '1', '0', '1', '1');
INSERT INTO `creature_loot_template` VALUES ('49647', '55423', '0.26', '1', '0', '1', '1');
INSERT INTO `creature_loot_template` VALUES ('49647', '55431', '0.07', '1', '0', '1', '1');
INSERT INTO `creature_loot_template` VALUES ('49647', '55432', '0.06', '1', '0', '1', '1');
INSERT INTO `creature_loot_template` VALUES ('49647', '55440', '0.21', '1', '0', '1', '1');
INSERT INTO `creature_loot_template` VALUES ('49647', '55441', '0.19', '1', '0', '1', '1');
INSERT INTO `creature_loot_template` VALUES ('49647', '55449', '0.04', '1', '0', '1', '1');
INSERT INTO `creature_loot_template` VALUES ('49647', '55450', '0.03', '1', '0', '1', '1');
INSERT INTO `creature_loot_template` VALUES ('49647', '55458', '0.04', '1', '0', '1', '1');
INSERT INTO `creature_loot_template` VALUES ('49647', '55459', '0.05', '1', '0', '1', '1');
INSERT INTO `creature_loot_template` VALUES ('49647', '55467', '0.02', '1', '0', '1', '1');
INSERT INTO `creature_loot_template` VALUES ('49647', '55468', '0.03', '1', '0', '1', '1');
INSERT INTO `creature_loot_template` VALUES ('49647', '55485', '0.12', '1', '0', '1', '1');
INSERT INTO `creature_loot_template` VALUES ('49647', '55486', '0.13', '1', '0', '1', '1');
INSERT INTO `creature_loot_template` VALUES ('49647', '55494', '0.09', '1', '0', '1', '1');
INSERT INTO `creature_loot_template` VALUES ('49647', '55495', '0.08', '1', '0', '1', '1');
INSERT INTO `creature_loot_template` VALUES ('49647', '55503', '0.06', '1', '0', '1', '1');
INSERT INTO `creature_loot_template` VALUES ('49647', '55504', '0.08', '1', '0', '1', '1');
INSERT INTO `creature_loot_template` VALUES ('49647', '55512', '0.09', '1', '0', '1', '1');
INSERT INTO `creature_loot_template` VALUES ('49647', '55513', '0.09', '1', '0', '1', '1');
INSERT INTO `creature_loot_template` VALUES ('49647', '55521', '0.08', '1', '0', '1', '1');
INSERT INTO `creature_loot_template` VALUES ('49647', '55522', '0.1', '1', '0', '1', '1');
INSERT INTO `creature_loot_template` VALUES ('49647', '55530', '0.14', '1', '0', '1', '1');
INSERT INTO `creature_loot_template` VALUES ('49647', '55531', '0.1', '1', '0', '1', '1');
INSERT INTO `creature_loot_template` VALUES ('49647', '55539', '0.09', '1', '0', '1', '1');
INSERT INTO `creature_loot_template` VALUES ('49647', '55540', '0.1', '1', '0', '1', '1');
INSERT INTO `creature_loot_template` VALUES ('49647', '55548', '0.08', '1', '0', '1', '1');
INSERT INTO `creature_loot_template` VALUES ('49647', '55549', '0.09', '1', '0', '1', '1');
INSERT INTO `creature_loot_template` VALUES ('49647', '55557', '0.09', '1', '0', '1', '1');
INSERT INTO `creature_loot_template` VALUES ('49647', '55558', '0.08', '1', '0', '1', '1');
INSERT INTO `creature_loot_template` VALUES ('49647', '55566', '0.1', '1', '0', '1', '1');
INSERT INTO `creature_loot_template` VALUES ('49647', '55567', '0.08', '1', '0', '1', '1');
INSERT INTO `creature_loot_template` VALUES ('49647', '55575', '0.11', '1', '0', '1', '1');
INSERT INTO `creature_loot_template` VALUES ('49647', '55576', '0.09', '1', '0', '1', '1');
INSERT INTO `creature_loot_template` VALUES ('49647', '55584', '0.07', '1', '0', '1', '1');
INSERT INTO `creature_loot_template` VALUES ('49647', '55585', '0.09', '1', '0', '1', '1');
INSERT INTO `creature_loot_template` VALUES ('49647', '55593', '0.09', '1', '0', '1', '1');
INSERT INTO `creature_loot_template` VALUES ('49647', '55594', '0.08', '1', '0', '1', '1');
INSERT INTO `creature_loot_template` VALUES ('49647', '55602', '0.09', '1', '0', '1', '1');
INSERT INTO `creature_loot_template` VALUES ('49647', '55603', '0.08', '1', '0', '1', '1');
INSERT INTO `creature_loot_template` VALUES ('49647', '55611', '0.1', '1', '0', '1', '1');
INSERT INTO `creature_loot_template` VALUES ('49647', '55612', '0.11', '1', '0', '1', '1');
INSERT INTO `creature_loot_template` VALUES ('49647', '55620', '0.09', '1', '0', '1', '1');
INSERT INTO `creature_loot_template` VALUES ('49647', '55621', '0.08', '1', '0', '1', '1');
INSERT INTO `creature_loot_template` VALUES ('49647', '55629', '0.08', '1', '0', '1', '1');
INSERT INTO `creature_loot_template` VALUES ('49647', '55630', '0.08', '1', '0', '1', '1');
INSERT INTO `creature_loot_template` VALUES ('49647', '55638', '0.09', '1', '0', '1', '1');
INSERT INTO `creature_loot_template` VALUES ('49647', '55639', '0.08', '1', '0', '1', '1');
INSERT INTO `creature_loot_template` VALUES ('49647', '55647', '0.09', '1', '0', '1', '1');
INSERT INTO `creature_loot_template` VALUES ('49647', '55648', '0.08', '1', '0', '1', '1');
INSERT INTO `creature_loot_template` VALUES ('49647', '55656', '0.08', '1', '0', '1', '1');
INSERT INTO `creature_loot_template` VALUES ('49647', '55657', '0.07', '1', '0', '1', '1');
INSERT INTO `creature_loot_template` VALUES ('49647', '55665', '0.06', '1', '0', '1', '1');
INSERT INTO `creature_loot_template` VALUES ('49647', '55666', '0.07', '1', '0', '1', '1');
INSERT INTO `creature_loot_template` VALUES ('49647', '55674', '0.13', '1', '0', '1', '1');
INSERT INTO `creature_loot_template` VALUES ('49647', '55675', '0.08', '1', '0', '1', '1');
INSERT INTO `creature_loot_template` VALUES ('49647', '55683', '0.16', '1', '0', '1', '1');
INSERT INTO `creature_loot_template` VALUES ('49647', '55684', '0.09', '1', '0', '1', '1');
INSERT INTO `creature_loot_template` VALUES ('49647', '55692', '0.07', '1', '0', '1', '1');
INSERT INTO `creature_loot_template` VALUES ('49647', '55693', '0.08', '1', '0', '1', '1');
INSERT INTO `creature_loot_template` VALUES ('49647', '55701', '0.07', '1', '0', '1', '1');
INSERT INTO `creature_loot_template` VALUES ('49647', '55702', '0.08', '1', '0', '1', '1');
INSERT INTO `creature_loot_template` VALUES ('49647', '55710', '0.11', '1', '0', '1', '1');
INSERT INTO `creature_loot_template` VALUES ('49647', '55711', '0.11', '1', '0', '1', '1');
INSERT INTO `creature_loot_template` VALUES ('49647', '55719', '0.1', '1', '0', '1', '1');
INSERT INTO `creature_loot_template` VALUES ('49647', '55720', '0.11', '1', '0', '1', '1');
INSERT INTO `creature_loot_template` VALUES ('49647', '55728', '0.13', '1', '0', '1', '1');
INSERT INTO `creature_loot_template` VALUES ('49647', '55729', '0.13', '1', '0', '1', '1');
INSERT INTO `creature_loot_template` VALUES ('49647', '55737', '0.13', '1', '0', '1', '1');
INSERT INTO `creature_loot_template` VALUES ('49647', '55738', '0.11', '1', '0', '1', '1');
INSERT INTO `creature_loot_template` VALUES ('49647', '55746', '0.15', '1', '0', '1', '1');
INSERT INTO `creature_loot_template` VALUES ('49647', '55747', '0.12', '1', '0', '1', '1');
INSERT INTO `creature_loot_template` VALUES ('49647', '55755', '0.13', '1', '0', '1', '1');
INSERT INTO `creature_loot_template` VALUES ('49647', '55756', '0.15', '1', '0', '1', '1');
INSERT INTO `creature_loot_template` VALUES ('49647', '55764', '0.13', '1', '0', '1', '1');
INSERT INTO `creature_loot_template` VALUES ('49647', '55765', '0.15', '1', '0', '1', '1');
INSERT INTO `creature_loot_template` VALUES ('49647', '55773', '0.12', '1', '0', '1', '1');
INSERT INTO `creature_loot_template` VALUES ('49647', '55774', '0.11', '1', '0', '1', '1');
INSERT INTO `creature_loot_template` VALUES ('49647', '60486', '1.26', '1', '0', '2', '3');
INSERT INTO `creature_loot_template` VALUES ('49647', '66941', '0.01', '1', '0', '1', '1');
INSERT INTO `creature_loot_template` VALUES ('49647', '66942', '0.01', '1', '0', '1', '1');
INSERT INTO `creature_loot_template` VALUES ('49647', '66972', '0.03', '1', '0', '1', '1');
INSERT INTO `creature_loot_template` VALUES ('49647', '66974', '0.01', '1', '0', '1', '1');
INSERT INTO `creature_loot_template` VALUES ('49647', '66975', '0.01', '1', '0', '1', '1');
INSERT INTO `creature_loot_template` VALUES ('49647', '66992', '0.02', '1', '0', '1', '1');
INSERT INTO `creature_loot_template` VALUES ('49647', '66993', '0.01', '1', '0', '1', '1');
INSERT INTO `creature_loot_template` VALUES ('49647', '66994', '11', '1', '0', '1', '1');
INSERT INTO `creature_loot_template` VALUES ('49647', '67125', '0.01', '1', '0', '1', '1');
INSERT INTO `creature_loot_template` VALUES ('49647', '67127', '0.01', '1', '0', '1', '1');
INSERT INTO `creature_loot_template` VALUES ('49647', '67135', '13', '1', '0', '1', '1');
INSERT INTO `creature_loot_template` VALUES ('49647', '68782', '13', '1', '0', '1', '1');
INSERT INTO `creature_loot_template` VALUES ('49647', '52365', '0.01', '1', '0', '1', '1');
INSERT INTO `creature_loot_template` VALUES ('49647', '52506', '3.34', '1', '0', '1', '1');
INSERT INTO `creature_loot_template` VALUES ('49647', '55822', '0.56', '1', '0', '1', '1');
INSERT INTO `creature_loot_template` VALUES ('49647', '55823', '0.56', '1', '0', '1', '1');
INSERT INTO `creature_loot_template` VALUES ('49647', '55824', '0.63', '1', '0', '1', '1');
INSERT INTO `creature_loot_template` VALUES ('49647', '58256', '2.11', '1', '0', '1', '1');
INSERT INTO `creature_loot_template` VALUES ('49647', '58268', '4.08', '1', '0', '1', '1');
INSERT INTO `creature_loot_template` VALUES ('49647', '62063', '0.32', '1', '0', '1', '1');
INSERT INTO `creature_loot_template` VALUES ('49647', '62064', '0.32', '1', '0', '1', '1');
INSERT INTO `creature_loot_template` VALUES ('49647', '62065', '0.32', '1', '0', '1', '1');
INSERT INTO `creature_loot_template` VALUES ('49647', '62066', '0.33', '1', '0', '1', '1');
INSERT INTO `creature_loot_template` VALUES ('49647', '62067', '0.31', '1', '0', '1', '1');
INSERT INTO `creature_loot_template` VALUES ('49647', '62068', '0.31', '1', '0', '1', '1');
INSERT INTO `creature_loot_template` VALUES ('49647', '62069', '0.26', '1', '0', '1', '1');
INSERT INTO `creature_loot_template` VALUES ('49647', '62070', '0.34', '1', '0', '1', '1');
INSERT INTO `creature_loot_template` VALUES ('49647', '62071', '0.3', '1', '0', '1', '1');
INSERT INTO `creature_loot_template` VALUES ('49647', '62072', '0.31', '1', '0', '1', '1');
INSERT INTO `creature_loot_template` VALUES ('49647', '62105', '0.12', '1', '0', '1', '1');
INSERT INTO `creature_loot_template` VALUES ('49647', '62106', '0.12', '1', '0', '1', '1');
INSERT INTO `creature_loot_template` VALUES ('49647', '62107', '0.16', '1', '0', '1', '1');
INSERT INTO `creature_loot_template` VALUES ('49647', '62108', '0.15', '1', '0', '1', '1');
INSERT INTO `creature_loot_template` VALUES ('49647', '62109', '0.13', '1', '0', '1', '1');
INSERT INTO `creature_loot_template` VALUES ('49647', '62110', '0.15', '1', '0', '1', '1');
INSERT INTO `creature_loot_template` VALUES ('49647', '62111', '0.15', '1', '0', '1', '1');
INSERT INTO `creature_loot_template` VALUES ('49647', '62112', '0.16', '1', '0', '1', '1');
INSERT INTO `creature_loot_template` VALUES ('49647', '62113', '0.15', '1', '0', '1', '1');
INSERT INTO `creature_loot_template` VALUES ('49647', '62114', '0.18', '1', '0', '1', '1');
INSERT INTO `creature_loot_template` VALUES ('49647', '62115', '0.13', '1', '0', '1', '1');
INSERT INTO `creature_loot_template` VALUES ('49647', '62116', '0.14', '1', '0', '1', '1');
INSERT INTO `creature_loot_template` VALUES ('49647', '62117', '0.17', '1', '0', '1', '1');
INSERT INTO `creature_loot_template` VALUES ('49647', '62118', '0.13', '1', '0', '1', '1');
INSERT INTO `creature_loot_template` VALUES ('49647', '62119', '0.12', '1', '0', '1', '1');
INSERT INTO `creature_loot_template` VALUES ('49647', '62120', '0.13', '1', '0', '1', '1');
INSERT INTO `creature_loot_template` VALUES ('49647', '62121', '0.16', '1', '0', '1', '1');
INSERT INTO `creature_loot_template` VALUES ('49647', '62122', '0.12', '1', '0', '1', '1');
INSERT INTO `creature_loot_template` VALUES ('49647', '62123', '0.15', '1', '0', '1', '1');
INSERT INTO `creature_loot_template` VALUES ('49647', '62124', '0.14', '1', '0', '1', '1');
INSERT INTO `creature_loot_template` VALUES ('49647', '62125', '0.15', '1', '0', '1', '1');
INSERT INTO `creature_loot_template` VALUES ('49647', '62126', '0.14', '1', '0', '1', '1');
INSERT INTO `creature_loot_template` VALUES ('49647', '62127', '0.15', '1', '0', '1', '1');
INSERT INTO `creature_loot_template` VALUES ('49647', '62128', '0.15', '1', '0', '1', '1');
INSERT INTO `creature_loot_template` VALUES ('49647', '62129', '0.14', '1', '0', '1', '1');
INSERT INTO `creature_loot_template` VALUES ('49647', '62130', '0.13', '1', '0', '1', '1');
INSERT INTO `creature_loot_template` VALUES ('49647', '62131', '0.15', '1', '0', '1', '1');
INSERT INTO `creature_loot_template` VALUES ('49647', '62132', '0.15', '1', '0', '1', '1');
INSERT INTO `creature_loot_template` VALUES ('49647', '62133', '0.15', '1', '0', '1', '1');
INSERT INTO `creature_loot_template` VALUES ('49647', '62134', '0.15', '1', '0', '1', '1');
INSERT INTO `creature_loot_template` VALUES ('49647', '62135', '0.15', '1', '0', '1', '1');
INSERT INTO `creature_loot_template` VALUES ('49647', '62136', '0.15', '1', '0', '1', '1');
INSERT INTO `creature_loot_template` VALUES ('49647', '67539', '0.04', '1', '0', '1', '1');
INSERT INTO `creature_loot_template` VALUES ('49647', '68729', '0.53', '1', '0', '1', '1');
UPDATE `creature_template` SET lootid='49647' WHERE entry='49647';

-- http://www.wowhead.com/npc=42845 and heroic 
DELETE FROM `creature_template` WHERE `entry`=42845;
INSERT INTO `creature_template` ( `entry`, `difficulty_entry_1`, `difficulty_entry_2`, `difficulty_entry_3`, `KillCredit1`, `KillCredit2`, `modelid1`, `modelid2`, `modelid3`, `modelid4`, `name`, `subname`, `IconName`, `gossip_menu_id`, `minlevel`, `maxlevel`, `exp`, `faction_A`, `faction_H`, `npcflag`, `speed_walk`, `speed_run`, `scale`, `rank`, `mindmg`, `maxdmg`, `dmgschool`, `attackpower`, `dmg_multiplier`, `baseattacktime`, `rangeattacktime`, `unit_class`, `unit_flags`, `dynamicflags`, `family`, `trainer_type`, `trainer_spell`, `trainer_class`, `trainer_race`, `minrangedmg`, `maxrangedmg`, `rangedattackpower`, `type`, `type_flags`, `lootid`, `pickpocketloot`, `skinloot`, `resistance1`, `resistance2`, `resistance3`, `resistance4`, `resistance5`, `resistance6`, `spell1`, `spell2`, `spell3`, `spell4`, `spell5`, `spell6`, `spell7`, `spell8`, `PetSpellDataId`, `VehicleId`, `mingold`, `maxgold`, `AIName`, `MovementType`, `InhabitType`, `Health_mod`, `Mana_mod`, `Armor_mod`, `RacialLeader`, `questItem1`, `questItem2`, `questItem3`, `questItem4`, `questItem5`, `questItem6`, `movementId`, `RegenHealth`, `equipment_id`, `mechanic_immune_mask`, `flags_extra`, `ScriptName`, `WDBVerified`) VALUES ( 42845, 0, 0, 0, 0, 0, 33863, 0, 0, 0, "Rock Borer", "", "", 0, 82, 85, 3, 16, 16, 0, 4.8, 1.71429, 1.0, 0, 509, 683, 0, 805, 5.8, 2000, 2000, 1, 0, 0, 55, 0, 0, 0, 0, 509, 683, 805, 1, 65549, 0, 0, 0, 0, 0, 0, 0, 0, 0, 80028, 0, 0, 0, 0, 0, 0, 0, 0, 0, 0, 0, "SmartAI", 0, 1, 0.0155, 0.0, 1.0, 0, 0, 0, 0, 0, 0, 0, 0, 1, 0, 0, 0, "mob_rock_borer", "13623");
DELETE FROM `creature_template` WHERE `entry`=49655;
INSERT INTO `creature_template` ( `entry`, `difficulty_entry_1`, `difficulty_entry_2`, `difficulty_entry_3`, `KillCredit1`, `KillCredit2`, `modelid1`, `modelid2`, `modelid3`, `modelid4`, `name`, `subname`, `IconName`, `gossip_menu_id`, `minlevel`, `maxlevel`, `exp`, `faction_A`, `faction_H`, `npcflag`, `speed_walk`, `speed_run`, `scale`, `rank`, `mindmg`, `maxdmg`, `dmgschool`, `attackpower`, `dmg_multiplier`, `baseattacktime`, `rangeattacktime`, `unit_class`, `unit_flags`, `dynamicflags`, `family`, `trainer_type`, `trainer_spell`, `trainer_class`, `trainer_race`, `minrangedmg`, `maxrangedmg`, `rangedattackpower`, `type`, `type_flags`, `lootid`, `pickpocketloot`, `skinloot`, `resistance1`, `resistance2`, `resistance3`, `resistance4`, `resistance5`, `resistance6`, `spell1`, `spell2`, `spell3`, `spell4`, `spell5`, `spell6`, `spell7`, `spell8`, `PetSpellDataId`, `VehicleId`, `mingold`, `maxgold`, `AIName`, `MovementType`, `InhabitType`, `Health_mod`, `Mana_mod`, `Armor_mod`, `RacialLeader`, `questItem1`, `questItem2`, `questItem3`, `questItem4`, `questItem5`, `questItem6`, `movementId`, `RegenHealth`, `equipment_id`, `mechanic_immune_mask`, `flags_extra`, `ScriptName`, `WDBVerified`) VALUES ( 49655, 0, 0, 0, 0, 0, 33863, 0, 0, 0, "Rock Borer (H)", "", "", 0, 82, 85, 3, 16, 16, 0, 4.8, 1.71429, 1.0, 0, 509, 683, 0, 805, 5.8, 2000, 2000, 1, 0, 0, 55, 0, 0, 0, 0, 509, 683, 805, 1, 65549, 0, 0, 0, 0, 0, 0, 0, 0, 0, 80028, 0, 0, 0, 0, 0, 0, 0, 0, 0, 0, 0, "SmartAI", 0, 1, 0.0645, 0.0, 1.0, 0, 0, 0, 0, 0, 0, 0, 0, 1, 0, 0, 0, "mob_rock_borer", "13623");

DELETE FROM creature WHERE map=725 AND spawnMask=1;
INSERT INTO `creature` VALUES (287359, 42845, 725, 5088, 5088, 1, 1, 0, 0, 1064.36, 957.554, 259.918, 0, 7200, 0, 0, 1, 0, 0, 0, 0, 0);
INSERT INTO `creature` VALUES (287358, 42845, 725, 5088, 5088, 1, 1, 0, 0, 1061.53, 956.262, 259.962, 0, 7200, 0, 0, 1, 0, 0, 0, 0, 0);
INSERT INTO `creature` VALUES (287357, 42845, 725, 5088, 5088, 1, 1, 0, 0, 1063.52, 952.524, 259.961, 0, 7200, 0, 0, 1, 0, 0, 0, 0, 0);
INSERT INTO `creature` VALUES (287356, 42845, 725, 5088, 5088, 1, 1, 0, 0, 1066.38, 954.502, 260.284, 0, 7200, 0, 0, 1, 0, 0, 0, 0, 0);
INSERT INTO `creature` VALUES (287355, 42845, 725, 5088, 5088, 1, 1, 0, 0, 1064.85, 953.295, 260.131, 0, 7200, 0, 0, 1, 0, 0, 0, 0, 0);
INSERT INTO `creature` VALUES (287354, 42845, 725, 5088, 5088, 1, 1, 0, 0, 1065.17, 956.646, 259.782, 0, 7200, 0, 0, 1, 0, 0, 0, 0, 0);
INSERT INTO `creature` VALUES (287353, 42845, 725, 5088, 5088, 1, 1, 0, 0, 1062.79, 957.229, 259.982, 0, 7200, 0, 0, 1, 0, 0, 0, 0, 0);
INSERT INTO `creature` VALUES (287352, 42845, 725, 5088, 5088, 1, 1, 0, 0, 1063.57, 955.457, 259.76, 0, 7200, 0, 0, 1, 0, 0, 0, 0, 0);
INSERT INTO `creature` VALUES (287351, 42845, 725, 5088, 5088, 1, 1, 0, 0, 1064.79, 955.122, 259.871, 0, 7200, 0, 0, 1, 0, 0, 0, 0, 0);
INSERT INTO `creature` VALUES (287350, 42845, 725, 5088, 5088, 1, 1, 0, 0, 1062.16, 954.644, 259.765, 0, 7200, 0, 0, 1, 0, 0, 0, 0, 0);
INSERT INTO `creature` VALUES (287349, 49929, 725, 5088, 5088, 1, 1, 0, 0, 1181.61, 1008.05, 273.408, 5.55042, 7200, 0, 0, 1, 0, 0, 0, 0, 0);
INSERT INTO `creature` VALUES (287348, 42188, 725, 5088, 5088, 1, 1, 0, 0, 1507.86, 1073.26, 217.329, 0.10472, 7200, 0, 0, 1, 0, 0, 0, 0, 0);
INSERT INTO `creature` VALUES (287347, 49857, 725, 5088, 5088, 1, 1, 0, 0, 1158.28, 998.565, 272.948, 0.750289, 7200, 0, 0, 1, 0, 0, 0, 0, 0);
INSERT INTO `creature` VALUES (287346, 49857, 725, 5088, 5088, 1, 1, 0, 0, 1154.56, 1005.1, 271.404, 1.26196, 7200, 0, 0, 1, 0, 0, 0, 0, 0);
INSERT INTO `creature` VALUES (287345, 42810, 725, 5088, 5088, 1, 1, 0, 0, 1150.02, 936.612, 284.325, 4.74481, 7200, 0, 0, 1, 0, 0, 0, 0, 0);
INSERT INTO `creature` VALUES (287344, 42845, 725, 5088, 5088, 1, 1, 0, 0, 1147.58, 962.4, 283.453, 3.07505, 7200, 0, 0, 1, 0, 0, 0, 0, 0);
INSERT INTO `creature` VALUES (287343, 49857, 725, 5088, 5088, 1, 1, 0, 0, 1211.17, 859.769, 282.628, 0.503037, 7200, 0, 0, 1, 0, 0, 0, 0, 0);
INSERT INTO `creature` VALUES (287342, 42810, 725, 5088, 5088, 1, 1, 0, 0, 1069.58, 964.558, 260.185, 4.04935, 7200, 0, 0, 1, 0, 0, 0, 0, 0);
INSERT INTO `creature` VALUES (287341, 49859, 725, 5088, 5088, 1, 1, 0, 0, 1092.95, 977.377, 264.312, 1.64431, 7200, 0, 0, 1, 0, 0, 0, 0, 0);
INSERT INTO `creature` VALUES (287340, 49857, 725, 5088, 5088, 1, 1, 0, 0, 1135.54, 966.652, 284.076, 5.9573, 7200, 0, 0, 1, 0, 0, 0, 0, 0);
INSERT INTO `creature` VALUES (287339, 42808, 725, 5088, 5088, 1, 1, 0, 0, 1134.26, 970.01, 284.254, 2.67035, 7200, 0, 0, 1, 0, 0, 0, 0, 0);
INSERT INTO `creature` VALUES (287338, 42808, 725, 5088, 5088, 1, 1, 0, 0, 1128.04, 966.894, 284.703, 1.71042, 7200, 0, 0, 1, 0, 0, 0, 0, 0);
INSERT INTO `creature` VALUES (287337, 49857, 725, 5088, 5088, 1, 1, 0, 0, 1184.01, 895.247, 284.286, 5.45876, 7200, 0, 0, 1, 0, 0, 0, 0, 0);
INSERT INTO `creature` VALUES (287336, 49857, 725, 5088, 5088, 1, 1, 0, 0, 1195.8, 885.471, 284.255, 1.73425, 7200, 0, 0, 1, 0, 0, 0, 0, 0);
INSERT INTO `creature` VALUES (287335, 49857, 725, 5088, 5088, 1, 1, 0, 0, 1188.45, 890.643, 284.265, 5.408, 7200, 0, 0, 1, 0, 0, 0, 0, 0);
INSERT INTO `creature` VALUES (287334, 49857, 725, 5088, 5088, 1, 1, 0, 0, 1196.24, 885.42, 284.249, 0.488692, 7200, 0, 0, 1, 0, 0, 0, 0, 0);
INSERT INTO `creature` VALUES (287333, 49929, 725, 5088, 5088, 1, 1, 0, 0, 1139.41, 952.525, 284.83, 2.58416, 7200, 0, 0, 1, 0, 0, 0, 0, 0);
INSERT INTO `creature` VALUES (287332, 49857, 725, 5088, 5088, 1, 1, 0, 0, 1024.84, 845.984, 298.677, 5.29963, 7200, 0, 0, 1, 0, 0, 0, 0, 0);
INSERT INTO `creature` VALUES (287331, 49859, 725, 5088, 5088, 1, 1, 0, 0, 1172.17, 853.412, 286.966, 1.69835, 7200, 0, 0, 1, 0, 0, 0, 0, 0);
INSERT INTO `creature` VALUES (287330, 22515, 725, 5088, 5088, 1, 1, 0, 0, 1154.21, 917.316, 284.38, 4.79965, 7200, 0, 0, 1, 0, 0, 0, 0, 0);
INSERT INTO `creature` VALUES (287329, 42696, 725, 5088, 5088, 1, 1, 0, 0, 1156.29, 890.444, 285.046, 3.15905, 7200, 0, 0, 1, 0, 0, 0, 0, 0);
INSERT INTO `creature` VALUES (287328, 43537, 725, 5088, 5088, 1, 1, 0, 0, 1156.36, 876.398, 285.102, 3.07178, 7200, 0, 0, 1, 0, 0, 0, 0, 0);
INSERT INTO `creature` VALUES (287327, 42696, 725, 5088, 5088, 1, 1, 0, 0, 1155.75, 893.649, 285.046, 3.1765, 7200, 0, 0, 1, 0, 0, 0, 0, 0);
INSERT INTO `creature` VALUES (287326, 43537, 725, 5088, 5088, 1, 1, 0, 0, 1154.8, 883.431, 285.046, 3.12414, 7200, 0, 0, 1, 0, 0, 0, 0, 0);
INSERT INTO `creature` VALUES (287325, 43537, 725, 5088, 5088, 1, 1, 0, 0, 1157.23, 883.25, 285.046, 3.12414, 7200, 0, 0, 1, 0, 0, 0, 0, 0);
INSERT INTO `creature` VALUES (287324, 42696, 725, 5088, 5088, 1, 1, 0, 0, 1154.65, 880.245, 285.046, 3.10669, 7200, 0, 0, 1, 0, 0, 0, 0, 0);
INSERT INTO `creature` VALUES (287323, 42696, 725, 5088, 5088, 1, 1, 0, 0, 1157.37, 879.769, 285.071, 3.08923, 7200, 0, 0, 1, 0, 0, 0, 0, 0);
INSERT INTO `creature` VALUES (287322, 43430, 725, 5088, 5088, 1, 1, 0, 0, 1155.66, 886.653, 285.046, 3.14159, 7200, 0, 0, 1, 0, 0, 0, 0, 0);
INSERT INTO `creature` VALUES (287321, 43430, 725, 5088, 5088, 1, 1, 0, 0, 1152.96, 876.873, 285.046, 3.07178, 7200, 0, 0, 1, 0, 0, 0, 0, 0);
INSERT INTO `creature` VALUES (287320, 42808, 725, 5088, 5088, 1, 1, 0, 0, 1055.38, 959.151, 262.15, 5.37561, 7200, 0, 0, 1, 0, 0, 0, 0, 0);
INSERT INTO `creature` VALUES (287319, 49857, 725, 5088, 5088, 1, 1, 0, 0, 1109.22, 847.028, 290.557, 6.04268, 7200, 0, 0, 1, 0, 0, 0, 0, 0);
INSERT INTO `creature` VALUES (287318, 49857, 725, 5088, 5088, 1, 1, 0, 0, 1060.52, 948.81, 259.657, 2.96221, 7200, 0, 0, 1, 0, 0, 0, 0, 0);
INSERT INTO `creature` VALUES (287317, 42808, 725, 5088, 5088, 1, 1, 0, 0, 1061.07, 947.17, 260.027, 2.54818, 7200, 0, 0, 1, 0, 0, 0, 0, 0);
INSERT INTO `creature` VALUES (287316, 40350, 725, 5088, 5088, 1, 1, 0, 0, 1103.9, 864.733, 287.98, 0, 7200, 0, 0, 1, 0, 0, 0, 0, 0);
INSERT INTO `creature` VALUES (287315, 49857, 725, 5088, 5088, 1, 1, 0, 0, 1060.14, 937.819, 262.575, 0.996068, 7200, 0, 0, 1, 0, 0, 0, 0, 0);
INSERT INTO `creature` VALUES (287314, 49857, 725, 5088, 5088, 1, 1, 0, 0, 1057.19, 944.7, 259.9, 4.28482, 7200, 0, 0, 1, 0, 0, 0, 0, 0);
INSERT INTO `creature` VALUES (287313, 49857, 725, 5088, 5088, 1, 1, 0, 0, 1084.19, 905.611, 292.551, 4.68037, 7200, 0, 0, 1, 0, 0, 0, 0, 0);
INSERT INTO `creature` VALUES (287312, 49857, 725, 5088, 5088, 1, 1, 0, 0, 1053.72, 835.974, 295.441, 0.488692, 7200, 0, 0, 1, 0, 0, 0, 0, 0);
INSERT INTO `creature` VALUES (287311, 49857, 725, 5088, 5088, 1, 1, 0, 0, 1075.38, 910.47, 294.484, 5.4081, 7200, 0, 0, 1, 0, 0, 0, 0, 0);
INSERT INTO `creature` VALUES (287310, 49857, 725, 5088, 5088, 1, 1, 0, 0, 1068.49, 916.46, 296.102, 0.929898, 7200, 0, 0, 1, 0, 0, 0, 0, 0);
INSERT INTO `creature` VALUES (287309, 49857, 725, 5088, 5088, 1, 1, 0, 0, 1027.71, 845.166, 298.227, 6.00521, 7200, 0, 0, 1, 0, 0, 0, 0, 0);
INSERT INTO `creature` VALUES (287308, 42696, 725, 5088, 5088, 1, 1, 0, 0, 1058.08, 865.589, 293.802, 2.09439, 7200, 0, 0, 1, 0, 0, 0, 0, 0);
INSERT INTO `creature` VALUES (287307, 42696, 725, 5088, 5088, 1, 1, 0, 0, 1054.68, 866.424, 294.129, 0.645772, 7200, 0, 0, 1, 0, 0, 0, 0, 0);
INSERT INTO `creature` VALUES (287306, 43537, 725, 5088, 5088, 1, 1, 0, 0, 1054.48, 869.726, 294.381, 5.55015, 7200, 0, 0, 1, 0, 0, 0, 0, 0);
INSERT INTO `creature` VALUES (287305, 43430, 725, 5088, 5088, 1, 1, 0, 0, 1058.95, 869.467, 293.794, 3.85718, 7200, 0, 0, 1, 0, 0, 0, 0, 0);
INSERT INTO `creature` VALUES (287304, 49857, 725, 5088, 5088, 1, 1, 0, 0, 1011.94, 843.481, 299.273, 3.96736, 7200, 0, 0, 1, 0, 0, 0, 0, 0);
INSERT INTO `creature` VALUES (287303, 42333, 725, 5088, 5088, 1, 1, 0, 0, 1337.3, 964.894, 214.238, 1.74533, 7200, 0, 0, 1, 0, 0, 0, 0, 0);
INSERT INTO `creature` VALUES (287302, 43438, 725, 5088, 5088, 1, 1, 0, 0, 1150.34, 947.063, 283.89, 4.69494, 7200, 0, 0, 1, 0, 0, 0, 0, 0);
INSERT INTO `creature` VALUES (287301, 49857, 725, 5088, 5088, 1, 1, 0, 0, 1001.18, 849.799, 300.646, 2.53271, 7200, 0, 0, 1, 0, 0, 0, 0, 0);
INSERT INTO `creature` VALUES (287300, 49857, 725, 5088, 5088, 1, 1, 0, 0, 987.332, 863.188, 302.918, 0.488692, 7200, 0, 0, 1, 0, 0, 0, 0, 0);
INSERT INTO `creature` VALUES (287299, 49859, 725, 5088, 5088, 1, 1, 0, 0, 972.971, 865.059, 304.524, 0.488692, 7200, 0, 0, 1, 0, 0, 0, 0, 0);
INSERT INTO `creature` VALUES (287298, 42696, 725, 5088, 5088, 1, 1, 0, 0, 986.375, 888.304, 304.093, 2.60054, 7200, 0, 0, 1, 0, 0, 0, 0, 0);
INSERT INTO `creature` VALUES (287297, 49857, 725, 5088, 5088, 1, 1, 0, 0, 994.742, 911.164, 308, 3.10297, 7200, 0, 0, 1, 0, 0, 0, 0, 0);
INSERT INTO `creature` VALUES (287296, 42696, 725, 5088, 5088, 1, 1, 0, 0, 982.464, 887.2, 304.444, 1.06465, 7200, 0, 0, 1, 0, 0, 0, 0, 0);
INSERT INTO `creature` VALUES (287295, 43537, 725, 5088, 5088, 1, 1, 0, 0, 980.774, 891.762, 305.379, 5.77704, 7200, 0, 0, 1, 0, 0, 0, 0, 0);
INSERT INTO `creature` VALUES (287294, 43430, 725, 5088, 5088, 1, 1, 0, 0, 984.471, 893.266, 305.177, 4.4855, 7200, 0, 0, 1, 0, 0, 0, 0, 0);
INSERT INTO `creature` VALUES (287293, 43662, 725, 5088, 5088, 1, 1, 0, 0, 1046.75, 885.792, 297.894, 3.00315, 7200, 0, 0, 1, 0, 0, 0, 0, 0);
INSERT INTO `creature` VALUES (287292, 43662, 725, 5088, 5088, 1, 1, 0, 0, 1035.46, 861.767, 296.145, 3.1726, 7200, 0, 0, 1, 0, 0, 0, 0, 0);
INSERT INTO `creature` VALUES (287291, 49857, 725, 5088, 5088, 1, 1, 0, 0, 967.865, 965.792, 318.029, 0.511666, 7200, 0, 0, 1, 0, 0, 0, 0, 0);
INSERT INTO `creature` VALUES (287290, 49857, 725, 5088, 5088, 1, 1, 0, 0, 950.847, 973.038, 317.859, 1.52409, 7200, 0, 0, 1, 0, 0, 0, 0, 0);
INSERT INTO `creature` VALUES (287289, 49929, 725, 5088, 5088, 1, 1, 0, 0, 945.531, 1055.58, 318.773, 2.82855, 7200, 0, 0, 1, 0, 0, 0, 0, 0);
INSERT INTO `creature` VALUES (287288, 49857, 725, 5088, 5088, 1, 1, 0, 0, 963.908, 955.575, 317.408, 0.488692, 7200, 0, 0, 1, 0, 0, 0, 0, 0);
INSERT INTO `creature` VALUES (287287, 49929, 725, 5088, 5088, 1, 1, 0, 0, 946.913, 1042.88, 319.355, 3.6135, 7200, 0, 0, 1, 0, 0, 0, 0, 0);
INSERT INTO `creature` VALUES (287286, 49929, 725, 5088, 5088, 1, 1, 0, 0, 960.37, 1042.05, 320.772, 0.488692, 7200, 0, 0, 1, 0, 0, 0, 0, 0);
INSERT INTO `creature` VALUES (287285, 42808, 725, 5088, 5088, 1, 1, 0, 0, 956.198, 1040.6, 321.027, 5.51524, 7200, 0, 0, 1, 0, 0, 0, 0, 0);
INSERT INTO `creature` VALUES (287284, 42808, 725, 5088, 5088, 1, 1, 0, 0, 962.151, 1041.56, 320.844, 4.11898, 7200, 0, 0, 1, 0, 0, 0, 0, 0);
INSERT INTO `creature` VALUES (287283, 49929, 725, 5088, 5088, 1, 1, 0, 0, 953.661, 1044.89, 320.01, 0.488692, 7200, 0, 0, 1, 0, 0, 0, 0, 0);
INSERT INTO `creature` VALUES (287282, 43662, 725, 5088, 5088, 1, 1, 0, 0, 1001.99, 863.183, 300.391, 2.89858, 7200, 0, 0, 1, 0, 0, 0, 0, 0);
INSERT INTO `creature` VALUES (287281, 43662, 725, 5088, 5088, 1, 1, 0, 0, 1004.06, 858.744, 300.871, 2.68965, 7200, 0, 0, 1, 0, 0, 0, 0, 0);
INSERT INTO `creature` VALUES (287280, 43662, 725, 5088, 5088, 1, 1, 0, 0, 1000.46, 857.98, 301.155, 2.69131, 7200, 0, 0, 1, 0, 0, 0, 0, 0);
INSERT INTO `creature` VALUES (287279, 43662, 725, 5088, 5088, 1, 1, 0, 0, 998.729, 862.383, 301.185, 2.66445, 7200, 0, 0, 1, 0, 0, 0, 0, 0);
INSERT INTO `creature` VALUES (287278, 43662, 725, 5088, 5088, 1, 1, 0, 0, 991.854, 864.424, 302.141, 2.24769, 7200, 0, 0, 1, 0, 0, 0, 0, 0);
INSERT INTO `creature` VALUES (287277, 49929, 725, 5088, 5088, 1, 1, 0, 0, 935.62, 1026.82, 319.252, 2.01817, 7200, 0, 0, 1, 0, 0, 0, 0, 0);
INSERT INTO `creature` VALUES (287276, 49929, 725, 5088, 5088, 1, 1, 0, 0, 942.964, 1018.11, 321.249, 4.26696, 7200, 0, 0, 1, 0, 0, 0, 0, 0);
INSERT INTO `creature` VALUES (287275, 49857, 725, 5088, 5088, 1, 1, 0, 0, 946.637, 996.562, 318.973, 6.27588, 7200, 0, 0, 1, 0, 0, 0, 0, 0);
INSERT INTO `creature` VALUES (287274, 49857, 725, 5088, 5088, 1, 1, 0, 0, 845.026, 963.127, 317.888, 4.84547, 7200, 0, 0, 1, 0, 0, 0, 0, 0);
INSERT INTO `creature` VALUES (287273, 49859, 725, 5088, 5088, 1, 1, 0, 0, 920.785, 944.137, 318.522, 0.692419, 7200, 0, 0, 1, 0, 0, 0, 0, 0);
INSERT INTO `creature` VALUES (287272, 49859, 725, 5088, 5088, 1, 1, 0, 0, 877.979, 950.783, 319.09, 2.83748, 7200, 0, 0, 1, 0, 0, 0, 0, 0);
INSERT INTO `creature` VALUES (287271, 49859, 725, 5088, 5088, 1, 1, 0, 0, 907.311, 1032.99, 320.058, 4.8208, 7200, 0, 0, 1, 0, 0, 0, 0, 0);
INSERT INTO `creature` VALUES (287270, 49859, 725, 5088, 5088, 1, 1, 0, 0, 847.365, 951.241, 318.685, 1.0231, 7200, 0, 0, 1, 0, 0, 0, 0, 0);
INSERT INTO `creature` VALUES (287269, 49857, 725, 5088, 5088, 1, 1, 0, 0, 854.805, 1031.47, 320.331, 1.00486, 7200, 0, 0, 1, 0, 0, 0, 0, 0);
INSERT INTO `creature` VALUES (287268, 49859, 725, 5088, 5088, 1, 1, 0, 0, 853.997, 1017.81, 319.708, 1.46593, 7200, 0, 0, 1, 0, 0, 0, 0, 0);
INSERT INTO `creature` VALUES (287267, 50048, 725, 5088, 5088, 1, 1, 0, 0, 841.722, 995.135, 317.507, 5.91667, 7200, 0, 0, 1, 0, 0, 0, 0, 0);
INSERT INTO `creature` VALUES (287266, 51396, 725, 5088, 5088, 1, 1, 0, 0, 853.858, 999.752, 317.399, 0, 7200, 0, 0, 1, 0, 0, 0, 0, 0);
INSERT INTO `creature` VALUES (287265, 49929, 725, 5088, 5088, 1, 1, 0, 0, 928.059, 1031.13, 319.555, 2.65893, 7200, 0, 0, 1, 0, 0, 0, 0, 0);
INSERT INTO `creature` VALUES (287264, 22515, 725, 5088, 5088, 1, 1, 0, 0, 853.125, 987.646, 317.296, 0, 7200, 0, 0, 1, 0, 0, 0, 0, 0);
INSERT INTO `creature` VALUES (287263, 43662, 725, 5088, 5088, 1, 1, 0, 0, 1013.37, 872.458, 299.38, 0, 7200, 0, 0, 1, 0, 0, 0, 0, 0);
INSERT INTO `creature` VALUES (287262, 43662, 725, 5088, 5088, 1, 1, 0, 0, 1013.03, 878.892, 300.11, 0, 7200, 0, 0, 1, 0, 0, 0, 0, 0);
INSERT INTO `creature` VALUES (287261, 43662, 725, 5088, 5088, 1, 1, 0, 0, 963.418, 928.346, 312.858, 0, 7200, 0, 0, 1, 0, 0, 0, 0, 0);
INSERT INTO `creature` VALUES (287260, 43662, 725, 5088, 5088, 1, 1, 0, 0, 960.108, 925.543, 312.65, 0, 7200, 0, 0, 1, 0, 0, 0, 0, 0);
INSERT INTO `creature` VALUES (287259, 43662, 725, 5088, 5088, 1, 1, 0, 0, 935.425, 968.981, 316.45, 0, 7200, 0, 0, 1, 0, 0, 0, 0, 0);
INSERT INTO `creature` VALUES (287258, 43662, 725, 5088, 5088, 1, 1, 0, 0, 934.092, 965.207, 316.133, 0, 7200, 0, 0, 1, 0, 0, 0, 0, 0);
INSERT INTO `creature` VALUES (287257, 42808, 725, 5088, 5088, 1, 1, 0, 0, 923.74, 946.99, 318.309, 4.93928, 7200, 0, 0, 1, 0, 0, 0, 0, 0);
INSERT INTO `creature` VALUES (287256, 42808, 725, 5088, 5088, 1, 1, 0, 0, 918.432, 944.87, 318.575, 5.34071, 7200, 0, 0, 1, 0, 0, 0, 0, 0);
INSERT INTO `creature` VALUES (287255, 43662, 725, 5088, 5088, 1, 1, 0, 0, 904.229, 956.014, 319.003, 0.503897, 7200, 0, 0, 1, 0, 0, 0, 0, 0);
INSERT INTO `creature` VALUES (287254, 43662, 725, 5088, 5088, 1, 1, 0, 0, 904.51, 958.927, 319.04, 1.27451, 7200, 0, 0, 1, 0, 0, 0, 0, 0);
INSERT INTO `creature` VALUES (287253, 43662, 725, 5088, 5088, 1, 1, 0, 0, 899.458, 955.87, 318.937, 6.18455, 7200, 0, 0, 1, 0, 0, 0, 0, 0);
INSERT INTO `creature` VALUES (287252, 43662, 725, 5088, 5088, 1, 1, 0, 0, 900.052, 958.769, 318.978, 6.19594, 7200, 0, 0, 1, 0, 0, 0, 0, 0);
INSERT INTO `creature` VALUES (287251, 43430, 725, 5088, 5088, 1, 1, 0, 0, 906.934, 988.238, 317.554, 3.12414, 7200, 0, 0, 1, 0, 0, 0, 0, 0);
INSERT INTO `creature` VALUES (287250, 42696, 725, 5088, 5088, 1, 1, 0, 0, 904.016, 973.24, 317.167, 2.87979, 7200, 0, 0, 1, 0, 0, 0, 0, 0);
INSERT INTO `creature` VALUES (287249, 43662, 725, 5088, 5088, 1, 1, 0, 0, 900.03, 962.948, 319.024, 5.1363, 7200, 0, 0, 1, 0, 0, 0, 0, 0);
INSERT INTO `creature` VALUES (287248, 42696, 725, 5088, 5088, 1, 1, 0, 0, 903.255, 985.352, 317.198, 3.08923, 7200, 0, 0, 1, 0, 0, 0, 0, 0);
INSERT INTO `creature` VALUES (287247, 43537, 725, 5088, 5088, 1, 1, 0, 0, 902.189, 977.795, 316.96, 2.94961, 7200, 0, 0, 1, 0, 0, 0, 0, 0);
INSERT INTO `creature` VALUES (287246, 43391, 725, 5088, 5088, 1, 1, 0, 0, 902.09, 981.547, 316.893, 3.01942, 7200, 0, 0, 1, 0, 0, 0, 0, 0);
INSERT INTO `creature` VALUES (287245, 53488, 725, 5088, 5088, 1, 1, 0, 0, 841.517, 986.63, 317.483, 0, 7200, 0, 0, 1, 0, 0, 0, 0, 0);
INSERT INTO `creature` VALUES (287360, 42808, 725, 5088, 5088, 1, 1, 0, 0, 1175.86, 1020.06, 270.911, 6.03884, 7200, 0, 0, 1, 0, 0, 0, 0, 0);
INSERT INTO `creature` VALUES (287361, 42808, 725, 5088, 5088, 1, 1, 0, 0, 1182.12, 1014.27, 272.226, 1.95477, 7200, 0, 0, 1, 0, 0, 0, 0, 0);
INSERT INTO `creature` VALUES (287362, 49857, 725, 5088, 5088, 1, 1, 0, 0, 1176.77, 1021.31, 271.584, 1.25612, 7200, 0, 0, 1, 0, 0, 0, 0, 0);
INSERT INTO `creature` VALUES (287363, 49929, 725, 5088, 5088, 1, 1, 0, 0, 1091.49, 995.248, 264.825, 2.66698, 7200, 0, 0, 1, 0, 0, 0, 0, 0);
INSERT INTO `creature` VALUES (287364, 49929, 725, 5088, 5088, 1, 1, 0, 0, 1089.59, 996.976, 265.271, 5.65108, 7200, 0, 0, 1, 0, 0, 0, 0, 0);
INSERT INTO `creature` VALUES (287365, 43357, 725, 5088, 5088, 1, 1, 0, 0, 1196.64, 1116.21, 264.159, 0, 7200, 0, 0, 1, 0, 0, 0, 0, 0);
INSERT INTO `creature` VALUES (287366, 43357, 725, 5088, 5088, 1, 1, 0, 0, 1164.76, 1114.6, 264.453, 0, 7200, 0, 0, 1, 0, 0, 0, 0, 0);
INSERT INTO `creature` VALUES (287367, 49929, 725, 5088, 5088, 1, 1, 0, 0, 1168.86, 1045.97, 267.813, 3.4364, 7200, 0, 0, 1, 0, 0, 0, 0, 0);
INSERT INTO `creature` VALUES (287368, 49929, 725, 5088, 5088, 1, 1, 0, 0, 1132.98, 1047.94, 265.739, 2.36802, 7200, 0, 0, 1, 0, 0, 0, 0, 0);
INSERT INTO `creature` VALUES (287369, 49929, 725, 5088, 5088, 1, 1, 0, 0, 1167.38, 1041.4, 269.125, 5.38716, 7200, 0, 0, 1, 0, 0, 0, 0, 0);
INSERT INTO `creature` VALUES (287370, 49929, 725, 5088, 5088, 1, 1, 0, 0, 1108.45, 1033.65, 266.914, 2.75303, 7200, 0, 0, 1, 0, 0, 0, 0, 0);
INSERT INTO `creature` VALUES (287371, 43357, 725, 5088, 5088, 1, 1, 0, 0, 1219.36, 1138.91, 260.191, 0, 7200, 0, 0, 1, 0, 0, 0, 0, 0);
INSERT INTO `creature` VALUES (287372, 42808, 725, 5088, 5088, 1, 1, 0, 0, 1157.27, 1062.51, 265.341, 0.872665, 7200, 0, 0, 1, 0, 0, 0, 0, 0);
INSERT INTO `creature` VALUES (287373, 42808, 725, 5088, 5088, 1, 1, 0, 0, 1167.02, 1065.92, 265.619, 3.07178, 7200, 0, 0, 1, 0, 0, 0, 0, 0);
INSERT INTO `creature` VALUES (287374, 42808, 725, 5088, 5088, 1, 1, 0, 0, 1162.46, 1062.5, 265.152, 1.88496, 7200, 0, 0, 1, 0, 0, 0, 0, 0);
INSERT INTO `creature` VALUES (287375, 42808, 725, 5088, 5088, 1, 1, 0, 0, 1209.56, 1039.46, 259.72, 0.0349066, 7200, 0, 0, 1, 0, 0, 0, 0, 0);
INSERT INTO `creature` VALUES (287376, 42808, 725, 5088, 5088, 1, 1, 0, 0, 1212.76, 1046.98, 260.061, 5.63741, 7200, 0, 0, 1, 0, 0, 0, 0, 0);
INSERT INTO `creature` VALUES (287377, 49859, 725, 5088, 5088, 1, 1, 0, 0, 1213.09, 1042.62, 259.064, 1.36691, 7200, 0, 0, 1, 0, 0, 0, 0, 0);
INSERT INTO `creature` VALUES (287378, 49929, 725, 5088, 5088, 1, 1, 0, 0, 1214.06, 1038.85, 259.17, 0.488692, 7200, 0, 0, 1, 0, 0, 0, 0, 0);
INSERT INTO `creature` VALUES (287379, 42810, 725, 5088, 5088, 1, 1, 0, 0, 1187.34, 1063.68, 263.367, 5.60251, 7200, 0, 0, 1, 0, 0, 0, 0, 0);
INSERT INTO `creature` VALUES (287380, 42808, 725, 5088, 5088, 1, 1, 0, 0, 1095.49, 1060.31, 268.698, 2.00713, 7200, 0, 0, 1, 0, 0, 0, 0, 0);
INSERT INTO `creature` VALUES (287381, 49857, 725, 5088, 5088, 1, 1, 0, 0, 1095.78, 1060.07, 268.749, 4.29401, 7200, 0, 0, 1, 0, 0, 0, 0, 0);
INSERT INTO `creature` VALUES (287382, 49859, 725, 5088, 5088, 1, 1, 0, 0, 1190.02, 1079.66, 264.145, 1.81201, 7200, 0, 0, 1, 0, 0, 0, 0, 0);
INSERT INTO `creature` VALUES (287383, 49857, 725, 5088, 5088, 1, 1, 0, 0, 1167.1, 1069.78, 266.854, 0.894749, 7200, 0, 0, 1, 0, 0, 0, 0, 0);
INSERT INTO `creature` VALUES (287384, 43357, 725, 5088, 5088, 1, 1, 0, 0, 1218.25, 1167.77, 253.583, 0, 7200, 0, 0, 1, 0, 0, 0, 0, 0);
INSERT INTO `creature` VALUES (287385, 42845, 725, 5088, 5088, 1, 1, 0, 0, 1129.99, 967.372, 284.403, 0, 7200, 0, 0, 1, 0, 0, 0, 0, 0);
INSERT INTO `creature` VALUES (287386, 42845, 725, 5088, 5088, 1, 1, 0, 0, 1132.62, 967.849, 284.277, 0, 7200, 0, 0, 1, 0, 0, 0, 0, 0);
INSERT INTO `creature` VALUES (287387, 42845, 725, 5088, 5088, 1, 1, 0, 0, 1131.4, 968.184, 284.314, 0, 7200, 0, 0, 1, 0, 0, 0, 0, 0);
INSERT INTO `creature` VALUES (287388, 42845, 725, 5088, 5088, 1, 1, 0, 0, 1130.62, 969.957, 284.338, 0, 7200, 0, 0, 1, 0, 0, 0, 0, 0);
INSERT INTO `creature` VALUES (287389, 42845, 725, 5088, 5088, 1, 1, 0, 0, 1133, 969.373, 284.282, 0, 7200, 0, 0, 1, 0, 0, 0, 0, 0);
INSERT INTO `creature` VALUES (287390, 42845, 725, 5088, 5088, 1, 1, 0, 0, 1132.68, 966.023, 284.293, 0, 7200, 0, 0, 1, 0, 0, 0, 0, 0);
INSERT INTO `creature` VALUES (287391, 42845, 725, 5088, 5088, 1, 1, 0, 0, 1134.21, 967.229, 284.223, 0, 7200, 0, 0, 1, 0, 0, 0, 0, 0);
INSERT INTO `creature` VALUES (287392, 42845, 725, 5088, 5088, 1, 1, 0, 0, 1131.35, 965.252, 284.565, 0, 7200, 0, 0, 1, 0, 0, 0, 0, 0);
INSERT INTO `creature` VALUES (287393, 42845, 725, 5088, 5088, 1, 1, 0, 0, 1129.36, 968.99, 284.379, 0, 7200, 0, 0, 1, 0, 0, 0, 0, 0);
INSERT INTO `creature` VALUES (287394, 42845, 725, 5088, 5088, 1, 1, 0, 0, 1132.19, 970.281, 284.292, 0, 7200, 0, 0, 1, 0, 0, 0, 0, 0);
INSERT INTO `creature` VALUES (287395, 42808, 725, 5088, 5088, 1, 1, 0, 0, 1097.81, 1066.22, 268.649, 3.12414, 7200, 0, 0, 1, 0, 0, 0, 0, 0);
INSERT INTO `creature` VALUES (287396, 49859, 725, 5088, 5088, 1, 1, 0, 0, 1103.36, 1066.12, 268.657, 6.14111, 7200, 0, 0, 1, 0, 0, 0, 0, 0);
INSERT INTO `creature` VALUES (287397, 42845, 725, 5088, 5088, 1, 1, 0, 0, 1097.96, 1064.7, 268.424, 0, 7200, 0, 0, 1, 0, 0, 0, 0, 0);
INSERT INTO `creature` VALUES (287398, 42845, 725, 5088, 5088, 1, 1, 0, 0, 1100.6, 1065.17, 268.477, 0, 7200, 0, 0, 1, 0, 0, 0, 0, 0);
INSERT INTO `creature` VALUES (287399, 42845, 725, 5088, 5088, 1, 1, 0, 0, 1099.38, 1065.51, 268.511, 0, 7200, 0, 0, 1, 0, 0, 0, 0, 0);
INSERT INTO `creature` VALUES (287400, 42845, 725, 5088, 5088, 1, 1, 0, 0, 1100.97, 1066.7, 268.702, 0, 7200, 0, 0, 1, 0, 0, 0, 0, 0);
INSERT INTO `creature` VALUES (287401, 42845, 725, 5088, 5088, 1, 1, 0, 0, 1100.66, 1063.35, 268.217, 0, 7200, 0, 0, 1, 0, 0, 0, 0, 0);
INSERT INTO `creature` VALUES (287402, 42845, 725, 5088, 5088, 1, 1, 0, 0, 1102.19, 1064.55, 268.418, 0, 7200, 0, 0, 1, 0, 0, 0, 0, 0);
INSERT INTO `creature` VALUES (287403, 42845, 725, 5088, 5088, 1, 1, 0, 0, 1099.32, 1062.58, 268.086, 0, 7200, 0, 0, 1, 0, 0, 0, 0, 0);
INSERT INTO `creature` VALUES (287404, 42845, 725, 5088, 5088, 1, 1, 0, 0, 1100.17, 1067.61, 268.866, 0, 7200, 0, 0, 1, 0, 0, 0, 0, 0);
INSERT INTO `creature` VALUES (287405, 42845, 725, 5088, 5088, 1, 1, 0, 0, 1097.33, 1066.31, 268.673, 0, 7200, 0, 0, 1, 0, 0, 0, 0, 0);
INSERT INTO `creature` VALUES (287406, 42845, 725, 5088, 5088, 1, 1, 0, 0, 1098.59, 1067.28, 268.786, 0, 7200, 0, 0, 1, 0, 0, 0, 0, 0);
INSERT INTO `creature` VALUES (287407, 49857, 725, 5088, 5088, 1, 1, 0, 0, 1131.32, 1089.14, 261.032, 1.03875, 7200, 0, 0, 1, 0, 0, 0, 0, 0);
INSERT INTO `creature` VALUES (287408, 49857, 725, 5088, 5088, 1, 1, 0, 0, 1202.61, 1095.77, 267.294, 3.41236, 7200, 0, 0, 1, 0, 0, 0, 0, 0);
INSERT INTO `creature` VALUES (287409, 49857, 725, 5088, 5088, 1, 1, 0, 0, 1162.69, 1099.61, 267.393, 0.488692, 7200, 0, 0, 1, 0, 0, 0, 0, 0);
INSERT INTO `creature` VALUES (287410, 49859, 725, 5088, 5088, 1, 1, 0, 0, 1125.07, 1088.2, 261.339, 3.93766, 7200, 0, 0, 1, 0, 0, 0, 0, 0);
INSERT INTO `creature` VALUES (287411, 42808, 725, 5088, 5088, 1, 1, 0, 0, 1124.59, 1091.95, 260.654, 1.6057, 7200, 0, 0, 1, 0, 0, 0, 0, 0);
INSERT INTO `creature` VALUES (287412, 42808, 725, 5088, 5088, 1, 1, 0, 0, 1131.7, 1097.41, 262.375, 3.68265, 7200, 0, 0, 1, 0, 0, 0, 0, 0);
INSERT INTO `creature` VALUES (287413, 42808, 725, 5088, 5088, 1, 1, 0, 0, 1065.85, 1029.04, 266.363, 2.00713, 7200, 0, 0, 1, 0, 0, 0, 0, 0);
INSERT INTO `creature` VALUES (287414, 49857, 725, 5088, 5088, 1, 1, 0, 0, 1065.86, 1017.26, 265.584, 3.43924, 7200, 0, 0, 1, 0, 0, 0, 0, 0);
INSERT INTO `creature` VALUES (287415, 49857, 725, 5088, 5088, 1, 1, 0, 0, 1161.66, 1108.01, 266.175, 5.48324, 7200, 0, 0, 1, 0, 0, 0, 0, 0);
INSERT INTO `creature` VALUES (287416, 49857, 725, 5088, 5088, 1, 1, 0, 0, 1153.78, 1116.21, 266.055, 2.83549, 7200, 0, 0, 1, 0, 0, 0, 0, 0);
INSERT INTO `creature` VALUES (287417, 49857, 725, 5088, 5088, 1, 1, 0, 0, 1207.83, 1105.02, 266.147, 5.90083, 7200, 0, 0, 1, 0, 0, 0, 0, 0);
INSERT INTO `creature` VALUES (287418, 42845, 725, 5088, 5088, 1, 1, 0, 0, 1092.42, 987.151, 263.922, 1.04378, 7200, 0, 0, 1, 0, 0, 0, 0, 0);
INSERT INTO `creature` VALUES (287419, 42845, 725, 5088, 5088, 1, 1, 0, 0, 1089.18, 979.231, 263.794, 1.1067, 7200, 0, 0, 1, 0, 0, 0, 0, 0);
INSERT INTO `creature` VALUES (287420, 42845, 725, 5088, 5088, 1, 1, 0, 0, 1086.74, 975.258, 263.542, 0.963888, 7200, 0, 0, 1, 0, 0, 0, 0, 0);
INSERT INTO `creature` VALUES (287421, 42845, 725, 5088, 5088, 1, 1, 0, 0, 1095.12, 991.785, 264.579, 0.874644, 7200, 0, 0, 1, 0, 0, 0, 0, 0);
INSERT INTO `creature` VALUES (287422, 42845, 725, 5088, 5088, 1, 1, 0, 0, 1085.36, 976.329, 263.377, 1.04294, 7200, 0, 0, 1, 0, 0, 0, 0, 0);
INSERT INTO `creature` VALUES (287423, 42845, 725, 5088, 5088, 1, 1, 0, 0, 1085.4, 978.937, 263.244, 0.993407, 7200, 0, 0, 1, 0, 0, 0, 0, 0);
INSERT INTO `creature` VALUES (287424, 42845, 725, 5088, 5088, 1, 1, 0, 0, 1084.61, 974.71, 263.252, 1.03618, 7200, 0, 0, 1, 0, 0, 0, 0, 0);
INSERT INTO `creature` VALUES (287425, 42845, 725, 5088, 5088, 1, 1, 0, 0, 1130.28, 1030.06, 266.141, 0.744845, 7200, 0, 0, 1, 0, 0, 0, 0, 0);
INSERT INTO `creature` VALUES (287426, 42845, 725, 5088, 5088, 1, 1, 0, 0, 1129.58, 1092.88, 260.953, 4.93928, 7200, 0, 0, 1, 0, 0, 0, 0, 0);
INSERT INTO `creature` VALUES (287427, 42845, 725, 5088, 5088, 1, 1, 0, 0, 1130.71, 1090.46, 261.025, 4.93928, 7200, 0, 0, 1, 0, 0, 0, 0, 0);
INSERT INTO `creature` VALUES (287428, 42845, 725, 5088, 5088, 1, 1, 0, 0, 1130.72, 1091.72, 261.056, 4.93928, 7200, 0, 0, 1, 0, 0, 0, 0, 0);
INSERT INTO `creature` VALUES (287429, 42845, 725, 5088, 5088, 1, 1, 0, 0, 1132.23, 1092.93, 261.501, 4.93928, 7200, 0, 0, 1, 0, 0, 0, 0, 0);
INSERT INTO `creature` VALUES (287430, 42845, 725, 5088, 5088, 1, 1, 0, 0, 1132.29, 1090.49, 261.341, 4.93928, 7200, 0, 0, 1, 0, 0, 0, 0, 0);
INSERT INTO `creature` VALUES (287431, 42845, 725, 5088, 5088, 1, 1, 0, 0, 1128.96, 1089.93, 260.661, 4.93928, 7200, 0, 0, 1, 0, 0, 0, 0, 0);
INSERT INTO `creature` VALUES (287432, 42845, 725, 5088, 5088, 1, 1, 0, 0, 1130.52, 1088.76, 260.945, 4.93928, 7200, 0, 0, 1, 0, 0, 0, 0, 0);
INSERT INTO `creature` VALUES (287433, 42845, 725, 5088, 5088, 1, 1, 0, 0, 1127.88, 1091.02, 260.47, 4.93928, 7200, 0, 0, 1, 0, 0, 0, 0, 0);
INSERT INTO `creature` VALUES (287434, 42845, 725, 5088, 5088, 1, 1, 0, 0, 1130.97, 1093.9, 261.357, 4.93928, 7200, 0, 0, 1, 0, 0, 0, 0, 0);
INSERT INTO `creature` VALUES (287435, 42845, 725, 5088, 5088, 1, 1, 0, 0, 1132.95, 1091.5, 261.498, 4.93928, 7200, 0, 0, 1, 0, 0, 0, 0, 0);
INSERT INTO `creature` VALUES (287436, 42808, 725, 5088, 5088, 1, 1, 0, 0, 1061.98, 1021.41, 265.175, 3.15905, 7200, 0, 0, 1, 0, 0, 0, 0, 0);
INSERT INTO `creature` VALUES (287437, 49857, 725, 5088, 5088, 1, 1, 0, 0, 1055.61, 1023.18, 265.538, 3.39515, 7200, 0, 0, 1, 0, 0, 0, 0, 0);
INSERT INTO `creature` VALUES (287438, 49857, 725, 5088, 5088, 1, 1, 0, 0, 1180.03, 1121.89, 261.824, 1.887, 7200, 0, 0, 1, 0, 0, 0, 0, 0);
INSERT INTO `creature` VALUES (287439, 49857, 725, 5088, 5088, 1, 1, 0, 0, 1172.89, 1121.9, 262.47, 6.04814, 7200, 0, 0, 1, 0, 0, 0, 0, 0);
INSERT INTO `creature` VALUES (287440, 49857, 725, 5088, 5088, 1, 1, 0, 0, 1153.31, 1125.29, 266.452, 1.48501, 7200, 0, 0, 1, 0, 0, 0, 0, 0);
INSERT INTO `creature` VALUES (287441, 49857, 725, 5088, 5088, 1, 1, 0, 0, 1213.78, 1114.13, 265.444, 0.581205, 7200, 0, 0, 1, 0, 0, 0, 0, 0);
INSERT INTO `creature` VALUES (287442, 49859, 725, 5088, 5088, 1, 1, 0, 0, 1211.19, 1111.7, 265.524, 5.094, 7200, 0, 0, 1, 0, 0, 0, 0, 0);
INSERT INTO `creature` VALUES (287443, 49857, 725, 5088, 5088, 1, 1, 0, 0, 1222.37, 1146.66, 258.352, 3.65656, 7200, 0, 0, 1, 0, 0, 0, 0, 0);
INSERT INTO `creature` VALUES (287444, 49857, 725, 5088, 5088, 1, 1, 0, 0, 1206.8, 1167.92, 253.411, 4.22158, 7200, 0, 0, 1, 0, 0, 0, 0, 0);
INSERT INTO `creature` VALUES (287445, 49857, 725, 5088, 5088, 1, 1, 0, 0, 1204.94, 1167.65, 253.454, 0.488692, 7200, 0, 0, 1, 0, 0, 0, 0, 0);
INSERT INTO `creature` VALUES (287446, 49857, 725, 5088, 5088, 1, 1, 0, 0, 1223.52, 1151.94, 257.196, 5.27614, 7200, 0, 0, 1, 0, 0, 0, 0, 0);
INSERT INTO `creature` VALUES (287447, 42808, 725, 5088, 5088, 1, 1, 0, 0, 1272.99, 1108.16, 213.389, 3.85718, 7200, 0, 0, 1, 0, 0, 0, 0, 0);
INSERT INTO `creature` VALUES (287448, 42808, 725, 5088, 5088, 1, 1, 0, 0, 1272.76, 1115.8, 213.059, 2.30383, 7200, 0, 0, 1, 0, 0, 0, 0, 0);
INSERT INTO `creature` VALUES (287449, 49857, 725, 5088, 5088, 1, 1, 0, 0, 1269.3, 1103.88, 213.715, 3.03701, 7200, 0, 0, 1, 0, 0, 0, 0, 0);
INSERT INTO `creature` VALUES (287450, 49857, 725, 5088, 5088, 1, 1, 0, 0, 1210.47, 1182.45, 251.538, 2.2359, 7200, 0, 0, 1, 0, 0, 0, 0, 0);
INSERT INTO `creature` VALUES (287451, 49857, 725, 5088, 5088, 1, 1, 0, 0, 1269.07, 1117.23, 213.02, 2.39143, 7200, 0, 0, 1, 0, 0, 0, 0, 0);
INSERT INTO `creature` VALUES (287452, 49857, 725, 5088, 5088, 1, 1, 0, 0, 1277.07, 1093.1, 213.659, 0.263523, 7200, 0, 0, 1, 0, 0, 0, 0, 0);
INSERT INTO `creature` VALUES (287453, 49857, 725, 5088, 5088, 1, 1, 0, 0, 1273.51, 1095.42, 213.737, 1.46433, 7200, 0, 0, 1, 0, 0, 0, 0, 0);
INSERT INTO `creature` VALUES (287454, 51397, 725, 5088, 5088, 1, 1, 0, 0, 1313.26, 1236.83, 247.286, 4.31096, 7200, 0, 0, 1, 0, 0, 0, 0, 0);
INSERT INTO `creature` VALUES ('289022', '43214', '725', '5088', '5088', '1', '1', '0', '1', '1254.78', '1209.75', '247.143', '4.00503', '300', '0', '0', '2450846', '0', '0', '0', '0', '0');
INSERT INTO `creature` VALUES (287456, 49857, 725, 5088, 5088, 1, 1, 0, 0, 1339.86, 1153.54, 213.087, 4.12158, 7200, 0, 0, 1, 0, 0, 0, 0, 0);
INSERT INTO `creature` VALUES (287457, 49857, 725, 5088, 5088, 1, 1, 0, 0, 1373.87, 1194.91, 236.872, 3.63511, 7200, 0, 0, 1, 0, 0, 0, 0, 0);
INSERT INTO `creature` VALUES (287458, 49859, 725, 5088, 5088, 1, 1, 0, 0, 1370.92, 1203.46, 238.777, 5.96475, 7200, 0, 0, 1, 0, 0, 0, 0, 0);
INSERT INTO `creature` VALUES (287459, 49857, 725, 5088, 5088, 1, 1, 0, 0, 1329.25, 1127.45, 213.808, 6.01182, 7200, 0, 0, 1, 0, 0, 0, 0, 0);
INSERT INTO `creature` VALUES (287460, 42808, 725, 5088, 5088, 1, 1, 0, 0, 1340.02, 1129.73, 214.024, 1.8675, 7200, 0, 0, 1, 0, 0, 0, 0, 0);
INSERT INTO `creature` VALUES (287461, 42808, 725, 5088, 5088, 1, 1, 0, 0, 1345.07, 1134.85, 214.004, 2.33874, 7200, 0, 0, 1, 0, 0, 0, 0, 0);
INSERT INTO `creature` VALUES (287462, 49857, 725, 5088, 5088, 1, 1, 0, 0, 1339.84, 1131.04, 214.056, 0.154082, 7200, 0, 0, 1, 0, 0, 0, 0, 0);
INSERT INTO `creature` VALUES (287463, 42808, 725, 5088, 5088, 1, 1, 0, 0, 1407.7, 1167.13, 231.619, 5.68977, 7200, 0, 0, 1, 0, 0, 0, 0, 0);
INSERT INTO `creature` VALUES (287464, 42808, 725, 5088, 5088, 1, 1, 0, 0, 1412.93, 1170.2, 231.51, 4.92183, 7200, 0, 0, 1, 0, 0, 0, 0, 0);
INSERT INTO `creature` VALUES (287465, 49857, 725, 5088, 5088, 1, 1, 0, 0, 1408.44, 1165.17, 231.685, 6.22333, 7200, 0, 0, 1, 0, 0, 0, 0, 0);
INSERT INTO `creature` VALUES (287466, 49857, 725, 5088, 5088, 1, 1, 0, 0, 1408.47, 1161.25, 231.77, 2.86839, 7200, 0, 0, 1, 0, 0, 0, 0, 0);
INSERT INTO `creature` VALUES (287467, 49859, 725, 5088, 5088, 1, 1, 0, 0, 1417.44, 1168.16, 231.544, 2.17695, 7200, 0, 0, 1, 0, 0, 0, 0, 0);
INSERT INTO `creature` VALUES (287468, 42428, 725, 5088, 5088, 1, 1, 0, 0, 1345.86, 1095.29, 214.183, 2.89593, 7200, 0, 0, 1, 0, 0, 0, 0, 0);
INSERT INTO `creature` VALUES (287469, 42428, 725, 5088, 5088, 1, 1, 0, 0, 1343.51, 1096.94, 214.267, 2.84455, 7200, 0, 0, 1, 0, 0, 0, 0, 0);
INSERT INTO `creature` VALUES (287470, 42428, 725, 5088, 5088, 1, 1, 0, 0, 1345.89, 1101.44, 214.324, 2.69632, 7200, 0, 0, 1, 0, 0, 0, 0, 0);
INSERT INTO `creature` VALUES (287471, 42428, 725, 5088, 5088, 1, 1, 0, 0, 1340.71, 1096.53, 214.279, 2.96173, 7200, 0, 0, 1, 0, 0, 0, 0, 0);
INSERT INTO `creature` VALUES (287472, 42428, 725, 5088, 5088, 1, 1, 0, 0, 1366.76, 1102.47, 214.395, 0.618159, 7200, 0, 0, 1, 0, 0, 0, 0, 0);
INSERT INTO `creature` VALUES (287473, 42428, 725, 5088, 5088, 1, 1, 0, 0, 1364.55, 1100.74, 214.4, 1.07602, 7200, 0, 0, 1, 0, 0, 0, 0, 0);
INSERT INTO `creature` VALUES (287474, 42428, 725, 5088, 5088, 1, 1, 0, 0, 1353.56, 1095.96, 214.302, 3.15814, 7200, 0, 0, 1, 0, 0, 0, 0, 0);
INSERT INTO `creature` VALUES (287475, 49857, 725, 5088, 5088, 1, 1, 0, 0, 1453.11, 1179.98, 232.531, 3.77221, 7200, 0, 0, 1, 0, 0, 0, 0, 0);
INSERT INTO `creature` VALUES (287476, 49857, 725, 5088, 5088, 1, 1, 0, 0, 1445.74, 1177.86, 232.163, 0.488692, 7200, 0, 0, 1, 0, 0, 0, 0, 0);
INSERT INTO `creature` VALUES (287477, 49857, 725, 5088, 5088, 1, 1, 0, 0, 1438.68, 1199.09, 229.999, 0.681138, 7200, 0, 0, 1, 0, 0, 0, 0, 0);
INSERT INTO `creature` VALUES (287478, 49857, 725, 5088, 5088, 1, 1, 0, 0, 1436.39, 1165.23, 233.444, 1.22045, 7200, 0, 0, 1, 0, 0, 0, 0, 0);
INSERT INTO `creature` VALUES (287479, 49857, 725, 5088, 5088, 1, 1, 0, 0, 1446.48, 1178.29, 232.184, 0.427104, 7200, 0, 0, 1, 0, 0, 0, 0, 0);
INSERT INTO `creature` VALUES (287480, 42695, 725, 5088, 5088, 1, 1, 0, 0, 1442.42, 1189.29, 230.978, 3.68265, 7200, 0, 0, 1, 0, 0, 0, 0, 0);
INSERT INTO `creature` VALUES (287481, 42696, 725, 5088, 5088, 1, 1, 0, 0, 1449.36, 1223.75, 232.047, 2.33874, 7200, 0, 0, 1, 0, 0, 0, 0, 0);
INSERT INTO `creature` VALUES (287482, 42691, 725, 5088, 5088, 1, 1, 0, 0, 1445.65, 1223.67, 231.58, 0.628318, 7200, 0, 0, 1, 0, 0, 0, 0, 0);
INSERT INTO `creature` VALUES (287483, 42691, 725, 5088, 5088, 1, 1, 0, 0, 1447.82, 1226.98, 232.323, 4.45059, 7200, 0, 0, 1, 0, 0, 0, 0, 0);
INSERT INTO `creature` VALUES (287484, 42789, 725, 5088, 5088, 1, 1, 0, 0, 1444.83, 1227.64, 231.968, 0.733038, 7200, 0, 0, 1, 0, 0, 0, 0, 0);
INSERT INTO `creature` VALUES (287485, 49859, 725, 5088, 5088, 1, 1, 0, 0, 1464.23, 1217.95, 232.34, 0.488692, 7200, 0, 0, 1, 0, 0, 0, 0, 0);
INSERT INTO `creature` VALUES (287486, 49857, 725, 5088, 5088, 1, 1, 0, 0, 1457.06, 1234.55, 234.216, 0.488692, 7200, 0, 0, 1, 0, 0, 0, 0, 0);
INSERT INTO `creature` VALUES (287487, 49857, 725, 5088, 5088, 1, 1, 0, 0, 1449.28, 1235.24, 234.71, 1.11979, 7200, 0, 0, 1, 0, 0, 0, 0, 0);
INSERT INTO `creature` VALUES (287488, 49857, 725, 5088, 5088, 1, 1, 0, 0, 1438.95, 1231.42, 232.478, 1.91333, 7200, 0, 0, 1, 0, 0, 0, 0, 0);
INSERT INTO `creature` VALUES (287489, 49857, 725, 5088, 5088, 1, 1, 0, 0, 1457.25, 1222.26, 232.167, 4.62497, 7200, 0, 0, 1, 0, 0, 0, 0, 0);
INSERT INTO `creature` VALUES (287490, 49857, 725, 5088, 5088, 1, 1, 0, 0, 1463.29, 1218.31, 232.298, 0.488692, 7200, 0, 0, 1, 0, 0, 0, 0, 0);
INSERT INTO `creature` VALUES (287491, 42428, 725, 5088, 5088, 1, 1, 0, 0, 1379.11, 1084.22, 214.216, 6.03174, 7200, 0, 0, 1, 0, 0, 0, 0, 0);
INSERT INTO `creature` VALUES (287492, 42428, 725, 5088, 5088, 1, 1, 0, 0, 1380.22, 1084.59, 214.157, 5.95282, 7200, 0, 0, 1, 0, 0, 0, 0, 0);
INSERT INTO `creature` VALUES (287493, 42428, 725, 5088, 5088, 1, 1, 0, 0, 1378.17, 1087.31, 214.256, 6.00655, 7200, 0, 0, 1, 0, 0, 0, 0, 0);
INSERT INTO `creature` VALUES (287494, 42428, 725, 5088, 5088, 1, 1, 0, 0, 1375.68, 1085.04, 214.254, 6.23684, 7200, 0, 0, 1, 0, 0, 0, 0, 0);
INSERT INTO `creature` VALUES (287495, 42428, 725, 5088, 5088, 1, 1, 0, 0, 1376.13, 1088.58, 214.29, 6.05921, 7200, 0, 0, 1, 0, 0, 0, 0, 0);
INSERT INTO `creature` VALUES (287496, 42428, 725, 5088, 5088, 1, 1, 0, 0, 1347.55, 1101.21, 214.283, 1.19263, 7200, 0, 0, 1, 0, 0, 0, 0, 0);
INSERT INTO `creature` VALUES (287497, 49857, 725, 5088, 5088, 1, 1, 0, 0, 1414.83, 1086.02, 213.085, 1.21004, 7200, 0, 0, 1, 0, 0, 0, 0, 0);
INSERT INTO `creature` VALUES (287498, 49857, 725, 5088, 5088, 1, 1, 0, 0, 1499.41, 1204.33, 227.629, 0.488692, 7200, 0, 0, 1, 0, 0, 0, 0, 0);
INSERT INTO `creature` VALUES (287499, 49857, 725, 5088, 5088, 1, 1, 0, 0, 1497.21, 1204.82, 228.095, 1.20583, 7200, 0, 0, 1, 0, 0, 0, 0, 0);
INSERT INTO `creature` VALUES (287500, 42428, 725, 5088, 5088, 1, 1, 0, 0, 1358.04, 1094.72, 214.336, 2.39877, 7200, 0, 0, 1, 0, 0, 0, 0, 0);
INSERT INTO `creature` VALUES (287501, 42428, 725, 5088, 5088, 1, 1, 0, 0, 1354.71, 1101.05, 214.361, 0.120047, 7200, 0, 0, 1, 0, 0, 0, 0, 0);
INSERT INTO `creature` VALUES (287502, 42428, 725, 5088, 5088, 1, 1, 0, 0, 1347.94, 1099.94, 214.281, 5.82766, 7200, 0, 0, 1, 0, 0, 0, 0, 0);
INSERT INTO `creature` VALUES (287503, 42428, 725, 5088, 5088, 1, 1, 0, 0, 1334.53, 1106.68, 213.885, 0.0802139, 7200, 0, 0, 1, 0, 0, 0, 0, 0);
INSERT INTO `creature` VALUES (287504, 42692, 725, 5088, 5088, 1, 1, 0, 0, 1397.47, 1089.76, 213.019, 1.98947, 7200, 0, 0, 1, 0, 0, 0, 0, 0);
INSERT INTO `creature` VALUES (287505, 49857, 725, 5088, 5088, 1, 1, 0, 0, 1522.38, 1175.51, 220.296, 2.4816, 7200, 0, 0, 1, 0, 0, 0, 0, 0);
INSERT INTO `creature` VALUES (287506, 49859, 725, 5088, 5088, 1, 1, 0, 0, 1513.2, 1176.08, 221.67, 0.754338, 7200, 0, 0, 1, 0, 0, 0, 0, 0);
INSERT INTO `creature` VALUES (287507, 49857, 725, 5088, 5088, 1, 1, 0, 0, 1518.92, 1177.44, 220.971, 1.02696, 7200, 0, 0, 1, 0, 0, 0, 0, 0);
INSERT INTO `creature` VALUES (287508, 42696, 725, 5088, 5088, 1, 1, 0, 0, 1521.39, 1145.04, 216.598, 2.6504, 7200, 0, 0, 1, 0, 0, 0, 0, 0);
INSERT INTO `creature` VALUES (287509, 42696, 725, 5088, 5088, 1, 1, 0, 0, 1543.37, 1183.95, 218.907, 2.46091, 7200, 0, 0, 1, 0, 0, 0, 0, 0);
INSERT INTO `creature` VALUES (287510, 42696, 725, 5088, 5088, 1, 1, 0, 0, 1539.38, 1187.44, 219.521, 5.37561, 7200, 0, 0, 1, 0, 0, 0, 0, 0);
INSERT INTO `creature` VALUES (287511, 42691, 725, 5088, 5088, 1, 1, 0, 0, 1543.04, 1187.62, 219.551, 3.64774, 7200, 0, 0, 1, 0, 0, 0, 0, 0);
INSERT INTO `creature` VALUES (287512, 42789, 725, 5088, 5088, 1, 1, 0, 0, 1539.75, 1184.05, 219.153, 0.925025, 7200, 0, 0, 1, 0, 0, 0, 0, 0);
INSERT INTO `creature` VALUES (287513, 22515, 725, 5088, 5088, 1, 1, 0, 0, 1535.25, 1133.85, 216.416, 2.19912, 7200, 0, 0, 1, 0, 0, 0, 0, 0);
INSERT INTO `creature` VALUES (287514, 42695, 725, 5088, 5088, 1, 1, 0, 0, 1536.03, 1186.43, 219.624, 2.87979, 7200, 0, 0, 1, 0, 0, 0, 0, 0);
INSERT INTO `creature` VALUES (287515, 42696, 725, 5088, 5088, 1, 1, 0, 0, 1537.54, 1131.78, 216.416, 2.46091, 7200, 0, 0, 1, 0, 0, 0, 0, 0);
INSERT INTO `creature` VALUES (287516, 42696, 725, 5088, 5088, 1, 1, 0, 0, 1533.55, 1135.27, 216.416, 5.37561, 7200, 0, 0, 1, 0, 0, 0, 0, 0);
INSERT INTO `creature` VALUES (287517, 42696, 725, 5088, 5088, 1, 1, 0, 0, 1538.15, 1135.76, 216.416, 3.64774, 7200, 0, 0, 1, 0, 0, 0, 0, 0);
INSERT INTO `creature` VALUES (287518, 42691, 725, 5088, 5088, 1, 1, 0, 0, 1533.13, 1130.91, 216.416, 0.925025, 7200, 0, 0, 1, 0, 0, 0, 0, 0);
INSERT INTO `creature` VALUES (287519, 42692, 725, 5088, 5088, 1, 1, 0, 0, 1556.16, 1165.99, 216.178, 1.91041, 7200, 0, 0, 1, 0, 0, 0, 0, 0);
INSERT INTO `creature` VALUES (287520, 42695, 725, 5088, 5088, 1, 1, 0, 0, 1563.61, 1173.26, 217.656, 2.09051, 7200, 0, 0, 1, 0, 0, 0, 0, 0);
INSERT INTO `creature` VALUES (287521, 42696, 725, 5088, 5088, 1, 1, 0, 0, 1545.3, 1215.27, 223.352, 2.14675, 7200, 0, 0, 1, 0, 0, 0, 0, 0);
INSERT INTO `creature` VALUES (287522, 42696, 725, 5088, 5088, 1, 1, 0, 0, 1541.7, 1216.2, 223.54, 0.436332, 7200, 0, 0, 1, 0, 0, 0, 0, 0);
INSERT INTO `creature` VALUES (287523, 42696, 725, 5088, 5088, 1, 1, 0, 0, 1544.7, 1218.8, 223.538, 4.2586, 7200, 0, 0, 1, 0, 0, 0, 0, 0);
INSERT INTO `creature` VALUES (287524, 42691, 725, 5088, 5088, 1, 1, 0, 0, 1541.99, 1220.24, 223.712, 0.541052, 7200, 0, 0, 1, 0, 0, 0, 0, 0);
INSERT INTO `creature` VALUES (287525, 42696, 725, 5088, 5088, 1, 1, 0, 0, 1580.62, 1185.56, 219.699, 2.26893, 7200, 0, 0, 1, 0, 0, 0, 0, 0);
INSERT INTO `creature` VALUES (287526, 42691, 725, 5088, 5088, 1, 1, 0, 0, 1577.61, 1188.9, 220.066, 4.95674, 7200, 0, 0, 1, 0, 0, 0, 0, 0);
INSERT INTO `creature` VALUES (287527, 42691, 725, 5088, 5088, 1, 1, 0, 0, 1580.58, 1188.48, 220.007, 3.89208, 7200, 0, 0, 1, 0, 0, 0, 0, 0);
INSERT INTO `creature` VALUES (287528, 42789, 725, 5088, 5088, 1, 1, 0, 0, 1576.87, 1185.43, 219.704, 0.715585, 7200, 0, 0, 1, 0, 0, 0, 0, 0);
INSERT INTO `creature` VALUES (287529, 42691, 725, 5088, 5088, 1, 1, 0, 0, 1579.62, 1182.71, 219.321, 1.41372, 7200, 0, 0, 1, 0, 0, 0, 0, 0);
INSERT INTO `creature` VALUES (287530, 42696, 725, 5088, 5088, 1, 1, 0, 0, 1556.93, 1130.29, 215.8, 1.41372, 7200, 0, 0, 1, 0, 0, 0, 0, 0);
INSERT INTO `creature` VALUES (287531, 42696, 725, 5088, 5088, 1, 1, 0, 0, 1557.37, 1134.91, 215.8, 4.5204, 7200, 0, 0, 1, 0, 0, 0, 0, 0);
INSERT INTO `creature` VALUES (287532, 42789, 725, 5088, 5088, 1, 1, 0, 0, 1525.85, 1107.56, 216.514, 5.96903, 7200, 0, 0, 1, 0, 0, 0, 0, 0);
INSERT INTO `creature` VALUES (287533, 42691, 725, 5088, 5088, 1, 1, 0, 0, 1588.36, 1168.33, 218.031, 5.77704, 7200, 0, 0, 1, 0, 0, 0, 0, 0);
INSERT INTO `creature` VALUES (287534, 42696, 725, 5088, 5088, 1, 1, 0, 0, 1568.07, 1132.3, 215.8, 5.34071, 7200, 0, 0, 1, 0, 0, 0, 0, 0);
INSERT INTO `creature` VALUES (287535, 42691, 725, 5088, 5088, 1, 1, 0, 0, 1526.94, 1104.66, 216.507, 0.0698132, 7200, 0, 0, 1, 0, 0, 0, 0, 0);
INSERT INTO `creature` VALUES (287536, 42789, 725, 5088, 5088, 1, 1, 0, 0, 1529.56, 1106.3, 216.473, 4.03171, 7200, 0, 0, 1, 0, 0, 0, 0, 0);
INSERT INTO `creature` VALUES (287537, 42695, 725, 5088, 5088, 1, 1, 0, 0, 1546.56, 1123.78, 216.333, 1.38919, 7200, 0, 0, 1, 0, 0, 0, 0, 0);
INSERT INTO `creature` VALUES (287538, 42695, 725, 5088, 5088, 1, 1, 0, 0, 1548.78, 1126.94, 216.333, 2.6799, 7200, 0, 0, 1, 0, 0, 0, 0, 0);
INSERT INTO `creature` VALUES (287539, 42692, 725, 5088, 5088, 1, 1, 0, 0, 1594.81, 1173.98, 218.372, 3.10669, 7200, 0, 0, 1, 0, 0, 0, 0, 0);
INSERT INTO `creature` VALUES (287540, 42696, 725, 5088, 5088, 1, 1, 0, 0, 1590.14, 1165.46, 217.829, 1.43117, 7200, 0, 0, 1, 0, 0, 0, 0, 0);
INSERT INTO `creature` VALUES (287541, 42789, 725, 5088, 5088, 1, 1, 0, 0, 1591.32, 1167.91, 218.004, 3.76991, 7200, 0, 0, 1, 0, 0, 0, 0, 0);
INSERT INTO `creature` VALUES (287542, 42789, 725, 5088, 5088, 1, 1, 0, 0, 1592.5, 1165.97, 217.866, 2.77507, 7200, 0, 0, 1, 0, 0, 0, 0, 0);
INSERT INTO `creature` VALUES (287543, 42691, 725, 5088, 5088, 1, 1, 0, 0, 1570.68, 1129.42, 215.8, 2.3911, 7200, 0, 0, 1, 0, 0, 0, 0, 0);
INSERT INTO `creature` VALUES (287544, 42696, 725, 5088, 5088, 1, 1, 0, 0, 1529.6, 1103.38, 216.501, 2.28638, 7200, 0, 0, 1, 0, 0, 0, 0, 0);
INSERT INTO `creature` VALUES (287545, 42692, 725, 5088, 5088, 1, 1, 0, 0, 1530.8, 1100.64, 216.442, 2.21614, 7200, 0, 0, 1, 0, 0, 0, 0, 0);
INSERT INTO `creature` VALUES (287546, 42696, 725, 5088, 5088, 1, 1, 0, 0, 1597.99, 1111.74, 216.348, 2.26893, 7200, 0, 0, 1, 0, 0, 0, 0, 0);
INSERT INTO `creature` VALUES (287547, 42696, 725, 5088, 5088, 1, 1, 0, 0, 1594.29, 1116.47, 216.274, 5.39307, 7200, 0, 0, 1, 0, 0, 0, 0, 0);
INSERT INTO `creature` VALUES (287548, 42696, 725, 5088, 5088, 1, 1, 0, 0, 1597.9, 1115.89, 216.228, 3.89208, 7200, 0, 0, 1, 0, 0, 0, 0, 0);
INSERT INTO `creature` VALUES (287549, 42691, 725, 5088, 5088, 1, 1, 0, 0, 1593.72, 1112.56, 216.309, 0.715585, 7200, 0, 0, 1, 0, 0, 0, 0, 0);
INSERT INTO `creature` VALUES (287550, 22515, 725, 5088, 5088, 1, 1, 0, 0, 1596.12, 1114.08, 216.264, 2.19912, 7200, 0, 0, 1, 0, 0, 0, 0, 0);
INSERT INTO `creature` VALUES (287551, 42696, 725, 5088, 5088, 1, 1, 0, 0, 1589.44, 1087.16, 217.721, 2.26893, 7200, 0, 0, 1, 0, 0, 0, 0, 0);
INSERT INTO `creature` VALUES (287552, 42691, 725, 5088, 5088, 1, 1, 0, 0, 1586.43, 1090.5, 217.375, 4.95674, 7200, 0, 0, 1, 0, 0, 0, 0, 0);
INSERT INTO `creature` VALUES (287553, 42789, 725, 5088, 5088, 1, 1, 0, 0, 1589.4, 1090.07, 217.518, 3.89208, 7200, 0, 0, 1, 0, 0, 0, 0, 0);
INSERT INTO `creature` VALUES (287554, 42789, 725, 5088, 5088, 1, 1, 0, 0, 1585.98, 1087.46, 217.558, 0.715585, 7200, 0, 0, 1, 0, 0, 0, 0, 0);
INSERT INTO `creature` VALUES (287555, 42696, 725, 5088, 5088, 1, 1, 0, 0, 1598.28, 1098.11, 217.24, 1.6057, 7200, 0, 0, 1, 0, 0, 0, 0, 0);
INSERT INTO `creature` VALUES (287556, 42696, 725, 5088, 5088, 1, 1, 0, 0, 1597.07, 1100.38, 217.081, 5.77704, 7200, 0, 0, 1, 0, 0, 0, 0, 0);
INSERT INTO `creature` VALUES (287557, 42691, 725, 5088, 5088, 1, 1, 0, 0, 1599.76, 1100.73, 217.096, 3.68265, 7200, 0, 0, 1, 0, 0, 0, 0, 0);
INSERT INTO `creature` VALUES (287558, 42692, 725, 5088, 5088, 1, 1, 0, 0, 1587.82, 1098.62, 216.865, 3.89208, 7200, 0, 0, 1, 0, 0, 0, 0, 0);
INSERT INTO `creature` VALUES (287559, 42691, 725, 5088, 5088, 1, 1, 0, 0, 1601.15, 1110.68, 216.461, 4.54179, 7200, 0, 0, 1, 0, 0, 0, 0, 0);
INSERT INTO `creature` VALUES (287560, 42789, 725, 5088, 5088, 1, 1, 0, 0, 1600.82, 1097.99, 217.283, 4.04916, 7200, 0, 0, 1, 0, 0, 0, 0, 0);
INSERT INTO `creature` VALUES (287561, 42696, 725, 5088, 5088, 1, 1, 0, 0, 1585.13, 1081.38, 217.813, 5.37561, 7200, 0, 0, 1, 0, 0, 0, 0, 0);
INSERT INTO `creature` VALUES (287562, 49859, 725, 5088, 5088, 1, 1, 0, 0, 1593.46, 1077.29, 218.347, 5.50978, 7200, 0, 0, 1, 0, 0, 0, 0, 0);
INSERT INTO `creature` VALUES (287563, 22515, 725, 5088, 5088, 1, 1, 0, 0, 1558.36, 1062.4, 218.438, 2.19912, 7200, 0, 0, 1, 0, 0, 0, 0, 0);
INSERT INTO `creature` VALUES (287564, 49857, 725, 5088, 5088, 1, 1, 0, 0, 1530.41, 1061.97, 218.077, 0.488692, 7200, 0, 0, 1, 0, 0, 0, 0, 0);
INSERT INTO `creature` VALUES (287565, 49859, 725, 5088, 5088, 1, 1, 0, 0, 1530.87, 1062.35, 218.057, 2.77197, 7200, 0, 0, 1, 0, 0, 0, 0, 0);
INSERT INTO `creature` VALUES (287566, 49857, 725, 5088, 5088, 1, 1, 0, 0, 1408.77, 1161.23, 231.774, 5.95099, 7200, 0, 0, 1, 0, 0, 0, 0, 0);
INSERT INTO `creature` VALUES (287567, 49857, 725, 5088, 5088, 1, 1, 0, 0, 1407.61, 1162.52, 231.741, 5.11245, 7200, 0, 0, 1, 0, 0, 0, 0, 0);
INSERT INTO `creature` VALUES (287568, 49859, 725, 5088, 5088, 1, 1, 0, 0, 1419.16, 1165.69, 231.792, 0.488692, 7200, 0, 0, 1, 0, 0, 0, 0, 0);
INSERT INTO `creature` VALUES (287569, 42428, 725, 5088, 5088, 1, 1, 0, 0, 1366.79, 1103.65, 214.391, 0.174421, 7200, 0, 0, 1, 0, 0, 0, 0, 0);
INSERT INTO `creature` VALUES (287570, 49859, 725, 5088, 5088, 1, 1, 0, 0, 1514.06, 1177.12, 221.596, 4.24045, 7200, 0, 0, 1, 0, 0, 0, 0, 0);
INSERT INTO `creature` VALUES (287571, 49857, 725, 5088, 5088, 1, 1, 0, 0, 1522.37, 1177.66, 220.454, 1.68052, 7200, 0, 0, 1, 0, 0, 0, 0, 0);
INSERT INTO `creature` VALUES (287572, 49857, 725, 5088, 5088, 1, 1, 0, 0, 1465.23, 1037.8, 217.262, 5.68366, 7200, 0, 0, 1, 0, 0, 0, 0, 0);
INSERT INTO `creature` VALUES (287573, 49859, 725, 5088, 5088, 1, 1, 0, 0, 1446.53, 1072.15, 215.971, 0.488692, 7200, 0, 0, 1, 0, 0, 0, 0, 0);
INSERT INTO `creature` VALUES (287574, 49857, 725, 5088, 5088, 1, 1, 0, 0, 1451.07, 1038.95, 216.735, 3.36409, 7200, 0, 0, 1, 0, 0, 0, 0, 0);
INSERT INTO `creature` VALUES (287575, 49857, 725, 5088, 5088, 1, 1, 0, 0, 1454.99, 1040.86, 216.876, 0.391383, 7200, 0, 0, 1, 0, 0, 0, 0, 0);
INSERT INTO `creature` VALUES (287576, 49857, 725, 5088, 5088, 1, 1, 0, 0, 1440.48, 1039.37, 216.068, 5.40371, 7200, 0, 0, 1, 0, 0, 0, 0, 0);
INSERT INTO `creature` VALUES (287577, 49857, 725, 5088, 5088, 1, 1, 0, 0, 1423.46, 1079.98, 213.918, 0.488692, 7200, 0, 0, 1, 0, 0, 0, 0, 0);
INSERT INTO `creature` VALUES (287578, 42428, 725, 5088, 5088, 1, 1, 0, 0, 1395.14, 1073.28, 212.931, 6.00019, 7200, 0, 0, 1, 0, 0, 0, 0, 0);
INSERT INTO `creature` VALUES (287579, 42428, 725, 5088, 5088, 1, 1, 0, 0, 1402.14, 1060.13, 212.705, 5.96301, 7200, 0, 0, 1, 0, 0, 0, 0, 0);
INSERT INTO `creature` VALUES (287580, 42428, 725, 5088, 5088, 1, 1, 0, 0, 1404.67, 1069.26, 212.567, 6.06288, 7200, 0, 0, 1, 0, 0, 0, 0, 0);
INSERT INTO `creature` VALUES (287581, 42428, 725, 5088, 5088, 1, 1, 0, 0, 1394.08, 1064.06, 212.691, 5.87517, 7200, 0, 0, 1, 0, 0, 0, 0, 0);
INSERT INTO `creature` VALUES (287582, 42428, 725, 5088, 5088, 1, 1, 0, 0, 1400.8, 1066.18, 212.494, 0.0510768, 7200, 0, 0, 1, 0, 0, 0, 0, 0);
INSERT INTO `creature` VALUES (287583, 42428, 725, 5088, 5088, 1, 1, 0, 0, 1392.16, 1068.59, 212.738, 6.04306, 7200, 0, 0, 1, 0, 0, 0, 0, 0);
INSERT INTO `creature` VALUES (287584, 42428, 725, 5088, 5088, 1, 1, 0, 0, 1397.25, 1072.64, 212.913, 5.99769, 7200, 0, 0, 1, 0, 0, 0, 0, 0);
INSERT INTO `creature` VALUES (287585, 49859, 725, 5088, 5088, 1, 1, 0, 0, 1393.62, 1041.19, 212.845, 3.27518, 7200, 0, 0, 1, 0, 0, 0, 0, 0);
INSERT INTO `creature` VALUES (287586, 42808, 725, 5088, 5088, 1, 1, 0, 0, 1383.94, 1050.86, 213.151, 4.81711, 7200, 0, 0, 1, 0, 0, 0, 0, 0);
INSERT INTO `creature` VALUES (287587, 42808, 725, 5088, 5088, 1, 1, 0, 0, 1380.19, 1049.55, 212.862, 3.87463, 7200, 0, 0, 1, 0, 0, 0, 0, 0);
INSERT INTO `creature` VALUES (287588, 49859, 725, 5088, 5088, 1, 1, 0, 0, 1384.73, 1021.11, 211.529, 3.37372, 7200, 0, 0, 1, 0, 0, 0, 0, 0);
INSERT INTO `creature` VALUES (287589, 49859, 725, 5088, 5088, 1, 1, 0, 0, 1385.4, 1006.69, 209.587, 5.78229, 7200, 0, 0, 1, 0, 0, 0, 0, 0);
INSERT INTO `creature` VALUES (287590, 49859, 725, 5088, 5088, 1, 1, 0, 0, 1384.79, 1006.81, 209.479, 4.49634, 7200, 0, 0, 1, 0, 0, 0, 0, 0);
INSERT INTO `creature` VALUES (287591, 49859, 725, 5088, 5088, 1, 1, 0, 0, 1365.25, 1029.13, 210.906, 5.40089, 7200, 0, 0, 1, 0, 0, 0, 0, 0);
INSERT INTO `creature` VALUES (287592, 42428, 725, 5088, 5088, 1, 1, 0, 0, 1365.51, 1097.98, 214.396, 1.25814, 7200, 0, 0, 1, 0, 0, 0, 0, 0);
INSERT INTO `creature` VALUES (287593, 42428, 725, 5088, 5088, 1, 1, 0, 0, 1369.96, 1090.18, 214.354, 2.97757, 7200, 0, 0, 1, 0, 0, 0, 0, 0);
INSERT INTO `creature` VALUES (287594, 42428, 725, 5088, 5088, 1, 1, 0, 0, 1354.62, 1083.07, 214.125, 6.10097, 7200, 0, 0, 1, 0, 0, 0, 0, 0);
INSERT INTO `creature` VALUES (287595, 42428, 725, 5088, 5088, 1, 1, 0, 0, 1356.53, 1087.97, 214.219, 6.2109, 7200, 0, 0, 1, 0, 0, 0, 0, 0);
INSERT INTO `creature` VALUES (287596, 49857, 725, 5088, 5088, 1, 1, 0, 0, 1339.91, 1053.78, 212.252, 6.27002, 7200, 0, 0, 1, 0, 0, 0, 0, 0);
INSERT INTO `creature` VALUES (287597, 42428, 725, 5088, 5088, 1, 1, 0, 0, 1347.85, 1083.09, 214.015, 5.2427, 7200, 0, 0, 1, 0, 0, 0, 0, 0);
INSERT INTO `creature` VALUES (287598, 42428, 725, 5088, 5088, 1, 1, 0, 0, 1353.63, 1084.24, 214.124, 6.17911, 7200, 0, 0, 1, 0, 0, 0, 0, 0);
INSERT INTO `creature` VALUES (287599, 42428, 725, 5088, 5088, 1, 1, 0, 0, 1342.05, 1073.68, 213.089, 5.45596, 7200, 0, 0, 1, 0, 0, 0, 0, 0);
INSERT INTO `creature` VALUES (287600, 42428, 725, 5088, 5088, 1, 1, 0, 0, 1344.51, 1090.39, 214.089, 6.17217, 7200, 0, 0, 1, 0, 0, 0, 0, 0);
INSERT INTO `creature` VALUES (287601, 49859, 725, 5088, 5088, 1, 1, 0, 0, 1332.14, 1028.39, 210.204, 5.29679, 7200, 0, 0, 1, 0, 0, 0, 0, 0);
INSERT INTO `creature` VALUES (287602, 42428, 725, 5088, 5088, 1, 1, 0, 0, 1329.33, 1081.82, 214.183, 0.0571703, 7200, 0, 0, 1, 0, 0, 0, 0, 0);
INSERT INTO `creature` VALUES (287603, 42428, 725, 5088, 5088, 1, 1, 0, 0, 1326.39, 1084.23, 213.776, 6.185, 7200, 0, 0, 1, 0, 0, 0, 0, 0);
INSERT INTO `creature` VALUES (287604, 42428, 725, 5088, 5088, 1, 1, 0, 0, 1333.58, 1084.91, 214.187, 0.359824, 7200, 0, 0, 1, 0, 0, 0, 0, 0);
INSERT INTO `creature` VALUES (287605, 42428, 725, 5088, 5088, 1, 1, 0, 0, 1341.94, 1094.61, 214.199, 0.338026, 7200, 0, 0, 1, 0, 0, 0, 0, 0);
INSERT INTO `creature` VALUES (287606, 42428, 725, 5088, 5088, 1, 1, 0, 0, 1338.7, 1087.24, 214.129, 6.14833, 7200, 0, 0, 1, 0, 0, 0, 0, 0);
INSERT INTO `creature` VALUES (287607, 42428, 725, 5088, 5088, 1, 1, 0, 0, 1330.41, 1081.02, 213.817, 6.05243, 7200, 0, 0, 1, 0, 0, 0, 0, 0);
INSERT INTO `creature` VALUES (287608, 49859, 725, 5088, 5088, 1, 1, 0, 0, 1327.73, 1029.48, 210.151, 5.5203, 7200, 0, 0, 1, 0, 0, 0, 0, 0);
INSERT INTO `creature` VALUES (287609, 49859, 725, 5088, 5088, 1, 1, 0, 0, 1314.32, 1066.26, 212.554, 2.10964, 7200, 0, 0, 1, 0, 0, 0, 0, 0);
INSERT INTO `creature` VALUES (287610, 42428, 725, 5088, 5088, 1, 1, 0, 0, 1346.1, 996.305, 208.237, 4.85202, 7200, 0, 0, 1, 0, 0, 0, 0, 0);
INSERT INTO `creature` VALUES (287611, 42428, 725, 5088, 5088, 1, 1, 0, 0, 1346.47, 994.457, 208.127, 4.85202, 7200, 0, 0, 1, 0, 0, 0, 0, 0);
INSERT INTO `creature` VALUES (287612, 42428, 725, 5088, 5088, 1, 1, 0, 0, 1344.21, 996.024, 208.237, 4.86947, 7200, 0, 0, 1, 0, 0, 0, 0, 0);
INSERT INTO `creature` VALUES (287613, 42428, 725, 5088, 5088, 1, 1, 0, 0, 1346.88, 992.576, 208.015, 4.85202, 7200, 0, 0, 1, 0, 0, 0, 0, 0);
INSERT INTO `creature` VALUES (287614, 42428, 725, 5088, 5088, 1, 1, 0, 0, 1334.46, 1087.56, 214.185, 0.0973821, 7200, 0, 0, 1, 0, 0, 0, 0, 0);
INSERT INTO `creature` VALUES (287615, 49859, 725, 5088, 5088, 1, 1, 0, 0, 1312.74, 1065.44, 212.459, 5.85621, 7200, 0, 0, 1, 0, 0, 0, 0, 0);
INSERT INTO `creature` VALUES (287616, 42428, 725, 5088, 5088, 1, 1, 0, 0, 1342.3, 995.644, 208.232, 4.88692, 7200, 0, 0, 1, 0, 0, 0, 0, 0);
INSERT INTO `creature` VALUES (287617, 42428, 725, 5088, 5088, 1, 1, 0, 0, 1344.58, 994.172, 208.127, 4.86947, 7200, 0, 0, 1, 0, 0, 0, 0, 0);
INSERT INTO `creature` VALUES (287618, 42428, 725, 5088, 5088, 1, 1, 0, 0, 1342.67, 993.79, 208.122, 4.88692, 7200, 0, 0, 1, 0, 0, 0, 0, 0);
INSERT INTO `creature` VALUES (287619, 42428, 725, 5088, 5088, 1, 1, 0, 0, 1340.13, 995.326, 208.233, 4.90438, 7200, 0, 0, 1, 0, 0, 0, 0, 0);
INSERT INTO `creature` VALUES (287620, 42428, 725, 5088, 5088, 1, 1, 0, 0, 1344.99, 992.295, 208.015, 4.86947, 7200, 0, 0, 1, 0, 0, 0, 0, 0);
INSERT INTO `creature` VALUES (287621, 42428, 725, 5088, 5088, 1, 1, 0, 0, 1347.2, 990.903, 207.915, 4.85202, 7200, 0, 0, 1, 0, 0, 0, 0, 0);
INSERT INTO `creature` VALUES (287622, 42428, 725, 5088, 5088, 1, 1, 0, 0, 1340.49, 993.477, 208.123, 4.90438, 7200, 0, 0, 1, 0, 0, 0, 0, 0);
INSERT INTO `creature` VALUES (287623, 42428, 725, 5088, 5088, 1, 1, 0, 0, 1343.07, 991.917, 208.01, 4.88692, 7200, 0, 0, 1, 0, 0, 0, 0, 0);
INSERT INTO `creature` VALUES (287624, 42428, 725, 5088, 5088, 1, 1, 0, 0, 1345.32, 990.623, 207.916, 4.86947, 7200, 0, 0, 1, 0, 0, 0, 0, 0);
INSERT INTO `creature` VALUES (287625, 42428, 725, 5088, 5088, 1, 1, 0, 0, 1338, 994.826, 208.223, 4.92183, 7200, 0, 0, 1, 0, 0, 0, 0, 0);
INSERT INTO `creature` VALUES (287626, 42428, 725, 5088, 5088, 1, 1, 0, 0, 1343.39, 990.241, 207.911, 4.88692, 7200, 0, 0, 1, 0, 0, 0, 0, 0);
INSERT INTO `creature` VALUES (287627, 42428, 725, 5088, 5088, 1, 1, 0, 0, 1340.9, 991.594, 208.011, 4.90438, 7200, 0, 0, 1, 0, 0, 0, 0, 0);
INSERT INTO `creature` VALUES (287628, 42428, 725, 5088, 5088, 1, 1, 0, 0, 1338.36, 992.969, 208.112, 4.92183, 7200, 0, 0, 1, 0, 0, 0, 0, 0);
INSERT INTO `creature` VALUES (287629, 42428, 725, 5088, 5088, 1, 1, 0, 0, 1341.22, 989.922, 207.911, 4.90438, 7200, 0, 0, 1, 0, 0, 0, 0, 0);
INSERT INTO `creature` VALUES (287630, 42428, 725, 5088, 5088, 1, 1, 0, 0, 1338.77, 991.104, 208.001, 4.92183, 7200, 0, 0, 1, 0, 0, 0, 0, 0);
INSERT INTO `creature` VALUES (287631, 49857, 725, 5088, 5088, 1, 1, 0, 0, 1293.05, 1063.37, 212.489, 1.76424, 7200, 0, 0, 1, 0, 0, 0, 0, 0);
INSERT INTO `creature` VALUES (287632, 42428, 725, 5088, 5088, 1, 1, 0, 0, 1339.09, 989.429, 207.902, 4.92183, 7200, 0, 0, 1, 0, 0, 0, 0, 0);
INSERT INTO `creature` VALUES (287633, 42428, 725, 5088, 5088, 1, 1, 0, 0, 1331.17, 992.236, 208.128, 4.99164, 7200, 0, 0, 1, 0, 0, 0, 0, 0);
INSERT INTO `creature` VALUES (287634, 42428, 725, 5088, 5088, 1, 1, 0, 0, 1331.95, 990.521, 208.028, 4.99164, 7200, 0, 0, 1, 0, 0, 0, 0, 0);
INSERT INTO `creature` VALUES (287635, 42428, 725, 5088, 5088, 1, 1, 0, 0, 1329.39, 991.531, 208.102, 5.0091, 7200, 0, 0, 1, 0, 0, 0, 0, 0);
INSERT INTO `creature` VALUES (287636, 42428, 725, 5088, 5088, 1, 1, 0, 0, 1332.78, 988.785, 207.92, 4.99164, 7200, 0, 0, 1, 0, 0, 0, 0, 0);
INSERT INTO `creature` VALUES (287637, 42428, 725, 5088, 5088, 1, 1, 0, 0, 1330.18, 989.812, 208.001, 5.0091, 7200, 0, 0, 1, 0, 0, 0, 0, 0);
INSERT INTO `creature` VALUES (287638, 42428, 725, 5088, 5088, 1, 1, 0, 0, 1333.48, 987.229, 207.835, 4.99164, 7200, 0, 0, 1, 0, 0, 0, 0, 0);
INSERT INTO `creature` VALUES (287639, 22515, 725, 5088, 5088, 1, 1, 0, 0, 1331.01, 988.738, 207.933, 2.49582, 7200, 0, 0, 1, 0, 0, 0, 0, 0);
INSERT INTO `creature` VALUES (287640, 42428, 725, 5088, 5088, 1, 1, 0, 0, 1327.62, 990.719, 208.069, 5.02655, 7200, 0, 0, 1, 0, 0, 0, 0, 0);
INSERT INTO `creature` VALUES (287641, 42428, 725, 5088, 5088, 1, 1, 0, 0, 1331, 988.073, 207.895, 5.0091, 7200, 0, 0, 1, 0, 0, 0, 0, 0);
INSERT INTO `creature` VALUES (287642, 42428, 725, 5088, 5088, 1, 1, 0, 0, 1325.58, 989.906, 208.024, 5.044, 7200, 0, 0, 1, 0, 0, 0, 0, 0);
INSERT INTO `creature` VALUES (287643, 42428, 725, 5088, 5088, 1, 1, 0, 0, 1328.4, 989, 207.968, 5.02655, 7200, 0, 0, 1, 0, 0, 0, 0, 0);
INSERT INTO `creature` VALUES (287644, 42428, 725, 5088, 5088, 1, 1, 0, 0, 1326.35, 988.191, 207.938, 5.044, 7200, 0, 0, 1, 0, 0, 0, 0, 0);
INSERT INTO `creature` VALUES (287645, 42428, 725, 5088, 5088, 1, 1, 0, 0, 1329.22, 987.264, 207.864, 5.02655, 7200, 0, 0, 1, 0, 0, 0, 0, 0);
INSERT INTO `creature` VALUES (287646, 42428, 725, 5088, 5088, 1, 1, 0, 0, 1323.63, 988.941, 207.947, 5.06145, 7200, 0, 0, 1, 0, 0, 0, 0, 0);
INSERT INTO `creature` VALUES (287647, 42428, 725, 5088, 5088, 1, 1, 0, 0, 1331.71, 986.521, 207.821, 5.0091, 7200, 0, 0, 1, 0, 0, 0, 0, 0);
INSERT INTO `creature` VALUES (287648, 42428, 725, 5088, 5088, 1, 1, 0, 0, 1329.93, 985.712, 207.804, 5.02655, 7200, 0, 0, 1, 0, 0, 0, 0, 0);
INSERT INTO `creature` VALUES (287649, 42428, 725, 5088, 5088, 1, 1, 0, 0, 1327.19, 986.455, 207.84, 5.044, 7200, 0, 0, 1, 0, 0, 0, 0, 0);
INSERT INTO `creature` VALUES (287650, 42428, 725, 5088, 5088, 1, 1, 0, 0, 1324.41, 987.208, 207.855, 5.06145, 7200, 0, 0, 1, 0, 0, 0, 0, 0);
INSERT INTO `creature` VALUES (287651, 42428, 725, 5088, 5088, 1, 1, 0, 0, 1327.88, 984.903, 207.788, 5.044, 7200, 0, 0, 1, 0, 0, 0, 0, 0);
INSERT INTO `creature` VALUES (287652, 42428, 725, 5088, 5088, 1, 1, 0, 0, 1325.23, 985.49, 207.771, 5.06145, 7200, 0, 0, 1, 0, 0, 0, 0, 0);
INSERT INTO `creature` VALUES (287653, 42428, 725, 5088, 5088, 1, 1, 0, 0, 1325.92, 983.934, 207.719, 5.06145, 7200, 0, 0, 1, 0, 0, 0, 0, 0);
INSERT INTO `creature` VALUES (287654, 42428, 725, 5088, 5088, 1, 1, 0, 0, 1315.72, 985.661, 207.669, 5.14872, 7200, 0, 0, 1, 0, 0, 0, 0, 0);
INSERT INTO `creature` VALUES (287655, 42428, 725, 5088, 5088, 1, 1, 0, 0, 1316.74, 984.08, 207.568, 5.14872, 7200, 0, 0, 1, 0, 0, 0, 0, 0);
INSERT INTO `creature` VALUES (287656, 42428, 725, 5088, 5088, 1, 1, 0, 0, 1314.06, 984.701, 207.628, 5.16617, 7200, 0, 0, 1, 0, 0, 0, 0, 0);
INSERT INTO `creature` VALUES (287657, 42428, 725, 5088, 5088, 1, 1, 0, 0, 1317.82, 982.488, 207.488, 5.14872, 7200, 0, 0, 1, 0, 0, 0, 0, 0);
INSERT INTO `creature` VALUES (287658, 42428, 725, 5088, 5088, 1, 1, 0, 0, 1315.09, 983.116, 207.52, 5.16617, 7200, 0, 0, 1, 0, 0, 0, 0, 0);
INSERT INTO `creature` VALUES (287659, 42428, 725, 5088, 5088, 1, 1, 0, 0, 1318.75, 981.052, 207.449, 5.14872, 7200, 0, 0, 1, 0, 0, 0, 0, 0);
INSERT INTO `creature` VALUES (287660, 42428, 725, 5088, 5088, 1, 1, 0, 0, 1312.43, 983.635, 207.58, 5.18363, 7200, 0, 0, 1, 0, 0, 0, 0, 0);
INSERT INTO `creature` VALUES (287661, 42428, 725, 5088, 5088, 1, 1, 0, 0, 1316.16, 981.517, 207.437, 5.16617, 7200, 0, 0, 1, 0, 0, 0, 0, 0);
INSERT INTO `creature` VALUES (287662, 42428, 725, 5088, 5088, 1, 1, 0, 0, 1313.46, 982.049, 207.472, 5.18363, 7200, 0, 0, 1, 0, 0, 0, 0, 0);
INSERT INTO `creature` VALUES (287663, 42428, 725, 5088, 5088, 1, 1, 0, 0, 1317.09, 980.09, 207.419, 5.16617, 7200, 0, 0, 1, 0, 0, 0, 0, 0);
INSERT INTO `creature` VALUES (287664, 42428, 725, 5088, 5088, 1, 1, 0, 0, 1310.54, 982.528, 207.533, 5.20108, 7200, 0, 0, 1, 0, 0, 0, 0, 0);
INSERT INTO `creature` VALUES (287665, 42428, 725, 5088, 5088, 1, 1, 0, 0, 1314.53, 980.451, 207.385, 5.18363, 7200, 0, 0, 1, 0, 0, 0, 0, 0);
INSERT INTO `creature` VALUES (287666, 42428, 725, 5088, 5088, 1, 1, 0, 0, 1311.55, 980.945, 207.402, 5.20108, 7200, 0, 0, 1, 0, 0, 0, 0, 0);
INSERT INTO `creature` VALUES (287667, 42428, 725, 5088, 5088, 1, 1, 0, 0, 1315.45, 979.023, 207.38, 5.18363, 7200, 0, 0, 1, 0, 0, 0, 0, 0);
INSERT INTO `creature` VALUES (287668, 42428, 725, 5088, 5088, 1, 1, 0, 0, 1308.74, 981.283, 207.453, 5.21853, 7200, 0, 0, 1, 0, 0, 0, 0, 0);
INSERT INTO `creature` VALUES (287669, 42428, 725, 5088, 5088, 1, 1, 0, 0, 1312.64, 979.352, 207.311, 5.20108, 7200, 0, 0, 1, 0, 0, 0, 0, 0);
INSERT INTO `creature` VALUES (287670, 42428, 725, 5088, 5088, 1, 1, 0, 0, 1309.77, 979.686, 207.321, 5.21853, 7200, 0, 0, 1, 0, 0, 0, 0, 0);
INSERT INTO `creature` VALUES (287671, 42428, 725, 5088, 5088, 1, 1, 0, 0, 1313.55, 977.92, 207.327, 5.20108, 7200, 0, 0, 1, 0, 0, 0, 0, 0);
INSERT INTO `creature` VALUES (287672, 42428, 725, 5088, 5088, 1, 1, 0, 0, 1310.84, 978.108, 207.238, 5.21853, 7200, 0, 0, 1, 0, 0, 0, 0, 0);
INSERT INTO `creature` VALUES (287673, 42428, 725, 5088, 5088, 1, 1, 0, 0, 1311.76, 976.674, 207.254, 5.21853, 7200, 0, 0, 1, 0, 0, 0, 0, 0);
INSERT INTO `creature` VALUES (287674, 49857, 725, 5088, 5088, 1, 1, 0, 0, 1423.56, 1080.17, 213.933, 1.46408, 7200, 0, 0, 1, 0, 0, 0, 0, 0);
INSERT INTO `creature` VALUES (287675, 49859, 725, 5088, 5088, 1, 1, 0, 0, 1307.45, 1067.64, 212.611, 5.83165, 7200, 0, 0, 1, 0, 0, 0, 0, 0);
INSERT INTO `creature` VALUES (287676, 49859, 725, 5088, 5088, 1, 1, 0, 0, 1314.74, 1065.11, 212.552, 1.67384, 7200, 0, 0, 1, 0, 0, 0, 0, 0);
INSERT INTO `creature` VALUES (287677, 49859, 725, 5088, 5088, 1, 1, 0, 0, 1320.8, 1032.98, 210.555, 3.95838, 7200, 0, 0, 1, 0, 0, 0, 0, 0);

-- http://www.wowhead.com/npc=42696 and heroic 49667
DELETE FROM  creature_equip_template WHERE entry IN (49667,42696);
INSERT INTO `creature_equip_template` VALUES ('49667', '1', '56050', '0', '0');
INSERT INTO `creature_equip_template` VALUES ('42696', '1', '56050', '0', '0');

DELETE FROM creature WHERE map=725 AND spawnMask=2;
INSERT INTO `creature` VALUES (288099, 49648, 725, 5088, 5088, 2, 1, 0, 0, 1311.55, 980.945, 207.402, 5.20108, 7200, 0, 0, 1, 0, 0, 0, 0, 0);
INSERT INTO `creature` VALUES (288098, 49648, 725, 5088, 5088, 2, 1, 0, 0, 1314.53, 980.451, 207.385, 5.18363, 7200, 0, 0, 1, 0, 0, 0, 0, 0);
INSERT INTO `creature` VALUES (288097, 49648, 725, 5088, 5088, 2, 1, 0, 0, 1310.54, 982.528, 207.533, 5.20108, 7200, 0, 0, 1, 0, 0, 0, 0, 0);
INSERT INTO `creature` VALUES (288096, 49648, 725, 5088, 5088, 2, 1, 0, 0, 1317.09, 980.09, 207.419, 5.16617, 7200, 0, 0, 1, 0, 0, 0, 0, 0);
INSERT INTO `creature` VALUES (288095, 49648, 725, 5088, 5088, 2, 1, 0, 0, 1313.46, 982.049, 207.472, 5.18363, 7200, 0, 0, 1, 0, 0, 0, 0, 0);
INSERT INTO `creature` VALUES (288094, 49648, 725, 5088, 5088, 2, 1, 0, 0, 1316.16, 981.517, 207.437, 5.16617, 7200, 0, 0, 1, 0, 0, 0, 0, 0);
INSERT INTO `creature` VALUES (288093, 49648, 725, 5088, 5088, 2, 1, 0, 0, 1312.43, 983.635, 207.58, 5.18363, 7200, 0, 0, 1, 0, 0, 0, 0, 0);
INSERT INTO `creature` VALUES (288092, 49648, 725, 5088, 5088, 2, 1, 0, 0, 1318.75, 981.052, 207.449, 5.14872, 7200, 0, 0, 1, 0, 0, 0, 0, 0);
INSERT INTO `creature` VALUES (288091, 49648, 725, 5088, 5088, 2, 1, 0, 0, 1315.09, 983.116, 207.52, 5.16617, 7200, 0, 0, 1, 0, 0, 0, 0, 0);
INSERT INTO `creature` VALUES (288090, 49648, 725, 5088, 5088, 2, 1, 0, 0, 1317.82, 982.488, 207.488, 5.14872, 7200, 0, 0, 1, 0, 0, 0, 0, 0);
INSERT INTO `creature` VALUES (288089, 49648, 725, 5088, 5088, 2, 1, 0, 0, 1314.06, 984.701, 207.628, 5.16617, 7200, 0, 0, 1, 0, 0, 0, 0, 0);
INSERT INTO `creature` VALUES (288088, 49648, 725, 5088, 5088, 2, 1, 0, 0, 1316.74, 984.08, 207.568, 5.14872, 7200, 0, 0, 1, 0, 0, 0, 0, 0);
INSERT INTO `creature` VALUES (288087, 49648, 725, 5088, 5088, 2, 1, 0, 0, 1315.72, 985.661, 207.669, 5.14872, 7200, 0, 0, 1, 0, 0, 0, 0, 0);
INSERT INTO `creature` VALUES (288086, 49648, 725, 5088, 5088, 2, 1, 0, 0, 1325.92, 983.934, 207.719, 5.06145, 7200, 0, 0, 1, 0, 0, 0, 0, 0);
INSERT INTO `creature` VALUES (288085, 49648, 725, 5088, 5088, 2, 1, 0, 0, 1325.23, 985.49, 207.771, 5.06145, 7200, 0, 0, 1, 0, 0, 0, 0, 0);
INSERT INTO `creature` VALUES (288084, 49648, 725, 5088, 5088, 2, 1, 0, 0, 1327.88, 984.903, 207.788, 5.044, 7200, 0, 0, 1, 0, 0, 0, 0, 0);
INSERT INTO `creature` VALUES (288083, 49648, 725, 5088, 5088, 2, 1, 0, 0, 1324.41, 987.208, 207.855, 5.06145, 7200, 0, 0, 1, 0, 0, 0, 0, 0);
INSERT INTO `creature` VALUES (288082, 49648, 725, 5088, 5088, 2, 1, 0, 0, 1327.19, 986.455, 207.84, 5.044, 7200, 0, 0, 1, 0, 0, 0, 0, 0);
INSERT INTO `creature` VALUES (288081, 49648, 725, 5088, 5088, 2, 1, 0, 0, 1329.93, 985.712, 207.804, 5.02655, 7200, 0, 0, 1, 0, 0, 0, 0, 0);
INSERT INTO `creature` VALUES (288080, 49648, 725, 5088, 5088, 2, 1, 0, 0, 1331.71, 986.521, 207.821, 5.0091, 7200, 0, 0, 1, 0, 0, 0, 0, 0);
INSERT INTO `creature` VALUES (288079, 49648, 725, 5088, 5088, 2, 1, 0, 0, 1323.63, 988.941, 207.947, 5.06145, 7200, 0, 0, 1, 0, 0, 0, 0, 0);
INSERT INTO `creature` VALUES (288078, 49648, 725, 5088, 5088, 2, 1, 0, 0, 1329.22, 987.264, 207.864, 5.02655, 7200, 0, 0, 1, 0, 0, 0, 0, 0);
INSERT INTO `creature` VALUES (288077, 49648, 725, 5088, 5088, 2, 1, 0, 0, 1326.35, 988.191, 207.938, 5.044, 7200, 0, 0, 1, 0, 0, 0, 0, 0);
INSERT INTO `creature` VALUES (288076, 49648, 725, 5088, 5088, 2, 1, 0, 0, 1328.4, 989, 207.968, 5.02655, 7200, 0, 0, 1, 0, 0, 0, 0, 0);
INSERT INTO `creature` VALUES (288075, 49648, 725, 5088, 5088, 2, 1, 0, 0, 1325.58, 989.906, 208.024, 5.044, 7200, 0, 0, 1, 0, 0, 0, 0, 0);
INSERT INTO `creature` VALUES (288074, 49648, 725, 5088, 5088, 2, 1, 0, 0, 1331, 988.073, 207.895, 5.0091, 7200, 0, 0, 1, 0, 0, 0, 0, 0);
INSERT INTO `creature` VALUES (288073, 49648, 725, 5088, 5088, 2, 1, 0, 0, 1327.62, 990.719, 208.069, 5.02655, 7200, 0, 0, 1, 0, 0, 0, 0, 0);
INSERT INTO `creature` VALUES (288072, 22515, 725, 5088, 5088, 2, 1, 0, 0, 1331.01, 988.738, 207.933, 2.49582, 7200, 0, 0, 1, 0, 0, 0, 0, 0);
INSERT INTO `creature` VALUES (288071, 49648, 725, 5088, 5088, 2, 1, 0, 0, 1333.48, 987.229, 207.835, 4.99164, 7200, 0, 0, 1, 0, 0, 0, 0, 0);
INSERT INTO `creature` VALUES (288070, 49648, 725, 5088, 5088, 2, 1, 0, 0, 1330.18, 989.812, 208.001, 5.0091, 7200, 0, 0, 1, 0, 0, 0, 0, 0);
INSERT INTO `creature` VALUES (288069, 49648, 725, 5088, 5088, 2, 1, 0, 0, 1332.78, 988.785, 207.92, 4.99164, 7200, 0, 0, 1, 0, 0, 0, 0, 0);
INSERT INTO `creature` VALUES (288068, 49648, 725, 5088, 5088, 2, 1, 0, 0, 1329.39, 991.531, 208.102, 5.0091, 7200, 0, 0, 1, 0, 0, 0, 0, 0);
INSERT INTO `creature` VALUES (288067, 49648, 725, 5088, 5088, 2, 1, 0, 0, 1331.95, 990.521, 208.028, 4.99164, 7200, 0, 0, 1, 0, 0, 0, 0, 0);
INSERT INTO `creature` VALUES (288066, 49648, 725, 5088, 5088, 2, 1, 0, 0, 1331.17, 992.236, 208.128, 4.99164, 7200, 0, 0, 1, 0, 0, 0, 0, 0);
INSERT INTO `creature` VALUES (288065, 49648, 725, 5088, 5088, 2, 1, 0, 0, 1339.09, 989.429, 207.902, 4.92183, 7200, 0, 0, 1, 0, 0, 0, 0, 0);
INSERT INTO `creature` VALUES (288064, 49857, 725, 5088, 5088, 2, 1, 0, 0, 1293.05, 1063.37, 212.489, 1.76424, 7200, 0, 0, 1, 0, 0, 0, 0, 0);
INSERT INTO `creature` VALUES (288063, 49648, 725, 5088, 5088, 2, 1, 0, 0, 1338.77, 991.104, 208.001, 4.92183, 7200, 0, 0, 1, 0, 0, 0, 0, 0);
INSERT INTO `creature` VALUES (288062, 49648, 725, 5088, 5088, 2, 1, 0, 0, 1341.22, 989.922, 207.911, 4.90438, 7200, 0, 0, 1, 0, 0, 0, 0, 0);
INSERT INTO `creature` VALUES (288061, 49648, 725, 5088, 5088, 2, 1, 0, 0, 1338.36, 992.969, 208.112, 4.92183, 7200, 0, 0, 1, 0, 0, 0, 0, 0);
INSERT INTO `creature` VALUES (288060, 49648, 725, 5088, 5088, 2, 1, 0, 0, 1340.9, 991.594, 208.011, 4.90438, 7200, 0, 0, 1, 0, 0, 0, 0, 0);
INSERT INTO `creature` VALUES (288059, 49648, 725, 5088, 5088, 2, 1, 0, 0, 1343.39, 990.241, 207.911, 4.88692, 7200, 0, 0, 1, 0, 0, 0, 0, 0);
INSERT INTO `creature` VALUES (288058, 49648, 725, 5088, 5088, 2, 1, 0, 0, 1338, 994.826, 208.223, 4.92183, 7200, 0, 0, 1, 0, 0, 0, 0, 0);
INSERT INTO `creature` VALUES (288057, 49648, 725, 5088, 5088, 2, 1, 0, 0, 1345.32, 990.623, 207.916, 4.86947, 7200, 0, 0, 1, 0, 0, 0, 0, 0);
INSERT INTO `creature` VALUES (288056, 49648, 725, 5088, 5088, 2, 1, 0, 0, 1343.07, 991.917, 208.01, 4.88692, 7200, 0, 0, 1, 0, 0, 0, 0, 0);
INSERT INTO `creature` VALUES (288055, 49648, 725, 5088, 5088, 2, 1, 0, 0, 1340.49, 993.477, 208.123, 4.90438, 7200, 0, 0, 1, 0, 0, 0, 0, 0);
INSERT INTO `creature` VALUES (288054, 49648, 725, 5088, 5088, 2, 1, 0, 0, 1347.2, 990.903, 207.915, 4.85202, 7200, 0, 0, 1, 0, 0, 0, 0, 0);
INSERT INTO `creature` VALUES (288053, 49648, 725, 5088, 5088, 2, 1, 0, 0, 1344.99, 992.295, 208.015, 4.86947, 7200, 0, 0, 1, 0, 0, 0, 0, 0);
INSERT INTO `creature` VALUES (288052, 49648, 725, 5088, 5088, 2, 1, 0, 0, 1340.13, 995.326, 208.233, 4.90438, 7200, 0, 0, 1, 0, 0, 0, 0, 0);
INSERT INTO `creature` VALUES (288051, 49648, 725, 5088, 5088, 2, 1, 0, 0, 1342.67, 993.79, 208.122, 4.88692, 7200, 0, 0, 1, 0, 0, 0, 0, 0);
INSERT INTO `creature` VALUES (288050, 49648, 725, 5088, 5088, 2, 1, 0, 0, 1344.58, 994.172, 208.127, 4.86947, 7200, 0, 0, 1, 0, 0, 0, 0, 0);
INSERT INTO `creature` VALUES (288049, 49648, 725, 5088, 5088, 2, 1, 0, 0, 1342.3, 995.644, 208.232, 4.88692, 7200, 0, 0, 1, 0, 0, 0, 0, 0);
INSERT INTO `creature` VALUES (288048, 49859, 725, 5088, 5088, 2, 1, 0, 0, 1312.74, 1065.44, 212.459, 5.85621, 7200, 0, 0, 1, 0, 0, 0, 0, 0);
INSERT INTO `creature` VALUES (288047, 49648, 725, 5088, 5088, 2, 1, 0, 0, 1334.46, 1087.56, 214.185, 0.0973821, 7200, 0, 0, 1, 0, 0, 0, 0, 0);
INSERT INTO `creature` VALUES (288046, 49648, 725, 5088, 5088, 2, 1, 0, 0, 1346.88, 992.576, 208.015, 4.85202, 7200, 0, 0, 1, 0, 0, 0, 0, 0);
INSERT INTO `creature` VALUES (288045, 49648, 725, 5088, 5088, 2, 1, 0, 0, 1344.21, 996.024, 208.237, 4.86947, 7200, 0, 0, 1, 0, 0, 0, 0, 0);
INSERT INTO `creature` VALUES (288044, 49648, 725, 5088, 5088, 2, 1, 0, 0, 1346.47, 994.457, 208.127, 4.85202, 7200, 0, 0, 1, 0, 0, 0, 0, 0);
INSERT INTO `creature` VALUES (288043, 49648, 725, 5088, 5088, 2, 1, 0, 0, 1346.1, 996.305, 208.237, 4.85202, 7200, 0, 0, 1, 0, 0, 0, 0, 0);
INSERT INTO `creature` VALUES (288042, 49859, 725, 5088, 5088, 2, 1, 0, 0, 1314.32, 1066.26, 212.554, 2.10964, 7200, 0, 0, 1, 0, 0, 0, 0, 0);
INSERT INTO `creature` VALUES (288041, 49859, 725, 5088, 5088, 2, 1, 0, 0, 1327.73, 1029.48, 210.151, 5.5203, 7200, 0, 0, 1, 0, 0, 0, 0, 0);
INSERT INTO `creature` VALUES (288040, 49648, 725, 5088, 5088, 2, 1, 0, 0, 1330.41, 1081.02, 213.817, 6.05243, 7200, 0, 0, 1, 0, 0, 0, 0, 0);
INSERT INTO `creature` VALUES (288039, 49648, 725, 5088, 5088, 2, 1, 0, 0, 1338.7, 1087.24, 214.129, 6.14833, 7200, 0, 0, 1, 0, 0, 0, 0, 0);
INSERT INTO `creature` VALUES (288038, 49648, 725, 5088, 5088, 2, 1, 0, 0, 1341.94, 1094.61, 214.199, 0.338026, 7200, 0, 0, 1, 0, 0, 0, 0, 0);
INSERT INTO `creature` VALUES (288037, 49648, 725, 5088, 5088, 2, 1, 0, 0, 1333.58, 1084.91, 214.187, 0.359824, 7200, 0, 0, 1, 0, 0, 0, 0, 0);
INSERT INTO `creature` VALUES (288036, 49648, 725, 5088, 5088, 2, 1, 0, 0, 1326.39, 1084.23, 213.776, 6.185, 7200, 0, 0, 1, 0, 0, 0, 0, 0);
INSERT INTO `creature` VALUES (288035, 49648, 725, 5088, 5088, 2, 1, 0, 0, 1329.33, 1081.82, 214.183, 0.0571703, 7200, 0, 0, 1, 0, 0, 0, 0, 0);
INSERT INTO `creature` VALUES (288034, 49859, 725, 5088, 5088, 2, 1, 0, 0, 1332.14, 1028.39, 210.204, 5.29679, 7200, 0, 0, 1, 0, 0, 0, 0, 0);
INSERT INTO `creature` VALUES (288033, 49648, 725, 5088, 5088, 2, 1, 0, 0, 1344.51, 1090.39, 214.089, 6.17217, 7200, 0, 0, 1, 0, 0, 0, 0, 0);
INSERT INTO `creature` VALUES (288032, 49648, 725, 5088, 5088, 2, 1, 0, 0, 1342.05, 1073.68, 213.089, 5.45596, 7200, 0, 0, 1, 0, 0, 0, 0, 0);
INSERT INTO `creature` VALUES (288031, 49648, 725, 5088, 5088, 2, 1, 0, 0, 1353.63, 1084.24, 214.124, 6.17911, 7200, 0, 0, 1, 0, 0, 0, 0, 0);
INSERT INTO `creature` VALUES (288030, 49648, 725, 5088, 5088, 2, 1, 0, 0, 1347.85, 1083.09, 214.015, 5.2427, 7200, 0, 0, 1, 0, 0, 0, 0, 0);
INSERT INTO `creature` VALUES (288029, 49857, 725, 5088, 5088, 2, 1, 0, 0, 1339.91, 1053.78, 212.252, 6.27002, 7200, 0, 0, 1, 0, 0, 0, 0, 0);
INSERT INTO `creature` VALUES (288028, 49648, 725, 5088, 5088, 2, 1, 0, 0, 1356.53, 1087.97, 214.219, 6.2109, 7200, 0, 0, 1, 0, 0, 0, 0, 0);
INSERT INTO `creature` VALUES (288027, 49648, 725, 5088, 5088, 2, 1, 0, 0, 1354.62, 1083.07, 214.125, 6.10097, 7200, 0, 0, 1, 0, 0, 0, 0, 0);
INSERT INTO `creature` VALUES (288026, 49648, 725, 5088, 5088, 2, 1, 0, 0, 1369.96, 1090.18, 214.354, 2.97757, 7200, 0, 0, 1, 0, 0, 0, 0, 0);
INSERT INTO `creature` VALUES (288025, 49648, 725, 5088, 5088, 2, 1, 0, 0, 1365.51, 1097.98, 214.396, 1.25814, 7200, 0, 0, 1, 0, 0, 0, 0, 0);
INSERT INTO `creature` VALUES (288024, 49859, 725, 5088, 5088, 2, 1, 0, 0, 1365.25, 1029.13, 210.906, 5.40089, 7200, 0, 0, 1, 0, 0, 0, 0, 0);
INSERT INTO `creature` VALUES (288023, 49859, 725, 5088, 5088, 2, 1, 0, 0, 1384.79, 1006.81, 209.479, 4.49634, 7200, 0, 0, 1, 0, 0, 0, 0, 0);
INSERT INTO `creature` VALUES (288022, 49859, 725, 5088, 5088, 2, 1, 0, 0, 1385.4, 1006.69, 209.587, 5.78229, 7200, 0, 0, 1, 0, 0, 0, 0, 0);
INSERT INTO `creature` VALUES (288021, 49859, 725, 5088, 5088, 2, 1, 0, 0, 1384.73, 1021.11, 211.529, 3.37372, 7200, 0, 0, 1, 0, 0, 0, 0, 0);
INSERT INTO `creature` VALUES (288020, 49663, 725, 5088, 5088, 2, 1, 0, 0, 1380.19, 1049.55, 212.862, 3.87463, 7200, 0, 0, 1, 0, 0, 0, 0, 0);
INSERT INTO `creature` VALUES (288019, 49663, 725, 5088, 5088, 2, 1, 0, 0, 1383.94, 1050.86, 213.151, 4.81711, 7200, 0, 0, 1, 0, 0, 0, 0, 0);
INSERT INTO `creature` VALUES (288018, 49859, 725, 5088, 5088, 2, 1, 0, 0, 1393.62, 1041.19, 212.845, 3.27518, 7200, 0, 0, 1, 0, 0, 0, 0, 0);
INSERT INTO `creature` VALUES (288017, 49648, 725, 5088, 5088, 2, 1, 0, 0, 1397.25, 1072.64, 212.913, 5.99769, 7200, 0, 0, 1, 0, 0, 0, 0, 0);
INSERT INTO `creature` VALUES (288016, 49648, 725, 5088, 5088, 2, 1, 0, 0, 1392.16, 1068.59, 212.738, 6.04306, 7200, 0, 0, 1, 0, 0, 0, 0, 0);
INSERT INTO `creature` VALUES (288015, 49648, 725, 5088, 5088, 2, 1, 0, 0, 1400.8, 1066.18, 212.494, 0.0510768, 7200, 0, 0, 1, 0, 0, 0, 0, 0);
INSERT INTO `creature` VALUES (288014, 49648, 725, 5088, 5088, 2, 1, 0, 0, 1394.08, 1064.06, 212.691, 5.87517, 7200, 0, 0, 1, 0, 0, 0, 0, 0);
INSERT INTO `creature` VALUES (288013, 49648, 725, 5088, 5088, 2, 1, 0, 0, 1404.67, 1069.26, 212.567, 6.06288, 7200, 0, 0, 1, 0, 0, 0, 0, 0);
INSERT INTO `creature` VALUES (288012, 49648, 725, 5088, 5088, 2, 1, 0, 0, 1402.14, 1060.13, 212.705, 5.96301, 7200, 0, 0, 1, 0, 0, 0, 0, 0);
INSERT INTO `creature` VALUES (288011, 49648, 725, 5088, 5088, 2, 1, 0, 0, 1395.14, 1073.28, 212.931, 6.00019, 7200, 0, 0, 1, 0, 0, 0, 0, 0);
INSERT INTO `creature` VALUES (288010, 49857, 725, 5088, 5088, 2, 1, 0, 0, 1423.46, 1079.98, 213.918, 0.488692, 7200, 0, 0, 1, 0, 0, 0, 0, 0);
INSERT INTO `creature` VALUES (288009, 49857, 725, 5088, 5088, 2, 1, 0, 0, 1440.48, 1039.37, 216.068, 5.40371, 7200, 0, 0, 1, 0, 0, 0, 0, 0);
INSERT INTO `creature` VALUES (288008, 49857, 725, 5088, 5088, 2, 1, 0, 0, 1454.99, 1040.86, 216.876, 0.391383, 7200, 0, 0, 1, 0, 0, 0, 0, 0);
INSERT INTO `creature` VALUES (288007, 49857, 725, 5088, 5088, 2, 1, 0, 0, 1451.07, 1038.95, 216.735, 3.36409, 7200, 0, 0, 1, 0, 0, 0, 0, 0);
INSERT INTO `creature` VALUES (288006, 49859, 725, 5088, 5088, 2, 1, 0, 0, 1446.53, 1072.15, 215.971, 0.488692, 7200, 0, 0, 1, 0, 0, 0, 0, 0);
INSERT INTO `creature` VALUES (288005, 49857, 725, 5088, 5088, 2, 1, 0, 0, 1465.23, 1037.8, 217.262, 5.68366, 7200, 0, 0, 1, 0, 0, 0, 0, 0);
INSERT INTO `creature` VALUES (288004, 49857, 725, 5088, 5088, 2, 1, 0, 0, 1522.37, 1177.66, 220.454, 1.68052, 7200, 0, 0, 1, 0, 0, 0, 0, 0);
INSERT INTO `creature` VALUES (288003, 49859, 725, 5088, 5088, 2, 1, 0, 0, 1514.06, 1177.12, 221.596, 4.24045, 7200, 0, 0, 1, 0, 0, 0, 0, 0);
INSERT INTO `creature` VALUES (288002, 49648, 725, 5088, 5088, 2, 1, 0, 0, 1366.79, 1103.65, 214.391, 0.174421, 7200, 0, 0, 1, 0, 0, 0, 0, 0);
INSERT INTO `creature` VALUES (288001, 49859, 725, 5088, 5088, 2, 1, 0, 0, 1419.16, 1165.69, 231.792, 0.488692, 7200, 0, 0, 1, 0, 0, 0, 0, 0);
INSERT INTO `creature` VALUES (288000, 49857, 725, 5088, 5088, 2, 1, 0, 0, 1407.61, 1162.52, 231.741, 5.11245, 7200, 0, 0, 1, 0, 0, 0, 0, 0);
INSERT INTO `creature` VALUES (287999, 49857, 725, 5088, 5088, 2, 1, 0, 0, 1408.77, 1161.23, 231.774, 5.95099, 7200, 0, 0, 1, 0, 0, 0, 0, 0);
INSERT INTO `creature` VALUES (287998, 49859, 725, 5088, 5088, 2, 1, 0, 0, 1530.87, 1062.35, 218.057, 2.77197, 7200, 0, 0, 1, 0, 0, 0, 0, 0);
INSERT INTO `creature` VALUES (287997, 49857, 725, 5088, 5088, 2, 1, 0, 0, 1530.41, 1061.97, 218.077, 0.488692, 7200, 0, 0, 1, 0, 0, 0, 0, 0);
INSERT INTO `creature` VALUES (287996, 22515, 725, 5088, 5088, 2, 1, 0, 0, 1558.36, 1062.4, 218.438, 2.19912, 7200, 0, 0, 1, 0, 0, 0, 0, 0);
INSERT INTO `creature` VALUES (287995, 49859, 725, 5088, 5088, 2, 1, 0, 0, 1593.46, 1077.29, 218.347, 5.50978, 7200, 0, 0, 1, 0, 0, 0, 0, 0);
INSERT INTO `creature` VALUES (287994, 49667, 725, 5088, 5088, 2, 1, 0, 0, 1585.13, 1081.38, 217.813, 5.37561, 7200, 0, 0, 1, 0, 0, 0, 0, 0);
INSERT INTO `creature` VALUES (287992, 49665, 725, 5088, 5088, 2, 1, 0, 0, 1601.15, 1110.68, 216.461, 4.54179, 7200, 0, 0, 1, 0, 0, 0, 0, 0);
INSERT INTO `creature` VALUES (287993, 49664, 725, 5088, 5088, 2, 1, 0, 0, 1600.82, 1097.99, 217.283, 4.04916, 7200, 0, 0, 1, 0, 0, 0, 0, 0);
INSERT INTO `creature` VALUES (287991, 49661, 725, 5088, 5088, 2, 1, 0, 0, 1587.82, 1098.62, 216.865, 3.89208, 7200, 0, 0, 1, 0, 0, 0, 0, 0);
INSERT INTO `creature` VALUES (287990, 49665, 725, 5088, 5088, 2, 1, 0, 0, 1599.76, 1100.73, 217.096, 3.68265, 7200, 0, 0, 1, 0, 0, 0, 0, 0);
INSERT INTO `creature` VALUES (287988, 49667, 725, 5088, 5088, 2, 1, 0, 0, 1598.28, 1098.11, 217.24, 1.6057, 7200, 0, 0, 1, 0, 0, 0, 0, 0);
INSERT INTO `creature` VALUES (287989, 49667, 725, 5088, 5088, 2, 1, 0, 0, 1597.07, 1100.38, 217.081, 5.77704, 7200, 0, 0, 1, 0, 0, 0, 0, 0);
INSERT INTO `creature` VALUES (287987, 49664, 725, 5088, 5088, 2, 1, 0, 0, 1585.98, 1087.46, 217.558, 0.715585, 7200, 0, 0, 1, 0, 0, 0, 0, 0);
INSERT INTO `creature` VALUES (287986, 49664, 725, 5088, 5088, 2, 1, 0, 0, 1589.4, 1090.07, 217.518, 3.89208, 7200, 0, 0, 1, 0, 0, 0, 0, 0);
INSERT INTO `creature` VALUES (287985, 49665, 725, 5088, 5088, 2, 1, 0, 0, 1586.43, 1090.5, 217.375, 4.95674, 7200, 0, 0, 1, 0, 0, 0, 0, 0);
INSERT INTO `creature` VALUES (287984, 49667, 725, 5088, 5088, 2, 1, 0, 0, 1589.44, 1087.16, 217.721, 2.26893, 7200, 0, 0, 1, 0, 0, 0, 0, 0);
INSERT INTO `creature` VALUES (287983, 22515, 725, 5088, 5088, 2, 1, 0, 0, 1596.12, 1114.08, 216.264, 2.19912, 7200, 0, 0, 1, 0, 0, 0, 0, 0);
INSERT INTO `creature` VALUES (287982, 49665, 725, 5088, 5088, 2, 1, 0, 0, 1593.72, 1112.56, 216.309, 0.715585, 7200, 0, 0, 1, 0, 0, 0, 0, 0);
INSERT INTO `creature` VALUES (287981, 49667, 725, 5088, 5088, 2, 1, 0, 0, 1597.9, 1115.89, 216.228, 3.89208, 7200, 0, 0, 1, 0, 0, 0, 0, 0);
INSERT INTO `creature` VALUES (287980, 49667, 725, 5088, 5088, 2, 1, 0, 0, 1594.29, 1116.47, 216.274, 5.39307, 7200, 0, 0, 1, 0, 0, 0, 0, 0);
INSERT INTO `creature` VALUES (287979, 49667, 725, 5088, 5088, 2, 1, 0, 0, 1597.99, 1111.74, 216.348, 2.26893, 7200, 0, 0, 1, 0, 0, 0, 0, 0);
INSERT INTO `creature` VALUES (287978, 49661, 725, 5088, 5088, 2, 1, 0, 0, 1530.8, 1100.64, 216.442, 2.21614, 7200, 0, 0, 1, 0, 0, 0, 0, 0);
INSERT INTO `creature` VALUES (287977, 49667, 725, 5088, 5088, 2, 1, 0, 0, 1529.6, 1103.38, 216.501, 2.28638, 7200, 0, 0, 1, 0, 0, 0, 0, 0);
INSERT INTO `creature` VALUES (287976, 49665, 725, 5088, 5088, 2, 1, 0, 0, 1570.68, 1129.42, 215.8, 2.3911, 7200, 0, 0, 1, 0, 0, 0, 0, 0);
INSERT INTO `creature` VALUES (287975, 49664, 725, 5088, 5088, 2, 1, 0, 0, 1592.5, 1165.97, 217.866, 2.77507, 7200, 0, 0, 1, 0, 0, 0, 0, 0);
INSERT INTO `creature` VALUES (287974, 49664, 725, 5088, 5088, 2, 1, 0, 0, 1591.32, 1167.91, 218.004, 3.76991, 7200, 0, 0, 1, 0, 0, 0, 0, 0);
INSERT INTO `creature` VALUES (287973, 49667, 725, 5088, 5088, 2, 1, 0, 0, 1590.14, 1165.46, 217.829, 1.43117, 7200, 0, 0, 1, 0, 0, 0, 0, 0);
INSERT INTO `creature` VALUES (287972, 49661, 725, 5088, 5088, 2, 1, 0, 0, 1594.81, 1173.98, 218.372, 3.10669, 7200, 0, 0, 1, 0, 0, 0, 0, 0);
INSERT INTO `creature` VALUES (287971, 49666, 725, 5088, 5088, 2, 1, 0, 0, 1548.78, 1126.94, 216.333, 2.6799, 7200, 0, 0, 1, 0, 0, 0, 0, 0);
INSERT INTO `creature` VALUES (287970, 49666, 725, 5088, 5088, 2, 1, 0, 0, 1546.56, 1123.78, 216.333, 1.38919, 7200, 0, 0, 1, 0, 0, 0, 0, 0);
INSERT INTO `creature` VALUES (287969, 49664, 725, 5088, 5088, 2, 1, 0, 0, 1529.56, 1106.3, 216.473, 4.03171, 7200, 0, 0, 1, 0, 0, 0, 0, 0);
INSERT INTO `creature` VALUES (287968, 49665, 725, 5088, 5088, 2, 1, 0, 0, 1526.94, 1104.66, 216.507, 0.0698132, 7200, 0, 0, 1, 0, 0, 0, 0, 0);
INSERT INTO `creature` VALUES (287967, 49667, 725, 5088, 5088, 2, 1, 0, 0, 1568.07, 1132.3, 215.8, 5.34071, 7200, 0, 0, 1, 0, 0, 0, 0, 0);
INSERT INTO `creature` VALUES (287966, 49665, 725, 5088, 5088, 2, 1, 0, 0, 1588.36, 1168.33, 218.031, 5.77704, 7200, 0, 0, 1, 0, 0, 0, 0, 0);
INSERT INTO `creature` VALUES (287965, 49664, 725, 5088, 5088, 2, 1, 0, 0, 1525.85, 1107.56, 216.514, 5.96903, 7200, 0, 0, 1, 0, 0, 0, 0, 0);
INSERT INTO `creature` VALUES (287964, 49667, 725, 5088, 5088, 2, 1, 0, 0, 1557.37, 1134.91, 215.8, 4.5204, 7200, 0, 0, 1, 0, 0, 0, 0, 0);
INSERT INTO `creature` VALUES (287963, 49667, 725, 5088, 5088, 2, 1, 0, 0, 1556.93, 1130.29, 215.8, 1.41372, 7200, 0, 0, 1, 0, 0, 0, 0, 0);
INSERT INTO `creature` VALUES (287962, 49665, 725, 5088, 5088, 2, 1, 0, 0, 1579.62, 1182.71, 219.321, 1.41372, 7200, 0, 0, 1, 0, 0, 0, 0, 0);
INSERT INTO `creature` VALUES (287961, 49664, 725, 5088, 5088, 2, 1, 0, 0, 1576.87, 1185.43, 219.704, 0.715585, 7200, 0, 0, 1, 0, 0, 0, 0, 0);
INSERT INTO `creature` VALUES (287960, 49665, 725, 5088, 5088, 2, 1, 0, 0, 1580.58, 1188.48, 220.007, 3.89208, 7200, 0, 0, 1, 0, 0, 0, 0, 0);
INSERT INTO `creature` VALUES (287959, 49665, 725, 5088, 5088, 2, 1, 0, 0, 1577.61, 1188.9, 220.066, 4.95674, 7200, 0, 0, 1, 0, 0, 0, 0, 0);
INSERT INTO `creature` VALUES (287958, 49667, 725, 5088, 5088, 2, 1, 0, 0, 1580.62, 1185.56, 219.699, 2.26893, 7200, 0, 0, 1, 0, 0, 0, 0, 0);
INSERT INTO `creature` VALUES (287957, 49665, 725, 5088, 5088, 2, 1, 0, 0, 1541.99, 1220.24, 223.712, 0.541052, 7200, 0, 0, 1, 0, 0, 0, 0, 0);
INSERT INTO `creature` VALUES (287956, 49667, 725, 5088, 5088, 2, 1, 0, 0, 1544.7, 1218.8, 223.538, 4.2586, 7200, 0, 0, 1, 0, 0, 0, 0, 0);
INSERT INTO `creature` VALUES (287955, 49667, 725, 5088, 5088, 2, 1, 0, 0, 1541.7, 1216.2, 223.54, 0.436332, 7200, 0, 0, 1, 0, 0, 0, 0, 0);
INSERT INTO `creature` VALUES (287954, 49667, 725, 5088, 5088, 2, 1, 0, 0, 1545.3, 1215.27, 223.352, 2.14675, 7200, 0, 0, 1, 0, 0, 0, 0, 0);
INSERT INTO `creature` VALUES (287953, 49666, 725, 5088, 5088, 2, 1, 0, 0, 1563.61, 1173.26, 217.656, 2.09051, 7200, 0, 0, 1, 0, 0, 0, 0, 0);
INSERT INTO `creature` VALUES (287952, 49661, 725, 5088, 5088, 2, 1, 0, 0, 1556.16, 1165.99, 216.178, 1.91041, 7200, 0, 0, 1, 0, 0, 0, 0, 0);
INSERT INTO `creature` VALUES (287951, 49665, 725, 5088, 5088, 2, 1, 0, 0, 1533.13, 1130.91, 216.416, 0.925025, 7200, 0, 0, 1, 0, 0, 0, 0, 0);
INSERT INTO `creature` VALUES (287950, 49667, 725, 5088, 5088, 2, 1, 0, 0, 1538.15, 1135.76, 216.416, 3.64774, 7200, 0, 0, 1, 0, 0, 0, 0, 0);
INSERT INTO `creature` VALUES (287949, 49667, 725, 5088, 5088, 2, 1, 0, 0, 1533.55, 1135.27, 216.416, 5.37561, 7200, 0, 0, 1, 0, 0, 0, 0, 0);
INSERT INTO `creature` VALUES (287948, 49667, 725, 5088, 5088, 2, 1, 0, 0, 1537.54, 1131.78, 216.416, 2.46091, 7200, 0, 0, 1, 0, 0, 0, 0, 0);
INSERT INTO `creature` VALUES (287947, 49666, 725, 5088, 5088, 2, 1, 0, 0, 1536.03, 1186.43, 219.624, 2.87979, 7200, 0, 0, 1, 0, 0, 0, 0, 0);
INSERT INTO `creature` VALUES (287946, 22515, 725, 5088, 5088, 2, 1, 0, 0, 1535.25, 1133.85, 216.416, 2.19912, 7200, 0, 0, 1, 0, 0, 0, 0, 0);
INSERT INTO `creature` VALUES (287945, 49664, 725, 5088, 5088, 2, 1, 0, 0, 1539.75, 1184.05, 219.153, 0.925025, 7200, 0, 0, 1, 0, 0, 0, 0, 0);
INSERT INTO `creature` VALUES (287944, 49665, 725, 5088, 5088, 2, 1, 0, 0, 1543.04, 1187.62, 219.551, 3.64774, 7200, 0, 0, 1, 0, 0, 0, 0, 0);
INSERT INTO `creature` VALUES (287943, 49667, 725, 5088, 5088, 2, 1, 0, 0, 1539.38, 1187.44, 219.521, 5.37561, 7200, 0, 0, 1, 0, 0, 0, 0, 0);
INSERT INTO `creature` VALUES (287942, 49667, 725, 5088, 5088, 2, 1, 0, 0, 1543.37, 1183.95, 218.907, 2.46091, 7200, 0, 0, 1, 0, 0, 0, 0, 0);
INSERT INTO `creature` VALUES (287941, 49667, 725, 5088, 5088, 2, 1, 0, 0, 1521.39, 1145.04, 216.598, 2.6504, 7200, 0, 0, 1, 0, 0, 0, 0, 0);
INSERT INTO `creature` VALUES (287940, 49857, 725, 5088, 5088, 2, 1, 0, 0, 1518.92, 1177.44, 220.971, 1.02696, 7200, 0, 0, 1, 0, 0, 0, 0, 0);
INSERT INTO `creature` VALUES (287939, 49859, 725, 5088, 5088, 2, 1, 0, 0, 1513.2, 1176.08, 221.67, 0.754338, 7200, 0, 0, 1, 0, 0, 0, 0, 0);
INSERT INTO `creature` VALUES (287938, 49857, 725, 5088, 5088, 2, 1, 0, 0, 1522.38, 1175.51, 220.296, 2.4816, 7200, 0, 0, 1, 0, 0, 0, 0, 0);
INSERT INTO `creature` VALUES (287937, 49661, 725, 5088, 5088, 2, 1, 0, 0, 1397.47, 1089.76, 213.019, 1.98947, 7200, 0, 0, 1, 0, 0, 0, 0, 0);
INSERT INTO `creature` VALUES (287936, 49648, 725, 5088, 5088, 2, 1, 0, 0, 1334.53, 1106.68, 213.885, 0.0802139, 7200, 0, 0, 1, 0, 0, 0, 0, 0);
INSERT INTO `creature` VALUES (287935, 49648, 725, 5088, 5088, 2, 1, 0, 0, 1347.94, 1099.94, 214.281, 5.82766, 7200, 0, 0, 1, 0, 0, 0, 0, 0);
INSERT INTO `creature` VALUES (287934, 49648, 725, 5088, 5088, 2, 1, 0, 0, 1354.71, 1101.05, 214.361, 0.120047, 7200, 0, 0, 1, 0, 0, 0, 0, 0);
INSERT INTO `creature` VALUES (287933, 49648, 725, 5088, 5088, 2, 1, 0, 0, 1358.04, 1094.72, 214.336, 2.39877, 7200, 0, 0, 1, 0, 0, 0, 0, 0);
INSERT INTO `creature` VALUES (287932, 49857, 725, 5088, 5088, 2, 1, 0, 0, 1497.21, 1204.82, 228.095, 1.20583, 7200, 0, 0, 1, 0, 0, 0, 0, 0);
INSERT INTO `creature` VALUES (287931, 49857, 725, 5088, 5088, 2, 1, 0, 0, 1499.41, 1204.33, 227.629, 0.488692, 7200, 0, 0, 1, 0, 0, 0, 0, 0);
INSERT INTO `creature` VALUES (287930, 49857, 725, 5088, 5088, 2, 1, 0, 0, 1414.83, 1086.02, 213.085, 1.21004, 7200, 0, 0, 1, 0, 0, 0, 0, 0);
INSERT INTO `creature` VALUES (287929, 49648, 725, 5088, 5088, 2, 1, 0, 0, 1347.55, 1101.21, 214.283, 1.19263, 7200, 0, 0, 1, 0, 0, 0, 0, 0);
INSERT INTO `creature` VALUES (287928, 49648, 725, 5088, 5088, 2, 1, 0, 0, 1376.13, 1088.58, 214.29, 6.05921, 7200, 0, 0, 1, 0, 0, 0, 0, 0);
INSERT INTO `creature` VALUES (287927, 49648, 725, 5088, 5088, 2, 1, 0, 0, 1375.68, 1085.04, 214.254, 6.23684, 7200, 0, 0, 1, 0, 0, 0, 0, 0);
INSERT INTO `creature` VALUES (287926, 49648, 725, 5088, 5088, 2, 1, 0, 0, 1378.17, 1087.31, 214.256, 6.00655, 7200, 0, 0, 1, 0, 0, 0, 0, 0);
INSERT INTO `creature` VALUES (287925, 49648, 725, 5088, 5088, 2, 1, 0, 0, 1380.22, 1084.59, 214.157, 5.95282, 7200, 0, 0, 1, 0, 0, 0, 0, 0);
INSERT INTO `creature` VALUES (287924, 49648, 725, 5088, 5088, 2, 1, 0, 0, 1379.11, 1084.22, 214.216, 6.03174, 7200, 0, 0, 1, 0, 0, 0, 0, 0);
INSERT INTO `creature` VALUES (287923, 49857, 725, 5088, 5088, 2, 1, 0, 0, 1463.29, 1218.31, 232.298, 0.488692, 7200, 0, 0, 1, 0, 0, 0, 0, 0);
INSERT INTO `creature` VALUES (287922, 49857, 725, 5088, 5088, 2, 1, 0, 0, 1457.25, 1222.26, 232.167, 4.62497, 7200, 0, 0, 1, 0, 0, 0, 0, 0);
INSERT INTO `creature` VALUES (287921, 49857, 725, 5088, 5088, 2, 1, 0, 0, 1438.95, 1231.42, 232.478, 1.91333, 7200, 0, 0, 1, 0, 0, 0, 0, 0);
INSERT INTO `creature` VALUES (287920, 49857, 725, 5088, 5088, 2, 1, 0, 0, 1449.28, 1235.24, 234.71, 1.11979, 7200, 0, 0, 1, 0, 0, 0, 0, 0);
INSERT INTO `creature` VALUES (287919, 49857, 725, 5088, 5088, 2, 1, 0, 0, 1457.06, 1234.55, 234.216, 0.488692, 7200, 0, 0, 1, 0, 0, 0, 0, 0);
INSERT INTO `creature` VALUES (287918, 49859, 725, 5088, 5088, 2, 1, 0, 0, 1464.23, 1217.95, 232.34, 0.488692, 7200, 0, 0, 1, 0, 0, 0, 0, 0);
INSERT INTO `creature` VALUES (287917, 49664, 725, 5088, 5088, 2, 1, 0, 0, 1444.83, 1227.64, 231.968, 0.733038, 7200, 0, 0, 1, 0, 0, 0, 0, 0);
INSERT INTO `creature` VALUES (287916, 49665, 725, 5088, 5088, 2, 1, 0, 0, 1447.82, 1226.98, 232.323, 4.45059, 7200, 0, 0, 1, 0, 0, 0, 0, 0);
INSERT INTO `creature` VALUES (287915, 49665, 725, 5088, 5088, 2, 1, 0, 0, 1445.65, 1223.67, 231.58, 0.628318, 7200, 0, 0, 1, 0, 0, 0, 0, 0);
INSERT INTO `creature` VALUES (287914, 49667, 725, 5088, 5088, 2, 1, 0, 0, 1449.36, 1223.75, 232.047, 2.33874, 7200, 0, 0, 1, 0, 0, 0, 0, 0);
INSERT INTO `creature` VALUES (287913, 49666, 725, 5088, 5088, 2, 1, 0, 0, 1442.42, 1189.29, 230.978, 3.68265, 7200, 0, 0, 1, 0, 0, 0, 0, 0);
INSERT INTO `creature` VALUES (287912, 49857, 725, 5088, 5088, 2, 1, 0, 0, 1446.48, 1178.29, 232.184, 0.427104, 7200, 0, 0, 1, 0, 0, 0, 0, 0);
INSERT INTO `creature` VALUES (287911, 49857, 725, 5088, 5088, 2, 1, 0, 0, 1436.39, 1165.23, 233.444, 1.22045, 7200, 0, 0, 1, 0, 0, 0, 0, 0);
INSERT INTO `creature` VALUES (287910, 49857, 725, 5088, 5088, 2, 1, 0, 0, 1438.68, 1199.09, 229.999, 0.681138, 7200, 0, 0, 1, 0, 0, 0, 0, 0);
INSERT INTO `creature` VALUES (287909, 49857, 725, 5088, 5088, 2, 1, 0, 0, 1445.74, 1177.86, 232.163, 0.488692, 7200, 0, 0, 1, 0, 0, 0, 0, 0);
INSERT INTO `creature` VALUES (287908, 49857, 725, 5088, 5088, 2, 1, 0, 0, 1453.11, 1179.98, 232.531, 3.77221, 7200, 0, 0, 1, 0, 0, 0, 0, 0);
INSERT INTO `creature` VALUES (287907, 49648, 725, 5088, 5088, 2, 1, 0, 0, 1353.56, 1095.96, 214.302, 3.15814, 7200, 0, 0, 1, 0, 0, 0, 0, 0);
INSERT INTO `creature` VALUES (287906, 49648, 725, 5088, 5088, 2, 1, 0, 0, 1364.55, 1100.74, 214.4, 1.07602, 7200, 0, 0, 1, 0, 0, 0, 0, 0);
INSERT INTO `creature` VALUES (287905, 49648, 725, 5088, 5088, 2, 1, 0, 0, 1366.76, 1102.47, 214.395, 0.618159, 7200, 0, 0, 1, 0, 0, 0, 0, 0);
INSERT INTO `creature` VALUES (287904, 49648, 725, 5088, 5088, 2, 1, 0, 0, 1340.71, 1096.53, 214.279, 2.96173, 7200, 0, 0, 1, 0, 0, 0, 0, 0);
INSERT INTO `creature` VALUES (287903, 49648, 725, 5088, 5088, 2, 1, 0, 0, 1345.89, 1101.44, 214.324, 2.69632, 7200, 0, 0, 1, 0, 0, 0, 0, 0);
INSERT INTO `creature` VALUES (287902, 49648, 725, 5088, 5088, 2, 1, 0, 0, 1343.51, 1096.94, 214.267, 2.84455, 7200, 0, 0, 1, 0, 0, 0, 0, 0);
INSERT INTO `creature` VALUES (287901, 49648, 725, 5088, 5088, 2, 1, 0, 0, 1345.86, 1095.29, 214.183, 2.89593, 7200, 0, 0, 1, 0, 0, 0, 0, 0);
INSERT INTO `creature` VALUES (287900, 49859, 725, 5088, 5088, 2, 1, 0, 0, 1417.44, 1168.16, 231.544, 2.17695, 7200, 0, 0, 1, 0, 0, 0, 0, 0);
INSERT INTO `creature` VALUES (287899, 49857, 725, 5088, 5088, 2, 1, 0, 0, 1408.47, 1161.25, 231.77, 2.86839, 7200, 0, 0, 1, 0, 0, 0, 0, 0);
INSERT INTO `creature` VALUES (287898, 49857, 725, 5088, 5088, 2, 1, 0, 0, 1408.44, 1165.17, 231.685, 6.22333, 7200, 0, 0, 1, 0, 0, 0, 0, 0);
INSERT INTO `creature` VALUES (287897, 49663, 725, 5088, 5088, 2, 1, 0, 0, 1412.93, 1170.2, 231.51, 4.92183, 7200, 0, 0, 1, 0, 0, 0, 0, 0);
INSERT INTO `creature` VALUES (287896, 49663, 725, 5088, 5088, 2, 1, 0, 0, 1407.7, 1167.13, 231.619, 5.68977, 7200, 0, 0, 1, 0, 0, 0, 0, 0);
INSERT INTO `creature` VALUES (287895, 49857, 725, 5088, 5088, 2, 1, 0, 0, 1339.84, 1131.04, 214.056, 0.154082, 7200, 0, 0, 1, 0, 0, 0, 0, 0);
INSERT INTO `creature` VALUES (287894, 49663, 725, 5088, 5088, 2, 1, 0, 0, 1345.07, 1134.85, 214.004, 2.33874, 7200, 0, 0, 1, 0, 0, 0, 0, 0);
INSERT INTO `creature` VALUES (287893, 49663, 725, 5088, 5088, 2, 1, 0, 0, 1340.02, 1129.73, 214.024, 1.8675, 7200, 0, 0, 1, 0, 0, 0, 0, 0);
INSERT INTO `creature` VALUES (287892, 49857, 725, 5088, 5088, 2, 1, 0, 0, 1329.25, 1127.45, 213.808, 6.01182, 7200, 0, 0, 1, 0, 0, 0, 0, 0);
INSERT INTO `creature` VALUES (287891, 49859, 725, 5088, 5088, 2, 1, 0, 0, 1370.92, 1203.46, 238.777, 5.96475, 7200, 0, 0, 1, 0, 0, 0, 0, 0);
INSERT INTO `creature` VALUES (287890, 49857, 725, 5088, 5088, 2, 1, 0, 0, 1373.87, 1194.91, 236.872, 3.63511, 7200, 0, 0, 1, 0, 0, 0, 0, 0);
INSERT INTO `creature` VALUES (287889, 49857, 725, 5088, 5088, 2, 1, 0, 0, 1339.86, 1153.54, 213.087, 4.12158, 7200, 0, 0, 1, 0, 0, 0, 0, 0);
INSERT INTO `creature` VALUES (287888, 49538, 725, 5088, 5088, 2, 1, 0, 0, 1254.78, 1209.75, 247.143, 4.00503, 7200, 0, 0, 1, 0, 0, 0, 0, 0);
INSERT INTO `creature` VALUES (287887, 51397, 725, 5088, 5088, 2, 1, 0, 0, 1313.26, 1236.83, 247.286, 4.31096, 7200, 0, 0, 1, 0, 0, 0, 0, 0);
INSERT INTO `creature` VALUES (287886, 49857, 725, 5088, 5088, 2, 1, 0, 0, 1273.51, 1095.42, 213.737, 1.46433, 7200, 0, 0, 1, 0, 0, 0, 0, 0);
INSERT INTO `creature` VALUES (287885, 49857, 725, 5088, 5088, 2, 1, 0, 0, 1277.07, 1093.1, 213.659, 0.263523, 7200, 0, 0, 1, 0, 0, 0, 0, 0);
INSERT INTO `creature` VALUES (287884, 49857, 725, 5088, 5088, 2, 1, 0, 0, 1269.07, 1117.23, 213.02, 2.39143, 7200, 0, 0, 1, 0, 0, 0, 0, 0);
INSERT INTO `creature` VALUES (287883, 49857, 725, 5088, 5088, 2, 1, 0, 0, 1210.47, 1182.45, 251.538, 2.2359, 7200, 0, 0, 1, 0, 0, 0, 0, 0);
INSERT INTO `creature` VALUES (287882, 49857, 725, 5088, 5088, 2, 1, 0, 0, 1269.3, 1103.88, 213.715, 3.03701, 7200, 0, 0, 1, 0, 0, 0, 0, 0);
INSERT INTO `creature` VALUES (287881, 49663, 725, 5088, 5088, 2, 1, 0, 0, 1272.76, 1115.8, 213.059, 2.30383, 7200, 0, 0, 1, 0, 0, 0, 0, 0);
INSERT INTO `creature` VALUES (287880, 49663, 725, 5088, 5088, 2, 1, 0, 0, 1272.99, 1108.16, 213.389, 3.85718, 7200, 0, 0, 1, 0, 0, 0, 0, 0);
INSERT INTO `creature` VALUES (287879, 49857, 725, 5088, 5088, 2, 1, 0, 0, 1223.52, 1151.94, 257.196, 5.27614, 7200, 0, 0, 1, 0, 0, 0, 0, 0);
INSERT INTO `creature` VALUES (287878, 49857, 725, 5088, 5088, 2, 1, 0, 0, 1204.94, 1167.65, 253.454, 0.488692, 7200, 0, 0, 1, 0, 0, 0, 0, 0);
INSERT INTO `creature` VALUES (287877, 49857, 725, 5088, 5088, 2, 1, 0, 0, 1206.8, 1167.92, 253.411, 4.22158, 7200, 0, 0, 1, 0, 0, 0, 0, 0);
INSERT INTO `creature` VALUES (287876, 49857, 725, 5088, 5088, 2, 1, 0, 0, 1222.37, 1146.66, 258.352, 3.65656, 7200, 0, 0, 1, 0, 0, 0, 0, 0);
INSERT INTO `creature` VALUES (287875, 49859, 725, 5088, 5088, 2, 1, 0, 0, 1211.19, 1111.7, 265.524, 5.094, 7200, 0, 0, 1, 0, 0, 0, 0, 0);
INSERT INTO `creature` VALUES (287874, 49857, 725, 5088, 5088, 2, 1, 0, 0, 1213.78, 1114.13, 265.444, 0.581205, 7200, 0, 0, 1, 0, 0, 0, 0, 0);
INSERT INTO `creature` VALUES (287873, 49857, 725, 5088, 5088, 2, 1, 0, 0, 1153.31, 1125.29, 266.452, 1.48501, 7200, 0, 0, 1, 0, 0, 0, 0, 0);
INSERT INTO `creature` VALUES (287872, 49857, 725, 5088, 5088, 2, 1, 0, 0, 1172.89, 1121.9, 262.47, 6.04814, 7200, 0, 0, 1, 0, 0, 0, 0, 0);
INSERT INTO `creature` VALUES (287871, 49857, 725, 5088, 5088, 2, 1, 0, 0, 1180.03, 1121.89, 261.824, 1.887, 7200, 0, 0, 1, 0, 0, 0, 0, 0);
INSERT INTO `creature` VALUES (287870, 49857, 725, 5088, 5088, 2, 1, 0, 0, 1055.61, 1023.18, 265.538, 3.39515, 7200, 0, 0, 1, 0, 0, 0, 0, 0);
INSERT INTO `creature` VALUES (287869, 49663, 725, 5088, 5088, 2, 1, 0, 0, 1061.98, 1021.41, 265.175, 3.15905, 7200, 0, 0, 1, 0, 0, 0, 0, 0);
INSERT INTO `creature` VALUES (287868, 49655, 725, 5088, 5088, 2, 1, 0, 0, 1132.95, 1091.5, 261.498, 4.93928, 7200, 0, 0, 1, 0, 0, 0, 0, 0);
INSERT INTO `creature` VALUES (287867, 49655, 725, 5088, 5088, 2, 1, 0, 0, 1130.97, 1093.9, 261.357, 4.93928, 7200, 0, 0, 1, 0, 0, 0, 0, 0);
INSERT INTO `creature` VALUES (287866, 49655, 725, 5088, 5088, 2, 1, 0, 0, 1127.88, 1091.02, 260.47, 4.93928, 7200, 0, 0, 1, 0, 0, 0, 0, 0);
INSERT INTO `creature` VALUES (287865, 49655, 725, 5088, 5088, 2, 1, 0, 0, 1130.52, 1088.76, 260.945, 4.93928, 7200, 0, 0, 1, 0, 0, 0, 0, 0);
INSERT INTO `creature` VALUES (287864, 49655, 725, 5088, 5088, 2, 1, 0, 0, 1128.96, 1089.93, 260.661, 4.93928, 7200, 0, 0, 1, 0, 0, 0, 0, 0);
INSERT INTO `creature` VALUES (287863, 49655, 725, 5088, 5088, 2, 1, 0, 0, 1132.29, 1090.49, 261.341, 4.93928, 7200, 0, 0, 1, 0, 0, 0, 0, 0);
INSERT INTO `creature` VALUES (287862, 49655, 725, 5088, 5088, 2, 1, 0, 0, 1132.23, 1092.93, 261.501, 4.93928, 7200, 0, 0, 1, 0, 0, 0, 0, 0);
INSERT INTO `creature` VALUES (287861, 49655, 725, 5088, 5088, 2, 1, 0, 0, 1130.72, 1091.72, 261.056, 4.93928, 7200, 0, 0, 1, 0, 0, 0, 0, 0);
INSERT INTO `creature` VALUES (287860, 49655, 725, 5088, 5088, 2, 1, 0, 0, 1130.71, 1090.46, 261.025, 4.93928, 7200, 0, 0, 1, 0, 0, 0, 0, 0);
INSERT INTO `creature` VALUES (287859, 49655, 725, 5088, 5088, 2, 1, 0, 0, 1129.58, 1092.88, 260.953, 4.93928, 7200, 0, 0, 1, 0, 0, 0, 0, 0);
INSERT INTO `creature` VALUES (287858, 49655, 725, 5088, 5088, 2, 1, 0, 0, 1130.28, 1030.06, 266.141, 0.744845, 7200, 0, 0, 1, 0, 0, 0, 0, 0);
INSERT INTO `creature` VALUES (287857, 49655, 725, 5088, 5088, 2, 1, 0, 0, 1084.61, 974.71, 263.252, 1.03618, 7200, 0, 0, 1, 0, 0, 0, 0, 0);
INSERT INTO `creature` VALUES (287856, 49655, 725, 5088, 5088, 2, 1, 0, 0, 1085.4, 978.937, 263.244, 0.993407, 7200, 0, 0, 1, 0, 0, 0, 0, 0);
INSERT INTO `creature` VALUES (287855, 49655, 725, 5088, 5088, 2, 1, 0, 0, 1085.36, 976.329, 263.377, 1.04294, 7200, 0, 0, 1, 0, 0, 0, 0, 0);
INSERT INTO `creature` VALUES (287854, 49655, 725, 5088, 5088, 2, 1, 0, 0, 1095.12, 991.785, 264.579, 0.874644, 7200, 0, 0, 1, 0, 0, 0, 0, 0);
INSERT INTO `creature` VALUES (287853, 49655, 725, 5088, 5088, 2, 1, 0, 0, 1086.74, 975.258, 263.542, 0.963888, 7200, 0, 0, 1, 0, 0, 0, 0, 0);
INSERT INTO `creature` VALUES (287852, 49655, 725, 5088, 5088, 2, 1, 0, 0, 1089.18, 979.231, 263.794, 1.1067, 7200, 0, 0, 1, 0, 0, 0, 0, 0);
INSERT INTO `creature` VALUES (287851, 49655, 725, 5088, 5088, 2, 1, 0, 0, 1092.42, 987.151, 263.922, 1.04378, 7200, 0, 0, 1, 0, 0, 0, 0, 0);
INSERT INTO `creature` VALUES (287850, 49857, 725, 5088, 5088, 2, 1, 0, 0, 1207.83, 1105.02, 266.147, 5.90083, 7200, 0, 0, 1, 0, 0, 0, 0, 0);
INSERT INTO `creature` VALUES (287849, 49857, 725, 5088, 5088, 2, 1, 0, 0, 1153.78, 1116.21, 266.055, 2.83549, 7200, 0, 0, 1, 0, 0, 0, 0, 0);
INSERT INTO `creature` VALUES (287848, 49857, 725, 5088, 5088, 2, 1, 0, 0, 1161.66, 1108.01, 266.175, 5.48324, 7200, 0, 0, 1, 0, 0, 0, 0, 0);
INSERT INTO `creature` VALUES (287847, 49857, 725, 5088, 5088, 2, 1, 0, 0, 1065.86, 1017.26, 265.584, 3.43924, 7200, 0, 0, 1, 0, 0, 0, 0, 0);
INSERT INTO `creature` VALUES (287846, 49663, 725, 5088, 5088, 2, 1, 0, 0, 1065.85, 1029.04, 266.363, 2.00713, 7200, 0, 0, 1, 0, 0, 0, 0, 0);
INSERT INTO `creature` VALUES (287845, 49663, 725, 5088, 5088, 2, 1, 0, 0, 1131.7, 1097.41, 262.375, 3.68265, 7200, 0, 0, 1, 0, 0, 0, 0, 0);
INSERT INTO `creature` VALUES (287844, 49663, 725, 5088, 5088, 2, 1, 0, 0, 1124.59, 1091.95, 260.654, 1.6057, 7200, 0, 0, 1, 0, 0, 0, 0, 0);
INSERT INTO `creature` VALUES (287843, 49859, 725, 5088, 5088, 2, 1, 0, 0, 1125.07, 1088.2, 261.339, 3.93766, 7200, 0, 0, 1, 0, 0, 0, 0, 0);
INSERT INTO `creature` VALUES (287842, 49857, 725, 5088, 5088, 2, 1, 0, 0, 1162.69, 1099.61, 267.393, 0.488692, 7200, 0, 0, 1, 0, 0, 0, 0, 0);
INSERT INTO `creature` VALUES (287841, 49857, 725, 5088, 5088, 2, 1, 0, 0, 1202.61, 1095.77, 267.294, 3.41236, 7200, 0, 0, 1, 0, 0, 0, 0, 0);
INSERT INTO `creature` VALUES (287840, 49857, 725, 5088, 5088, 2, 1, 0, 0, 1131.32, 1089.14, 261.032, 1.03875, 7200, 0, 0, 1, 0, 0, 0, 0, 0);
INSERT INTO `creature` VALUES (287839, 49655, 725, 5088, 5088, 2, 1, 0, 0, 1098.59, 1067.28, 268.786, 0, 7200, 0, 0, 1, 0, 0, 0, 0, 0);
INSERT INTO `creature` VALUES (287838, 49655, 725, 5088, 5088, 2, 1, 0, 0, 1097.33, 1066.31, 268.673, 0, 7200, 0, 0, 1, 0, 0, 0, 0, 0);
INSERT INTO `creature` VALUES (287837, 49655, 725, 5088, 5088, 2, 1, 0, 0, 1100.17, 1067.61, 268.866, 0, 7200, 0, 0, 1, 0, 0, 0, 0, 0);
INSERT INTO `creature` VALUES (287836, 49655, 725, 5088, 5088, 2, 1, 0, 0, 1099.32, 1062.58, 268.086, 0, 7200, 0, 0, 1, 0, 0, 0, 0, 0);
INSERT INTO `creature` VALUES (287835, 49655, 725, 5088, 5088, 2, 1, 0, 0, 1102.19, 1064.55, 268.418, 0, 7200, 0, 0, 1, 0, 0, 0, 0, 0);
INSERT INTO `creature` VALUES (287834, 49655, 725, 5088, 5088, 2, 1, 0, 0, 1100.66, 1063.35, 268.217, 0, 7200, 0, 0, 1, 0, 0, 0, 0, 0);
INSERT INTO `creature` VALUES (287833, 49655, 725, 5088, 5088, 2, 1, 0, 0, 1100.97, 1066.7, 268.702, 0, 7200, 0, 0, 1, 0, 0, 0, 0, 0);
INSERT INTO `creature` VALUES (287832, 49655, 725, 5088, 5088, 2, 1, 0, 0, 1099.38, 1065.51, 268.511, 0, 7200, 0, 0, 1, 0, 0, 0, 0, 0);
INSERT INTO `creature` VALUES (287831, 49655, 725, 5088, 5088, 2, 1, 0, 0, 1100.6, 1065.17, 268.477, 0, 7200, 0, 0, 1, 0, 0, 0, 0, 0);
INSERT INTO `creature` VALUES (287830, 49655, 725, 5088, 5088, 2, 1, 0, 0, 1097.96, 1064.7, 268.424, 0, 7200, 0, 0, 1, 0, 0, 0, 0, 0);
INSERT INTO `creature` VALUES (287829, 49859, 725, 5088, 5088, 2, 1, 0, 0, 1103.36, 1066.12, 268.657, 6.14111, 7200, 0, 0, 1, 0, 0, 0, 0, 0);
INSERT INTO `creature` VALUES (287828, 49663, 725, 5088, 5088, 2, 1, 0, 0, 1097.81, 1066.22, 268.649, 3.12414, 7200, 0, 0, 1, 0, 0, 0, 0, 0);
INSERT INTO `creature` VALUES (287827, 49655, 725, 5088, 5088, 2, 1, 0, 0, 1132.19, 970.281, 284.292, 0, 7200, 0, 0, 1, 0, 0, 0, 0, 0);
INSERT INTO `creature` VALUES (287826, 49655, 725, 5088, 5088, 2, 1, 0, 0, 1129.36, 968.99, 284.379, 0, 7200, 0, 0, 1, 0, 0, 0, 0, 0);
INSERT INTO `creature` VALUES (287825, 49655, 725, 5088, 5088, 2, 1, 0, 0, 1131.35, 965.252, 284.565, 0, 7200, 0, 0, 1, 0, 0, 0, 0, 0);
INSERT INTO `creature` VALUES (287824, 49655, 725, 5088, 5088, 2, 1, 0, 0, 1134.21, 967.229, 284.223, 0, 7200, 0, 0, 1, 0, 0, 0, 0, 0);
INSERT INTO `creature` VALUES (287823, 49655, 725, 5088, 5088, 2, 1, 0, 0, 1132.68, 966.023, 284.293, 0, 7200, 0, 0, 1, 0, 0, 0, 0, 0);
INSERT INTO `creature` VALUES (287822, 49655, 725, 5088, 5088, 2, 1, 0, 0, 1133, 969.373, 284.282, 0, 7200, 0, 0, 1, 0, 0, 0, 0, 0);
INSERT INTO `creature` VALUES (287821, 49655, 725, 5088, 5088, 2, 1, 0, 0, 1130.62, 969.957, 284.338, 0, 7200, 0, 0, 1, 0, 0, 0, 0, 0);
INSERT INTO `creature` VALUES (287820, 49655, 725, 5088, 5088, 2, 1, 0, 0, 1131.4, 968.184, 284.314, 0, 7200, 0, 0, 1, 0, 0, 0, 0, 0);
INSERT INTO `creature` VALUES (287819, 49655, 725, 5088, 5088, 2, 1, 0, 0, 1132.62, 967.849, 284.277, 0, 7200, 0, 0, 1, 0, 0, 0, 0, 0);
INSERT INTO `creature` VALUES (287818, 49655, 725, 5088, 5088, 2, 1, 0, 0, 1129.99, 967.372, 284.403, 0, 7200, 0, 0, 1, 0, 0, 0, 0, 0);
INSERT INTO `creature` VALUES (287817, 43357, 725, 5088, 5088, 2, 1, 0, 0, 1218.25, 1167.77, 253.583, 0, 7200, 0, 0, 1, 0, 0, 0, 0, 0);
INSERT INTO `creature` VALUES (287816, 49857, 725, 5088, 5088, 2, 1, 0, 0, 1167.1, 1069.78, 266.854, 0.894749, 7200, 0, 0, 1, 0, 0, 0, 0, 0);
INSERT INTO `creature` VALUES (287815, 49859, 725, 5088, 5088, 2, 1, 0, 0, 1190.02, 1079.66, 264.145, 1.81201, 7200, 0, 0, 1, 0, 0, 0, 0, 0);
INSERT INTO `creature` VALUES (287814, 49857, 725, 5088, 5088, 2, 1, 0, 0, 1095.78, 1060.07, 268.749, 4.29401, 7200, 0, 0, 1, 0, 0, 0, 0, 0);
INSERT INTO `creature` VALUES (287813, 49663, 725, 5088, 5088, 2, 1, 0, 0, 1095.49, 1060.31, 268.698, 2.00713, 7200, 0, 0, 1, 0, 0, 0, 0, 0);
INSERT INTO `creature` VALUES (287812, 49647, 725, 5088, 5088, 2, 1, 0, 0, 1187.34, 1063.68, 263.367, 5.60251, 7200, 0, 0, 1, 0, 0, 0, 0, 0);
INSERT INTO `creature` VALUES (287811, 49929, 725, 5088, 5088, 2, 1, 0, 0, 1214.06, 1038.85, 259.17, 0.488692, 7200, 0, 0, 1, 0, 0, 0, 0, 0);
INSERT INTO `creature` VALUES (287810, 49859, 725, 5088, 5088, 2, 1, 0, 0, 1213.09, 1042.62, 259.064, 1.36691, 7200, 0, 0, 1, 0, 0, 0, 0, 0);
INSERT INTO `creature` VALUES (287809, 49663, 725, 5088, 5088, 2, 1, 0, 0, 1212.76, 1046.98, 260.061, 5.63741, 7200, 0, 0, 1, 0, 0, 0, 0, 0);
INSERT INTO `creature` VALUES (287808, 49663, 725, 5088, 5088, 2, 1, 0, 0, 1209.56, 1039.46, 259.72, 0.0349066, 7200, 0, 0, 1, 0, 0, 0, 0, 0);
INSERT INTO `creature` VALUES (287807, 49663, 725, 5088, 5088, 2, 1, 0, 0, 1162.46, 1062.5, 265.152, 1.88496, 7200, 0, 0, 1, 0, 0, 0, 0, 0);
INSERT INTO `creature` VALUES (287806, 49663, 725, 5088, 5088, 2, 1, 0, 0, 1167.02, 1065.92, 265.619, 3.07178, 7200, 0, 0, 1, 0, 0, 0, 0, 0);
INSERT INTO `creature` VALUES (287805, 49663, 725, 5088, 5088, 2, 1, 0, 0, 1157.27, 1062.51, 265.341, 0.872665, 7200, 0, 0, 1, 0, 0, 0, 0, 0);
INSERT INTO `creature` VALUES (287804, 43357, 725, 5088, 5088, 2, 1, 0, 0, 1219.36, 1138.91, 260.191, 0, 7200, 0, 0, 1, 0, 0, 0, 0, 0);
INSERT INTO `creature` VALUES (287803, 49929, 725, 5088, 5088, 2, 1, 0, 0, 1108.45, 1033.65, 266.914, 2.75303, 7200, 0, 0, 1, 0, 0, 0, 0, 0);
INSERT INTO `creature` VALUES (287802, 49929, 725, 5088, 5088, 2, 1, 0, 0, 1167.38, 1041.4, 269.125, 5.38716, 7200, 0, 0, 1, 0, 0, 0, 0, 0);
INSERT INTO `creature` VALUES (287801, 49929, 725, 5088, 5088, 2, 1, 0, 0, 1132.98, 1047.94, 265.739, 2.36802, 7200, 0, 0, 1, 0, 0, 0, 0, 0);
INSERT INTO `creature` VALUES (287800, 49929, 725, 5088, 5088, 2, 1, 0, 0, 1168.86, 1045.97, 267.813, 3.4364, 7200, 0, 0, 1, 0, 0, 0, 0, 0);
INSERT INTO `creature` VALUES (287799, 43357, 725, 5088, 5088, 2, 1, 0, 0, 1164.76, 1114.6, 264.453, 0, 7200, 0, 0, 1, 0, 0, 0, 0, 0);
INSERT INTO `creature` VALUES (287798, 43357, 725, 5088, 5088, 2, 1, 0, 0, 1196.64, 1116.21, 264.159, 0, 7200, 0, 0, 1, 0, 0, 0, 0, 0);
INSERT INTO `creature` VALUES (287797, 49929, 725, 5088, 5088, 2, 1, 0, 0, 1089.59, 996.976, 265.271, 5.65108, 7200, 0, 0, 1, 0, 0, 0, 0, 0);
INSERT INTO `creature` VALUES (287796, 49929, 725, 5088, 5088, 2, 1, 0, 0, 1091.49, 995.248, 264.825, 2.66698, 7200, 0, 0, 1, 0, 0, 0, 0, 0);
INSERT INTO `creature` VALUES (287795, 49857, 725, 5088, 5088, 2, 1, 0, 0, 1176.77, 1021.31, 271.584, 1.25612, 7200, 0, 0, 1, 0, 0, 0, 0, 0);
INSERT INTO `creature` VALUES (287794, 49663, 725, 5088, 5088, 2, 1, 0, 0, 1182.12, 1014.27, 272.226, 1.95477, 7200, 0, 0, 1, 0, 0, 0, 0, 0);
INSERT INTO `creature` VALUES (287793, 49663, 725, 5088, 5088, 2, 1, 0, 0, 1175.86, 1020.06, 270.911, 6.03884, 7200, 0, 0, 1, 0, 0, 0, 0, 0);
INSERT INTO `creature` VALUES (287792, 53488, 725, 5088, 5088, 2, 1, 0, 0, 841.517, 986.63, 317.483, 0, 7200, 0, 0, 1, 0, 0, 0, 0, 0);
INSERT INTO `creature` VALUES (287791, 49653, 725, 5088, 5088, 2, 1, 0, 0, 902.09, 981.547, 316.893, 3.01942, 7200, 0, 0, 1, 0, 0, 0, 0, 0);
INSERT INTO `creature` VALUES (287790, 49662, 725, 5088, 5088, 2, 1, 0, 0, 902.189, 977.795, 316.96, 2.94961, 7200, 0, 0, 1, 0, 0, 0, 0, 0);
INSERT INTO `creature` VALUES (287789, 49667, 725, 5088, 5088, 2, 1, 0, 0, 903.255, 985.352, 317.198, 3.08923, 7200, 0, 0, 1, 0, 0, 0, 0, 0);
INSERT INTO `creature` VALUES (287788, 49669, 725, 5088, 5088, 2, 1, 0, 0, 900.03, 962.948, 319.024, 5.1363, 7200, 0, 0, 1, 0, 0, 0, 0, 0);
INSERT INTO `creature` VALUES (287787, 49667, 725, 5088, 5088, 2, 1, 0, 0, 904.016, 973.24, 317.167, 2.87979, 7200, 0, 0, 1, 0, 0, 0, 0, 0);
INSERT INTO `creature` VALUES (287786, 49660, 725, 5088, 5088, 2, 1, 0, 0, 906.934, 988.238, 317.554, 3.12414, 7200, 0, 0, 1, 0, 0, 0, 0, 0);
INSERT INTO `creature` VALUES (287785, 49669, 725, 5088, 5088, 2, 1, 0, 0, 900.052, 958.769, 318.978, 6.19594, 7200, 0, 0, 1, 0, 0, 0, 0, 0);
INSERT INTO `creature` VALUES (287784, 49669, 725, 5088, 5088, 2, 1, 0, 0, 899.458, 955.87, 318.937, 6.18455, 7200, 0, 0, 1, 0, 0, 0, 0, 0);
INSERT INTO `creature` VALUES (287783, 49669, 725, 5088, 5088, 2, 1, 0, 0, 904.51, 958.927, 319.04, 1.27451, 7200, 0, 0, 1, 0, 0, 0, 0, 0);
INSERT INTO `creature` VALUES (287782, 49669, 725, 5088, 5088, 2, 1, 0, 0, 904.229, 956.014, 319.003, 0.503897, 7200, 0, 0, 1, 0, 0, 0, 0, 0);
INSERT INTO `creature` VALUES (287781, 49663, 725, 5088, 5088, 2, 1, 0, 0, 918.432, 944.87, 318.575, 5.34071, 7200, 0, 0, 1, 0, 0, 0, 0, 0);
INSERT INTO `creature` VALUES (287780, 49663, 725, 5088, 5088, 2, 1, 0, 0, 923.74, 946.99, 318.309, 4.93928, 7200, 0, 0, 1, 0, 0, 0, 0, 0);
INSERT INTO `creature` VALUES (287779, 49669, 725, 5088, 5088, 2, 1, 0, 0, 934.092, 965.207, 316.133, 0, 7200, 0, 0, 1, 0, 0, 0, 0, 0);
INSERT INTO `creature` VALUES (287778, 49669, 725, 5088, 5088, 2, 1, 0, 0, 935.425, 968.981, 316.45, 0, 7200, 0, 0, 1, 0, 0, 0, 0, 0);
INSERT INTO `creature` VALUES (287777, 49669, 725, 5088, 5088, 2, 1, 0, 0, 960.108, 925.543, 312.65, 0, 7200, 0, 0, 1, 0, 0, 0, 0, 0);
INSERT INTO `creature` VALUES (287776, 49669, 725, 5088, 5088, 2, 1, 0, 0, 963.418, 928.346, 312.858, 0, 7200, 0, 0, 1, 0, 0, 0, 0, 0);
INSERT INTO `creature` VALUES (287775, 49669, 725, 5088, 5088, 2, 1, 0, 0, 1013.03, 878.892, 300.11, 0, 7200, 0, 0, 1, 0, 0, 0, 0, 0);
INSERT INTO `creature` VALUES (287774, 49669, 725, 5088, 5088, 2, 1, 0, 0, 1013.37, 872.458, 299.38, 0, 7200, 0, 0, 1, 0, 0, 0, 0, 0);
INSERT INTO `creature` VALUES (287773, 22515, 725, 5088, 5088, 2, 1, 0, 0, 853.125, 987.646, 317.296, 0, 7200, 0, 0, 1, 0, 0, 0, 0, 0);
INSERT INTO `creature` VALUES (287772, 49929, 725, 5088, 5088, 2, 1, 0, 0, 928.059, 1031.13, 319.555, 2.65893, 7200, 0, 0, 1, 0, 0, 0, 0, 0);
INSERT INTO `creature` VALUES (287771, 51396, 725, 5088, 5088, 2, 1, 0, 0, 853.858, 999.752, 317.399, 0, 7200, 0, 0, 1, 0, 0, 0, 0, 0);
INSERT INTO `creature` VALUES (287770, 50048, 725, 5088, 5088, 2, 1, 0, 0, 841.722, 995.135, 317.507, 5.91667, 7200, 0, 0, 1, 0, 0, 0, 0, 0);
INSERT INTO `creature` VALUES (287769, 49859, 725, 5088, 5088, 2, 1, 0, 0, 853.997, 1017.81, 319.708, 1.46593, 7200, 0, 0, 1, 0, 0, 0, 0, 0);
INSERT INTO `creature` VALUES (287768, 49857, 725, 5088, 5088, 2, 1, 0, 0, 854.805, 1031.47, 320.331, 1.00486, 7200, 0, 0, 1, 0, 0, 0, 0, 0);
INSERT INTO `creature` VALUES (287767, 49859, 725, 5088, 5088, 2, 1, 0, 0, 847.365, 951.241, 318.685, 1.0231, 7200, 0, 0, 1, 0, 0, 0, 0, 0);
INSERT INTO `creature` VALUES (287766, 49859, 725, 5088, 5088, 2, 1, 0, 0, 907.311, 1032.99, 320.058, 4.8208, 7200, 0, 0, 1, 0, 0, 0, 0, 0);
INSERT INTO `creature` VALUES (287765, 49859, 725, 5088, 5088, 2, 1, 0, 0, 877.979, 950.783, 319.09, 2.83748, 7200, 0, 0, 1, 0, 0, 0, 0, 0);
INSERT INTO `creature` VALUES (287764, 49859, 725, 5088, 5088, 2, 1, 0, 0, 920.785, 944.137, 318.522, 0.692419, 7200, 0, 0, 1, 0, 0, 0, 0, 0);
INSERT INTO `creature` VALUES (287763, 49857, 725, 5088, 5088, 2, 1, 0, 0, 845.026, 963.127, 317.888, 4.84547, 7200, 0, 0, 1, 0, 0, 0, 0, 0);
INSERT INTO `creature` VALUES (287762, 49857, 725, 5088, 5088, 2, 1, 0, 0, 946.637, 996.562, 318.973, 6.27588, 7200, 0, 0, 1, 0, 0, 0, 0, 0);
INSERT INTO `creature` VALUES (287761, 49929, 725, 5088, 5088, 2, 1, 0, 0, 942.964, 1018.11, 321.249, 4.26696, 7200, 0, 0, 1, 0, 0, 0, 0, 0);
INSERT INTO `creature` VALUES (287760, 49929, 725, 5088, 5088, 2, 1, 0, 0, 935.62, 1026.82, 319.252, 2.01817, 7200, 0, 0, 1, 0, 0, 0, 0, 0);
INSERT INTO `creature` VALUES (287759, 49669, 725, 5088, 5088, 2, 1, 0, 0, 991.854, 864.424, 302.141, 2.24769, 7200, 0, 0, 1, 0, 0, 0, 0, 0);
INSERT INTO `creature` VALUES (287758, 49669, 725, 5088, 5088, 2, 1, 0, 0, 998.729, 862.383, 301.185, 2.66445, 7200, 0, 0, 1, 0, 0, 0, 0, 0);
INSERT INTO `creature` VALUES (287757, 49669, 725, 5088, 5088, 2, 1, 0, 0, 1000.46, 857.98, 301.155, 2.69131, 7200, 0, 0, 1, 0, 0, 0, 0, 0);
INSERT INTO `creature` VALUES (287756, 49669, 725, 5088, 5088, 2, 1, 0, 0, 1004.06, 858.744, 300.871, 2.68965, 7200, 0, 0, 1, 0, 0, 0, 0, 0);
INSERT INTO `creature` VALUES (287755, 49669, 725, 5088, 5088, 2, 1, 0, 0, 1001.99, 863.183, 300.391, 2.89858, 7200, 0, 0, 1, 0, 0, 0, 0, 0);
INSERT INTO `creature` VALUES (287754, 49929, 725, 5088, 5088, 2, 1, 0, 0, 953.661, 1044.89, 320.01, 0.488692, 7200, 0, 0, 1, 0, 0, 0, 0, 0);
INSERT INTO `creature` VALUES (287753, 49663, 725, 5088, 5088, 2, 1, 0, 0, 962.151, 1041.56, 320.844, 4.11898, 7200, 0, 0, 1, 0, 0, 0, 0, 0);
INSERT INTO `creature` VALUES (287752, 49663, 725, 5088, 5088, 2, 1, 0, 0, 956.198, 1040.6, 321.027, 5.51524, 7200, 0, 0, 1, 0, 0, 0, 0, 0);
INSERT INTO `creature` VALUES (287751, 49929, 725, 5088, 5088, 2, 1, 0, 0, 960.37, 1042.05, 320.772, 0.488692, 7200, 0, 0, 1, 0, 0, 0, 0, 0);
INSERT INTO `creature` VALUES (287750, 49929, 725, 5088, 5088, 2, 1, 0, 0, 946.913, 1042.88, 319.355, 3.6135, 7200, 0, 0, 1, 0, 0, 0, 0, 0);
INSERT INTO `creature` VALUES (287749, 49857, 725, 5088, 5088, 2, 1, 0, 0, 963.908, 955.575, 317.408, 0.488692, 7200, 0, 0, 1, 0, 0, 0, 0, 0);
INSERT INTO `creature` VALUES (287748, 49929, 725, 5088, 5088, 2, 1, 0, 0, 945.531, 1055.58, 318.773, 2.82855, 7200, 0, 0, 1, 0, 0, 0, 0, 0);
INSERT INTO `creature` VALUES (287747, 49857, 725, 5088, 5088, 2, 1, 0, 0, 950.847, 973.038, 317.859, 1.52409, 7200, 0, 0, 1, 0, 0, 0, 0, 0);
INSERT INTO `creature` VALUES (287746, 49857, 725, 5088, 5088, 2, 1, 0, 0, 967.865, 965.792, 318.029, 0.511666, 7200, 0, 0, 1, 0, 0, 0, 0, 0);
INSERT INTO `creature` VALUES (287745, 49669, 725, 5088, 5088, 2, 1, 0, 0, 1035.46, 861.767, 296.145, 3.1726, 7200, 0, 0, 1, 0, 0, 0, 0, 0);
INSERT INTO `creature` VALUES (287744, 49669, 725, 5088, 5088, 2, 1, 0, 0, 1046.75, 885.792, 297.894, 3.00315, 7200, 0, 0, 1, 0, 0, 0, 0, 0);
INSERT INTO `creature` VALUES (287743, 49660, 725, 5088, 5088, 2, 1, 0, 0, 984.471, 893.266, 305.177, 4.4855, 7200, 0, 0, 1, 0, 0, 0, 0, 0);
INSERT INTO `creature` VALUES (287742, 49662, 725, 5088, 5088, 2, 1, 0, 0, 980.774, 891.762, 305.379, 5.77704, 7200, 0, 0, 1, 0, 0, 0, 0, 0);
INSERT INTO `creature` VALUES (287741, 49667, 725, 5088, 5088, 2, 1, 0, 0, 982.464, 887.2, 304.444, 1.06465, 7200, 0, 0, 1, 0, 0, 0, 0, 0);
INSERT INTO `creature` VALUES (287740, 49857, 725, 5088, 5088, 2, 1, 0, 0, 994.742, 911.164, 308, 3.10297, 7200, 0, 0, 1, 0, 0, 0, 0, 0);
INSERT INTO `creature` VALUES (287739, 49667, 725, 5088, 5088, 2, 1, 0, 0, 986.375, 888.304, 304.093, 2.60054, 7200, 0, 0, 1, 0, 0, 0, 0, 0);
INSERT INTO `creature` VALUES (287738, 49859, 725, 5088, 5088, 2, 1, 0, 0, 972.971, 865.059, 304.524, 0.488692, 7200, 0, 0, 1, 0, 0, 0, 0, 0);
INSERT INTO `creature` VALUES (287737, 49857, 725, 5088, 5088, 2, 1, 0, 0, 987.332, 863.188, 302.918, 0.488692, 7200, 0, 0, 1, 0, 0, 0, 0, 0);
INSERT INTO `creature` VALUES (287736, 49857, 725, 5088, 5088, 2, 1, 0, 0, 1001.18, 849.799, 300.646, 2.53271, 7200, 0, 0, 1, 0, 0, 0, 0, 0);
INSERT INTO `creature` VALUES (287735, 49642, 725, 5088, 5088, 2, 1, 0, 0, 1150.34, 947.063, 283.89, 4.69494, 7200, 0, 0, 1, 0, 0, 0, 0, 0);
INSERT INTO `creature` VALUES (287734, 49624, 725, 5088, 5088, 2, 1, 0, 0, 1337.3, 964.894, 214.238, 1.74533, 7200, 0, 0, 1, 0, 0, 0, 0, 0);
INSERT INTO `creature` VALUES (287733, 49857, 725, 5088, 5088, 2, 1, 0, 0, 1011.94, 843.481, 299.273, 3.96736, 7200, 0, 0, 1, 0, 0, 0, 0, 0);
INSERT INTO `creature` VALUES (287732, 49660, 725, 5088, 5088, 2, 1, 0, 0, 1058.95, 869.467, 293.794, 3.85718, 7200, 0, 0, 1, 0, 0, 0, 0, 0);
INSERT INTO `creature` VALUES (287731, 49662, 725, 5088, 5088, 2, 1, 0, 0, 1054.48, 869.726, 294.381, 5.55015, 7200, 0, 0, 1, 0, 0, 0, 0, 0);
INSERT INTO `creature` VALUES (287730, 49667, 725, 5088, 5088, 2, 1, 0, 0, 1054.68, 866.424, 294.129, 0.645772, 7200, 0, 0, 1, 0, 0, 0, 0, 0);
INSERT INTO `creature` VALUES (287729, 49667, 725, 5088, 5088, 2, 1, 0, 0, 1058.08, 865.589, 293.802, 2.09439, 7200, 0, 0, 1, 0, 0, 0, 0, 0);
INSERT INTO `creature` VALUES (287728, 49857, 725, 5088, 5088, 2, 1, 0, 0, 1027.71, 845.166, 298.227, 6.00521, 7200, 0, 0, 1, 0, 0, 0, 0, 0);
INSERT INTO `creature` VALUES (287727, 49857, 725, 5088, 5088, 2, 1, 0, 0, 1068.49, 916.46, 296.102, 0.929898, 7200, 0, 0, 1, 0, 0, 0, 0, 0);
INSERT INTO `creature` VALUES (287726, 49857, 725, 5088, 5088, 2, 1, 0, 0, 1075.38, 910.47, 294.484, 5.4081, 7200, 0, 0, 1, 0, 0, 0, 0, 0);
INSERT INTO `creature` VALUES (287725, 49857, 725, 5088, 5088, 2, 1, 0, 0, 1053.72, 835.974, 295.441, 0.488692, 7200, 0, 0, 1, 0, 0, 0, 0, 0);
INSERT INTO `creature` VALUES (287724, 49857, 725, 5088, 5088, 2, 1, 0, 0, 1084.19, 905.611, 292.551, 4.68037, 7200, 0, 0, 1, 0, 0, 0, 0, 0);
INSERT INTO `creature` VALUES (287723, 49857, 725, 5088, 5088, 2, 1, 0, 0, 1057.19, 944.7, 259.9, 4.28482, 7200, 0, 0, 1, 0, 0, 0, 0, 0);
INSERT INTO `creature` VALUES (287722, 49857, 725, 5088, 5088, 2, 1, 0, 0, 1060.14, 937.819, 262.575, 0.996068, 7200, 0, 0, 1, 0, 0, 0, 0, 0);
INSERT INTO `creature` VALUES (287721, 40350, 725, 5088, 5088, 2, 1, 0, 0, 1103.9, 864.733, 287.98, 0, 7200, 0, 0, 1, 0, 0, 0, 0, 0);
INSERT INTO `creature` VALUES (287720, 49663, 725, 5088, 5088, 2, 1, 0, 0, 1061.07, 947.17, 260.027, 2.54818, 7200, 0, 0, 1, 0, 0, 0, 0, 0);
INSERT INTO `creature` VALUES (287719, 49857, 725, 5088, 5088, 2, 1, 0, 0, 1060.52, 948.81, 259.657, 2.96221, 7200, 0, 0, 1, 0, 0, 0, 0, 0);
INSERT INTO `creature` VALUES (287718, 49857, 725, 5088, 5088, 2, 1, 0, 0, 1109.22, 847.028, 290.557, 6.04268, 7200, 0, 0, 1, 0, 0, 0, 0, 0);
INSERT INTO `creature` VALUES (287717, 49663, 725, 5088, 5088, 2, 1, 0, 0, 1055.38, 959.151, 262.15, 5.37561, 7200, 0, 0, 1, 0, 0, 0, 0, 0);
INSERT INTO `creature` VALUES (287716, 49660, 725, 5088, 5088, 2, 1, 0, 0, 1152.96, 876.873, 285.046, 3.07178, 7200, 0, 0, 1, 0, 0, 0, 0, 0);
INSERT INTO `creature` VALUES (287715, 49660, 725, 5088, 5088, 2, 1, 0, 0, 1155.66, 886.653, 285.046, 3.14159, 7200, 0, 0, 1, 0, 0, 0, 0, 0);
INSERT INTO `creature` VALUES (287714, 49667, 725, 5088, 5088, 2, 1, 0, 0, 1157.37, 879.769, 285.071, 3.08923, 7200, 0, 0, 1, 0, 0, 0, 0, 0);
INSERT INTO `creature` VALUES (287713, 49667, 725, 5088, 5088, 2, 1, 0, 0, 1154.65, 880.245, 285.046, 3.10669, 7200, 0, 0, 1, 0, 0, 0, 0, 0);
INSERT INTO `creature` VALUES (287712, 49662, 725, 5088, 5088, 2, 1, 0, 0, 1157.23, 883.25, 285.046, 3.12414, 7200, 0, 0, 1, 0, 0, 0, 0, 0);
INSERT INTO `creature` VALUES (287711, 49662, 725, 5088, 5088, 2, 1, 0, 0, 1154.8, 883.431, 285.046, 3.12414, 7200, 0, 0, 1, 0, 0, 0, 0, 0);
INSERT INTO `creature` VALUES (287710, 49667, 725, 5088, 5088, 2, 1, 0, 0, 1155.75, 893.649, 285.046, 3.1765, 7200, 0, 0, 1, 0, 0, 0, 0, 0);
INSERT INTO `creature` VALUES (287709, 49662, 725, 5088, 5088, 2, 1, 0, 0, 1156.36, 876.398, 285.102, 3.07178, 7200, 0, 0, 1, 0, 0, 0, 0, 0);
INSERT INTO `creature` VALUES (287708, 49667, 725, 5088, 5088, 2, 1, 0, 0, 1156.29, 890.444, 285.046, 3.15905, 7200, 0, 0, 1, 0, 0, 0, 0, 0);
INSERT INTO `creature` VALUES (287707, 22515, 725, 5088, 5088, 2, 1, 0, 0, 1154.21, 917.316, 284.38, 4.79965, 7200, 0, 0, 1, 0, 0, 0, 0, 0);
INSERT INTO `creature` VALUES (287706, 49859, 725, 5088, 5088, 2, 1, 0, 0, 1172.17, 853.412, 286.966, 1.69835, 7200, 0, 0, 1, 0, 0, 0, 0, 0);
INSERT INTO `creature` VALUES (287705, 49857, 725, 5088, 5088, 2, 1, 0, 0, 1024.84, 845.984, 298.677, 5.29963, 7200, 0, 0, 1, 0, 0, 0, 0, 0);
INSERT INTO `creature` VALUES (287704, 49929, 725, 5088, 5088, 2, 1, 0, 0, 1139.41, 952.525, 284.83, 2.58416, 7200, 0, 0, 1, 0, 0, 0, 0, 0);
INSERT INTO `creature` VALUES (287703, 49857, 725, 5088, 5088, 2, 1, 0, 0, 1196.24, 885.42, 284.249, 0.488692, 7200, 0, 0, 1, 0, 0, 0, 0, 0);
INSERT INTO `creature` VALUES (287702, 49857, 725, 5088, 5088, 2, 1, 0, 0, 1188.45, 890.643, 284.265, 5.408, 7200, 0, 0, 1, 0, 0, 0, 0, 0);
INSERT INTO `creature` VALUES (287701, 49857, 725, 5088, 5088, 2, 1, 0, 0, 1195.8, 885.471, 284.255, 1.73425, 7200, 0, 0, 1, 0, 0, 0, 0, 0);
INSERT INTO `creature` VALUES (287700, 49857, 725, 5088, 5088, 2, 1, 0, 0, 1184.01, 895.247, 284.286, 5.45876, 7200, 0, 0, 1, 0, 0, 0, 0, 0);
INSERT INTO `creature` VALUES (287699, 49663, 725, 5088, 5088, 2, 1, 0, 0, 1128.04, 966.894, 284.703, 1.71042, 7200, 0, 0, 1, 0, 0, 0, 0, 0);
INSERT INTO `creature` VALUES (287698, 49663, 725, 5088, 5088, 2, 1, 0, 0, 1134.26, 970.01, 284.254, 2.67035, 7200, 0, 0, 1, 0, 0, 0, 0, 0);
INSERT INTO `creature` VALUES (287697, 49857, 725, 5088, 5088, 2, 1, 0, 0, 1135.54, 966.652, 284.076, 5.9573, 7200, 0, 0, 1, 0, 0, 0, 0, 0);
INSERT INTO `creature` VALUES (287696, 49859, 725, 5088, 5088, 2, 1, 0, 0, 1092.95, 977.377, 264.312, 1.64431, 7200, 0, 0, 1, 0, 0, 0, 0, 0);
INSERT INTO `creature` VALUES (287695, 49647, 725, 5088, 5088, 2, 1, 0, 0, 1069.58, 964.558, 260.185, 4.04935, 7200, 0, 0, 1, 0, 0, 0, 0, 0);
INSERT INTO `creature` VALUES (287694, 49857, 725, 5088, 5088, 2, 1, 0, 0, 1211.17, 859.769, 282.628, 0.503037, 7200, 0, 0, 1, 0, 0, 0, 0, 0);
INSERT INTO `creature` VALUES (287693, 49655, 725, 5088, 5088, 2, 1, 0, 0, 1147.58, 962.4, 283.453, 3.07505, 7200, 0, 0, 1, 0, 0, 0, 0, 0);
INSERT INTO `creature` VALUES (287692, 49647, 725, 5088, 5088, 2, 1, 0, 0, 1150.02, 936.612, 284.325, 4.74481, 7200, 0, 0, 1, 0, 0, 0, 0, 0);
INSERT INTO `creature` VALUES (287691, 49857, 725, 5088, 5088, 2, 1, 0, 0, 1154.56, 1005.1, 271.404, 1.26196, 7200, 0, 0, 1, 0, 0, 0, 0, 0);
INSERT INTO `creature` VALUES (287690, 49857, 725, 5088, 5088, 2, 1, 0, 0, 1158.28, 998.565, 272.948, 0.750289, 7200, 0, 0, 1, 0, 0, 0, 0, 0);
INSERT INTO `creature` VALUES (287689, 49654, 725, 5088, 5088, 2, 1, 0, 0, 1507.86, 1073.26, 217.329, 0.10472, 7200, 0, 0, 1, 0, 0, 0, 0, 0);
INSERT INTO `creature` VALUES (287688, 49929, 725, 5088, 5088, 2, 1, 0, 0, 1181.61, 1008.05, 273.408, 5.55042, 7200, 0, 0, 1, 0, 0, 0, 0, 0);
INSERT INTO `creature` VALUES (287687, 49655, 725, 5088, 5088, 2, 1, 0, 0, 1062.16, 954.644, 259.765, 0, 7200, 0, 0, 1, 0, 0, 0, 0, 0);
INSERT INTO `creature` VALUES (287686, 49655, 725, 5088, 5088, 2, 1, 0, 0, 1064.79, 955.122, 259.871, 0, 7200, 0, 0, 1, 0, 0, 0, 0, 0);
INSERT INTO `creature` VALUES (287685, 49655, 725, 5088, 5088, 2, 1, 0, 0, 1063.57, 955.457, 259.76, 0, 7200, 0, 0, 1, 0, 0, 0, 0, 0);
INSERT INTO `creature` VALUES (287684, 49655, 725, 5088, 5088, 2, 1, 0, 0, 1062.79, 957.229, 259.982, 0, 7200, 0, 0, 1, 0, 0, 0, 0, 0);
INSERT INTO `creature` VALUES (287683, 49655, 725, 5088, 5088, 2, 1, 0, 0, 1065.17, 956.646, 259.782, 0, 7200, 0, 0, 1, 0, 0, 0, 0, 0);
INSERT INTO `creature` VALUES (287682, 49655, 725, 5088, 5088, 2, 1, 0, 0, 1064.85, 953.295, 260.131, 0, 7200, 0, 0, 1, 0, 0, 0, 0, 0);
INSERT INTO `creature` VALUES (287681, 49655, 725, 5088, 5088, 2, 1, 0, 0, 1066.38, 954.502, 260.284, 0, 7200, 0, 0, 1, 0, 0, 0, 0, 0);
INSERT INTO `creature` VALUES (287680, 49655, 725, 5088, 5088, 2, 1, 0, 0, 1063.52, 952.524, 259.961, 0, 7200, 0, 0, 1, 0, 0, 0, 0, 0);
INSERT INTO `creature` VALUES (287679, 49655, 725, 5088, 5088, 2, 1, 0, 0, 1061.53, 956.262, 259.962, 0, 7200, 0, 0, 1, 0, 0, 0, 0, 0);
INSERT INTO `creature` VALUES (287678, 49655, 725, 5088, 5088, 2, 1, 0, 0, 1064.36, 957.554, 259.918, 0, 7200, 0, 0, 1, 0, 0, 0, 0, 0);
INSERT INTO `creature` VALUES (288100, 49648, 725, 5088, 5088, 2, 1, 0, 0, 1315.45, 979.023, 207.38, 5.18363, 7200, 0, 0, 1, 0, 0, 0, 0, 0);
INSERT INTO `creature` VALUES (288101, 49648, 725, 5088, 5088, 2, 1, 0, 0, 1308.74, 981.283, 207.453, 5.21853, 7200, 0, 0, 1, 0, 0, 0, 0, 0);
INSERT INTO `creature` VALUES (288102, 49648, 725, 5088, 5088, 2, 1, 0, 0, 1312.64, 979.352, 207.311, 5.20108, 7200, 0, 0, 1, 0, 0, 0, 0, 0);
INSERT INTO `creature` VALUES (288103, 49648, 725, 5088, 5088, 2, 1, 0, 0, 1309.77, 979.686, 207.321, 5.21853, 7200, 0, 0, 1, 0, 0, 0, 0, 0);
INSERT INTO `creature` VALUES (288104, 49648, 725, 5088, 5088, 2, 1, 0, 0, 1313.55, 977.92, 207.327, 5.20108, 7200, 0, 0, 1, 0, 0, 0, 0, 0);
INSERT INTO `creature` VALUES (288105, 49648, 725, 5088, 5088, 2, 1, 0, 0, 1310.84, 978.108, 207.238, 5.21853, 7200, 0, 0, 1, 0, 0, 0, 0, 0);
INSERT INTO `creature` VALUES (288106, 49648, 725, 5088, 5088, 2, 1, 0, 0, 1311.76, 976.674, 207.254, 5.21853, 7200, 0, 0, 1, 0, 0, 0, 0, 0);
INSERT INTO `creature` VALUES (288107, 49857, 725, 5088, 5088, 2, 1, 0, 0, 1423.56, 1080.17, 213.933, 1.46408, 7200, 0, 0, 1, 0, 0, 0, 0, 0);
INSERT INTO `creature` VALUES (288108, 49859, 725, 5088, 5088, 2, 1, 0, 0, 1307.45, 1067.64, 212.611, 5.83165, 7200, 0, 0, 1, 0, 0, 0, 0, 0);
INSERT INTO `creature` VALUES (288109, 49859, 725, 5088, 5088, 2, 1, 0, 0, 1314.74, 1065.11, 212.552, 1.67384, 7200, 0, 0, 1, 0, 0, 0, 0, 0);
INSERT INTO `creature` VALUES (288110, 49859, 725, 5088, 5088, 2, 1, 0, 0, 1320.8, 1032.98, 210.555, 3.95838, 7200, 0, 0, 1, 0, 0, 0, 0, 0);

-- fix dberrors
DELETE FROM  creature_questrelation WHERE id=42428 AND quest=28814;
DELETE FROM  reference_loot_template WHERE entry IN (58051,58055);

DELETE FROM `spell_target_position` WHERE `id` IN (79193, 79199, 86860, 86858, 86856);
INSERT INTO `spell_target_position` (`id`, `effIndex`, `target_map`, `target_position_x`, `target_position_y`, `target_position_z`, `target_orientation`) VALUES
(79193, 0, 725, 1260, 960, 205.443756, 0),
(79199, 0, 725, 1280, 1050, 210.383057, 0),
(86860, 0, 725, 1350.75, 919.133, 194.769, 0),
(86858, 0, 725, 1341.19, 913.399, 197.092, 0),
(86856, 0, 725, 1361.89, 920.219, 196.308, 0);

-- Set UNIT_FLAG_NOT_SELECTABLE to Gravity Well and Seismic Shard.
UPDATE `creature_template` SET `unit_flags` = 33554432 WHERE `entry` IN (42499, 42355);

UPDATE `creature_template` SET `mechanic_immune_mask` = 617299839 WHERE `entry` IN (43391, 43438, 43214, 42188, 42333);

-- Set UNIT_FLAG_NOT_SELECTABLE to Trashing Charge.
UPDATE `creature_template` SET `unit_flags` = 33554432 WHERE `entry` = 43743;

-- Set UNIT_FLAG_NOT_SELECTABLE to Stalactite Trigger - Boss, Lava Fissure, .
UPDATE `creature_template` SET `unit_flags` = 33554432 WHERE `entry` IN (43159, 43242);

-- "Stalactite Trigger - Boss": InhabitType correction
UPDATE `creature_template` SET `InhabitType` = 7 WHERE `entry` = 43159;

-- "Stalactite Trigger - Boss": InhabitType correction
UPDATE `creature_template` SET `InhabitType` = 7 WHERE `entry` IN (42333, 49624);

-- Set UNIT_FLAG_NOT_SELECTABLE to Rupture Controller and Rupture.
UPDATE `creature_template` SET `unit_flags` = 33554432 WHERE `entry` IN (49597, 49576);
