DELETE FROM `creature_template` WHERE `entry`=47676;
INSERT INTO `creature_template` ( `entry`, `difficulty_entry_1`, `difficulty_entry_2`, `difficulty_entry_3`, `KillCredit1`, `KillCredit2`, `modelid1`, `modelid2`, `modelid3`, `modelid4`, `name`, `subname`, `IconName`, `gossip_menu_id`, `minlevel`, `maxlevel`, `exp`, `faction_A`, `faction_H`, `npcflag`, `speed_walk`, `speed_run`, `scale`, `rank`, `mindmg`, `maxdmg`, `dmgschool`, `attackpower`, `dmg_multiplier`, `baseattacktime`, `rangeattacktime`, `unit_class`, `unit_flags`, `dynamicflags`, `family`, `trainer_type`, `trainer_spell`, `trainer_class`, `trainer_race`, `minrangedmg`, `maxrangedmg`, `rangedattackpower`, `type`, `type_flags`, `lootid`, `pickpocketloot`, `skinloot`, `resistance1`, `resistance2`, `resistance3`, `resistance4`, `resistance5`, `resistance6`, `spell1`, `spell2`, `spell3`, `spell4`, `spell5`, `spell6`, `spell7`, `spell8`, `PetSpellDataId`, `VehicleId`, `mingold`, `maxgold`, `AIName`, `MovementType`, `InhabitType`, `Health_mod`, `Mana_mod`, `Armor_mod`, `RacialLeader`, `questItem1`, `questItem2`, `questItem3`, `questItem4`, `questItem5`, `questItem6`, `movementId`, `RegenHealth`, `equipment_id`, `mechanic_immune_mask`, `flags_extra`, `ScriptName`, `WDBVerified`) VALUES ( 47676, 0, 0, 0, 0, 0, 30301, 30302, 0, 0, "Baradin Fox", "", "", 0, 84, 84, 3, 190, 190, 0, 1.0, 1.14286, 1.0, 0, 986, 1023, 0, 1549, 2.0, 2000, 0, 1, 67141632, 4, 50, 0, 0, 0, 0, 986, 1023, 1549, 1, 1, 47676, 0, 47676, 0, 0, 0, 0, 0, 0, 0, 0, 0, 0, 0, 0, 0, 0, 0, 0, 2500, 3300, "SmartAI", 1, 1, 1.0, 0.0, 1.0, 0, 0, 0, 0, 0, 0, 0, 0, 1, 0, 0, 0, "", "13623");
UPDATE creature_template SET skinloot=47676 WHERE entry=47676;
DELETE FROM `skinning_loot_template` WHERE `entry` = 47676;
INSERT INTO `skinning_loot_template` (`entry`, `item`, `ChanceOrQuestChance`, `lootmode`, `groupid`, `mincountOrRef`, `maxcount`) VALUES
(47676, '52976', '95', '1', '0', '1', '6'),
(47676, '67495', '3', '1', '1', '1', '1');

DELETE FROM `creature_template` WHERE `entry`=48355;
INSERT INTO `creature_template` ( `entry`, `difficulty_entry_1`, `difficulty_entry_2`, `difficulty_entry_3`, `KillCredit1`, `KillCredit2`, `modelid1`, `modelid2`, `modelid3`, `modelid4`, `name`, `subname`, `IconName`, `gossip_menu_id`, `minlevel`, `maxlevel`, `exp`, `faction_A`, `faction_H`, `npcflag`, `speed_walk`, `speed_run`, `scale`, `rank`, `mindmg`, `maxdmg`, `dmgschool`, `attackpower`, `dmg_multiplier`, `baseattacktime`, `rangeattacktime`, `unit_class`, `unit_flags`, `dynamicflags`, `family`, `trainer_type`, `trainer_spell`, `trainer_class`, `trainer_race`, `minrangedmg`, `maxrangedmg`, `rangedattackpower`, `type`, `type_flags`, `lootid`, `pickpocketloot`, `skinloot`, `resistance1`, `resistance2`, `resistance3`, `resistance4`, `resistance5`, `resistance6`, `spell1`, `spell2`, `spell3`, `spell4`, `spell5`, `spell6`, `spell7`, `spell8`, `PetSpellDataId`, `VehicleId`, `mingold`, `maxgold`, `AIName`, `MovementType`, `InhabitType`, `Health_mod`, `Mana_mod`, `Armor_mod`, `RacialLeader`, `questItem1`, `questItem2`, `questItem3`, `questItem4`, `questItem5`, `questItem6`, `movementId`, `RegenHealth`, `equipment_id`, `mechanic_immune_mask`, `flags_extra`, `ScriptName`, `WDBVerified`) VALUES ( 48355, 0, 0, 0, 0, 0, 37262, 37263, 37264, 37265, "Hellscream Guard", "", "", 0, 85, 85, 3, 2377, 2377, 0, 1.0, 1.14286, 1.0, 0, 1235, 1306, 0, 1571, 7.5, 2000, 0, 1, 32768, 0, 0, 0, 0, 0, 0, 1235, 1306, 1571, 7, 0, 0, 0, 0, 0, 0, 0, 0, 0, 0, 0, 0, 0, 0, 0, 0, 0, 0, 0, 0, 4500, 6500, "SmartAI", 1, 1, 12.0, 0.0, 1.0, 0, 0, 0, 0, 0, 0, 0, 0, 1, 0, 0, 0, "", "13623");

DELETE FROM `creature_template` WHERE `entry`=47324;
INSERT INTO `creature_template` ( `entry`, `difficulty_entry_1`, `difficulty_entry_2`, `difficulty_entry_3`, `KillCredit1`, `KillCredit2`, `modelid1`, `modelid2`, `modelid3`, `modelid4`, `name`, `subname`, `IconName`, `gossip_menu_id`, `minlevel`, `maxlevel`, `exp`, `faction_A`, `faction_H`, `npcflag`, `speed_walk`, `speed_run`, `scale`, `rank`, `mindmg`, `maxdmg`, `dmgschool`, `attackpower`, `dmg_multiplier`, `baseattacktime`, `rangeattacktime`, `unit_class`, `unit_flags`, `dynamicflags`, `family`, `trainer_type`, `trainer_spell`, `trainer_class`, `trainer_race`, `minrangedmg`, `maxrangedmg`, `rangedattackpower`, `type`, `type_flags`, `lootid`, `pickpocketloot`, `skinloot`, `resistance1`, `resistance2`, `resistance3`, `resistance4`, `resistance5`, `resistance6`, `spell1`, `spell2`, `spell3`, `spell4`, `spell5`, `spell6`, `spell7`, `spell8`, `PetSpellDataId`, `VehicleId`, `mingold`, `maxgold`, `AIName`, `MovementType`, `InhabitType`, `Health_mod`, `Mana_mod`, `Armor_mod`, `RacialLeader`, `questItem1`, `questItem2`, `questItem3`, `questItem4`, `questItem5`, `questItem6`, `movementId`, `RegenHealth`, `equipment_id`, `mechanic_immune_mask`, `flags_extra`, `ScriptName`, `WDBVerified`) VALUES ( 47324, 0, 0, 0, 0, 0, 35539, 0, 0, 0, "Baradin Guard", "", "", 0, 85, 85, 3, 11, 11, 0, 1.0, 1.14286, 1.0, 0, 530, 713, 0, 827, 2.0, 2000, 2000, 1, 33536, 2048, 0, 0, 0, 0, 0, 530, 713, 827, 7, 0, 0, 0, 0, 0, 0, 0, 0, 0, 0, 0, 0, 0, 0, 0, 0, 0, 0, 0, 0, 333, 444, "", 0, 1, 1.0, 0.0, 100.0, 0, 0, 0, 0, 0, 0, 0, 0, 1, 0, 0, 0, "", "13623");

DELETE FROM `creature_template` WHERE `entry`=48357;
INSERT INTO `creature_template` ( `entry`, `difficulty_entry_1`, `difficulty_entry_2`, `difficulty_entry_3`, `KillCredit1`, `KillCredit2`, `modelid1`, `modelid2`, `modelid3`, `modelid4`, `name`, `subname`, `IconName`, `gossip_menu_id`, `minlevel`, `maxlevel`, `exp`, `faction_A`, `faction_H`, `npcflag`, `speed_walk`, `speed_run`, `scale`, `rank`, `mindmg`, `maxdmg`, `dmgschool`, `attackpower`, `dmg_multiplier`, `baseattacktime`, `rangeattacktime`, `unit_class`, `unit_flags`, `dynamicflags`, `family`, `trainer_type`, `trainer_spell`, `trainer_class`, `trainer_race`, `minrangedmg`, `maxrangedmg`, `rangedattackpower`, `type`, `type_flags`, `lootid`, `pickpocketloot`, `skinloot`, `resistance1`, `resistance2`, `resistance3`, `resistance4`, `resistance5`, `resistance6`, `spell1`, `spell2`, `spell3`, `spell4`, `spell5`, `spell6`, `spell7`, `spell8`, `PetSpellDataId`, `VehicleId`, `mingold`, `maxgold`, `AIName`, `MovementType`, `InhabitType`, `Health_mod`, `Mana_mod`, `Armor_mod`, `RacialLeader`, `questItem1`, `questItem2`, `questItem3`, `questItem4`, `questItem5`, `questItem6`, `movementId`, `RegenHealth`, `equipment_id`, `mechanic_immune_mask`, `flags_extra`, `ScriptName`, `WDBVerified`) VALUES ( 48357, 0, 0, 0, 0, 0, 37257, 37258, 37260, 37261, "Hellscream's Reach Recruit", "", "", 0, 85, 85, 3, 83, 83, 0, 1.0, 1.14286, 1.0, 0, 1231, 1348, 0, 1571, 2.0, 2000, 0, 1, 0, 0, 0, 0, 0, 0, 0, 1231, 1348, 1571, 7, 4096, 0, 0, 0, 0, 0, 0, 0, 0, 0, 0, 0, 0, 0, 0, 0, 0, 0, 0, 0, 2500, 3300, "", 0, 1, 1.0, 0.0, 1.0, 0, 0, 0, 0, 0, 0, 0, 0, 1, 0, 0, 0, "", "13623");

DELETE FROM `creature_template` WHERE `entry`=48361;
INSERT INTO `creature_template` ( `entry`, `difficulty_entry_1`, `difficulty_entry_2`, `difficulty_entry_3`, `KillCredit1`, `KillCredit2`, `modelid1`, `modelid2`, `modelid3`, `modelid4`, `name`, `subname`, `IconName`, `gossip_menu_id`, `minlevel`, `maxlevel`, `exp`, `faction_A`, `faction_H`, `npcflag`, `speed_walk`, `speed_run`, `scale`, `rank`, `mindmg`, `maxdmg`, `dmgschool`, `attackpower`, `dmg_multiplier`, `baseattacktime`, `rangeattacktime`, `unit_class`, `unit_flags`, `dynamicflags`, `family`, `trainer_type`, `trainer_spell`, `trainer_class`, `trainer_race`, `minrangedmg`, `maxrangedmg`, `rangedattackpower`, `type`, `type_flags`, `lootid`, `pickpocketloot`, `skinloot`, `resistance1`, `resistance2`, `resistance3`, `resistance4`, `resistance5`, `resistance6`, `spell1`, `spell2`, `spell3`, `spell4`, `spell5`, `spell6`, `spell7`, `spell8`, `PetSpellDataId`, `VehicleId`, `mingold`, `maxgold`, `AIName`, `MovementType`, `InhabitType`, `Health_mod`, `Mana_mod`, `Armor_mod`, `RacialLeader`, `questItem1`, `questItem2`, `questItem3`, `questItem4`, `questItem5`, `questItem6`, `movementId`, `RegenHealth`, `equipment_id`, `mechanic_immune_mask`, `flags_extra`, `ScriptName`, `WDBVerified`) VALUES ( 48361, 0, 0, 0, 0, 0, 37271, 0, 0, 0, "Private Sarlosk", "", "", 0, 85, 85, 3, 2355, 2355, 3, 1.0, 1.14286, 1.0, 0, 1208, 1301, 0, 1571, 2.0, 2000, 0, 1, 33536, 0, 0, 0, 0, 0, 0, 1208, 1301, 1571, 7, 4096, 0, 0, 0, 0, 0, 0, 0, 0, 0, 0, 0, 0, 0, 0, 0, 0, 0, 0, 0, 0, 0, "", 0, 1, 1.0, 0.0, 1.0, 0, 0, 0, 0, 0, 0, 0, 0, 1, 0, 0, 0, "", "13623");

DELETE FROM `creature_template` WHERE `entry`=48356;
INSERT INTO `creature_template` ( `entry`, `difficulty_entry_1`, `difficulty_entry_2`, `difficulty_entry_3`, `KillCredit1`, `KillCredit2`, `modelid1`, `modelid2`, `modelid3`, `modelid4`, `name`, `subname`, `IconName`, `gossip_menu_id`, `minlevel`, `maxlevel`, `exp`, `faction_A`, `faction_H`, `npcflag`, `speed_walk`, `speed_run`, `scale`, `rank`, `mindmg`, `maxdmg`, `dmgschool`, `attackpower`, `dmg_multiplier`, `baseattacktime`, `rangeattacktime`, `unit_class`, `unit_flags`, `dynamicflags`, `family`, `trainer_type`, `trainer_spell`, `trainer_class`, `trainer_race`, `minrangedmg`, `maxrangedmg`, `rangedattackpower`, `type`, `type_flags`, `lootid`, `pickpocketloot`, `skinloot`, `resistance1`, `resistance2`, `resistance3`, `resistance4`, `resistance5`, `resistance6`, `spell1`, `spell2`, `spell3`, `spell4`, `spell5`, `spell6`, `spell7`, `spell8`, `PetSpellDataId`, `VehicleId`, `mingold`, `maxgold`, `AIName`, `MovementType`, `InhabitType`, `Health_mod`, `Mana_mod`, `Armor_mod`, `RacialLeader`, `questItem1`, `questItem2`, `questItem3`, `questItem4`, `questItem5`, `questItem6`, `movementId`, `RegenHealth`, `equipment_id`, `mechanic_immune_mask`, `flags_extra`, `ScriptName`, `WDBVerified`) VALUES ( 48356, 0, 0, 0, 0, 0, 37266, 0, 0, 0, "Karosh", "Armorsmith", "", 0, 85, 85, 3, 2355, 2355, 4225, 1.0, 1.14286, 1.0, 0, 1256, 1306, 0, 1571, 2.0, 2000, 0, 1, 33536, 0, 0, 0, 0, 0, 0, 1256, 1306, 1571, 7, 4096, 0, 0, 0, 0, 0, 0, 0, 0, 0, 0, 0, 0, 0, 0, 0, 0, 0, 0, 0, 0, 0, "", 0, 1, 1.0, 0.0, 1.0, 0, 0, 0, 0, 0, 0, 0, 0, 1, 0, 0, 0, "", "13623");

DELETE FROM `creature_template` WHERE `entry`=48360;
INSERT INTO `creature_template` ( `entry`, `difficulty_entry_1`, `difficulty_entry_2`, `difficulty_entry_3`, `KillCredit1`, `KillCredit2`, `modelid1`, `modelid2`, `modelid3`, `modelid4`, `name`, `subname`, `IconName`, `gossip_menu_id`, `minlevel`, `maxlevel`, `exp`, `faction_A`, `faction_H`, `npcflag`, `speed_walk`, `speed_run`, `scale`, `rank`, `mindmg`, `maxdmg`, `dmgschool`, `attackpower`, `dmg_multiplier`, `baseattacktime`, `rangeattacktime`, `unit_class`, `unit_flags`, `dynamicflags`, `family`, `trainer_type`, `trainer_spell`, `trainer_class`, `trainer_race`, `minrangedmg`, `maxrangedmg`, `rangedattackpower`, `type`, `type_flags`, `lootid`, `pickpocketloot`, `skinloot`, `resistance1`, `resistance2`, `resistance3`, `resistance4`, `resistance5`, `resistance6`, `spell1`, `spell2`, `spell3`, `spell4`, `spell5`, `spell6`, `spell7`, `spell8`, `PetSpellDataId`, `VehicleId`, `mingold`, `maxgold`, `AIName`, `MovementType`, `InhabitType`, `Health_mod`, `Mana_mod`, `Armor_mod`, `RacialLeader`, `questItem1`, `questItem2`, `questItem3`, `questItem4`, `questItem5`, `questItem6`, `movementId`, `RegenHealth`, `equipment_id`, `mechanic_immune_mask`, `flags_extra`, `ScriptName`, `WDBVerified`) VALUES ( 48360, 0, 0, 0, 0, 0, 37242, 0, 0, 0, "3rd Officer Kronkar", "", "", 0, 85, 85, 3, 2355, 2355, 3, 1.0, 1.14286, 1.0, 0, 1281, 1355, 0, 1571, 2.9, 2000, 0, 1, 0, 0, 0, 0, 0, 0, 0, 1281, 1355, 1571, 7, 4096, 0, 0, 0, 0, 0, 0, 0, 0, 0, 0, 0, 0, 0, 0, 0, 0, 0, 0, 0, 0, 0, "EventAI", 0, 1, 1.0, 0.0, 1.0, 0, 0, 0, 0, 0, 0, 0, 0, 1, 0, 0, 0, "", "13623");

DELETE FROM `creature_template` WHERE `entry`=52016;
INSERT INTO `creature_template` ( `entry`, `difficulty_entry_1`, `difficulty_entry_2`, `difficulty_entry_3`, `KillCredit1`, `KillCredit2`, `modelid1`, `modelid2`, `modelid3`, `modelid4`, `name`, `subname`, `IconName`, `gossip_menu_id`, `minlevel`, `maxlevel`, `exp`, `faction_A`, `faction_H`, `npcflag`, `speed_walk`, `speed_run`, `scale`, `rank`, `mindmg`, `maxdmg`, `dmgschool`, `attackpower`, `dmg_multiplier`, `baseattacktime`, `rangeattacktime`, `unit_class`, `unit_flags`, `dynamicflags`, `family`, `trainer_type`, `trainer_spell`, `trainer_class`, `trainer_race`, `minrangedmg`, `maxrangedmg`, `rangedattackpower`, `type`, `type_flags`, `lootid`, `pickpocketloot`, `skinloot`, `resistance1`, `resistance2`, `resistance3`, `resistance4`, `resistance5`, `resistance6`, `spell1`, `spell2`, `spell3`, `spell4`, `spell5`, `spell6`, `spell7`, `spell8`, `PetSpellDataId`, `VehicleId`, `mingold`, `maxgold`, `AIName`, `MovementType`, `InhabitType`, `Health_mod`, `Mana_mod`, `Armor_mod`, `RacialLeader`, `questItem1`, `questItem2`, `questItem3`, `questItem4`, `questItem5`, `questItem6`, `movementId`, `RegenHealth`, `equipment_id`, `mechanic_immune_mask`, `flags_extra`, `ScriptName`, `WDBVerified`) VALUES ( 52016, 0, 0, 0, 0, 0, 37264, 0, 0, 0, "Petty Officer Chulok", "Hellscream's Reach", "", 12729, 85, 85, 3, 2355, 2355, 3, 1.0, 1.38571, 1.0, 0, 1207, 1354, 0, 1571, 2.1, 2000, 0, 1, 0, 0, 0, 0, 0, 0, 0, 1207, 1354, 1571, 7, 4096, 0, 0, 0, 0, 0, 0, 0, 0, 0, 0, 0, 0, 0, 0, 0, 0, 0, 0, 0, 0, 0, "", 0, 3, 1.0, 0.0, 1.0, 0, 0, 0, 0, 0, 0, 0, 0, 1, 0, 0, 0, "", "15595");

DELETE FROM `creature_template` WHERE `entry`=48531;
INSERT INTO `creature_template` ( `entry`, `difficulty_entry_1`, `difficulty_entry_2`, `difficulty_entry_3`, `KillCredit1`, `KillCredit2`, `modelid1`, `modelid2`, `modelid3`, `modelid4`, `name`, `subname`, `IconName`, `gossip_menu_id`, `minlevel`, `maxlevel`, `exp`, `faction_A`, `faction_H`, `npcflag`, `speed_walk`, `speed_run`, `scale`, `rank`, `mindmg`, `maxdmg`, `dmgschool`, `attackpower`, `dmg_multiplier`, `baseattacktime`, `rangeattacktime`, `unit_class`, `unit_flags`, `dynamicflags`, `family`, `trainer_type`, `trainer_spell`, `trainer_class`, `trainer_race`, `minrangedmg`, `maxrangedmg`, `rangedattackpower`, `type`, `type_flags`, `lootid`, `pickpocketloot`, `skinloot`, `resistance1`, `resistance2`, `resistance3`, `resistance4`, `resistance5`, `resistance6`, `spell1`, `spell2`, `spell3`, `spell4`, `spell5`, `spell6`, `spell7`, `spell8`, `PetSpellDataId`, `VehicleId`, `mingold`, `maxgold`, `AIName`, `MovementType`, `InhabitType`, `Health_mod`, `Mana_mod`, `Armor_mod`, `RacialLeader`, `questItem1`, `questItem2`, `questItem3`, `questItem4`, `questItem5`, `questItem6`, `movementId`, `RegenHealth`, `equipment_id`, `mechanic_immune_mask`, `flags_extra`, `ScriptName`, `WDBVerified`) VALUES ( 48531, 0, 0, 0, 0, 0, 37270, 0, 0, 0, "Pogg", "Hellscream's Reach Quartermaster", "", 0, 85, 85, 3, 2355, 2355, 129, 1.0, 1.14286, 1.0, 0, 1207, 1354, 0, 1571, 2.0, 2000, 0, 1, 33536, 0, 0, 0, 0, 0, 0, 1207, 1354, 1571, 7, 4096, 0, 0, 0, 0, 0, 0, 0, 0, 0, 0, 0, 0, 0, 0, 0, 0, 0, 0, 0, 0, 0, "", 0, 1, 1.0, 0.0, 1.0, 0, 0, 0, 0, 0, 0, 0, 0, 1, 0, 0, 0, "", "13623");

DELETE FROM `creature_template` WHERE `entry`=51287;
INSERT INTO `creature_template` ( `entry`, `difficulty_entry_1`, `difficulty_entry_2`, `difficulty_entry_3`, `KillCredit1`, `KillCredit2`, `modelid1`, `modelid2`, `modelid3`, `modelid4`, `name`, `subname`, `IconName`, `gossip_menu_id`, `minlevel`, `maxlevel`, `exp`, `faction_A`, `faction_H`, `npcflag`, `speed_walk`, `speed_run`, `scale`, `rank`, `mindmg`, `maxdmg`, `dmgschool`, `attackpower`, `dmg_multiplier`, `baseattacktime`, `rangeattacktime`, `unit_class`, `unit_flags`, `dynamicflags`, `family`, `trainer_type`, `trainer_spell`, `trainer_class`, `trainer_race`, `minrangedmg`, `maxrangedmg`, `rangedattackpower`, `type`, `type_flags`, `lootid`, `pickpocketloot`, `skinloot`, `resistance1`, `resistance2`, `resistance3`, `resistance4`, `resistance5`, `resistance6`, `spell1`, `spell2`, `spell3`, `spell4`, `spell5`, `spell6`, `spell7`, `spell8`, `PetSpellDataId`, `VehicleId`, `mingold`, `maxgold`, `AIName`, `MovementType`, `InhabitType`, `Health_mod`, `Mana_mod`, `Armor_mod`, `RacialLeader`, `questItem1`, `questItem2`, `questItem3`, `questItem4`, `questItem5`, `questItem6`, `movementId`, `RegenHealth`, `equipment_id`, `mechanic_immune_mask`, `flags_extra`, `ScriptName`, `WDBVerified`) VALUES ( 51287, 0, 0, 0, 0, 0, 37254, 0, 0, 0, "Colonel Karzag", "", "", 0, 85, 85, 3, 2355, 2355, 3, 1.0, 1.14286, 1.0, 0, 1207, 1354, 0, 1571, 2.1, 2000, 0, 1, 33536, 0, 0, 0, 0, 0, 0, 1207, 1354, 1571, 7, 4096, 0, 0, 0, 0, 0, 0, 0, 0, 0, 0, 0, 0, 0, 0, 0, 0, 0, 0, 0, 0, 0, "", 0, 1, 1.0, 0.0, 1.0, 0, 0, 0, 0, 0, 0, 0, 0, 1, 0, 0, 0, "", "13623");

DELETE FROM `creature_template` WHERE `entry`=48358;
INSERT INTO `creature_template` ( `entry`, `difficulty_entry_1`, `difficulty_entry_2`, `difficulty_entry_3`, `KillCredit1`, `KillCredit2`, `modelid1`, `modelid2`, `modelid3`, `modelid4`, `name`, `subname`, `IconName`, `gossip_menu_id`, `minlevel`, `maxlevel`, `exp`, `faction_A`, `faction_H`, `npcflag`, `speed_walk`, `speed_run`, `scale`, `rank`, `mindmg`, `maxdmg`, `dmgschool`, `attackpower`, `dmg_multiplier`, `baseattacktime`, `rangeattacktime`, `unit_class`, `unit_flags`, `dynamicflags`, `family`, `trainer_type`, `trainer_spell`, `trainer_class`, `trainer_race`, `minrangedmg`, `maxrangedmg`, `rangedattackpower`, `type`, `type_flags`, `lootid`, `pickpocketloot`, `skinloot`, `resistance1`, `resistance2`, `resistance3`, `resistance4`, `resistance5`, `resistance6`, `spell1`, `spell2`, `spell3`, `spell4`, `spell5`, `spell6`, `spell7`, `spell8`, `PetSpellDataId`, `VehicleId`, `mingold`, `maxgold`, `AIName`, `MovementType`, `InhabitType`, `Health_mod`, `Mana_mod`, `Armor_mod`, `RacialLeader`, `questItem1`, `questItem2`, `questItem3`, `questItem4`, `questItem5`, `questItem6`, `movementId`, `RegenHealth`, `equipment_id`, `mechanic_immune_mask`, `flags_extra`, `ScriptName`, `WDBVerified`) VALUES ( 48358, 0, 0, 0, 0, 0, 37255, 0, 0, 0, "Commander Larmash", "", "", 0, 85, 85, 3, 2355, 2355, 11, 1.0, 1.14286, 1.0, 0, 1207, 1354, 0, 1571, 2.1, 2000, 0, 1, 33536, 0, 0, 0, 0, 0, 0, 1207, 1354, 1571, 7, 4096, 0, 0, 0, 0, 0, 0, 0, 0, 0, 0, 0, 0, 0, 0, 0, 0, 0, 0, 0, 0, 0, "", 0, 1, 0.757014, 1.0, 1.0, 0, 0, 0, 0, 0, 0, 0, 0, 1, 0, 0, 0, "", "13623");

DELETE FROM `creature_template` WHERE `entry`=48363;
INSERT INTO `creature_template` ( `entry`, `difficulty_entry_1`, `difficulty_entry_2`, `difficulty_entry_3`, `KillCredit1`, `KillCredit2`, `modelid1`, `modelid2`, `modelid3`, `modelid4`, `name`, `subname`, `IconName`, `gossip_menu_id`, `minlevel`, `maxlevel`, `exp`, `faction_A`, `faction_H`, `npcflag`, `speed_walk`, `speed_run`, `scale`, `rank`, `mindmg`, `maxdmg`, `dmgschool`, `attackpower`, `dmg_multiplier`, `baseattacktime`, `rangeattacktime`, `unit_class`, `unit_flags`, `dynamicflags`, `family`, `trainer_type`, `trainer_spell`, `trainer_class`, `trainer_race`, `minrangedmg`, `maxrangedmg`, `rangedattackpower`, `type`, `type_flags`, `lootid`, `pickpocketloot`, `skinloot`, `resistance1`, `resistance2`, `resistance3`, `resistance4`, `resistance5`, `resistance6`, `spell1`, `spell2`, `spell3`, `spell4`, `spell5`, `spell6`, `spell7`, `spell8`, `PetSpellDataId`, `VehicleId`, `mingold`, `maxgold`, `AIName`, `MovementType`, `InhabitType`, `Health_mod`, `Mana_mod`, `Armor_mod`, `RacialLeader`, `questItem1`, `questItem2`, `questItem3`, `questItem4`, `questItem5`, `questItem6`, `movementId`, `RegenHealth`, `equipment_id`, `mechanic_immune_mask`, `flags_extra`, `ScriptName`, `WDBVerified`) VALUES ( 48363, 0, 0, 0, 0, 0, 37253, 0, 0, 0, "Captain Prug", "", "", 0, 85, 85, 3, 2355, 2355, 11, 1.0, 1.14286, 1.0, 1, 1255, 1381, 0, 1571, 7.5, 2000, 0, 1, 0, 0, 0, 0, 0, 0, 0, 1255, 1381, 1571, 7, 4096, 0, 0, 0, 0, 0, 0, 0, 0, 0, 0, 0, 0, 0, 0, 0, 0, 0, 0, 0, 0, 0, "", 0, 1, 1.0, 0.0, 1.0, 0, 0, 0, 0, 0, 0, 0, 0, 1, 0, 0, 0, "", "13623");

DELETE FROM `creature_template` WHERE `entry`=47428;
INSERT INTO `creature_template` ( `entry`, `difficulty_entry_1`, `difficulty_entry_2`, `difficulty_entry_3`, `KillCredit1`, `KillCredit2`, `modelid1`, `modelid2`, `modelid3`, `modelid4`, `name`, `subname`, `IconName`, `gossip_menu_id`, `minlevel`, `maxlevel`, `exp`, `faction_A`, `faction_H`, `npcflag`, `speed_walk`, `speed_run`, `scale`, `rank`, `mindmg`, `maxdmg`, `dmgschool`, `attackpower`, `dmg_multiplier`, `baseattacktime`, `rangeattacktime`, `unit_class`, `unit_flags`, `dynamicflags`, `family`, `trainer_type`, `trainer_spell`, `trainer_class`, `trainer_race`, `minrangedmg`, `maxrangedmg`, `rangedattackpower`, `type`, `type_flags`, `lootid`, `pickpocketloot`, `skinloot`, `resistance1`, `resistance2`, `resistance3`, `resistance4`, `resistance5`, `resistance6`, `spell1`, `spell2`, `spell3`, `spell4`, `spell5`, `spell6`, `spell7`, `spell8`, `PetSpellDataId`, `VehicleId`, `mingold`, `maxgold`, `AIName`, `MovementType`, `InhabitType`, `Health_mod`, `Mana_mod`, `Armor_mod`, `RacialLeader`, `questItem1`, `questItem2`, `questItem3`, `questItem4`, `questItem5`, `questItem6`, `movementId`, `RegenHealth`, `equipment_id`, `mechanic_immune_mask`, `flags_extra`, `ScriptName`, `WDBVerified`) VALUES ( 47428, 0, 0, 0, 0, 0, 37262, 37263, 37264, 37265, "Hellscream's Sentry", "", "", 0, 85, 85, 3, 2355, 2355, 0, 1.0, 1.14286, 1.0, 0, 1207, 1354, 0, 1571, 3.0, 2000, 0, 1, 32768, 0, 0, 0, 0, 0, 0, 1207, 1354, 1571, 7, 0, 47428, 47428, 0, 0, 0, 0, 0, 0, 0, 0, 0, 0, 0, 0, 0, 0, 0, 0, 0, 2530, 2530, "SmartAI", 0, 1, 0.5, 0.0, 1.0, 0, 0, 0, 0, 0, 0, 0, 0, 1, 0, 0, 0, "", "13623");
DELETE FROM `pickpocketing_loot_template` WHERE `entry` = 47428;
INSERT INTO `pickpocketing_loot_template` (`entry`, `item`, `ChanceOrQuestChance`, `lootmode`, `groupid`, `mincountOrRef`, `maxcount`) VALUES
(47428, '63348', '3', '1', '0', '1', '1'),
(47428, '63291', '2', '1', '0', '1', '1'),
(47428, '63349', '2', '1', '0', '1', '1'),
(47428, '58269', '2', '1', '0', '1', '1'),
(47428, '63317', '2', '1', '0', '1', '1'),
(47428, '63310', '1.5', '1', '0', '1', '1'),
(47428, '63300', '1', '1', '0', '1', '1');

DELETE FROM `creature_template` WHERE `entry`=46960;
INSERT INTO `creature_template` ( `entry`, `difficulty_entry_1`, `difficulty_entry_2`, `difficulty_entry_3`, `KillCredit1`, `KillCredit2`, `modelid1`, `modelid2`, `modelid3`, `modelid4`, `name`, `subname`, `IconName`, `gossip_menu_id`, `minlevel`, `maxlevel`, `exp`, `faction_A`, `faction_H`, `npcflag`, `speed_walk`, `speed_run`, `scale`, `rank`, `mindmg`, `maxdmg`, `dmgschool`, `attackpower`, `dmg_multiplier`, `baseattacktime`, `rangeattacktime`, `unit_class`, `unit_flags`, `dynamicflags`, `family`, `trainer_type`, `trainer_spell`, `trainer_class`, `trainer_race`, `minrangedmg`, `maxrangedmg`, `rangedattackpower`, `type`, `type_flags`, `lootid`, `pickpocketloot`, `skinloot`, `resistance1`, `resistance2`, `resistance3`, `resistance4`, `resistance5`, `resistance6`, `spell1`, `spell2`, `spell3`, `spell4`, `spell5`, `spell6`, `spell7`, `spell8`, `PetSpellDataId`, `VehicleId`, `mingold`, `maxgold`, `AIName`, `MovementType`, `InhabitType`, `Health_mod`, `Mana_mod`, `Armor_mod`, `RacialLeader`, `questItem1`, `questItem2`, `questItem3`, `questItem4`, `questItem5`, `questItem6`, `movementId`, `RegenHealth`, `equipment_id`, `mechanic_immune_mask`, `flags_extra`, `ScriptName`, `WDBVerified`) VALUES ( 46960, 0, 0, 0, 0, 0, 35300, 0, 0, 0, "Ghastly Scavenger", "", "", 0, 85, 85, 3, 16, 16, 0, 1.0, 1.38571, 1.0, 0, 1207, 1288, 0, 1571, 2.1, 2000, 0, 1, 0, 0, 0, 0, 0, 0, 0, 1207, 1288, 1571, 7, 0, 46960, 46960, 0, 0, 0, 0, 0, 0, 0, 0, 0, 0, 0, 0, 0, 0, 0, 0, 0, 2527, 2527, "SmartAI", 0, 1, 0.5, 0.0, 1.0, 0, 0, 0, 0, 0, 0, 0, 0, 1, 0, 0, 0, "", "13623");
UPDATE creature_template SET pickpocketloot=46960 WHERE entry=46960;
DELETE FROM `pickpocketing_loot_template` WHERE `entry` = 46960;
INSERT INTO `pickpocketing_loot_template` (`entry`, `item`, `ChanceOrQuestChance`, `lootmode`, `groupid`, `mincountOrRef`, `maxcount`) VALUES
(46960, '63291', '5', '1', '0', '1', '1'),
(46960, '63349', '5', '1', '0', '1', '1'),
(46960, '63348', '5', '1', '0', '1', '1'),
(46960, '63317', '5', '1', '0', '1', '1'),
(46960, '58269', '4', '1', '0', '1', '1'),
(46960, '63310', '2', '1', '0', '1', '1'),
(46960, '63300', '1.7', '1', '0', '1', '1'),
(46960, '63316', '0.5', '1', '0', '1', '1'),
(46960, '63318', '0.3', '1', '0', '1', '1');

DELETE FROM `creature_template` WHERE `entry`=46825;
INSERT INTO `creature_template` ( `entry`, `difficulty_entry_1`, `difficulty_entry_2`, `difficulty_entry_3`, `KillCredit1`, `KillCredit2`, `modelid1`, `modelid2`, `modelid3`, `modelid4`, `name`, `subname`, `IconName`, `gossip_menu_id`, `minlevel`, `maxlevel`, `exp`, `faction_A`, `faction_H`, `npcflag`, `speed_walk`, `speed_run`, `scale`, `rank`, `mindmg`, `maxdmg`, `dmgschool`, `attackpower`, `dmg_multiplier`, `baseattacktime`, `rangeattacktime`, `unit_class`, `unit_flags`, `dynamicflags`, `family`, `trainer_type`, `trainer_spell`, `trainer_class`, `trainer_race`, `minrangedmg`, `maxrangedmg`, `rangedattackpower`, `type`, `type_flags`, `lootid`, `pickpocketloot`, `skinloot`, `resistance1`, `resistance2`, `resistance3`, `resistance4`, `resistance5`, `resistance6`, `spell1`, `spell2`, `spell3`, `spell4`, `spell5`, `spell6`, `spell7`, `spell8`, `PetSpellDataId`, `VehicleId`, `mingold`, `maxgold`, `AIName`, `MovementType`, `InhabitType`, `Health_mod`, `Mana_mod`, `Armor_mod`, `RacialLeader`, `questItem1`, `questItem2`, `questItem3`, `questItem4`, `questItem5`, `questItem6`, `movementId`, `RegenHealth`, `equipment_id`, `mechanic_immune_mask`, `flags_extra`, `ScriptName`, `WDBVerified`) VALUES ( 46825, 0, 0, 0, 0, 0, 35299, 0, 0, 0, "Restless Soldier", "", "", 0, 85, 85, 3, 84, 84, 0, 1.0, 1.14286, 1.0, 0, 1207, 1354, 0, 1571, 2.0, 2000, 0, 1, 32768, 0, 0, 0, 0, 0, 0, 1207, 1354, 1571, 7, 0, 46825, 46825, 0, 0, 0, 0, 0, 0, 0, 0, 0, 0, 0, 0, 0, 0, 0, 0, 0, 2528, 2528, "SmartAI", 1, 1, 1.0, 0.0, 1.0, 0, 0, 0, 0, 0, 0, 0, 0, 1, 0, 0, 0, "", "13623");
UPDATE creature_template SET pickpocketloot=46825 WHERE entry=46825;
DELETE FROM `pickpocketing_loot_template` WHERE `entry` = 46825;
INSERT INTO `pickpocketing_loot_template` (`entry`, `item`, `ChanceOrQuestChance`, `lootmode`, `groupid`, `mincountOrRef`, `maxcount`) VALUES
(46825, '63291', '9', '1', '0', '1', '1'),
(46825, '63349', '9', '1', '0', '1', '1'),
(46825, '63348', '9', '1', '0', '1', '1'),
(46825, '63317', '8', '1', '0', '1', '1'),
(46825, '58269', '7', '1', '0', '1', '1'),
(46825, '63310', '4', '1', '0', '1', '1'),
(46825, '63300', '3', '1', '0', '1', '1'),
(46825, '63316', '1.2', '1', '0', '1', '1'),
(46825, '63318', '0.4', '1', '0', '1', '1');

DELETE FROM `creature_template` WHERE `entry`=46823;
INSERT INTO `creature_template` ( `entry`, `difficulty_entry_1`, `difficulty_entry_2`, `difficulty_entry_3`, `KillCredit1`, `KillCredit2`, `modelid1`, `modelid2`, `modelid3`, `modelid4`, `name`, `subname`, `IconName`, `gossip_menu_id`, `minlevel`, `maxlevel`, `exp`, `faction_A`, `faction_H`, `npcflag`, `speed_walk`, `speed_run`, `scale`, `rank`, `mindmg`, `maxdmg`, `dmgschool`, `attackpower`, `dmg_multiplier`, `baseattacktime`, `rangeattacktime`, `unit_class`, `unit_flags`, `dynamicflags`, `family`, `trainer_type`, `trainer_spell`, `trainer_class`, `trainer_race`, `minrangedmg`, `maxrangedmg`, `rangedattackpower`, `type`, `type_flags`, `lootid`, `pickpocketloot`, `skinloot`, `resistance1`, `resistance2`, `resistance3`, `resistance4`, `resistance5`, `resistance6`, `spell1`, `spell2`, `spell3`, `spell4`, `spell5`, `spell6`, `spell7`, `spell8`, `PetSpellDataId`, `VehicleId`, `mingold`, `maxgold`, `AIName`, `MovementType`, `InhabitType`, `Health_mod`, `Mana_mod`, `Armor_mod`, `RacialLeader`, `questItem1`, `questItem2`, `questItem3`, `questItem4`, `questItem5`, `questItem6`, `movementId`, `RegenHealth`, `equipment_id`, `mechanic_immune_mask`, `flags_extra`, `ScriptName`, `WDBVerified`) VALUES ( 46823, 0, 0, 0, 0, 0, 35300, 0, 0, 0, "Restless Infantry", "", "", 0, 85, 85, 3, 16, 16, 0, 1.0, 1.14286, 1.0, 0, 1207, 1354, 0, 1571, 2.0, 2000, 0, 1, 32768, 0, 0, 0, 0, 0, 0, 1207, 1354, 1571, 7, 0, 46823, 46823, 0, 0, 0, 0, 0, 0, 0, 0, 0, 0, 0, 0, 0, 0, 0, 0, 0, 2524, 2524, "SmartAI", 0, 1, 1.0, 0.0, 1.0, 0, 0, 0, 0, 0, 0, 0, 0, 1, 0, 0, 0, "", "13623");
UPDATE creature_template SET pickpocketloot=46823 WHERE entry=46823;
DELETE FROM `pickpocketing_loot_template` WHERE `entry` = 46823;
INSERT INTO `pickpocketing_loot_template` (`entry`, `item`, `ChanceOrQuestChance`, `lootmode`, `groupid`, `mincountOrRef`, `maxcount`) VALUES
(46823, '63291', '10', '1', '0', '1', '1'),
(46823, '63349', '10', '1', '0', '1', '1'),
(46823, '63348', '9', '1', '0', '1', '1'),
(46823, '63317', '9', '1', '0', '1', '1'),
(46823, '58269', '7', '1', '0', '1', '1'),
(46823, '63310', '5', '1', '0', '1', '1'),
(46823, '63300', '3', '1', '0', '1', '1'),
(46823, '63316', '0.7', '1', '0', '1', '1'),
(46823, '63318', '0.4', '1', '0', '1', '1');

DELETE FROM `creature_template` WHERE `entry`=46569;
INSERT INTO `creature_template` ( `entry`, `difficulty_entry_1`, `difficulty_entry_2`, `difficulty_entry_3`, `KillCredit1`, `KillCredit2`, `modelid1`, `modelid2`, `modelid3`, `modelid4`, `name`, `subname`, `IconName`, `gossip_menu_id`, `minlevel`, `maxlevel`, `exp`, `faction_A`, `faction_H`, `npcflag`, `speed_walk`, `speed_run`, `scale`, `rank`, `mindmg`, `maxdmg`, `dmgschool`, `attackpower`, `dmg_multiplier`, `baseattacktime`, `rangeattacktime`, `unit_class`, `unit_flags`, `dynamicflags`, `family`, `trainer_type`, `trainer_spell`, `trainer_class`, `trainer_race`, `minrangedmg`, `maxrangedmg`, `rangedattackpower`, `type`, `type_flags`, `lootid`, `pickpocketloot`, `skinloot`, `resistance1`, `resistance2`, `resistance3`, `resistance4`, `resistance5`, `resistance6`, `spell1`, `spell2`, `spell3`, `spell4`, `spell5`, `spell6`, `spell7`, `spell8`, `PetSpellDataId`, `VehicleId`, `mingold`, `maxgold`, `AIName`, `MovementType`, `InhabitType`, `Health_mod`, `Mana_mod`, `Armor_mod`, `RacialLeader`, `questItem1`, `questItem2`, `questItem3`, `questItem4`, `questItem5`, `questItem6`, `movementId`, `RegenHealth`, `equipment_id`, `mechanic_immune_mask`, `flags_extra`, `ScriptName`, `WDBVerified`) VALUES ( 46569, 0, 0, 0, 0, 0, 137, 0, 0, 0, "Forgotten Ghoul", "", "", 0, 85, 85, 3, 16, 16, 0, 0.777776, 1.14286, 1.0, 0, 1207, 1311, 0, 1571, 2.0, 2000, 0, 1, 0, 0, 0, 0, 0, 0, 0, 1207, 1311, 1571, 6, 0, 46569, 46569, 0, 0, 0, 0, 0, 0, 0, 0, 0, 0, 0, 0, 0, 0, 0, 0, 0, 2526, 2526, "SmartAI", 1, 1, 1.0, 0.0, 1.0, 0, 62808, 0, 0, 0, 0, 0, 0, 1, 0, 0, 0, "", "13623");
UPDATE creature_template SET pickpocketloot=46569 WHERE entry=46569;
DELETE FROM `pickpocketing_loot_template` WHERE `entry` = 46569;
INSERT INTO `pickpocketing_loot_template` (`entry`, `item`, `ChanceOrQuestChance`, `lootmode`, `groupid`, `mincountOrRef`, `maxcount`) VALUES
(46569, '63349', '15', '1', '0', '1', '1'),
(46569, '63313', '14', '1', '0', '1', '1'),
(46569, '63296', '13', '1', '0', '1', '1'),
(46569, '58267', '9', '1', '0', '1', '1'),
(46569, '63300', '5', '1', '0', '1', '1');

DELETE FROM `creature_template` WHERE `entry`=46586;
INSERT INTO `creature_template` ( `entry`, `difficulty_entry_1`, `difficulty_entry_2`, `difficulty_entry_3`, `KillCredit1`, `KillCredit2`, `modelid1`, `modelid2`, `modelid3`, `modelid4`, `name`, `subname`, `IconName`, `gossip_menu_id`, `minlevel`, `maxlevel`, `exp`, `faction_A`, `faction_H`, `npcflag`, `speed_walk`, `speed_run`, `scale`, `rank`, `mindmg`, `maxdmg`, `dmgschool`, `attackpower`, `dmg_multiplier`, `baseattacktime`, `rangeattacktime`, `unit_class`, `unit_flags`, `dynamicflags`, `family`, `trainer_type`, `trainer_spell`, `trainer_class`, `trainer_race`, `minrangedmg`, `maxrangedmg`, `rangedattackpower`, `type`, `type_flags`, `lootid`, `pickpocketloot`, `skinloot`, `resistance1`, `resistance2`, `resistance3`, `resistance4`, `resistance5`, `resistance6`, `spell1`, `spell2`, `spell3`, `spell4`, `spell5`, `spell6`, `spell7`, `spell8`, `PetSpellDataId`, `VehicleId`, `mingold`, `maxgold`, `AIName`, `MovementType`, `InhabitType`, `Health_mod`, `Mana_mod`, `Armor_mod`, `RacialLeader`, `questItem1`, `questItem2`, `questItem3`, `questItem4`, `questItem5`, `questItem6`, `movementId`, `RegenHealth`, `equipment_id`, `mechanic_immune_mask`, `flags_extra`, `ScriptName`, `WDBVerified`) VALUES ( 46586, 0, 0, 0, 0, 0, 30645, 30644, 30643, 30646, "Wandering Soul", "", "", 0, 85, 85, 3, 16, 16, 0, 1.0, 1.14286, 1.0, 0, 1207, 1354, 0, 1571, 2.0, 2000, 0, 1, 0, 0, 0, 0, 0, 0, 0, 1207, 1354, 1571, 6, 0, 46586, 46586, 0, 0, 0, 0, 0, 0, 0, 0, 0, 0, 0, 0, 0, 0, 0, 0, 0, 2523, 2523, "SmartAI", 0, 1, 1.0, 0.0, 1.0, 0, 0, 0, 0, 0, 0, 0, 0, 1, 0, 0, 0, "", "13623");
UPDATE creature_template SET pickpocketloot=46586 WHERE entry=46586;
DELETE FROM `pickpocketing_loot_template` WHERE `entry` = 46586;
INSERT INTO `pickpocketing_loot_template` (`entry`, `item`, `ChanceOrQuestChance`, `lootmode`, `groupid`, `mincountOrRef`, `maxcount`) VALUES
(46586, '63349', '6', '1', '0', '1', '1'),
(46586, '63313', '6', '1', '0', '1', '1'),
(46586, '63296', '5', '1', '0', '1', '1'),
(46586, '58267', '4', '1', '0', '1', '1'),
(46586, '63300', '2', '1', '0', '1', '1');

DELETE FROM `creature_template` WHERE `entry`=46570;
INSERT INTO `creature_template` ( `entry`, `difficulty_entry_1`, `difficulty_entry_2`, `difficulty_entry_3`, `KillCredit1`, `KillCredit2`, `modelid1`, `modelid2`, `modelid3`, `modelid4`, `name`, `subname`, `IconName`, `gossip_menu_id`, `minlevel`, `maxlevel`, `exp`, `faction_A`, `faction_H`, `npcflag`, `speed_walk`, `speed_run`, `scale`, `rank`, `mindmg`, `maxdmg`, `dmgschool`, `attackpower`, `dmg_multiplier`, `baseattacktime`, `rangeattacktime`, `unit_class`, `unit_flags`, `dynamicflags`, `family`, `trainer_type`, `trainer_spell`, `trainer_class`, `trainer_race`, `minrangedmg`, `maxrangedmg`, `rangedattackpower`, `type`, `type_flags`, `lootid`, `pickpocketloot`, `skinloot`, `resistance1`, `resistance2`, `resistance3`, `resistance4`, `resistance5`, `resistance6`, `spell1`, `spell2`, `spell3`, `spell4`, `spell5`, `spell6`, `spell7`, `spell8`, `PetSpellDataId`, `VehicleId`, `mingold`, `maxgold`, `AIName`, `MovementType`, `InhabitType`, `Health_mod`, `Mana_mod`, `Armor_mod`, `RacialLeader`, `questItem1`, `questItem2`, `questItem3`, `questItem4`, `questItem5`, `questItem6`, `movementId`, `RegenHealth`, `equipment_id`, `mechanic_immune_mask`, `flags_extra`, `ScriptName`, `WDBVerified`) VALUES ( 46570, 0, 0, 0, 0, 0, 4124, 0, 0, 0, "Putrid Worg", "", "", 0, 83, 85, 3, 16, 16, 0, 1.0, 1.14286, 1.0, 0, 1207, 1354, 0, 1571, 2.0, 2000, 0, 1, 32768, 0, 1, 0, 0, 0, 0, 1207, 1354, 1571, 1, 1, 46570, 0, 46570, 0, 0, 0, 0, 0, 0, 0, 0, 0, 0, 0, 0, 0, 0, 0, 0, 2500, 3300, "SmartAI", 0, 1, 0.3464, 1.0, 1.0, 0, 0, 0, 0, 0, 0, 0, 0, 1, 0, 0, 0, "", "13623");
UPDATE creature_template SET skinloot=46570 WHERE entry=46570;
DELETE FROM `skinning_loot_template` WHERE `entry` = 46570;
INSERT INTO `skinning_loot_template` (`entry`, `item`, `ChanceOrQuestChance`, `lootmode`, `groupid`, `mincountOrRef`, `maxcount`) VALUES
(46570, '52976', '95', '1', '0', '1', '6'),
(46570, '67495', '3', '1', '1', '1', '1');

DELETE FROM `creature_template` WHERE `entry`=46597;
INSERT INTO `creature_template` ( `entry`, `difficulty_entry_1`, `difficulty_entry_2`, `difficulty_entry_3`, `KillCredit1`, `KillCredit2`, `modelid1`, `modelid2`, `modelid3`, `modelid4`, `name`, `subname`, `IconName`, `gossip_menu_id`, `minlevel`, `maxlevel`, `exp`, `faction_A`, `faction_H`, `npcflag`, `speed_walk`, `speed_run`, `scale`, `rank`, `mindmg`, `maxdmg`, `dmgschool`, `attackpower`, `dmg_multiplier`, `baseattacktime`, `rangeattacktime`, `unit_class`, `unit_flags`, `dynamicflags`, `family`, `trainer_type`, `trainer_spell`, `trainer_class`, `trainer_race`, `minrangedmg`, `maxrangedmg`, `rangedattackpower`, `type`, `type_flags`, `lootid`, `pickpocketloot`, `skinloot`, `resistance1`, `resistance2`, `resistance3`, `resistance4`, `resistance5`, `resistance6`, `spell1`, `spell2`, `spell3`, `spell4`, `spell5`, `spell6`, `spell7`, `spell8`, `PetSpellDataId`, `VehicleId`, `mingold`, `maxgold`, `AIName`, `MovementType`, `InhabitType`, `Health_mod`, `Mana_mod`, `Armor_mod`, `RacialLeader`, `questItem1`, `questItem2`, `questItem3`, `questItem4`, `questItem5`, `questItem6`, `movementId`, `RegenHealth`, `equipment_id`, `mechanic_immune_mask`, `flags_extra`, `ScriptName`, `WDBVerified`) VALUES ( 46597, 0, 0, 0, 0, 0, 7555, 0, 0, 0, "Skeletal Beastmaster", "", "", 0, 85, 85, 3, 16, 16, 0, 1.0, 1.14286, 1.0, 5, 1207, 1354, 0, 1571, 2.0, 2000, 0, 1, 0, 0, 0, 0, 0, 0, 0, 1207, 1354, 1571, 6, 0, 46597, 46597, 0, 0, 0, 0, 0, 0, 0, 0, 0, 0, 0, 0, 0, 0, 0, 0, 0, 2525, 2525, "NullAI", 1, 1, 1.0, 0.0, 1.0, 0, 62808, 0, 0, 0, 0, 0, 0, 1, 0, 0, 0, "", "13623");
UPDATE creature_template SET pickpocketloot=46597 WHERE entry=46597;
DELETE FROM `pickpocketing_loot_template` WHERE `entry` = 46597;
INSERT INTO `pickpocketing_loot_template` (`entry`, `item`, `ChanceOrQuestChance`, `lootmode`, `groupid`, `mincountOrRef`, `maxcount`) VALUES
(46597, '63349', '1.5', '1', '0', '1', '1'),
(46597, '63313', '1.4', '1', '0', '1', '1'),
(46597, '63296', '1.1', '1', '0', '1', '1'),
(46597, '58267', '0.9', '1', '0', '1', '1'),
(46597, '63300', '0.4', '1', '0', '1', '1');

DELETE FROM `creature_template` WHERE `entry`=46571;
INSERT INTO `creature_template` ( `entry`, `difficulty_entry_1`, `difficulty_entry_2`, `difficulty_entry_3`, `KillCredit1`, `KillCredit2`, `modelid1`, `modelid2`, `modelid3`, `modelid4`, `name`, `subname`, `IconName`, `gossip_menu_id`, `minlevel`, `maxlevel`, `exp`, `faction_A`, `faction_H`, `npcflag`, `speed_walk`, `speed_run`, `scale`, `rank`, `mindmg`, `maxdmg`, `dmgschool`, `attackpower`, `dmg_multiplier`, `baseattacktime`, `rangeattacktime`, `unit_class`, `unit_flags`, `dynamicflags`, `family`, `trainer_type`, `trainer_spell`, `trainer_class`, `trainer_race`, `minrangedmg`, `maxrangedmg`, `rangedattackpower`, `type`, `type_flags`, `lootid`, `pickpocketloot`, `skinloot`, `resistance1`, `resistance2`, `resistance3`, `resistance4`, `resistance5`, `resistance6`, `spell1`, `spell2`, `spell3`, `spell4`, `spell5`, `spell6`, `spell7`, `spell8`, `PetSpellDataId`, `VehicleId`, `mingold`, `maxgold`, `AIName`, `MovementType`, `InhabitType`, `Health_mod`, `Mana_mod`, `Armor_mod`, `RacialLeader`, `questItem1`, `questItem2`, `questItem3`, `questItem4`, `questItem5`, `questItem6`, `movementId`, `RegenHealth`, `equipment_id`, `mechanic_immune_mask`, `flags_extra`, `ScriptName`, `WDBVerified`) VALUES ( 46571, 0, 0, 0, 0, 0, 35145, 0, 0, 0, "First Lieutenant Connor", "", "", 0, 85, 85, 3, 16, 16, 0, 1.0, 1.14286, 1.0, 0, 1207, 1354, 0, 1571, 4.5, 2000, 0, 1, 0, 0, 0, 0, 0, 0, 0, 1207, 1354, 1571, 6, 0, 46571, 46571, 0, 0, 0, 0, 0, 0, 0, 0, 0, 0, 0, 0, 0, 0, 0, 0, 0, 2522, 2522, "SmartAI", 1, 1, 2.0, 0.0, 1.0, 0, 0, 0, 0, 0, 0, 0, 0, 1, 0, 0, 0, "", "13623");
UPDATE creature_template SET pickpocketloot=46571 WHERE entry=46571;
DELETE FROM `pickpocketing_loot_template` WHERE `entry` = 46571;
INSERT INTO `pickpocketing_loot_template` (`entry`, `item`, `ChanceOrQuestChance`, `lootmode`, `groupid`, `mincountOrRef`, `maxcount`) VALUES
(46571, '63349', '1.6', '1', '0', '1', '1'),
(46571, '63313', '1.6', '1', '0', '1', '1'),
(46571, '63296', '1.4', '1', '0', '1', '1'),
(46571, '58267', '0.7', '1', '0', '1', '1'),
(46571, '63300', '0.6', '1', '0', '1', '1');

DELETE FROM `creature_template` WHERE `entry`=47272;
INSERT INTO `creature_template` ( `entry`, `difficulty_entry_1`, `difficulty_entry_2`, `difficulty_entry_3`, `KillCredit1`, `KillCredit2`, `modelid1`, `modelid2`, `modelid3`, `modelid4`, `name`, `subname`, `IconName`, `gossip_menu_id`, `minlevel`, `maxlevel`, `exp`, `faction_A`, `faction_H`, `npcflag`, `speed_walk`, `speed_run`, `scale`, `rank`, `mindmg`, `maxdmg`, `dmgschool`, `attackpower`, `dmg_multiplier`, `baseattacktime`, `rangeattacktime`, `unit_class`, `unit_flags`, `dynamicflags`, `family`, `trainer_type`, `trainer_spell`, `trainer_class`, `trainer_race`, `minrangedmg`, `maxrangedmg`, `rangedattackpower`, `type`, `type_flags`, `lootid`, `pickpocketloot`, `skinloot`, `resistance1`, `resistance2`, `resistance3`, `resistance4`, `resistance5`, `resistance6`, `spell1`, `spell2`, `spell3`, `spell4`, `spell5`, `spell6`, `spell7`, `spell8`, `PetSpellDataId`, `VehicleId`, `mingold`, `maxgold`, `AIName`, `MovementType`, `InhabitType`, `Health_mod`, `Mana_mod`, `Armor_mod`, `RacialLeader`, `questItem1`, `questItem2`, `questItem3`, `questItem4`, `questItem5`, `questItem6`, `movementId`, `RegenHealth`, `equipment_id`, `mechanic_immune_mask`, `flags_extra`, `ScriptName`, `WDBVerified`) VALUES ( 47272, 0, 0, 0, 0, 0, 16031, 0, 0, 0, "Released Spirit", "", "", 0, 85, 85, 3, 35, 35, 0, 1.0, 1.14286, 1.0, 1, 855, 911, 0, 1571, 1.5, 2000, 0, 2, 33554432, 0, 0, 0, 0, 0, 0, 855, 911, 1571, 10, 0, 0, 0, 0, 0, 0, 0, 0, 0, 0, 0, 0, 0, 0, 0, 0, 0, 0, 0, 0, 0, 0, "SmartAI", 0, 4, 0.56, 21.9787, 1.0, 0, 0, 0, 0, 0, 0, 0, 0, 1, 0, 0, 0, "", "13623");

DELETE FROM `creature_template` WHERE `entry`=46508;
INSERT INTO `creature_template` ( `entry`, `difficulty_entry_1`, `difficulty_entry_2`, `difficulty_entry_3`, `KillCredit1`, `KillCredit2`, `modelid1`, `modelid2`, `modelid3`, `modelid4`, `name`, `subname`, `IconName`, `gossip_menu_id`, `minlevel`, `maxlevel`, `exp`, `faction_A`, `faction_H`, `npcflag`, `speed_walk`, `speed_run`, `scale`, `rank`, `mindmg`, `maxdmg`, `dmgschool`, `attackpower`, `dmg_multiplier`, `baseattacktime`, `rangeattacktime`, `unit_class`, `unit_flags`, `dynamicflags`, `family`, `trainer_type`, `trainer_spell`, `trainer_class`, `trainer_race`, `minrangedmg`, `maxrangedmg`, `rangedattackpower`, `type`, `type_flags`, `lootid`, `pickpocketloot`, `skinloot`, `resistance1`, `resistance2`, `resistance3`, `resistance4`, `resistance5`, `resistance6`, `spell1`, `spell2`, `spell3`, `spell4`, `spell5`, `spell6`, `spell7`, `spell8`, `PetSpellDataId`, `VehicleId`, `mingold`, `maxgold`, `AIName`, `MovementType`, `InhabitType`, `Health_mod`, `Mana_mod`, `Armor_mod`, `RacialLeader`, `questItem1`, `questItem2`, `questItem3`, `questItem4`, `questItem5`, `questItem6`, `movementId`, `RegenHealth`, `equipment_id`, `mechanic_immune_mask`, `flags_extra`, `ScriptName`, `WDBVerified`) VALUES ( 46508, 0, 0, 0, 0, 0, 26775, 0, 0, 0, "Darkwood Lurker", "", "", 0, 85, 85, 3, 16, 16, 0, 1.0, 1.19048, 1.0, 0, 1207, 1354, 0, 1571, 2.0, 2000, 0, 1, 32768, 4, 3, 0, 0, 0, 0, 1207, 1354, 1571, 1, 1, 46508, 0, 46508, 0, 0, 0, 0, 0, 0, 0, 0, 0, 0, 0, 0, 0, 0, 0, 0, 2500, 3300, "SmartAI", 0, 1, 0.757014, 1.0, 1.0, 0, 0, 0, 0, 0, 0, 0, 0, 1, 0, 0, 0, "", "13623");
UPDATE creature_template SET skinloot=46508 WHERE entry=46508;
DELETE FROM `skinning_loot_template` WHERE `entry` = 46508;
INSERT INTO `skinning_loot_template` (`entry`, `item`, `ChanceOrQuestChance`, `lootmode`, `groupid`, `mincountOrRef`, `maxcount`) VALUES
(46508, '52976', '95', '1', '0', '1', '7'),
(46508, '67495', '3', '1', '1', '1', '1');

DELETE FROM `creature_template` WHERE `entry`=46507;
INSERT INTO `creature_template` ( `entry`, `difficulty_entry_1`, `difficulty_entry_2`, `difficulty_entry_3`, `KillCredit1`, `KillCredit2`, `modelid1`, `modelid2`, `modelid3`, `modelid4`, `name`, `subname`, `IconName`, `gossip_menu_id`, `minlevel`, `maxlevel`, `exp`, `faction_A`, `faction_H`, `npcflag`, `speed_walk`, `speed_run`, `scale`, `rank`, `mindmg`, `maxdmg`, `dmgschool`, `attackpower`, `dmg_multiplier`, `baseattacktime`, `rangeattacktime`, `unit_class`, `unit_flags`, `dynamicflags`, `family`, `trainer_type`, `trainer_spell`, `trainer_class`, `trainer_race`, `minrangedmg`, `maxrangedmg`, `rangedattackpower`, `type`, `type_flags`, `lootid`, `pickpocketloot`, `skinloot`, `resistance1`, `resistance2`, `resistance3`, `resistance4`, `resistance5`, `resistance6`, `spell1`, `spell2`, `spell3`, `spell4`, `spell5`, `spell6`, `spell7`, `spell8`, `PetSpellDataId`, `VehicleId`, `mingold`, `maxgold`, `AIName`, `MovementType`, `InhabitType`, `Health_mod`, `Mana_mod`, `Armor_mod`, `RacialLeader`, `questItem1`, `questItem2`, `questItem3`, `questItem4`, `questItem5`, `questItem6`, `movementId`, `RegenHealth`, `equipment_id`, `mechanic_immune_mask`, `flags_extra`, `ScriptName`, `WDBVerified`) VALUES ( 46507, 0, 0, 0, 0, 0, 34168, 0, 0, 0, "Darkwood Broodmother", "", "", 0, 85, 85, 3, 22, 22, 0, 1.0, 1.19048, 1.0, 0, 1207, 1388, 0, 1571, 2.1, 2000, 0, 1, 67141632, 0, 3, 0, 0, 0, 0, 1207, 1388, 1571, 1, 1, 46507, 0, 46507, 0, 0, 0, 0, 0, 0, 0, 0, 0, 0, 0, 0, 0, 0, 0, 0, 2500, 3300, "SmartAI", 1, 1, 1.5, 0.0, 1.0, 0, 62803, 0, 0, 0, 0, 0, 0, 1, 0, 0, 0, "", "13623");
UPDATE creature_template SET skinloot=46507 WHERE entry=46507;
DELETE FROM `skinning_loot_template` WHERE `entry` = 46507;
INSERT INTO `skinning_loot_template` (`entry`, `item`, `ChanceOrQuestChance`, `lootmode`, `groupid`, `mincountOrRef`, `maxcount`) VALUES
(46507, '52976', '95', '1', '0', '1', '7'),
(46507, '67495', '3', '1', '1', '1', '1');

DELETE FROM `creature_template` WHERE `entry`=46509;
INSERT INTO `creature_template` ( `entry`, `difficulty_entry_1`, `difficulty_entry_2`, `difficulty_entry_3`, `KillCredit1`, `KillCredit2`, `modelid1`, `modelid2`, `modelid3`, `modelid4`, `name`, `subname`, `IconName`, `gossip_menu_id`, `minlevel`, `maxlevel`, `exp`, `faction_A`, `faction_H`, `npcflag`, `speed_walk`, `speed_run`, `scale`, `rank`, `mindmg`, `maxdmg`, `dmgschool`, `attackpower`, `dmg_multiplier`, `baseattacktime`, `rangeattacktime`, `unit_class`, `unit_flags`, `dynamicflags`, `family`, `trainer_type`, `trainer_spell`, `trainer_class`, `trainer_race`, `minrangedmg`, `maxrangedmg`, `rangedattackpower`, `type`, `type_flags`, `lootid`, `pickpocketloot`, `skinloot`, `resistance1`, `resistance2`, `resistance3`, `resistance4`, `resistance5`, `resistance6`, `spell1`, `spell2`, `spell3`, `spell4`, `spell5`, `spell6`, `spell7`, `spell8`, `PetSpellDataId`, `VehicleId`, `mingold`, `maxgold`, `AIName`, `MovementType`, `InhabitType`, `Health_mod`, `Mana_mod`, `Armor_mod`, `RacialLeader`, `questItem1`, `questItem2`, `questItem3`, `questItem4`, `questItem5`, `questItem6`, `movementId`, `RegenHealth`, `equipment_id`, `mechanic_immune_mask`, `flags_extra`, `ScriptName`, `WDBVerified`) VALUES ( 46509, 0, 0, 0, 0, 0, 0, 35132, 0, 0, "Darkwood Hatchling", "", "", 0, 1, 1, 0, 14, 14, 0, 1.0, 0.857143, 1.0, 0, 3, 4, 0, 46, 1.0, 2000, 0, 1, 0, 0, 0, 0, 0, 0, 0, 3, 4, 46, 8, 0, 0, 0, 0, 0, 0, 0, 0, 0, 0, 0, 0, 0, 0, 0, 0, 0, 0, 0, 0, 0, 0, "", 1, 1, 0.4048, 0.0, 1.0, 0, 0, 0, 0, 0, 0, 0, 100, 1, 0, 0, 0, "", "13623");

DELETE FROM `creature_template` WHERE `entry`=46630;
INSERT INTO `creature_template` ( `entry`, `difficulty_entry_1`, `difficulty_entry_2`, `difficulty_entry_3`, `KillCredit1`, `KillCredit2`, `modelid1`, `modelid2`, `modelid3`, `modelid4`, `name`, `subname`, `IconName`, `gossip_menu_id`, `minlevel`, `maxlevel`, `exp`, `faction_A`, `faction_H`, `npcflag`, `speed_walk`, `speed_run`, `scale`, `rank`, `mindmg`, `maxdmg`, `dmgschool`, `attackpower`, `dmg_multiplier`, `baseattacktime`, `rangeattacktime`, `unit_class`, `unit_flags`, `dynamicflags`, `family`, `trainer_type`, `trainer_spell`, `trainer_class`, `trainer_race`, `minrangedmg`, `maxrangedmg`, `rangedattackpower`, `type`, `type_flags`, `lootid`, `pickpocketloot`, `skinloot`, `resistance1`, `resistance2`, `resistance3`, `resistance4`, `resistance5`, `resistance6`, `spell1`, `spell2`, `spell3`, `spell4`, `spell5`, `spell6`, `spell7`, `spell8`, `PetSpellDataId`, `VehicleId`, `mingold`, `maxgold`, `AIName`, `MovementType`, `InhabitType`, `Health_mod`, `Mana_mod`, `Armor_mod`, `RacialLeader`, `questItem1`, `questItem2`, `questItem3`, `questItem4`, `questItem5`, `questItem6`, `movementId`, `RegenHealth`, `equipment_id`, `mechanic_immune_mask`, `flags_extra`, `ScriptName`, `WDBVerified`) VALUES ( 46630, 0, 0, 0, 0, 0, 35189, 35190, 9255, 33195, "Accursed Longshoreman", "", "", 0, 85, 85, 3, 16, 16, 0, 1.0, 1.14286, 1.0, 0, 1207, 1354, 0, 1571, 2.1, 2000, 0, 1, 0, 0, 0, 0, 0, 0, 0, 1207, 1354, 1571, 6, 0, 46630, 46630, 0, 0, 0, 0, 0, 0, 0, 0, 0, 0, 0, 0, 0, 0, 0, 0, 0, 2529, 2529, "SmartAI", 0, 1, 1.0, 0.0, 1.0, 0, 62811, 0, 0, 0, 0, 0, 0, 1, 0, 0, 0, "", "13623");
UPDATE creature_template SET pickpocketloot=46630 WHERE entry=46630;
DELETE FROM `pickpocketing_loot_template` WHERE `entry` = 46630;
INSERT INTO `pickpocketing_loot_template` (`entry`, `item`, `ChanceOrQuestChance`, `lootmode`, `groupid`, `mincountOrRef`, `maxcount`) VALUES
(46630, '63349', '11', '1', '0', '1', '1'),
(46630, '63275', '11', '1', '0', '1', '1'),
(46630, '63273', '11', '1', '0', '1', '1'),
(46630, '63274', '10', '1', '0', '1', '1'),
(46630, '63272', '5', '1', '0', '1', '1'),
(46630, '58261', '4', '1', '0', '1', '1'),
(46630, '63300', '4', '1', '0', '1', '1'),
(46630, '63271', '4', '1', '0', '1', '1'),
(46630, '58259', '4', '1', '0', '1', '1'),
(46630, '68196', '0.8', '1', '0', '1', '1');

DELETE FROM `creature_template` WHERE `entry`=46641;
INSERT INTO `creature_template` ( `entry`, `difficulty_entry_1`, `difficulty_entry_2`, `difficulty_entry_3`, `KillCredit1`, `KillCredit2`, `modelid1`, `modelid2`, `modelid3`, `modelid4`, `name`, `subname`, `IconName`, `gossip_menu_id`, `minlevel`, `maxlevel`, `exp`, `faction_A`, `faction_H`, `npcflag`, `speed_walk`, `speed_run`, `scale`, `rank`, `mindmg`, `maxdmg`, `dmgschool`, `attackpower`, `dmg_multiplier`, `baseattacktime`, `rangeattacktime`, `unit_class`, `unit_flags`, `dynamicflags`, `family`, `trainer_type`, `trainer_spell`, `trainer_class`, `trainer_race`, `minrangedmg`, `maxrangedmg`, `rangedattackpower`, `type`, `type_flags`, `lootid`, `pickpocketloot`, `skinloot`, `resistance1`, `resistance2`, `resistance3`, `resistance4`, `resistance5`, `resistance6`, `spell1`, `spell2`, `spell3`, `spell4`, `spell5`, `spell6`, `spell7`, `spell8`, `PetSpellDataId`, `VehicleId`, `mingold`, `maxgold`, `AIName`, `MovementType`, `InhabitType`, `Health_mod`, `Mana_mod`, `Armor_mod`, `RacialLeader`, `questItem1`, `questItem2`, `questItem3`, `questItem4`, `questItem5`, `questItem6`, `movementId`, `RegenHealth`, `equipment_id`, `mechanic_immune_mask`, `flags_extra`, `ScriptName`, `WDBVerified`) VALUES ( 46641, 0, 0, 0, 0, 0, 35189, 35190, 5005, 5003, "Ghastly Dockhand", "", "", 0, 85, 85, 3, 16, 16, 0, 1.0, 1.14286, 1.0, 0, 1207, 1354, 0, 1571, 2.0, 2000, 0, 1, 0, 0, 0, 0, 0, 0, 0, 1207, 1354, 1571, 6, 0, 46641, 46641, 0, 0, 0, 0, 0, 0, 0, 0, 0, 0, 0, 0, 0, 0, 0, 0, 0, 2522, 2522, "SmartAI", 1, 1, 1.0, 0.0, 1.0, 0, 62811, 0, 0, 0, 0, 0, 0, 1, 0, 0, 0, "", "13623");
UPDATE creature_template SET pickpocketloot=46641 WHERE entry=46641;
DELETE FROM `pickpocketing_loot_template` WHERE `entry` = 46641;
INSERT INTO `pickpocketing_loot_template` (`entry`, `item`, `ChanceOrQuestChance`, `lootmode`, `groupid`, `mincountOrRef`, `maxcount`) VALUES
(46641, '63349', '4', '1', '0', '1', '1'),
(46641, '63275', '3', '1', '0', '1', '1'),
(46641, '63273', '3', '1', '0', '1', '1'),
(46641, '63274', '2', '1', '0', '1', '1'),
(46641, '63272', '1.4', '1', '0', '1', '1'),
(46641, '58261', '1.1', '1', '0', '1', '1'),
(46641, '63300', '1.1', '1', '0', '1', '1'),
(46641, '63271', '1', '1', '0', '1', '1'),
(46641, '58259', '0.9', '1', '0', '1', '1');

DELETE FROM `creature_template` WHERE `entry`=46648;
INSERT INTO `creature_template` ( `entry`, `difficulty_entry_1`, `difficulty_entry_2`, `difficulty_entry_3`, `KillCredit1`, `KillCredit2`, `modelid1`, `modelid2`, `modelid3`, `modelid4`, `name`, `subname`, `IconName`, `gossip_menu_id`, `minlevel`, `maxlevel`, `exp`, `faction_A`, `faction_H`, `npcflag`, `speed_walk`, `speed_run`, `scale`, `rank`, `mindmg`, `maxdmg`, `dmgschool`, `attackpower`, `dmg_multiplier`, `baseattacktime`, `rangeattacktime`, `unit_class`, `unit_flags`, `dynamicflags`, `family`, `trainer_type`, `trainer_spell`, `trainer_class`, `trainer_race`, `minrangedmg`, `maxrangedmg`, `rangedattackpower`, `type`, `type_flags`, `lootid`, `pickpocketloot`, `skinloot`, `resistance1`, `resistance2`, `resistance3`, `resistance4`, `resistance5`, `resistance6`, `spell1`, `spell2`, `spell3`, `spell4`, `spell5`, `spell6`, `spell7`, `spell8`, `PetSpellDataId`, `VehicleId`, `mingold`, `maxgold`, `AIName`, `MovementType`, `InhabitType`, `Health_mod`, `Mana_mod`, `Armor_mod`, `RacialLeader`, `questItem1`, `questItem2`, `questItem3`, `questItem4`, `questItem5`, `questItem6`, `movementId`, `RegenHealth`, `equipment_id`, `mechanic_immune_mask`, `flags_extra`, `ScriptName`, `WDBVerified`) VALUES ( 46648, 0, 0, 0, 0, 0, 0, 0, 0, 35208, "Foreman Wellson", "", "", 0, 85, 85, 3, 16, 16, 0, 1.0, 1.38571, 1.0, 0, 1207, 1354, 0, 1571, 4.3, 2000, 0, 1, 0, 0, 0, 0, 0, 0, 0, 1207, 1354, 1571, 6, 2048, 46648, 46648, 0, 0, 0, 0, 0, 0, 0, 0, 0, 0, 0, 0, 0, 0, 0, 0, 0, 2526, 2526, "SmartAI", 1, 1, 2.0, 0.0, 1.0, 0, 0, 0, 0, 0, 0, 0, 0, 1, 0, 0, 0, "", "13623");
UPDATE creature_template SET pickpocketloot=46648 WHERE entry=46648;
DELETE FROM `pickpocketing_loot_template` WHERE `entry` = 46648;
INSERT INTO `pickpocketing_loot_template` (`entry`, `item`, `ChanceOrQuestChance`, `lootmode`, `groupid`, `mincountOrRef`, `maxcount`) VALUES
(46648, '63349', '3', '1', '0', '1', '1'),
(46648, '63275', '3', '1', '0', '1', '1'),
(46648, '63273', '3', '1', '0', '1', '1'),
(46648, '63274', '3', '1', '0', '1', '1'),
(46648, '63272', '1.6', '1', '0', '1', '1'),
(46648, '58261', '1.6', '1', '0', '1', '1'),
(46648, '63300', '1.1', '1', '0', '1', '1'),
(46648, '63271', '1', '1', '0', '1', '1'),
(46648, '58259', '1', '1', '0', '1', '1'),
(46648, '68196', '0.3', '1', '0', '1', '1');

DELETE FROM `creature_template` WHERE `entry`=46643;
INSERT INTO `creature_template` ( `entry`, `difficulty_entry_1`, `difficulty_entry_2`, `difficulty_entry_3`, `KillCredit1`, `KillCredit2`, `modelid1`, `modelid2`, `modelid3`, `modelid4`, `name`, `subname`, `IconName`, `gossip_menu_id`, `minlevel`, `maxlevel`, `exp`, `faction_A`, `faction_H`, `npcflag`, `speed_walk`, `speed_run`, `scale`, `rank`, `mindmg`, `maxdmg`, `dmgschool`, `attackpower`, `dmg_multiplier`, `baseattacktime`, `rangeattacktime`, `unit_class`, `unit_flags`, `dynamicflags`, `family`, `trainer_type`, `trainer_spell`, `trainer_class`, `trainer_race`, `minrangedmg`, `maxrangedmg`, `rangedattackpower`, `type`, `type_flags`, `lootid`, `pickpocketloot`, `skinloot`, `resistance1`, `resistance2`, `resistance3`, `resistance4`, `resistance5`, `resistance6`, `spell1`, `spell2`, `spell3`, `spell4`, `spell5`, `spell6`, `spell7`, `spell8`, `PetSpellDataId`, `VehicleId`, `mingold`, `maxgold`, `AIName`, `MovementType`, `InhabitType`, `Health_mod`, `Mana_mod`, `Armor_mod`, `RacialLeader`, `questItem1`, `questItem2`, `questItem3`, `questItem4`, `questItem5`, `questItem6`, `movementId`, `RegenHealth`, `equipment_id`, `mechanic_immune_mask`, `flags_extra`, `ScriptName`, `WDBVerified`) VALUES ( 46643, 0, 0, 0, 0, 0, 0, 35190, 35302, 0, "Accursed Shipbuilder", "", "", 0, 85, 85, 3, 16, 16, 0, 1.0, 1.14286, 1.0, 0, 1207, 1354, 0, 1571, 2.0, 2000, 0, 1, 0, 0, 0, 0, 0, 0, 0, 1207, 1354, 1571, 6, 0, 46643, 46643, 0, 0, 0, 0, 0, 0, 0, 0, 0, 0, 0, 0, 0, 0, 0, 0, 0, 2525, 2525, "SmartAI", 0, 1, 1.0, 0.0, 1.0, 0, 62811, 0, 0, 0, 0, 0, 0, 1, 0, 0, 0, "", "13623");
UPDATE creature_template SET pickpocketloot=46643 WHERE entry=46643;
DELETE FROM `pickpocketing_loot_template` WHERE `entry` = 46643;
INSERT INTO `pickpocketing_loot_template` (`entry`, `item`, `ChanceOrQuestChance`, `lootmode`, `groupid`, `mincountOrRef`, `maxcount`) VALUES
(46643, '63349', '8', '1', '0', '1', '1'),
(46643, '63275', '8', '1', '0', '1', '1'),
(46643, '63273', '8', '1', '0', '1', '1'),
(46643, '63274', '8', '1', '0', '1', '1'),
(46643, '63272', '5', '1', '0', '1', '1'),
(46643, '58261', '4', '1', '0', '1', '1'),
(46643, '63300', '3', '1', '0', '1', '1'),
(46643, '63271', '3', '1', '0', '1', '1'),
(46643, '58259', '3', '1', '0', '1', '1'),
(46643, '68196', '0.8', '1', '0', '1', '1');

DELETE FROM `creature_template` WHERE `entry`=46645;
INSERT INTO `creature_template` ( `entry`, `difficulty_entry_1`, `difficulty_entry_2`, `difficulty_entry_3`, `KillCredit1`, `KillCredit2`, `modelid1`, `modelid2`, `modelid3`, `modelid4`, `name`, `subname`, `IconName`, `gossip_menu_id`, `minlevel`, `maxlevel`, `exp`, `faction_A`, `faction_H`, `npcflag`, `speed_walk`, `speed_run`, `scale`, `rank`, `mindmg`, `maxdmg`, `dmgschool`, `attackpower`, `dmg_multiplier`, `baseattacktime`, `rangeattacktime`, `unit_class`, `unit_flags`, `dynamicflags`, `family`, `trainer_type`, `trainer_spell`, `trainer_class`, `trainer_race`, `minrangedmg`, `maxrangedmg`, `rangedattackpower`, `type`, `type_flags`, `lootid`, `pickpocketloot`, `skinloot`, `resistance1`, `resistance2`, `resistance3`, `resistance4`, `resistance5`, `resistance6`, `spell1`, `spell2`, `spell3`, `spell4`, `spell5`, `spell6`, `spell7`, `spell8`, `PetSpellDataId`, `VehicleId`, `mingold`, `maxgold`, `AIName`, `MovementType`, `InhabitType`, `Health_mod`, `Mana_mod`, `Armor_mod`, `RacialLeader`, `questItem1`, `questItem2`, `questItem3`, `questItem4`, `questItem5`, `questItem6`, `movementId`, `RegenHealth`, `equipment_id`, `mechanic_immune_mask`, `flags_extra`, `ScriptName`, `WDBVerified`) VALUES ( 46645, 0, 0, 0, 0, 0, 37259, 0, 0, 0, "Cursed Stallion", "", "", 0, 60, 60, 0, 7, 7, 0, 1.0, 1.38571, 1.0, 0, 197, 262, 0, 479, 2.7, 2000, 0, 1, 0, 0, 0, 0, 0, 0, 0, 197, 262, 479, 6, 0, 46645, 0, 0, 0, 0, 0, 0, 0, 0, 0, 0, 0, 0, 0, 0, 0, 0, 0, 0, 2500, 3300, "", 0, 1, 2.0, 0.0, 1.0, 0, 0, 0, 0, 0, 0, 0, 0, 1, 0, 0, 0, "", "13623");

DELETE FROM `creature_template` WHERE `entry`=48283;
INSERT INTO `creature_template` ( `entry`, `difficulty_entry_1`, `difficulty_entry_2`, `difficulty_entry_3`, `KillCredit1`, `KillCredit2`, `modelid1`, `modelid2`, `modelid3`, `modelid4`, `name`, `subname`, `IconName`, `gossip_menu_id`, `minlevel`, `maxlevel`, `exp`, `faction_A`, `faction_H`, `npcflag`, `speed_walk`, `speed_run`, `scale`, `rank`, `mindmg`, `maxdmg`, `dmgschool`, `attackpower`, `dmg_multiplier`, `baseattacktime`, `rangeattacktime`, `unit_class`, `unit_flags`, `dynamicflags`, `family`, `trainer_type`, `trainer_spell`, `trainer_class`, `trainer_race`, `minrangedmg`, `maxrangedmg`, `rangedattackpower`, `type`, `type_flags`, `lootid`, `pickpocketloot`, `skinloot`, `resistance1`, `resistance2`, `resistance3`, `resistance4`, `resistance5`, `resistance6`, `spell1`, `spell2`, `spell3`, `spell4`, `spell5`, `spell6`, `spell7`, `spell8`, `PetSpellDataId`, `VehicleId`, `mingold`, `maxgold`, `AIName`, `MovementType`, `InhabitType`, `Health_mod`, `Mana_mod`, `Armor_mod`, `RacialLeader`, `questItem1`, `questItem2`, `questItem3`, `questItem4`, `questItem5`, `questItem6`, `movementId`, `RegenHealth`, `equipment_id`, `mechanic_immune_mask`, `flags_extra`, `ScriptName`, `WDBVerified`) VALUES ( 48283, 0, 0, 0, 0, 0, 3146, 0, 0, 0, "Wellson Cannon", "", "Gunner", 0, 28, 28, 0, 35, 35, 16777216, 1.0, 1.07143, 1.0, 0, 1207, 1354, 0, 1571, 1.0, 0, 0, 2, 4, 0, 0, 0, 0, 0, 0, 1207, 1354, 1571, 9, 0, 0, 0, 0, 0, 0, 0, 0, 0, 0, 72207, 0, 0, 0, 0, 0, 0, 0, 0, 1314, 0, 0, "SmartAI", 0, 1, 23.306, 1.0, 1.0, 0, 0, 0, 0, 0, 0, 0, 0, 1, 0, 0, 0, "", "13623");

DELETE FROM `creature_template` WHERE `entry`=46989;
INSERT INTO `creature_template` ( `entry`, `difficulty_entry_1`, `difficulty_entry_2`, `difficulty_entry_3`, `KillCredit1`, `KillCredit2`, `modelid1`, `modelid2`, `modelid3`, `modelid4`, `name`, `subname`, `IconName`, `gossip_menu_id`, `minlevel`, `maxlevel`, `exp`, `faction_A`, `faction_H`, `npcflag`, `speed_walk`, `speed_run`, `scale`, `rank`, `mindmg`, `maxdmg`, `dmgschool`, `attackpower`, `dmg_multiplier`, `baseattacktime`, `rangeattacktime`, `unit_class`, `unit_flags`, `dynamicflags`, `family`, `trainer_type`, `trainer_spell`, `trainer_class`, `trainer_race`, `minrangedmg`, `maxrangedmg`, `rangedattackpower`, `type`, `type_flags`, `lootid`, `pickpocketloot`, `skinloot`, `resistance1`, `resistance2`, `resistance3`, `resistance4`, `resistance5`, `resistance6`, `spell1`, `spell2`, `spell3`, `spell4`, `spell5`, `spell6`, `spell7`, `spell8`, `PetSpellDataId`, `VehicleId`, `mingold`, `maxgold`, `AIName`, `MovementType`, `InhabitType`, `Health_mod`, `Mana_mod`, `Armor_mod`, `RacialLeader`, `questItem1`, `questItem2`, `questItem3`, `questItem4`, `questItem5`, `questItem6`, `movementId`, `RegenHealth`, `equipment_id`, `mechanic_immune_mask`, `flags_extra`, `ScriptName`, `WDBVerified`) VALUES ( 46989, 0, 0, 0, 0, 0, 34095, 34096, 0, 0, "Crazed Soldier", "", "", 0, 85, 85, 3, 14, 14, 0, 1.0, 1.14286, 1.0, 0, 1207, 1354, 0, 1571, 2.0, 2000, 0, 2, 32768, 4, 0, 0, 0, 0, 0, 1207, 1354, 1571, 7, 0, 46989, 46989, 0, 0, 0, 0, 0, 0, 0, 0, 0, 0, 0, 0, 0, 0, 0, 0, 0, 2526, 2526, "SmartAI", 1, 1, 1.0, 2.019, 1.0, 0, 0, 0, 0, 0, 0, 0, 0, 1, 0, 0, 0, "", "13623");
UPDATE creature_template SET pickpocketloot=46989 WHERE entry=46989;
DELETE FROM `pickpocketing_loot_template` WHERE `entry` = 46989;
INSERT INTO `pickpocketing_loot_template` (`entry`, `item`, `ChanceOrQuestChance`, `lootmode`, `groupid`, `mincountOrRef`, `maxcount`) VALUES
(46989, '63349', '13', '1', '0', '1', '1'),
(46989, '63275', '13', '1', '0', '1', '1'),
(46989, '63273', '12', '1', '0', '1', '1'),
(46989, '63274', '12', '1', '0', '1', '1'),
(46989, '63272', '7', '1', '0', '1', '1'),
(46989, '58261', '5', '1', '0', '1', '1'),
(46989, '63300', '5', '1', '0', '1', '1'),
(46989, '63271', '4', '1', '0', '1', '1'),
(46989, '58259', '4', '1', '0', '1', '1'),
(46989, '68196', '1.1', '1', '0', '1', '1');

DELETE FROM `creature_template` WHERE `entry`=47130;
INSERT INTO `creature_template` ( `entry`, `difficulty_entry_1`, `difficulty_entry_2`, `difficulty_entry_3`, `KillCredit1`, `KillCredit2`, `modelid1`, `modelid2`, `modelid3`, `modelid4`, `name`, `subname`, `IconName`, `gossip_menu_id`, `minlevel`, `maxlevel`, `exp`, `faction_A`, `faction_H`, `npcflag`, `speed_walk`, `speed_run`, `scale`, `rank`, `mindmg`, `maxdmg`, `dmgschool`, `attackpower`, `dmg_multiplier`, `baseattacktime`, `rangeattacktime`, `unit_class`, `unit_flags`, `dynamicflags`, `family`, `trainer_type`, `trainer_spell`, `trainer_class`, `trainer_race`, `minrangedmg`, `maxrangedmg`, `rangedattackpower`, `type`, `type_flags`, `lootid`, `pickpocketloot`, `skinloot`, `resistance1`, `resistance2`, `resistance3`, `resistance4`, `resistance5`, `resistance6`, `spell1`, `spell2`, `spell3`, `spell4`, `spell5`, `spell6`, `spell7`, `spell8`, `PetSpellDataId`, `VehicleId`, `mingold`, `maxgold`, `AIName`, `MovementType`, `InhabitType`, `Health_mod`, `Mana_mod`, `Armor_mod`, `RacialLeader`, `questItem1`, `questItem2`, `questItem3`, `questItem4`, `questItem5`, `questItem6`, `movementId`, `RegenHealth`, `equipment_id`, `mechanic_immune_mask`, `flags_extra`, `ScriptName`, `WDBVerified`) VALUES ( 47130, 0, 0, 0, 0, 0, 3732, 0, 0, 0, "Crazed Guard", "", "", 0, 85, 85, 3, 14, 14, 0, 1.0, 1.14286, 1.0, 0, 1207, 1354, 0, 1571, 2.1, 2000, 0, 2, 32768, 0, 0, 0, 0, 0, 0, 1207, 1354, 1571, 7, 0, 47130, 47130, 0, 0, 0, 0, 0, 0, 0, 0, 0, 0, 0, 0, 0, 0, 0, 0, 0, 2526, 2526, "SmartAI", 1, 1, 1.0, 2.019, 1.0, 0, 62921, 0, 0, 0, 0, 0, 0, 1, 0, 0, 0, "", "13623");
UPDATE creature_template SET pickpocketloot=47130 WHERE entry=47130;
DELETE FROM `pickpocketing_loot_template` WHERE `entry` = 47130;
INSERT INTO `pickpocketing_loot_template` (`entry`, `item`, `ChanceOrQuestChance`, `lootmode`, `groupid`, `mincountOrRef`, `maxcount`) VALUES
(47130, '63349', '11', '1', '0', '1', '1'),
(47130, '63275', '11', '1', '0', '1', '1'),
(47130, '63273', '10', '1', '0', '1', '1'),
(47130, '63274', '10', '1', '0', '1', '1'),
(47130, '63272', '5', '1', '0', '1', '1'),
(47130, '58261', '4', '1', '0', '1', '1'),
(47130, '63300', '4', '1', '0', '1', '1'),
(47130, '63271', '4', '1', '0', '1', '1'),
(47130, '58259', '4', '1', '0', '1', '1'),
(47130, '68196', '0.7', '1', '0', '1', '1');

DELETE FROM `creature_template` WHERE `entry`=48325;
INSERT INTO `creature_template` ( `entry`, `difficulty_entry_1`, `difficulty_entry_2`, `difficulty_entry_3`, `KillCredit1`, `KillCredit2`, `modelid1`, `modelid2`, `modelid3`, `modelid4`, `name`, `subname`, `IconName`, `gossip_menu_id`, `minlevel`, `maxlevel`, `exp`, `faction_A`, `faction_H`, `npcflag`, `speed_walk`, `speed_run`, `scale`, `rank`, `mindmg`, `maxdmg`, `dmgschool`, `attackpower`, `dmg_multiplier`, `baseattacktime`, `rangeattacktime`, `unit_class`, `unit_flags`, `dynamicflags`, `family`, `trainer_type`, `trainer_spell`, `trainer_class`, `trainer_race`, `minrangedmg`, `maxrangedmg`, `rangedattackpower`, `type`, `type_flags`, `lootid`, `pickpocketloot`, `skinloot`, `resistance1`, `resistance2`, `resistance3`, `resistance4`, `resistance5`, `resistance6`, `spell1`, `spell2`, `spell3`, `spell4`, `spell5`, `spell6`, `spell7`, `spell8`, `PetSpellDataId`, `VehicleId`, `mingold`, `maxgold`, `AIName`, `MovementType`, `InhabitType`, `Health_mod`, `Mana_mod`, `Armor_mod`, `RacialLeader`, `questItem1`, `questItem2`, `questItem3`, `questItem4`, `questItem5`, `questItem6`, `movementId`, `RegenHealth`, `equipment_id`, `mechanic_immune_mask`, `flags_extra`, `ScriptName`, `WDBVerified`) VALUES ( 48325, 0, 0, 0, 0, 0, 237, 31072, 0, 23960, "Farson Horse", "", "", 0, 60, 60, 0, 35, 35, 0, 1.0, 1.28571, 1.0, 0, 197, 201, 0, 479, 1.0, 2000, 0, 1, 0, 0, 0, 0, 0, 0, 0, 197, 201, 479, 1, 0, 0, 0, 0, 0, 0, 0, 0, 0, 0, 0, 0, 0, 0, 0, 0, 0, 0, 0, 0, 0, 0, "", 1, 1, 2.0, 0.0, 1.0, 0, 0, 0, 0, 0, 0, 0, 0, 1, 0, 0, 0, "", "13623");

DELETE FROM `creature_template` WHERE `entry`=49455;
INSERT INTO `creature_template` ( `entry`, `difficulty_entry_1`, `difficulty_entry_2`, `difficulty_entry_3`, `KillCredit1`, `KillCredit2`, `modelid1`, `modelid2`, `modelid3`, `modelid4`, `name`, `subname`, `IconName`, `gossip_menu_id`, `minlevel`, `maxlevel`, `exp`, `faction_A`, `faction_H`, `npcflag`, `speed_walk`, `speed_run`, `scale`, `rank`, `mindmg`, `maxdmg`, `dmgschool`, `attackpower`, `dmg_multiplier`, `baseattacktime`, `rangeattacktime`, `unit_class`, `unit_flags`, `dynamicflags`, `family`, `trainer_type`, `trainer_spell`, `trainer_class`, `trainer_race`, `minrangedmg`, `maxrangedmg`, `rangedattackpower`, `type`, `type_flags`, `lootid`, `pickpocketloot`, `skinloot`, `resistance1`, `resistance2`, `resistance3`, `resistance4`, `resistance5`, `resistance6`, `spell1`, `spell2`, `spell3`, `spell4`, `spell5`, `spell6`, `spell7`, `spell8`, `PetSpellDataId`, `VehicleId`, `mingold`, `maxgold`, `AIName`, `MovementType`, `InhabitType`, `Health_mod`, `Mana_mod`, `Armor_mod`, `RacialLeader`, `questItem1`, `questItem2`, `questItem3`, `questItem4`, `questItem5`, `questItem6`, `movementId`, `RegenHealth`, `equipment_id`, `mechanic_immune_mask`, `flags_extra`, `ScriptName`, `WDBVerified`) VALUES ( 49455, 0, 0, 0, 0, 0, 35732, 35733, 35734, 35735, "Dehydrated Prisoner", "", "", 0, 85, 85, 3, 534, 534, 0, 1.0, 1.14286, 1.0, 0, 1207, 1354, 0, 1571, 2.0, 2000, 0, 1, 0, 0, 0, 0, 0, 0, 0, 1207, 1354, 1571, 7, 0, 0, 0, 0, 0, 0, 0, 0, 0, 0, 0, 0, 0, 0, 0, 0, 0, 0, 0, 0, 0, 0, "", 0, 1, 1.0, 0.0, 1.0, 0, 0, 0, 0, 0, 0, 0, 0, 1, 0, 0, 0, "", "13623");

DELETE FROM `creature_template` WHERE `entry`=48308;
INSERT INTO `creature_template` ( `entry`, `difficulty_entry_1`, `difficulty_entry_2`, `difficulty_entry_3`, `KillCredit1`, `KillCredit2`, `modelid1`, `modelid2`, `modelid3`, `modelid4`, `name`, `subname`, `IconName`, `gossip_menu_id`, `minlevel`, `maxlevel`, `exp`, `faction_A`, `faction_H`, `npcflag`, `speed_walk`, `speed_run`, `scale`, `rank`, `mindmg`, `maxdmg`, `dmgschool`, `attackpower`, `dmg_multiplier`, `baseattacktime`, `rangeattacktime`, `unit_class`, `unit_flags`, `dynamicflags`, `family`, `trainer_type`, `trainer_spell`, `trainer_class`, `trainer_race`, `minrangedmg`, `maxrangedmg`, `rangedattackpower`, `type`, `type_flags`, `lootid`, `pickpocketloot`, `skinloot`, `resistance1`, `resistance2`, `resistance3`, `resistance4`, `resistance5`, `resistance6`, `spell1`, `spell2`, `spell3`, `spell4`, `spell5`, `spell6`, `spell7`, `spell8`, `PetSpellDataId`, `VehicleId`, `mingold`, `maxgold`, `AIName`, `MovementType`, `InhabitType`, `Health_mod`, `Mana_mod`, `Armor_mod`, `RacialLeader`, `questItem1`, `questItem2`, `questItem3`, `questItem4`, `questItem5`, `questItem6`, `movementId`, `RegenHealth`, `equipment_id`, `mechanic_immune_mask`, `flags_extra`, `ScriptName`, `WDBVerified`) VALUES ( 48308, 0, 0, 0, 0, 0, 35732, 35733, 35734, 35735, "Farson Hold Prisoner", "", "Speak", 48308, 85, 85, 3, 534, 534, 1, 1.0, 1.14286, 1.0, 0, 1207, 1354, 0, 1571, 2.0, 2000, 0, 1, 0, 0, 0, 0, 0, 0, 0, 1207, 1354, 1571, 7, 0, 0, 0, 0, 0, 0, 0, 0, 0, 0, 0, 0, 0, 0, 0, 0, 0, 0, 0, 0, 0, 0, "SmartAI", 0, 1, 1.0, 0.0, 1.0, 0, 0, 0, 0, 0, 0, 0, 0, 1, 0, 0, 0, "", "13623");

DELETE FROM `creature_template` WHERE `entry`=47447;
INSERT INTO `creature_template` ( `entry`, `difficulty_entry_1`, `difficulty_entry_2`, `difficulty_entry_3`, `KillCredit1`, `KillCredit2`, `modelid1`, `modelid2`, `modelid3`, `modelid4`, `name`, `subname`, `IconName`, `gossip_menu_id`, `minlevel`, `maxlevel`, `exp`, `faction_A`, `faction_H`, `npcflag`, `speed_walk`, `speed_run`, `scale`, `rank`, `mindmg`, `maxdmg`, `dmgschool`, `attackpower`, `dmg_multiplier`, `baseattacktime`, `rangeattacktime`, `unit_class`, `unit_flags`, `dynamicflags`, `family`, `trainer_type`, `trainer_spell`, `trainer_class`, `trainer_race`, `minrangedmg`, `maxrangedmg`, `rangedattackpower`, `type`, `type_flags`, `lootid`, `pickpocketloot`, `skinloot`, `resistance1`, `resistance2`, `resistance3`, `resistance4`, `resistance5`, `resistance6`, `spell1`, `spell2`, `spell3`, `spell4`, `spell5`, `spell6`, `spell7`, `spell8`, `PetSpellDataId`, `VehicleId`, `mingold`, `maxgold`, `AIName`, `MovementType`, `InhabitType`, `Health_mod`, `Mana_mod`, `Armor_mod`, `RacialLeader`, `questItem1`, `questItem2`, `questItem3`, `questItem4`, `questItem5`, `questItem6`, `movementId`, `RegenHealth`, `equipment_id`, `mechanic_immune_mask`, `flags_extra`, `ScriptName`, `WDBVerified`) VALUES ( 47447, 0, 0, 0, 0, 0, 16366, 0, 0, 0, "Keep Lord Farson", "", "", 0, 85, 85, 3, 16, 16, 0, 1.0, 1.14286, 1.0, 0, 1207, 1354, 0, 1571, 4.9, 2000, 0, 2, 32768, 132, 0, 0, 0, 0, 0, 1207, 1354, 1571, 7, 0, 47447, 47447, 0, 0, 0, 0, 0, 0, 0, 0, 0, 0, 0, 0, 0, 0, 0, 0, 0, 2523, 2523, "SmartAI", 1, 1, 2.0, 2.019, 1.0, 0, 0, 0, 0, 0, 0, 0, 0, 1, 0, 0, 0, "", "13623");
UPDATE creature_template SET pickpocketloot=47447 WHERE entry=47447;
DELETE FROM `pickpocketing_loot_template` WHERE `entry` = 47447;
INSERT INTO `pickpocketing_loot_template` (`entry`, `item`, `ChanceOrQuestChance`, `lootmode`, `groupid`, `mincountOrRef`, `maxcount`) VALUES
(47447, '63349', '4', '1', '0', '1', '1'),
(47447, '63275', '3', '1', '0', '1', '1'),
(47447, '63273', '3', '1', '0', '1', '1'),
(47447, '63274', '3', '1', '0', '1', '1'),
(47447, '63272', '1.6', '1', '0', '1', '1'),
(47447, '63271', '1.3', '1', '0', '1', '1'),
(47447, '58259', '1.2', '1', '0', '1', '1'),
(47447, '58261', '1.1', '1', '0', '1', '1'),
(47447, '63300', '0.8', '1', '0', '1', '1');

DELETE FROM `creature_template` WHERE `entry`=46605;
INSERT INTO `creature_template` ( `entry`, `difficulty_entry_1`, `difficulty_entry_2`, `difficulty_entry_3`, `KillCredit1`, `KillCredit2`, `modelid1`, `modelid2`, `modelid3`, `modelid4`, `name`, `subname`, `IconName`, `gossip_menu_id`, `minlevel`, `maxlevel`, `exp`, `faction_A`, `faction_H`, `npcflag`, `speed_walk`, `speed_run`, `scale`, `rank`, `mindmg`, `maxdmg`, `dmgschool`, `attackpower`, `dmg_multiplier`, `baseattacktime`, `rangeattacktime`, `unit_class`, `unit_flags`, `dynamicflags`, `family`, `trainer_type`, `trainer_spell`, `trainer_class`, `trainer_race`, `minrangedmg`, `maxrangedmg`, `rangedattackpower`, `type`, `type_flags`, `lootid`, `pickpocketloot`, `skinloot`, `resistance1`, `resistance2`, `resistance3`, `resistance4`, `resistance5`, `resistance6`, `spell1`, `spell2`, `spell3`, `spell4`, `spell5`, `spell6`, `spell7`, `spell8`, `PetSpellDataId`, `VehicleId`, `mingold`, `maxgold`, `AIName`, `MovementType`, `InhabitType`, `Health_mod`, `Mana_mod`, `Armor_mod`, `RacialLeader`, `questItem1`, `questItem2`, `questItem3`, `questItem4`, `questItem5`, `questItem6`, `movementId`, `RegenHealth`, `equipment_id`, `mechanic_immune_mask`, `flags_extra`, `ScriptName`, `WDBVerified`) VALUES ( 46605, 0, 0, 0, 0, 0, 3494, 25053, 25042, 0, "Shipwrecked Sailor", "", "", 0, 85, 85, 3, 21, 21, 0, 1.0, 1.14286, 1.0, 0, 1207, 1354, 0, 1571, 2.0, 2000, 0, 1, 32768, 4, 0, 0, 0, 0, 0, 1207, 1354, 1571, 6, 0, 46605, 46605, 0, 0, 0, 0, 0, 0, 0, 0, 0, 0, 0, 0, 0, 0, 0, 0, 0, 2524, 2524, "SmartAI", 1, 3, 1.0, 0.0, 1.0, 0, 0, 0, 0, 0, 0, 0, 0, 1, 0, 0, 0, "", "13623");
UPDATE creature_template SET pickpocketloot=46605 WHERE entry=46605;
DELETE FROM `pickpocketing_loot_template` WHERE `entry` = 46605;
INSERT INTO `pickpocketing_loot_template` (`entry`, `item`, `ChanceOrQuestChance`, `lootmode`, `groupid`, `mincountOrRef`, `maxcount`) VALUES
(46605, '63291', '12', '1', '0', '1', '1'),
(46605, '63349', '11', '1', '0', '1', '1'),
(46605, '63348', '11', '1', '0', '1', '1'),
(46605, '63317', '11', '1', '0', '1', '1'),
(46605, '58269', '9', '1', '0', '1', '1'),
(46605, '63310', '6', '1', '0', '1', '1'),
(46605, '63300', '4', '1', '0', '1', '1'),
(46605, '63316', '0.9', '1', '0', '1', '1'),
(46605, '63318', '0.6', '1', '0', '1', '1');

DELETE FROM `creature_template` WHERE `entry`=47287;
INSERT INTO `creature_template` ( `entry`, `difficulty_entry_1`, `difficulty_entry_2`, `difficulty_entry_3`, `KillCredit1`, `KillCredit2`, `modelid1`, `modelid2`, `modelid3`, `modelid4`, `name`, `subname`, `IconName`, `gossip_menu_id`, `minlevel`, `maxlevel`, `exp`, `faction_A`, `faction_H`, `npcflag`, `speed_walk`, `speed_run`, `scale`, `rank`, `mindmg`, `maxdmg`, `dmgschool`, `attackpower`, `dmg_multiplier`, `baseattacktime`, `rangeattacktime`, `unit_class`, `unit_flags`, `dynamicflags`, `family`, `trainer_type`, `trainer_spell`, `trainer_class`, `trainer_race`, `minrangedmg`, `maxrangedmg`, `rangedattackpower`, `type`, `type_flags`, `lootid`, `pickpocketloot`, `skinloot`, `resistance1`, `resistance2`, `resistance3`, `resistance4`, `resistance5`, `resistance6`, `spell1`, `spell2`, `spell3`, `spell4`, `spell5`, `spell6`, `spell7`, `spell8`, `PetSpellDataId`, `VehicleId`, `mingold`, `maxgold`, `AIName`, `MovementType`, `InhabitType`, `Health_mod`, `Mana_mod`, `Armor_mod`, `RacialLeader`, `questItem1`, `questItem2`, `questItem3`, `questItem4`, `questItem5`, `questItem6`, `movementId`, `RegenHealth`, `equipment_id`, `mechanic_immune_mask`, `flags_extra`, `ScriptName`, `WDBVerified`) VALUES ( 47287, 0, 0, 0, 0, 0, 35515, 0, 0, 0, "Captain P. Harris", "", "", 0, 85, 85, 3, 21, 21, 0, 1.0, 1.14286, 1.0, 0, 1207, 1354, 0, 1571, 4.4, 2000, 0, 1, 0, 0, 0, 0, 0, 0, 0, 1207, 1354, 1571, 6, 0, 47287, 47287, 0, 0, 0, 0, 0, 0, 0, 0, 0, 0, 0, 0, 0, 0, 0, 0, 0, 2526, 2526, "SmartAI", 1, 1, 2.0, 0.0, 1.0, 0, 0, 0, 0, 0, 0, 0, 0, 1, 0, 0, 0, "", "13623");
UPDATE creature_template SET pickpocketloot=47287 WHERE entry=47287;
DELETE FROM `pickpocketing_loot_template` WHERE `entry` = 47287;
INSERT INTO `pickpocketing_loot_template` (`entry`, `item`, `ChanceOrQuestChance`, `lootmode`, `groupid`, `mincountOrRef`, `maxcount`) VALUES
(47287, '63296', '2', '1', '0', '1', '1'),
(47287, '63349', '2', '1', '0', '1', '1'),
(47287, '63313', '2', '1', '0', '1', '1'),
(47287, '58267', '1.5', '1', '0', '1', '1'),
(47287, '63300', '0.6', '1', '0', '1', '1');

DELETE FROM `creature_template` WHERE `entry`=46608;
INSERT INTO `creature_template` ( `entry`, `difficulty_entry_1`, `difficulty_entry_2`, `difficulty_entry_3`, `KillCredit1`, `KillCredit2`, `modelid1`, `modelid2`, `modelid3`, `modelid4`, `name`, `subname`, `IconName`, `gossip_menu_id`, `minlevel`, `maxlevel`, `exp`, `faction_A`, `faction_H`, `npcflag`, `speed_walk`, `speed_run`, `scale`, `rank`, `mindmg`, `maxdmg`, `dmgschool`, `attackpower`, `dmg_multiplier`, `baseattacktime`, `rangeattacktime`, `unit_class`, `unit_flags`, `dynamicflags`, `family`, `trainer_type`, `trainer_spell`, `trainer_class`, `trainer_race`, `minrangedmg`, `maxrangedmg`, `rangedattackpower`, `type`, `type_flags`, `lootid`, `pickpocketloot`, `skinloot`, `resistance1`, `resistance2`, `resistance3`, `resistance4`, `resistance5`, `resistance6`, `spell1`, `spell2`, `spell3`, `spell4`, `spell5`, `spell6`, `spell7`, `spell8`, `PetSpellDataId`, `VehicleId`, `mingold`, `maxgold`, `AIName`, `MovementType`, `InhabitType`, `Health_mod`, `Mana_mod`, `Armor_mod`, `RacialLeader`, `questItem1`, `questItem2`, `questItem3`, `questItem4`, `questItem5`, `questItem6`, `movementId`, `RegenHealth`, `equipment_id`, `mechanic_immune_mask`, `flags_extra`, `ScriptName`, `WDBVerified`) VALUES ( 46608, 0, 0, 0, 0, 0, 37179, 0, 0, 0, "Tank", "", "", 0, 85, 85, 3, 16, 16, 0, 1.0, 1.14286, 1.0, 1, 1207, 1354, 0, 1571, 7.9, 2000, 0, 1, 32768, 132, 0, 0, 0, 0, 0, 1207, 1354, 1571, 1, 4, 46608, 0, 46608, 0, 0, 0, 0, 0, 0, 0, 0, 0, 0, 0, 0, 0, 0, 0, 0, 0, 0, "SmartAI", 2, 2, 6.0, 1.0, 1.0, 0, 0, 0, 0, 0, 0, 0, 0, 1, 0, 0, 0, "", "13623");
UPDATE creature_template SET skinloot=46608 WHERE entry=46608;
DELETE FROM `skinning_loot_template` WHERE `entry` = 46608;
INSERT INTO `skinning_loot_template` (`entry`, `item`, `ChanceOrQuestChance`, `lootmode`, `groupid`, `mincountOrRef`, `maxcount`) VALUES
(46608, '52976', '68', '1', '0', '1', '8'),
(46608, '52982', '31', '1', '1', '1', '6');

DELETE FROM `creature_template` WHERE `entry`=47657;
INSERT INTO `creature_template` ( `entry`, `difficulty_entry_1`, `difficulty_entry_2`, `difficulty_entry_3`, `KillCredit1`, `KillCredit2`, `modelid1`, `modelid2`, `modelid3`, `modelid4`, `name`, `subname`, `IconName`, `gossip_menu_id`, `minlevel`, `maxlevel`, `exp`, `faction_A`, `faction_H`, `npcflag`, `speed_walk`, `speed_run`, `scale`, `rank`, `mindmg`, `maxdmg`, `dmgschool`, `attackpower`, `dmg_multiplier`, `baseattacktime`, `rangeattacktime`, `unit_class`, `unit_flags`, `dynamicflags`, `family`, `trainer_type`, `trainer_spell`, `trainer_class`, `trainer_race`, `minrangedmg`, `maxrangedmg`, `rangedattackpower`, `type`, `type_flags`, `lootid`, `pickpocketloot`, `skinloot`, `resistance1`, `resistance2`, `resistance3`, `resistance4`, `resistance5`, `resistance6`, `spell1`, `spell2`, `spell3`, `spell4`, `spell5`, `spell6`, `spell7`, `spell8`, `PetSpellDataId`, `VehicleId`, `mingold`, `maxgold`, `AIName`, `MovementType`, `InhabitType`, `Health_mod`, `Mana_mod`, `Armor_mod`, `RacialLeader`, `questItem1`, `questItem2`, `questItem3`, `questItem4`, `questItem5`, `questItem6`, `movementId`, `RegenHealth`, `equipment_id`, `mechanic_immune_mask`, `flags_extra`, `ScriptName`, `WDBVerified`) VALUES ( 47657, 0, 0, 0, 47664, 0, 2584, 2585, 2579, 2578, "Suspicious Villager", "", "", 0, 85, 85, 3, 16, 16, 0, 1.0, 1.14286, 1.0, 0, 1207, 1354, 0, 1571, 2.3, 2000, 0, 1, 0, 0, 0, 0, 0, 0, 0, 1207, 1354, 1571, 7, 0, 47657, 47657, 0, 0, 0, 0, 0, 0, 0, 0, 0, 0, 0, 0, 0, 0, 0, 0, 0, 2523, 2523, "SmartAI", 1, 3, 1.0, 0.0, 1.0, 0, 0, 0, 0, 0, 0, 0, 0, 1, 0, 0, 0, "", "13623");
UPDATE creature_template SET pickpocketloot=47657 WHERE entry=47657;
DELETE FROM `pickpocketing_loot_template` WHERE `entry` = 47657;
INSERT INTO `pickpocketing_loot_template` (`entry`, `item`, `ChanceOrQuestChance`, `lootmode`, `groupid`, `mincountOrRef`, `maxcount`) VALUES
(47657, '63291', '15', '1', '0', '1', '1'),
(47657, '63349', '15', '1', '0', '1', '1'),
(47657, '63348', '15', '1', '0', '1', '1'),
(47657, '63317', '15', '1', '0', '1', '1'),
(47657, '58269', '12', '1', '0', '1', '1'),
(47657, '63310', '8', '1', '0', '1', '1'),
(47657, '63300', '5', '1', '0', '1', '1'),
(47657, '63316', '1.6', '1', '0', '1', '1'),
(47657, '63318', '0.7', '1', '0', '1', '1');

DELETE FROM `creature_template` WHERE `entry`=47659;
INSERT INTO `creature_template` ( `entry`, `difficulty_entry_1`, `difficulty_entry_2`, `difficulty_entry_3`, `KillCredit1`, `KillCredit2`, `modelid1`, `modelid2`, `modelid3`, `modelid4`, `name`, `subname`, `IconName`, `gossip_menu_id`, `minlevel`, `maxlevel`, `exp`, `faction_A`, `faction_H`, `npcflag`, `speed_walk`, `speed_run`, `scale`, `rank`, `mindmg`, `maxdmg`, `dmgschool`, `attackpower`, `dmg_multiplier`, `baseattacktime`, `rangeattacktime`, `unit_class`, `unit_flags`, `dynamicflags`, `family`, `trainer_type`, `trainer_spell`, `trainer_class`, `trainer_race`, `minrangedmg`, `maxrangedmg`, `rangedattackpower`, `type`, `type_flags`, `lootid`, `pickpocketloot`, `skinloot`, `resistance1`, `resistance2`, `resistance3`, `resistance4`, `resistance5`, `resistance6`, `spell1`, `spell2`, `spell3`, `spell4`, `spell5`, `spell6`, `spell7`, `spell8`, `PetSpellDataId`, `VehicleId`, `mingold`, `maxgold`, `AIName`, `MovementType`, `InhabitType`, `Health_mod`, `Mana_mod`, `Armor_mod`, `RacialLeader`, `questItem1`, `questItem2`, `questItem3`, `questItem4`, `questItem5`, `questItem6`, `movementId`, `RegenHealth`, `equipment_id`, `mechanic_immune_mask`, `flags_extra`, `ScriptName`, `WDBVerified`) VALUES ( 47659, 0, 0, 0, 47664, 0, 2590, 2581, 18889, 21905, "Apprehensive Worker", "", "", 0, 85, 85, 3, 16, 16, 0, 1.0, 1.14286, 1.0, 0, 1207, 1354, 0, 1571, 2.0, 2000, 0, 1, 0, 0, 0, 0, 0, 0, 0, 1207, 1354, 1571, 7, 0, 47659, 47659, 0, 0, 0, 0, 0, 0, 0, 0, 0, 0, 0, 0, 0, 0, 0, 0, 0, 2523, 2523, "SmartAI", 0, 1, 1.0, 0.0, 1.0, 0, 0, 0, 0, 0, 0, 0, 0, 1, 0, 0, 0, "", "13623");
UPDATE creature_template SET pickpocketloot=47659 WHERE entry=47659;
DELETE FROM `pickpocketing_loot_template` WHERE `entry` = 47659;
INSERT INTO `pickpocketing_loot_template` (`entry`, `item`, `ChanceOrQuestChance`, `lootmode`, `groupid`, `mincountOrRef`, `maxcount`) VALUES
(47659, '63349', '11', '1', '0', '1', '1'),
(47659, '63275', '10', '1', '0', '1', '1'),
(47659, '63273', '10', '1', '0', '1', '1'),
(47659, '63274', '10', '1', '0', '1', '1'),
(47659, '63272', '5', '1', '0', '1', '1'),
(47659, '58261', '4', '1', '0', '1', '1'),
(47659, '63300', '4', '1', '0', '1', '1'),
(47659, '63271', '4', '1', '0', '1', '1'),
(47659, '58259', '3', '1', '0', '1', '1'),
(47659, '68196', '0.6', '1', '0', '1', '1');

DELETE FROM `creature_template` WHERE `entry`=47627;
INSERT INTO `creature_template` ( `entry`, `difficulty_entry_1`, `difficulty_entry_2`, `difficulty_entry_3`, `KillCredit1`, `KillCredit2`, `modelid1`, `modelid2`, `modelid3`, `modelid4`, `name`, `subname`, `IconName`, `gossip_menu_id`, `minlevel`, `maxlevel`, `exp`, `faction_A`, `faction_H`, `npcflag`, `speed_walk`, `speed_run`, `scale`, `rank`, `mindmg`, `maxdmg`, `dmgschool`, `attackpower`, `dmg_multiplier`, `baseattacktime`, `rangeattacktime`, `unit_class`, `unit_flags`, `dynamicflags`, `family`, `trainer_type`, `trainer_spell`, `trainer_class`, `trainer_race`, `minrangedmg`, `maxrangedmg`, `rangedattackpower`, `type`, `type_flags`, `lootid`, `pickpocketloot`, `skinloot`, `resistance1`, `resistance2`, `resistance3`, `resistance4`, `resistance5`, `resistance6`, `spell1`, `spell2`, `spell3`, `spell4`, `spell5`, `spell6`, `spell7`, `spell8`, `PetSpellDataId`, `VehicleId`, `mingold`, `maxgold`, `AIName`, `MovementType`, `InhabitType`, `Health_mod`, `Mana_mod`, `Armor_mod`, `RacialLeader`, `questItem1`, `questItem2`, `questItem3`, `questItem4`, `questItem5`, `questItem6`, `movementId`, `RegenHealth`, `equipment_id`, `mechanic_immune_mask`, `flags_extra`, `ScriptName`, `WDBVerified`) VALUES ( 47627, 0, 0, 0, 47664, 0, 35737, 0, 0, 0, "Rustberg Bandit", "", "", 0, 85, 85, 3, 16, 16, 0, 1.0, 1.14286, 1.0, 0, 1207, 1354, 0, 1571, 2.2, 2000, 0, 4, 32768, 0, 0, 0, 0, 0, 0, 1207, 1354, 1571, 7, 0, 47627, 47627, 0, 0, 0, 0, 0, 0, 0, 0, 0, 0, 0, 0, 0, 0, 0, 0, 0, 2521, 2521, "SmartAI", 1, 1, 1.0, 0.0, 1.0, 0, 0, 0, 0, 0, 0, 0, 0, 1, 0, 0, 0, "", "13623");
UPDATE creature_template SET pickpocketloot=47627 WHERE entry=47627;
DELETE FROM `pickpocketing_loot_template` WHERE `entry` = 47627;
INSERT INTO `pickpocketing_loot_template` (`entry`, `item`, `ChanceOrQuestChance`, `lootmode`, `groupid`, `mincountOrRef`, `maxcount`) VALUES
(47627, '63291', '14', '1', '0', '1', '1'),
(47627, '63349', '13', '1', '0', '1', '1'),
(47627, '63348', '13', '1', '0', '1', '1'),
(47627, '63317', '13', '1', '0', '1', '1'),
(47627, '58269', '10', '1', '0', '1', '1'),
(47627, '63310', '6', '1', '0', '1', '1'),
(47627, '63300', '4', '1', '0', '1', '1'),
(47627, '63316', '1.1', '1', '0', '1', '1'),
(47627, '63318', '0.6', '1', '0', '1', '1');

DELETE FROM `creature_template` WHERE `entry`=47680;
INSERT INTO `creature_template` ( `entry`, `difficulty_entry_1`, `difficulty_entry_2`, `difficulty_entry_3`, `KillCredit1`, `KillCredit2`, `modelid1`, `modelid2`, `modelid3`, `modelid4`, `name`, `subname`, `IconName`, `gossip_menu_id`, `minlevel`, `maxlevel`, `exp`, `faction_A`, `faction_H`, `npcflag`, `speed_walk`, `speed_run`, `scale`, `rank`, `mindmg`, `maxdmg`, `dmgschool`, `attackpower`, `dmg_multiplier`, `baseattacktime`, `rangeattacktime`, `unit_class`, `unit_flags`, `dynamicflags`, `family`, `trainer_type`, `trainer_spell`, `trainer_class`, `trainer_race`, `minrangedmg`, `maxrangedmg`, `rangedattackpower`, `type`, `type_flags`, `lootid`, `pickpocketloot`, `skinloot`, `resistance1`, `resistance2`, `resistance3`, `resistance4`, `resistance5`, `resistance6`, `spell1`, `spell2`, `spell3`, `spell4`, `spell5`, `spell6`, `spell7`, `spell8`, `PetSpellDataId`, `VehicleId`, `mingold`, `maxgold`, `AIName`, `MovementType`, `InhabitType`, `Health_mod`, `Mana_mod`, `Armor_mod`, `RacialLeader`, `questItem1`, `questItem2`, `questItem3`, `questItem4`, `questItem5`, `questItem6`, `movementId`, `RegenHealth`, `equipment_id`, `mechanic_immune_mask`, `flags_extra`, `ScriptName`, `WDBVerified`) VALUES ( 47680, 0, 0, 0, 0, 0, 34160, 0, 0, 0, "Rustberg Gull", "", "", 0, 5, 5, 0, 15, 15, 0, 1.0, 0.857143, 1.0, 0, 9, 13, 0, 61, 1.0, 2000, 0, 1, 0, 0, 26, 0, 0, 0, 0, 9, 13, 61, 1, 1, 0, 0, 0, 0, 0, 0, 0, 0, 0, 0, 0, 0, 0, 0, 0, 0, 0, 0, 0, 0, 0, "SmartAI", 1, 4, 1.6863, 0.0, 1.0, 0, 0, 0, 0, 0, 0, 0, 100, 1, 0, 0, 0, "", "13623");

DELETE FROM `creature_template` WHERE `entry`=47642;
INSERT INTO `creature_template` ( `entry`, `difficulty_entry_1`, `difficulty_entry_2`, `difficulty_entry_3`, `KillCredit1`, `KillCredit2`, `modelid1`, `modelid2`, `modelid3`, `modelid4`, `name`, `subname`, `IconName`, `gossip_menu_id`, `minlevel`, `maxlevel`, `exp`, `faction_A`, `faction_H`, `npcflag`, `speed_walk`, `speed_run`, `scale`, `rank`, `mindmg`, `maxdmg`, `dmgschool`, `attackpower`, `dmg_multiplier`, `baseattacktime`, `rangeattacktime`, `unit_class`, `unit_flags`, `dynamicflags`, `family`, `trainer_type`, `trainer_spell`, `trainer_class`, `trainer_race`, `minrangedmg`, `maxrangedmg`, `rangedattackpower`, `type`, `type_flags`, `lootid`, `pickpocketloot`, `skinloot`, `resistance1`, `resistance2`, `resistance3`, `resistance4`, `resistance5`, `resistance6`, `spell1`, `spell2`, `spell3`, `spell4`, `spell5`, `spell6`, `spell7`, `spell8`, `PetSpellDataId`, `VehicleId`, `mingold`, `maxgold`, `AIName`, `MovementType`, `InhabitType`, `Health_mod`, `Mana_mod`, `Armor_mod`, `RacialLeader`, `questItem1`, `questItem2`, `questItem3`, `questItem4`, `questItem5`, `questItem6`, `movementId`, `RegenHealth`, `equipment_id`, `mechanic_immune_mask`, `flags_extra`, `ScriptName`, `WDBVerified`) VALUES ( 47642, 0, 0, 0, 47664, 0, 35663, 0, 0, 0, "Rustberg Fisherman", "", "", 0, 85, 85, 3, 16, 16, 0, 1.0, 1.14286, 1.0, 0, 1207, 1354, 0, 1571, 2.3, 2000, 0, 2, 0, 0, 0, 0, 0, 0, 0, 1207, 1354, 1571, 7, 0, 47642, 47642, 0, 0, 0, 0, 0, 0, 0, 0, 0, 0, 0, 0, 0, 0, 0, 0, 0, 2524, 2524, "SmartAI", 1, 1, 1.0, 2.019, 1.0, 0, 63047, 0, 0, 0, 0, 0, 0, 1, 0, 0, 0, "", "13623");
UPDATE creature_template SET pickpocketloot=47642 WHERE entry=47642;
DELETE FROM `pickpocketing_loot_template` WHERE `entry` = 47642;
INSERT INTO `pickpocketing_loot_template` (`entry`, `item`, `ChanceOrQuestChance`, `lootmode`, `groupid`, `mincountOrRef`, `maxcount`) VALUES
(47642, '63291', '14', '1', '0', '1', '1'),
(47642, '63349', '13', '1', '0', '1', '1'),
(47642, '63348', '13', '1', '0', '1', '1'),
(47642, '63317', '13', '1', '0', '1', '1'),
(47642, '58269', '10', '1', '0', '1', '1'),
(47642, '63310', '7', '1', '0', '1', '1'),
(47642, '63300', '4', '1', '0', '1', '1'),
(47642, '63316', '1.4', '1', '0', '1', '1'),
(47642, '63318', '0.7', '1', '0', '1', '1');

DELETE FROM `creature_template` WHERE `entry`=47181;
INSERT INTO `creature_template` ( `entry`, `difficulty_entry_1`, `difficulty_entry_2`, `difficulty_entry_3`, `KillCredit1`, `KillCredit2`, `modelid1`, `modelid2`, `modelid3`, `modelid4`, `name`, `subname`, `IconName`, `gossip_menu_id`, `minlevel`, `maxlevel`, `exp`, `faction_A`, `faction_H`, `npcflag`, `speed_walk`, `speed_run`, `scale`, `rank`, `mindmg`, `maxdmg`, `dmgschool`, `attackpower`, `dmg_multiplier`, `baseattacktime`, `rangeattacktime`, `unit_class`, `unit_flags`, `dynamicflags`, `family`, `trainer_type`, `trainer_spell`, `trainer_class`, `trainer_race`, `minrangedmg`, `maxrangedmg`, `rangedattackpower`, `type`, `type_flags`, `lootid`, `pickpocketloot`, `skinloot`, `resistance1`, `resistance2`, `resistance3`, `resistance4`, `resistance5`, `resistance6`, `spell1`, `spell2`, `spell3`, `spell4`, `spell5`, `spell6`, `spell7`, `spell8`, `PetSpellDataId`, `VehicleId`, `mingold`, `maxgold`, `AIName`, `MovementType`, `InhabitType`, `Health_mod`, `Mana_mod`, `Armor_mod`, `RacialLeader`, `questItem1`, `questItem2`, `questItem3`, `questItem4`, `questItem5`, `questItem6`, `movementId`, `RegenHealth`, `equipment_id`, `mechanic_immune_mask`, `flags_extra`, `ScriptName`, `WDBVerified`) VALUES ( 47181, 0, 0, 0, 47303, 0, 146, 0, 0, 0, "Overlook Spirit", "", "", 0, 85, 85, 3, 14, 14, 0, 1.11111, 1.14286, 1.0, 0, 1207, 1354, 0, 1571, 2.0, 2000, 0, 8, 32768, 0, 0, 0, 0, 0, 0, 1207, 1354, 1571, 6, 0, 47181, 0, 0, 0, 0, 0, 0, 0, 0, 0, 0, 0, 0, 0, 0, 0, 0, 0, 0, 2526, 2526, "SmartAI", 1, 1, 0.8457, 2.0006, 1.0, 0, 0, 0, 0, 0, 0, 0, 0, 1, 0, 0, 0, "", "13623");

DELETE FROM `creature_template` WHERE `entry`=47183;
INSERT INTO `creature_template` ( `entry`, `difficulty_entry_1`, `difficulty_entry_2`, `difficulty_entry_3`, `KillCredit1`, `KillCredit2`, `modelid1`, `modelid2`, `modelid3`, `modelid4`, `name`, `subname`, `IconName`, `gossip_menu_id`, `minlevel`, `maxlevel`, `exp`, `faction_A`, `faction_H`, `npcflag`, `speed_walk`, `speed_run`, `scale`, `rank`, `mindmg`, `maxdmg`, `dmgschool`, `attackpower`, `dmg_multiplier`, `baseattacktime`, `rangeattacktime`, `unit_class`, `unit_flags`, `dynamicflags`, `family`, `trainer_type`, `trainer_spell`, `trainer_class`, `trainer_race`, `minrangedmg`, `maxrangedmg`, `rangedattackpower`, `type`, `type_flags`, `lootid`, `pickpocketloot`, `skinloot`, `resistance1`, `resistance2`, `resistance3`, `resistance4`, `resistance5`, `resistance6`, `spell1`, `spell2`, `spell3`, `spell4`, `spell5`, `spell6`, `spell7`, `spell8`, `PetSpellDataId`, `VehicleId`, `mingold`, `maxgold`, `AIName`, `MovementType`, `InhabitType`, `Health_mod`, `Mana_mod`, `Armor_mod`, `RacialLeader`, `questItem1`, `questItem2`, `questItem3`, `questItem4`, `questItem5`, `questItem6`, `movementId`, `RegenHealth`, `equipment_id`, `mechanic_immune_mask`, `flags_extra`, `ScriptName`, `WDBVerified`) VALUES ( 47183, 0, 0, 0, 47303, 0, 19601, 0, 0, 0, "Ghastly Worker", "", "", 0, 85, 85, 3, 14, 14, 0, 1.0, 1.14286, 1.0, 0, 1207, 1354, 0, 1571, 2.0, 2000, 0, 1, 32768, 4, 0, 0, 0, 0, 0, 1207, 1354, 1571, 6, 0, 47183, 47183, 0, 0, 0, 0, 0, 0, 0, 0, 0, 0, 0, 0, 0, 0, 0, 0, 0, 2523, 2523, "SmartAI", 0, 1, 1.0, 0.0, 1.0, 0, 0, 0, 0, 0, 0, 0, 0, 1, 0, 0, 0, "", "13623");
UPDATE creature_template SET pickpocketloot=47183 WHERE entry=47183;
DELETE FROM `pickpocketing_loot_template` WHERE `entry` = 47183;
INSERT INTO `pickpocketing_loot_template` (`entry`, `item`, `ChanceOrQuestChance`, `lootmode`, `groupid`, `mincountOrRef`, `maxcount`) VALUES
(47183, '63349', '12', '1', '0', '1', '1'),
(47183, '63275', '12', '1', '0', '1', '1'),
(47183, '63273', '12', '1', '0', '1', '1'),
(47183, '63274', '11', '1', '0', '1', '1'),
(47183, '63272', '6', '1', '0', '1', '1'),
(47183, '58261', '5', '1', '0', '1', '1'),
(47183, '63300', '4', '1', '0', '1', '1'),
(47183, '63271', '4', '1', '0', '1', '1'),
(47183, '58259', '4', '1', '0', '1', '1'),
(47183, '68196', '0.8', '1', '0', '1', '1');

DELETE FROM `creature_template` WHERE `entry`=47304;
INSERT INTO `creature_template` ( `entry`, `difficulty_entry_1`, `difficulty_entry_2`, `difficulty_entry_3`, `KillCredit1`, `KillCredit2`, `modelid1`, `modelid2`, `modelid3`, `modelid4`, `name`, `subname`, `IconName`, `gossip_menu_id`, `minlevel`, `maxlevel`, `exp`, `faction_A`, `faction_H`, `npcflag`, `speed_walk`, `speed_run`, `scale`, `rank`, `mindmg`, `maxdmg`, `dmgschool`, `attackpower`, `dmg_multiplier`, `baseattacktime`, `rangeattacktime`, `unit_class`, `unit_flags`, `dynamicflags`, `family`, `trainer_type`, `trainer_spell`, `trainer_class`, `trainer_race`, `minrangedmg`, `maxrangedmg`, `rangedattackpower`, `type`, `type_flags`, `lootid`, `pickpocketloot`, `skinloot`, `resistance1`, `resistance2`, `resistance3`, `resistance4`, `resistance5`, `resistance6`, `spell1`, `spell2`, `spell3`, `spell4`, `spell5`, `spell6`, `spell7`, `spell8`, `PetSpellDataId`, `VehicleId`, `mingold`, `maxgold`, `AIName`, `MovementType`, `InhabitType`, `Health_mod`, `Mana_mod`, `Armor_mod`, `RacialLeader`, `questItem1`, `questItem2`, `questItem3`, `questItem4`, `questItem5`, `questItem6`, `movementId`, `RegenHealth`, `equipment_id`, `mechanic_immune_mask`, `flags_extra`, `ScriptName`, `WDBVerified`) VALUES ( 47304, 0, 0, 0, 0, 0, 35527, 0, 0, 0, "Commander Largo", "", "", 0, 85, 85, 3, 14, 14, 0, 1.0, 1.14286, 1.0, 0, 1207, 1354, 0, 1571, 4.9, 2000, 2000, 2, 0, 0, 0, 0, 0, 0, 0, 1207, 1354, 1571, 6, 0, 47304, 47304, 0, 0, 0, 0, 0, 0, 0, 0, 0, 0, 0, 0, 0, 0, 0, 0, 0, 2526, 2526, "SmartAI", 0, 3, 2.0, 2.019, 1.0, 0, 0, 0, 0, 0, 0, 0, 0, 1, 0, 0, 0, "", "13623");
UPDATE creature_template SET pickpocketloot=47304 WHERE entry=47304;
DELETE FROM `pickpocketing_loot_template` WHERE `entry` = 47304;
INSERT INTO `pickpocketing_loot_template` (`entry`, `item`, `ChanceOrQuestChance`, `lootmode`, `groupid`, `mincountOrRef`, `maxcount`) VALUES
(47304, '63296', '2', '1', '0', '1', '1'),
(47304, '63349', '2', '1', '0', '1', '1'),
(47304, '63313', '1.7', '1', '0', '1', '1'),
(47304, '58267', '1.7', '1', '0', '1', '1'),
(47304, '63300', '0.8', '1', '0', '1', '1');

DELETE FROM `creature_template` WHERE `entry`=47373;
INSERT INTO `creature_template` ( `entry`, `difficulty_entry_1`, `difficulty_entry_2`, `difficulty_entry_3`, `KillCredit1`, `KillCredit2`, `modelid1`, `modelid2`, `modelid3`, `modelid4`, `name`, `subname`, `IconName`, `gossip_menu_id`, `minlevel`, `maxlevel`, `exp`, `faction_A`, `faction_H`, `npcflag`, `speed_walk`, `speed_run`, `scale`, `rank`, `mindmg`, `maxdmg`, `dmgschool`, `attackpower`, `dmg_multiplier`, `baseattacktime`, `rangeattacktime`, `unit_class`, `unit_flags`, `dynamicflags`, `family`, `trainer_type`, `trainer_spell`, `trainer_class`, `trainer_race`, `minrangedmg`, `maxrangedmg`, `rangedattackpower`, `type`, `type_flags`, `lootid`, `pickpocketloot`, `skinloot`, `resistance1`, `resistance2`, `resistance3`, `resistance4`, `resistance5`, `resistance6`, `spell1`, `spell2`, `spell3`, `spell4`, `spell5`, `spell6`, `spell7`, `spell8`, `PetSpellDataId`, `VehicleId`, `mingold`, `maxgold`, `AIName`, `MovementType`, `InhabitType`, `Health_mod`, `Mana_mod`, `Armor_mod`, `RacialLeader`, `questItem1`, `questItem2`, `questItem3`, `questItem4`, `questItem5`, `questItem6`, `movementId`, `RegenHealth`, `equipment_id`, `mechanic_immune_mask`, `flags_extra`, `ScriptName`, `WDBVerified`) VALUES ( 47373, 0, 0, 0, 0, 0, 37243, 37244, 37245, 37246, "Warden's Sentry", "", "", 0, 85, 85, 3, 2354, 2354, 0, 1.0, 1.38571, 1.0, 0, 1207, 1354, 0, 1571, 4.0, 2000, 0, 1, 32768, 0, 0, 0, 0, 0, 0, 1207, 1354, 1571, 7, 0, 47373, 47373, 0, 0, 0, 0, 0, 0, 0, 0, 0, 0, 0, 0, 0, 0, 0, 0, 0, 2558, 2558, "SmartAI", 1, 1, 0.5, 0.0, 1.0, 0, 0, 0, 0, 0, 0, 0, 0, 1, 0, 0, 0, "", "13623");
UPDATE creature_template SET pickpocketloot=47373 WHERE entry=47373;
DELETE FROM `pickpocketing_loot_template` WHERE `entry` = 47373;
INSERT INTO `pickpocketing_loot_template` (`entry`, `item`, `ChanceOrQuestChance`, `lootmode`, `groupid`, `mincountOrRef`, `maxcount`) VALUES
(47373, '63349', '4', '1', '0', '1', '1'),
(47373, '63275', '3', '1', '0', '1', '1'),
(47373, '63273', '3', '1', '0', '1', '1'),
(47373, '63274', '3', '1', '0', '1', '1'),
(47373, '63272', '1.9', '1', '0', '1', '1'),
(47373, '58261', '1.7', '1', '0', '1', '1'),
(47373, '63300', '1.1', '1', '0', '1', '1'),
(47373, '63271', '1', '1', '0', '1', '1'),
(47373, '58259', '0.9', '1', '0', '1', '1'),
(47373, '68196', '0.6', '1', '0', '1', '1');

DELETE FROM `creature_template` WHERE `entry`=48253;
INSERT INTO `creature_template` ( `entry`, `difficulty_entry_1`, `difficulty_entry_2`, `difficulty_entry_3`, `KillCredit1`, `KillCredit2`, `modelid1`, `modelid2`, `modelid3`, `modelid4`, `name`, `subname`, `IconName`, `gossip_menu_id`, `minlevel`, `maxlevel`, `exp`, `faction_A`, `faction_H`, `npcflag`, `speed_walk`, `speed_run`, `scale`, `rank`, `mindmg`, `maxdmg`, `dmgschool`, `attackpower`, `dmg_multiplier`, `baseattacktime`, `rangeattacktime`, `unit_class`, `unit_flags`, `dynamicflags`, `family`, `trainer_type`, `trainer_spell`, `trainer_class`, `trainer_race`, `minrangedmg`, `maxrangedmg`, `rangedattackpower`, `type`, `type_flags`, `lootid`, `pickpocketloot`, `skinloot`, `resistance1`, `resistance2`, `resistance3`, `resistance4`, `resistance5`, `resistance6`, `spell1`, `spell2`, `spell3`, `spell4`, `spell5`, `spell6`, `spell7`, `spell8`, `PetSpellDataId`, `VehicleId`, `mingold`, `maxgold`, `AIName`, `MovementType`, `InhabitType`, `Health_mod`, `Mana_mod`, `Armor_mod`, `RacialLeader`, `questItem1`, `questItem2`, `questItem3`, `questItem4`, `questItem5`, `questItem6`, `movementId`, `RegenHealth`, `equipment_id`, `mechanic_immune_mask`, `flags_extra`, `ScriptName`, `WDBVerified`) VALUES ( 48253, 0, 0, 0, 0, 0, 37243, 37244, 37245, 37246, "Baradin Guard", "", "", 0, 85, 85, 3, 2376, 2376, 0, 1.0, 1.14286, 1.0, 0, 1207, 1354, 0, 1571, 7.5, 2000, 0, 1, 32768, 0, 0, 0, 0, 0, 0, 1207, 1354, 1571, 7, 0, 0, 0, 0, 0, 0, 0, 0, 0, 0, 0, 0, 0, 0, 0, 0, 0, 0, 0, 0, 0, 0, "SmartAI", 1, 1, 12.0, 0.0, 1.0, 0, 0, 0, 0, 0, 0, 0, 0, 1, 0, 0, 0, "", "13623");

DELETE FROM `creature_template` WHERE `entry`=50161;
INSERT INTO `creature_template` ( `entry`, `difficulty_entry_1`, `difficulty_entry_2`, `difficulty_entry_3`, `KillCredit1`, `KillCredit2`, `modelid1`, `modelid2`, `modelid3`, `modelid4`, `name`, `subname`, `IconName`, `gossip_menu_id`, `minlevel`, `maxlevel`, `exp`, `faction_A`, `faction_H`, `npcflag`, `speed_walk`, `speed_run`, `scale`, `rank`, `mindmg`, `maxdmg`, `dmgschool`, `attackpower`, `dmg_multiplier`, `baseattacktime`, `rangeattacktime`, `unit_class`, `unit_flags`, `dynamicflags`, `family`, `trainer_type`, `trainer_spell`, `trainer_class`, `trainer_race`, `minrangedmg`, `maxrangedmg`, `rangedattackpower`, `type`, `type_flags`, `lootid`, `pickpocketloot`, `skinloot`, `resistance1`, `resistance2`, `resistance3`, `resistance4`, `resistance5`, `resistance6`, `spell1`, `spell2`, `spell3`, `spell4`, `spell5`, `spell6`, `spell7`, `spell8`, `PetSpellDataId`, `VehicleId`, `mingold`, `maxgold`, `AIName`, `MovementType`, `InhabitType`, `Health_mod`, `Mana_mod`, `Armor_mod`, `RacialLeader`, `questItem1`, `questItem2`, `questItem3`, `questItem4`, `questItem5`, `questItem6`, `movementId`, `RegenHealth`, `equipment_id`, `mechanic_immune_mask`, `flags_extra`, `ScriptName`, `WDBVerified`) VALUES ( 50161, 0, 0, 0, 0, 0, 36729, 0, 0, 0, "Dar Rummond", "Tol Barad Battle-Mage", "", 0, 85, 85, 3, 2354, 2354, 3, 1.0, 1.14286, 1.0, 0, 1207, 1354, 0, 1571, 2.0, 2000, 0, 8, 33536, 0, 0, 0, 0, 0, 0, 1207, 1354, 1571, 7, 0, 0, 0, 0, 0, 0, 0, 0, 0, 0, 0, 0, 0, 0, 0, 0, 0, 0, 0, 0, 0, 0, "SmartAI", 0, 1, 0.8457, 2.0006, 1.0, 0, 0, 0, 0, 0, 0, 0, 0, 1, 0, 0, 0, "npc_tol_barad_battlemage", "13623");

DELETE FROM `creature_template` WHERE `entry`=52015;
INSERT INTO `creature_template` ( `entry`, `difficulty_entry_1`, `difficulty_entry_2`, `difficulty_entry_3`, `KillCredit1`, `KillCredit2`, `modelid1`, `modelid2`, `modelid3`, `modelid4`, `name`, `subname`, `IconName`, `gossip_menu_id`, `minlevel`, `maxlevel`, `exp`, `faction_A`, `faction_H`, `npcflag`, `speed_walk`, `speed_run`, `scale`, `rank`, `mindmg`, `maxdmg`, `dmgschool`, `attackpower`, `dmg_multiplier`, `baseattacktime`, `rangeattacktime`, `unit_class`, `unit_flags`, `dynamicflags`, `family`, `trainer_type`, `trainer_spell`, `trainer_class`, `trainer_race`, `minrangedmg`, `maxrangedmg`, `rangedattackpower`, `type`, `type_flags`, `lootid`, `pickpocketloot`, `skinloot`, `resistance1`, `resistance2`, `resistance3`, `resistance4`, `resistance5`, `resistance6`, `spell1`, `spell2`, `spell3`, `spell4`, `spell5`, `spell6`, `spell7`, `spell8`, `PetSpellDataId`, `VehicleId`, `mingold`, `maxgold`, `AIName`, `MovementType`, `InhabitType`, `Health_mod`, `Mana_mod`, `Armor_mod`, `RacialLeader`, `questItem1`, `questItem2`, `questItem3`, `questItem4`, `questItem5`, `questItem6`, `movementId`, `RegenHealth`, `equipment_id`, `mechanic_immune_mask`, `flags_extra`, `ScriptName`, `WDBVerified`) VALUES ( 52015, 0, 0, 0, 0, 0, 37250, 0, 0, 0, "Captain Jake Sones", "", "", 12419, 85, 85, 3, 2354, 2354, 3, 1.0, 1.14286, 1.0, 0, 1207, 1354, 0, 1571, 2.0, 2000, 0, 1, 33536, 0, 0, 0, 0, 0, 0, 1207, 1354, 1571, 7, 4096, 0, 0, 0, 0, 0, 0, 0, 0, 0, 0, 0, 0, 0, 0, 0, 0, 0, 0, 0, 0, 0, "", 0, 3, 1.0, 0.0, 1.0, 0, 0, 0, 0, 0, 0, 0, 0, 1, 0, 0, 0, "", "15595");

DELETE FROM `creature_template` WHERE `entry`=48250;
INSERT INTO `creature_template` ( `entry`, `difficulty_entry_1`, `difficulty_entry_2`, `difficulty_entry_3`, `KillCredit1`, `KillCredit2`, `modelid1`, `modelid2`, `modelid3`, `modelid4`, `name`, `subname`, `IconName`, `gossip_menu_id`, `minlevel`, `maxlevel`, `exp`, `faction_A`, `faction_H`, `npcflag`, `speed_walk`, `speed_run`, `scale`, `rank`, `mindmg`, `maxdmg`, `dmgschool`, `attackpower`, `dmg_multiplier`, `baseattacktime`, `rangeattacktime`, `unit_class`, `unit_flags`, `dynamicflags`, `family`, `trainer_type`, `trainer_spell`, `trainer_class`, `trainer_race`, `minrangedmg`, `maxrangedmg`, `rangedattackpower`, `type`, `type_flags`, `lootid`, `pickpocketloot`, `skinloot`, `resistance1`, `resistance2`, `resistance3`, `resistance4`, `resistance5`, `resistance6`, `spell1`, `spell2`, `spell3`, `spell4`, `spell5`, `spell6`, `spell7`, `spell8`, `PetSpellDataId`, `VehicleId`, `mingold`, `maxgold`, `AIName`, `MovementType`, `InhabitType`, `Health_mod`, `Mana_mod`, `Armor_mod`, `RacialLeader`, `questItem1`, `questItem2`, `questItem3`, `questItem4`, `questItem5`, `questItem6`, `movementId`, `RegenHealth`, `equipment_id`, `mechanic_immune_mask`, `flags_extra`, `ScriptName`, `WDBVerified`) VALUES ( 48250, 0, 0, 0, 0, 0, 37268, 0, 0, 0, "Lieutenant Farnsworth", "", "", 0, 85, 85, 3, 2354, 2354, 11, 1.0, 1.14286, 1.0, 0, 1207, 1354, 0, 1571, 2.0, 2000, 0, 1, 33536, 0, 0, 0, 0, 0, 0, 1207, 1354, 1571, 7, 4096, 0, 0, 0, 0, 0, 0, 0, 0, 0, 0, 0, 0, 0, 0, 0, 0, 0, 0, 0, 0, 0, "", 0, 1, 1.0, 0.0, 1.0, 0, 0, 0, 0, 0, 0, 0, 0, 1, 0, 0, 0, "", "13623");

DELETE FROM `creature_template` WHERE `entry`=51288;
INSERT INTO `creature_template` ( `entry`, `difficulty_entry_1`, `difficulty_entry_2`, `difficulty_entry_3`, `KillCredit1`, `KillCredit2`, `modelid1`, `modelid2`, `modelid3`, `modelid4`, `name`, `subname`, `IconName`, `gossip_menu_id`, `minlevel`, `maxlevel`, `exp`, `faction_A`, `faction_H`, `npcflag`, `speed_walk`, `speed_run`, `scale`, `rank`, `mindmg`, `maxdmg`, `dmgschool`, `attackpower`, `dmg_multiplier`, `baseattacktime`, `rangeattacktime`, `unit_class`, `unit_flags`, `dynamicflags`, `family`, `trainer_type`, `trainer_spell`, `trainer_class`, `trainer_race`, `minrangedmg`, `maxrangedmg`, `rangedattackpower`, `type`, `type_flags`, `lootid`, `pickpocketloot`, `skinloot`, `resistance1`, `resistance2`, `resistance3`, `resistance4`, `resistance5`, `resistance6`, `spell1`, `spell2`, `spell3`, `spell4`, `spell5`, `spell6`, `spell7`, `spell8`, `PetSpellDataId`, `VehicleId`, `mingold`, `maxgold`, `AIName`, `MovementType`, `InhabitType`, `Health_mod`, `Mana_mod`, `Armor_mod`, `RacialLeader`, `questItem1`, `questItem2`, `questItem3`, `questItem4`, `questItem5`, `questItem6`, `movementId`, `RegenHealth`, `equipment_id`, `mechanic_immune_mask`, `flags_extra`, `ScriptName`, `WDBVerified`) VALUES ( 51288, 0, 0, 0, 0, 0, 37269, 0, 0, 0, "Major Marsden", "", "", 0, 85, 85, 3, 2354, 2354, 3, 1.0, 1.14286, 1.0, 0, 1207, 1354, 0, 1571, 2.0, 2000, 0, 1, 33536, 0, 0, 0, 0, 0, 0, 1207, 1354, 1571, 7, 4096, 0, 0, 0, 0, 0, 0, 0, 0, 0, 0, 0, 0, 0, 0, 0, 0, 0, 0, 0, 0, 0, "", 0, 1, 1.0, 0.0, 1.0, 0, 0, 0, 0, 0, 0, 0, 0, 1, 0, 0, 0, "", "13623");

DELETE FROM `creature_template` WHERE `entry`=48251;
INSERT INTO `creature_template` ( `entry`, `difficulty_entry_1`, `difficulty_entry_2`, `difficulty_entry_3`, `KillCredit1`, `KillCredit2`, `modelid1`, `modelid2`, `modelid3`, `modelid4`, `name`, `subname`, `IconName`, `gossip_menu_id`, `minlevel`, `maxlevel`, `exp`, `faction_A`, `faction_H`, `npcflag`, `speed_walk`, `speed_run`, `scale`, `rank`, `mindmg`, `maxdmg`, `dmgschool`, `attackpower`, `dmg_multiplier`, `baseattacktime`, `rangeattacktime`, `unit_class`, `unit_flags`, `dynamicflags`, `family`, `trainer_type`, `trainer_spell`, `trainer_class`, `trainer_race`, `minrangedmg`, `maxrangedmg`, `rangedattackpower`, `type`, `type_flags`, `lootid`, `pickpocketloot`, `skinloot`, `resistance1`, `resistance2`, `resistance3`, `resistance4`, `resistance5`, `resistance6`, `spell1`, `spell2`, `spell3`, `spell4`, `spell5`, `spell6`, `spell7`, `spell8`, `PetSpellDataId`, `VehicleId`, `mingold`, `maxgold`, `AIName`, `MovementType`, `InhabitType`, `Health_mod`, `Mana_mod`, `Armor_mod`, `RacialLeader`, `questItem1`, `questItem2`, `questItem3`, `questItem4`, `questItem5`, `questItem6`, `movementId`, `RegenHealth`, `equipment_id`, `mechanic_immune_mask`, `flags_extra`, `ScriptName`, `WDBVerified`) VALUES ( 48251, 0, 0, 0, 0, 0, 37267, 0, 0, 0, "Kevin Geissler", "Armorsmith", "", 0, 85, 85, 3, 2354, 2354, 129, 1.0, 1.14286, 1.0, 0, 1207, 1354, 0, 1571, 2.0, 2000, 0, 1, 33536, 0, 0, 0, 0, 0, 0, 1207, 1354, 1571, 7, 4096, 0, 0, 0, 0, 0, 0, 0, 0, 0, 0, 0, 0, 0, 0, 0, 0, 0, 0, 0, 0, 0, "", 0, 1, 1.0, 0.0, 1.0, 0, 0, 0, 0, 0, 0, 0, 0, 1, 0, 0, 0, "", "13623");

DELETE FROM `creature_template` WHERE `entry`=48252;
INSERT INTO `creature_template` ( `entry`, `difficulty_entry_1`, `difficulty_entry_2`, `difficulty_entry_3`, `KillCredit1`, `KillCredit2`, `modelid1`, `modelid2`, `modelid3`, `modelid4`, `name`, `subname`, `IconName`, `gossip_menu_id`, `minlevel`, `maxlevel`, `exp`, `faction_A`, `faction_H`, `npcflag`, `speed_walk`, `speed_run`, `scale`, `rank`, `mindmg`, `maxdmg`, `dmgschool`, `attackpower`, `dmg_multiplier`, `baseattacktime`, `rangeattacktime`, `unit_class`, `unit_flags`, `dynamicflags`, `family`, `trainer_type`, `trainer_spell`, `trainer_class`, `trainer_race`, `minrangedmg`, `maxrangedmg`, `rangedattackpower`, `type`, `type_flags`, `lootid`, `pickpocketloot`, `skinloot`, `resistance1`, `resistance2`, `resistance3`, `resistance4`, `resistance5`, `resistance6`, `spell1`, `spell2`, `spell3`, `spell4`, `spell5`, `spell6`, `spell7`, `spell8`, `PetSpellDataId`, `VehicleId`, `mingold`, `maxgold`, `AIName`, `MovementType`, `InhabitType`, `Health_mod`, `Mana_mod`, `Armor_mod`, `RacialLeader`, `questItem1`, `questItem2`, `questItem3`, `questItem4`, `questItem5`, `questItem6`, `movementId`, `RegenHealth`, `equipment_id`, `mechanic_immune_mask`, `flags_extra`, `ScriptName`, `WDBVerified`) VALUES ( 48252, 0, 0, 0, 0, 0, 37247, 37248, 37249, 37250, "Baradin Recruit", "", "", 0, 85, 85, 3, 2354, 2354, 0, 1.0, 1.14286, 1.0, 0, 1207, 1354, 0, 1571, 2.0, 2000, 0, 1, 33536, 0, 0, 0, 0, 0, 0, 1207, 1354, 1571, 7, 4096, 0, 0, 0, 0, 0, 0, 0, 0, 0, 0, 0, 0, 0, 0, 0, 0, 0, 0, 0, 0, 0, "", 0, 1, 1.0, 0.0, 1.0, 0, 0, 0, 0, 0, 0, 0, 0, 1, 0, 0, 0, "", "13623");

DELETE FROM `creature_template` WHERE `entry`=47328;
INSERT INTO `creature_template` ( `entry`, `difficulty_entry_1`, `difficulty_entry_2`, `difficulty_entry_3`, `KillCredit1`, `KillCredit2`, `modelid1`, `modelid2`, `modelid3`, `modelid4`, `name`, `subname`, `IconName`, `gossip_menu_id`, `minlevel`, `maxlevel`, `exp`, `faction_A`, `faction_H`, `npcflag`, `speed_walk`, `speed_run`, `scale`, `rank`, `mindmg`, `maxdmg`, `dmgschool`, `attackpower`, `dmg_multiplier`, `baseattacktime`, `rangeattacktime`, `unit_class`, `unit_flags`, `dynamicflags`, `family`, `trainer_type`, `trainer_spell`, `trainer_class`, `trainer_race`, `minrangedmg`, `maxrangedmg`, `rangedattackpower`, `type`, `type_flags`, `lootid`, `pickpocketloot`, `skinloot`, `resistance1`, `resistance2`, `resistance3`, `resistance4`, `resistance5`, `resistance6`, `spell1`, `spell2`, `spell3`, `spell4`, `spell5`, `spell6`, `spell7`, `spell8`, `PetSpellDataId`, `VehicleId`, `mingold`, `maxgold`, `AIName`, `MovementType`, `InhabitType`, `Health_mod`, `Mana_mod`, `Armor_mod`, `RacialLeader`, `questItem1`, `questItem2`, `questItem3`, `questItem4`, `questItem5`, `questItem6`, `movementId`, `RegenHealth`, `equipment_id`, `mechanic_immune_mask`, `flags_extra`, `ScriptName`, `WDBVerified`) VALUES ( 47328, 0, 0, 0, 0, 0, 37251, 0, 0, 0, "Quartermaster Brazie", "Baradin's Wardens Quartermaster", "", 0, 85, 85, 3, 2354, 2354, 129, 1.0, 1.38571, 1.0, 0, 1207, 1354, 0, 1571, 2.0, 2000, 0, 1, 33536, 0, 0, 0, 0, 0, 0, 1207, 1354, 1571, 7, 4096, 0, 0, 0, 0, 0, 0, 0, 0, 0, 0, 0, 0, 0, 0, 0, 0, 0, 0, 0, 0, 0, "", 0, 1, 1.0, 0.0, 1.0, 0, 0, 0, 0, 0, 0, 0, 0, 1, 0, 0, 0, "", "13623");

DELETE FROM `creature_template` WHERE `entry`=50164;
INSERT INTO `creature_template` ( `entry`, `difficulty_entry_1`, `difficulty_entry_2`, `difficulty_entry_3`, `KillCredit1`, `KillCredit2`, `modelid1`, `modelid2`, `modelid3`, `modelid4`, `name`, `subname`, `IconName`, `gossip_menu_id`, `minlevel`, `maxlevel`, `exp`, `faction_A`, `faction_H`, `npcflag`, `speed_walk`, `speed_run`, `scale`, `rank`, `mindmg`, `maxdmg`, `dmgschool`, `attackpower`, `dmg_multiplier`, `baseattacktime`, `rangeattacktime`, `unit_class`, `unit_flags`, `dynamicflags`, `family`, `trainer_type`, `trainer_spell`, `trainer_class`, `trainer_race`, `minrangedmg`, `maxrangedmg`, `rangedattackpower`, `type`, `type_flags`, `lootid`, `pickpocketloot`, `skinloot`, `resistance1`, `resistance2`, `resistance3`, `resistance4`, `resistance5`, `resistance6`, `spell1`, `spell2`, `spell3`, `spell4`, `spell5`, `spell6`, `spell7`, `spell8`, `PetSpellDataId`, `VehicleId`, `mingold`, `maxgold`, `AIName`, `MovementType`, `InhabitType`, `Health_mod`, `Mana_mod`, `Armor_mod`, `RacialLeader`, `questItem1`, `questItem2`, `questItem3`, `questItem4`, `questItem5`, `questItem6`, `movementId`, `RegenHealth`, `equipment_id`, `mechanic_immune_mask`, `flags_extra`, `ScriptName`, `WDBVerified`) VALUES ( 50164, 0, 0, 0, 0, 0, 36730, 0, 0, 0, "Tulgar Flamefist", "Tol Barad Battle-Mage", "", 0, 85, 85, 3, 29, 29, 3, 1.0, 1.14286, 1.0, 0, 1207, 1354, 0, 1571, 2.0, 2000, 0, 8, 33536, 0, 0, 0, 0, 0, 0, 1207, 1354, 1571, 7, 0, 0, 0, 0, 0, 0, 0, 0, 0, 0, 0, 0, 0, 0, 0, 0, 0, 0, 0, 0, 0, 0, "SmartAI", 0, 1, 0.8457, 2.0006, 1.0, 0, 0, 0, 0, 0, 0, 0, 0, 1, 0, 0, 0, "npc_tol_barad_battlemage", "13623");

DELETE FROM  smart_scripts WHERE entryorguid IN (50164,50161,48253,47373,47304,47183,47181,47642,47680,47627,47659,47657,46608,47287,46605,47447,47130,47676,48355,48360,47428,46960,46825,46823,46569,46586,46570,46571,46508,46507,46630,46641,46648,46643,46989);
INSERT INTO `smart_scripts` VALUES (47676, 0, 0, 0, 0, 0, 100, 0, 1000, 2000, 8000, 8500, 11, 53148, 0, 0, 0, 0, 0, 2, 0, 0, 0, 0, 0, 0, 0, 'Baradin Fox Cast Spell Charge');
INSERT INTO `smart_scripts` VALUES (47676, 0, 1, 0, 0, 0, 100, 0, 9000, 9000, 16000, 17000, 11, 79853, 0, 0, 0, 0, 0, 2, 0, 0, 0, 0, 0, 0, 0, 'Baradin Fox Cast Spell Evasion');
INSERT INTO `smart_scripts` VALUES (47676, 0, 2, 0, 0, 0, 100, 0, 10000, 10000, 17000, 18000, 11, 2649, 0, 0, 0, 0, 0, 2, 0, 0, 0, 0, 0, 0, 0, 'Baradin Fox Cast Spell Growl');
INSERT INTO `smart_scripts` VALUES (47676, 0, 3, 0, 0, 0, 100, 0, 3000, 5000, 20000, 22000, 11, 32919, 0, 0, 0, 0, 0, 2, 0, 0, 0, 0, 0, 0, 0, 'Baradin Fox Cast Spell Snarl');
INSERT INTO `smart_scripts` VALUES (47676, 0, 4, 0, 0, 0, 100, 0, 1000, 2000, 8000, 8500, 11, 90315, 0, 0, 0, 0, 0, 2, 0, 0, 0, 0, 0, 0, 0, 'Baradin Fox Cast Spell Tailspin');
INSERT INTO `smart_scripts` VALUES (48355, 0, 0, 0, 0, 0, 100, 0, 1000, 2000, 8000, 8500, 11, 40505, 0, 0, 0, 0, 0, 2, 0, 0, 0, 0, 0, 0, 0, 'Hellscream Guard Cast Spell Cleave');
INSERT INTO `smart_scripts` VALUES (48355, 0, 1, 0, 0, 0, 100, 0, 9000, 9000, 16000, 17000, 11, 23337, 0, 0, 0, 0, 0, 2, 0, 0, 0, 0, 0, 0, 0, 'Hellscream Guard Cast Spell Shoot1');
INSERT INTO `smart_scripts` VALUES (48355, 0, 2, 0, 0, 0, 100, 0, 10000, 10000, 17000, 18000, 11, 95826, 0, 0, 0, 0, 0, 2, 0, 0, 0, 0, 0, 0, 0, 'Hellscream Guard Cast Spell Shoot2');
INSERT INTO `smart_scripts` VALUES (48360, 0, 0, 0, 0, 0, 100, 0, 1000, 2000, 8000, 8500, 11, 80610, 0, 0, 0, 0, 0, 2, 0, 0, 0, 0, 0, 0, 0, '3rd Officer Kronkar Cast Spell Water Gliding');
INSERT INTO `smart_scripts` VALUES (47428, 0, 0, 0, 0, 0, 100, 0, 1000, 2000, 8000, 8500, 11, 63227, 0, 0, 0, 0, 0, 2, 0, 0, 0, 0, 0, 0, 0, 'Hellscreams Sentry Cast Spell Enrage');
INSERT INTO `smart_scripts` VALUES (47428, 0, 1, 0, 0, 0, 100, 0, 9000, 9000, 16000, 17000, 11, 79881, 0, 0, 0, 0, 0, 2, 0, 0, 0, 0, 0, 0, 0, 'Hellscreams Sentry Cast Spell Slam');
INSERT INTO `smart_scripts` VALUES (46960, 0, 0, 0, 0, 0, 100, 0, 1000, 2000, 8000, 8500, 11, 7162, 0, 0, 0, 0, 0, 2, 0, 0, 0, 0, 0, 0, 0, 'Ghastly Scavenger Cast Spell First Aid');
INSERT INTO `smart_scripts` VALUES (46960, 0, 1, 0, 0, 0, 100, 0, 9000, 9000, 16000, 17000, 11, 38557, 0, 0, 0, 0, 0, 2, 0, 0, 0, 0, 0, 0, 0, 'Ghastly Scavenger Cast Spell Throw');
INSERT INTO `smart_scripts` VALUES (46825, 0, 0, 0, 0, 0, 100, 0, 1000, 2000, 8000, 8500, 11, 13737, 0, 0, 0, 0, 0, 2, 0, 0, 0, 0, 0, 0, 0, 'Restless Soldier Cast Spell Mortal Strike');
INSERT INTO `smart_scripts` VALUES (46825, 0, 1, 0, 0, 0, 100, 0, 9000, 9000, 16000, 17000, 11, 81140, 0, 0, 0, 0, 0, 2, 0, 0, 0, 0, 0, 0, 0, 'Restless Soldier Cast Spell Thunderclap');
INSERT INTO `smart_scripts` VALUES (46825, 0, 2, 0, 0, 0, 100, 0, 10000, 10000, 17000, 18000, 11, 15576, 0, 0, 0, 0, 0, 2, 0, 0, 0, 0, 0, 0, 0, 'Restless Soldier Cast Spell Whirlwind1');
INSERT INTO `smart_scripts` VALUES (46825, 0, 3, 0, 0, 0, 100, 0, 3000, 5000, 20000, 22000, 11, 17207, 0, 0, 0, 0, 0, 2, 0, 0, 0, 0, 0, 0, 0, 'Restless Soldier Cast Spell Whirlwind2');
INSERT INTO `smart_scripts` VALUES (46823, 0, 0, 0, 0, 0, 100, 0, 1000, 2000, 8000, 8500, 11, 13737, 0, 0, 0, 0, 0, 2, 0, 0, 0, 0, 0, 0, 0, 'Restless Infantry Cast Spell Mortal Strike');
INSERT INTO `smart_scripts` VALUES (46823, 0, 1, 0, 0, 0, 100, 0, 9000, 9000, 16000, 17000, 11, 81140, 0, 0, 0, 0, 0, 2, 0, 0, 0, 0, 0, 0, 0, 'Restless Infantry Cast Spell Thunderclap');
INSERT INTO `smart_scripts` VALUES (46823, 0, 2, 0, 0, 0, 100, 0, 10000, 10000, 17000, 18000, 11, 15576, 0, 0, 0, 0, 0, 2, 0, 0, 0, 0, 0, 0, 0, 'Restless Infantry Cast Spell Whirlwind1');
INSERT INTO `smart_scripts` VALUES (46823, 0, 3, 0, 0, 0, 100, 0, 3000, 5000, 20000, 22000, 11, 17207, 0, 0, 0, 0, 0, 2, 0, 0, 0, 0, 0, 0, 0, 'Restless Infantry Cast Spell Whirlwind2');
INSERT INTO `smart_scripts` VALUES (46569, 0, 0, 0, 0, 0, 100, 0, 1000, 2000, 8000, 8500, 11, 7102, 0, 0, 0, 0, 0, 2, 0, 0, 0, 0, 0, 0, 0, 'Forgotten Ghoul Cast Spell Contagion of Rot');
INSERT INTO `smart_scripts` VALUES (46569, 0, 1, 0, 0, 0, 100, 0, 9000, 9000, 16000, 17000, 11, 85236, 0, 0, 0, 0, 0, 2, 0, 0, 0, 0, 0, 0, 0, 'Forgotten Ghoul Cast Spell Corpse Rot');
INSERT INTO `smart_scripts` VALUES (46586, 0, 0, 0, 0, 0, 100, 0, 1000, 2000, 8000, 8500, 11, 49861, 0, 0, 0, 0, 0, 2, 0, 0, 0, 0, 0, 0, 0, 'Wandering Soul Cast Spell Infected Bite');
INSERT INTO `smart_scripts` VALUES (46570, 0, 0, 0, 0, 0, 100, 0, 1000, 2000, 8000, 8500, 11, 3427, 0, 0, 0, 0, 0, 2, 0, 0, 0, 0, 0, 0, 0, 'Putrid Worg Cast Spell Infected Wound');
INSERT INTO `smart_scripts` VALUES (46570, 0, 1, 0, 0, 0, 100, 0, 9000, 9000, 16000, 17000, 11, 85835, 0, 0, 0, 0, 0, 2, 0, 0, 0, 0, 0, 0, 0, 'Putrid Worg Cast Spell Maul');
INSERT INTO `smart_scripts` VALUES (46571, 0, 0, 0, 0, 0, 100, 0, 1000, 2000, 8000, 8500, 11, 91289, 0, 0, 0, 0, 0, 2, 0, 0, 0, 0, 0, 0, 0, 'First Lieutenant Connor Cast Spell Bone Shield');
INSERT INTO `smart_scripts` VALUES (46571, 0, 1, 0, 0, 0, 100, 0, 9000, 9000, 16000, 17000, 11, 43951, 0, 0, 0, 0, 0, 2, 0, 0, 0, 0, 0, 0, 0, 'First Lieutenant Connor Cast Spell Bonegrinder');
INSERT INTO `smart_scripts` VALUES (46571, 0, 2, 0, 0, 0, 100, 0, 10000, 10000, 17000, 18000, 11, 86699, 0, 0, 0, 0, 0, 2, 0, 0, 0, 0, 0, 0, 0, 'First Lieutenant Connor Cast Spell Shockwave');
INSERT INTO `smart_scripts` VALUES (46571, 0, 3, 0, 4, 0, 100, 1, 0, 0, 0, 0, 1, 0, 0, 0, 0, 0, 0, 2, 0, 0, 0, 0, 0, 0, 0, 'First Lieutenant Connor On Aggro say text');
INSERT INTO `smart_scripts` VALUES (46508, 0, 0, 0, 0, 0, 100, 0, 1000, 2000, 8000, 8500, 11, 12023, 0, 0, 0, 0, 0, 2, 0, 0, 0, 0, 0, 0, 0, 'Darkwood Lurker Cast Spell Web');
INSERT INTO `smart_scripts` VALUES (46507, 0, 0, 0, 0, 0, 100, 0, 1000, 2000, 8000, 8500, 11, 18501, 0, 0, 0, 0, 0, 2, 0, 0, 0, 0, 0, 0, 0, 'Darkwood Broodmother Cast Spell Enrage');
INSERT INTO `smart_scripts` VALUES (46507, 0, 1, 0, 0, 0, 100, 0, 9000, 9000, 16000, 17000, 11, 2649, 0, 0, 0, 0, 0, 2, 0, 0, 0, 0, 0, 0, 0, 'Darkwood Broodmother Cast Spell Growl');
INSERT INTO `smart_scripts` VALUES (46507, 0, 2, 0, 0, 0, 100, 0, 10000, 10000, 17000, 18000, 11, 77517, 0, 0, 0, 0, 0, 2, 0, 0, 0, 0, 0, 0, 0, 'Darkwood Broodmother Cast Spell Reckless Toxin');
INSERT INTO `smart_scripts` VALUES (46507, 0, 3, 0, 0, 0, 100, 0, 3000, 5000, 20000, 22000, 11, 79607, 0, 0, 0, 0, 0, 2, 0, 0, 0, 0, 0, 0, 0, 'Darkwood Broodmother Cast Spell Venom Splash');
INSERT INTO `smart_scripts` VALUES (46507, 0, 4, 0, 0, 0, 100, 0, 1000, 2000, 8000, 8500, 11, 4167, 0, 0, 0, 0, 0, 2, 0, 0, 0, 0, 0, 0, 0, 'Darkwood Broodmother Cast Spell Web');
INSERT INTO `smart_scripts` VALUES (46630, 0, 0, 0, 0, 0, 100, 0, 1000, 2000, 8000, 8500, 11, 79901, 0, 0, 0, 0, 0, 2, 0, 0, 0, 0, 0, 0, 0, 'Accursed Longshoreman Cast Spell Blood Plague');
INSERT INTO `smart_scripts` VALUES (46630, 0, 1, 0, 0, 0, 100, 0, 9000, 9000, 16000, 17000, 11, 83562, 0, 0, 0, 0, 0, 2, 0, 0, 0, 0, 0, 0, 0, 'Accursed Longshoreman Cast Spell Curse of Life');
INSERT INTO `smart_scripts` VALUES (46630, 0, 2, 0, 0, 0, 100, 0, 10000, 10000, 17000, 18000, 11, 79902, 0, 0, 0, 0, 0, 2, 0, 0, 0, 0, 0, 0, 0, 'Accursed Longshoreman Cast Spell Plague Strike');
INSERT INTO `smart_scripts` VALUES (46641, 0, 0, 0, 0, 0, 100, 0, 1000, 2000, 8000, 8500, 11, 83643, 0, 0, 0, 0, 0, 2, 0, 0, 0, 0, 0, 0, 0, 'Ghastly Dockhand Cast Spell Slippery Suds1');
INSERT INTO `smart_scripts` VALUES (46641, 0, 1, 0, 0, 0, 100, 0, 9000, 9000, 16000, 17000, 11, 83645, 0, 0, 0, 0, 0, 2, 0, 0, 0, 0, 0, 0, 0, 'Ghastly Dockhand Cast Spell Slippery Suds2');
INSERT INTO `smart_scripts` VALUES (46648, 0, 0, 0, 0, 0, 100, 0, 1000, 2000, 8000, 8500, 11, 80003, 0, 0, 0, 0, 0, 2, 0, 0, 0, 0, 0, 0, 0, 'Foreman Wellson Cast Spell Black Arrow');
INSERT INTO `smart_scripts` VALUES (46648, 0, 1, 0, 0, 0, 100, 0, 9000, 9000, 16000, 17000, 11, 80146, 0, 0, 0, 0, 0, 2, 0, 0, 0, 0, 0, 0, 0, 'Foreman Wellson Cast Spell Bonk');
INSERT INTO `smart_scripts` VALUES (46648, 0, 2, 0, 0, 0, 100, 0, 10000, 10000, 17000, 18000, 11, 79721, 0, 0, 0, 0, 0, 2, 0, 0, 0, 0, 0, 0, 0, 'Foreman Wellson Cast Spell Explosive Shot');
INSERT INTO `smart_scripts` VALUES (46648, 0, 3, 0, 0, 0, 100, 0, 3000, 5000, 20000, 22000, 11, 6660, 0, 0, 0, 0, 0, 2, 0, 0, 0, 0, 0, 0, 0, 'Foreman Wellson Cast Spell Shoot');
INSERT INTO `smart_scripts` VALUES (46643, 0, 0, 0, 0, 0, 100, 0, 1000, 2000, 8000, 8500, 11, 18266, 0, 0, 0, 0, 0, 2, 0, 0, 0, 0, 0, 0, 0, 'Accursed Shipbuilder Cast Spell Curse of Agony');
INSERT INTO `smart_scripts` VALUES (46643, 0, 1, 0, 0, 0, 100, 0, 9000, 9000, 16000, 17000, 11, 90607, 0, 0, 0, 0, 0, 2, 0, 0, 0, 0, 0, 0, 0, 'Accursed Shipbuilder Cast Spell Curse of Impotence');
INSERT INTO `smart_scripts` VALUES (46643, 0, 2, 0, 0, 0, 100, 0, 10000, 10000, 17000, 18000, 11, 11980, 0, 0, 0, 0, 0, 2, 0, 0, 0, 0, 0, 0, 0, 'Accursed Shipbuilder Cast Spell Curse of Weakness');
INSERT INTO `smart_scripts` VALUES (46989, 0, 0, 0, 0, 0, 100, 0, 1000, 2000, 8000, 8500, 11, 81219, 0, 0, 0, 0, 0, 2, 0, 0, 0, 0, 0, 0, 0, 'Crazed Soldier Cast Spell Battle Shout');
INSERT INTO `smart_scripts` VALUES (46989, 0, 1, 0, 0, 0, 100, 0, 9000, 9000, 16000, 17000, 11, 11977, 0, 0, 0, 0, 0, 2, 0, 0, 0, 0, 0, 0, 0, 'Crazed Soldier Cast Spell Rend');
INSERT INTO `smart_scripts` VALUES (46989, 0, 2, 0, 0, 0, 100, 0, 10000, 10000, 17000, 18000, 11, 79881, 0, 0, 0, 0, 0, 2, 0, 0, 0, 0, 0, 0, 0, 'Crazed Soldier Cast Spell Slam');
INSERT INTO `smart_scripts` VALUES (47130, 0, 0, 0, 0, 0, 100, 0, 1000, 2000, 8000, 8500, 11, 79721, 0, 0, 0, 0, 0, 2, 0, 0, 0, 0, 0, 0, 0, 'Crazed Guard Cast Spell Explosive Shot');
INSERT INTO `smart_scripts` VALUES (47130, 0, 1, 0, 0, 0, 100, 0, 9000, 9000, 16000, 17000, 11, 6660, 0, 0, 0, 0, 0, 2, 0, 0, 0, 0, 0, 0, 0, 'Carzed Guard Cast Spell Shoot');
INSERT INTO `smart_scripts` VALUES (47447, 0, 0, 0, 0, 0, 100, 0, 1000, 2000, 8000, 8500, 11, 13281, 0, 0, 0, 0, 0, 2, 0, 0, 0, 0, 0, 0, 0, 'Keep Lord Farson Cast Spell Earth Shock');
INSERT INTO `smart_scripts` VALUES (47447, 0, 1, 0, 0, 0, 100, 0, 9000, 9000, 16000, 17000, 11, 7020, 0, 0, 0, 0, 0, 2, 0, 0, 0, 0, 0, 0, 0, 'Keep Lord Farson Cast Spell Stoneform');
INSERT INTO `smart_scripts` VALUES (46605, 0, 0, 0, 0, 0, 100, 0, 1000, 2000, 8000, 8500, 11, 75388, 0, 0, 0, 0, 0, 2, 0, 0, 0, 0, 0, 0, 0, 'Shipwrecked Sailor Cast Spell Rusty Cut');
INSERT INTO `smart_scripts` VALUES (46605, 0, 1, 0, 0, 0, 100, 0, 9000, 9000, 16000, 17000, 11, 84306, 0, 0, 0, 0, 0, 2, 0, 0, 0, 0, 0, 0, 0, 'Shipwrecked Sailor Cast Spell Soaking');
INSERT INTO `smart_scripts` VALUES (46605, 0, 2, 0, 0, 0, 100, 0, 10000, 10000, 17000, 18000, 11, 84305, 0, 0, 0, 0, 0, 2, 0, 0, 0, 0, 0, 0, 0, 'Shipwrecked Sailor Cast Spell Soaking Wet');
INSERT INTO `smart_scripts` VALUES (47287, 0, 0, 0, 0, 0, 100, 0, 1000, 2000, 8000, 8500, 11, 9080, 0, 0, 0, 0, 0, 2, 0, 0, 0, 0, 0, 0, 0, 'Captain P. Harris Cast Spell Hamstring');
INSERT INTO `smart_scripts` VALUES (47287, 0, 1, 0, 0, 0, 100, 0, 9000, 9000, 16000, 17000, 11, 57846, 0, 0, 0, 0, 0, 2, 0, 0, 0, 0, 0, 0, 0, 'Captain P. Harris Cast Spell Heroic Strike');
INSERT INTO `smart_scripts` VALUES (47287, 0, 2, 0, 0, 0, 100, 0, 10000, 10000, 17000, 18000, 11, 32736, 0, 0, 0, 0, 0, 2, 0, 0, 0, 0, 0, 0, 0, 'Captain P. Harris Cast Spell Mortal Strike');
INSERT INTO `smart_scripts` VALUES (47287, 0, 3, 0, 0, 0, 100, 0, 3000, 5000, 20000, 22000, 11, 79871, 0, 0, 0, 0, 0, 2, 0, 0, 0, 0, 0, 0, 0, 'Captain P. Harris Cast Spell Recklessness');
INSERT INTO `smart_scripts` VALUES (46608, 0, 0, 0, 0, 0, 100, 0, 1000, 2000, 8000, 8500, 11, 81173, 0, 0, 0, 0, 0, 2, 0, 0, 0, 0, 0, 0, 0, 'Tank Cast Spell Frenzy');
INSERT INTO `smart_scripts` VALUES (46608, 0, 1, 0, 0, 0, 100, 0, 9000, 9000, 16000, 17000, 11, 69203, 0, 0, 0, 0, 0, 2, 0, 0, 0, 0, 0, 0, 0, 'Tank Cast Spell Vicious Bite');
INSERT INTO `smart_scripts` VALUES (47657, 0, 0, 0, 0, 0, 100, 0, 1000, 2000, 8000, 8500, 11, 79877, 0, 0, 0, 0, 0, 2, 0, 0, 0, 0, 0, 0, 0, 'Suspicious Villager Cast Spell Bloodthirst1');
INSERT INTO `smart_scripts` VALUES (47657, 0, 1, 0, 0, 0, 100, 0, 9000, 9000, 16000, 17000, 11, 79878, 0, 0, 0, 0, 0, 2, 0, 0, 0, 0, 0, 0, 0, 'Suspicious Villager Cast Spell Bloodthirst2');
INSERT INTO `smart_scripts` VALUES (47657, 0, 2, 0, 0, 0, 100, 0, 10000, 10000, 17000, 18000, 11, 15496, 0, 0, 0, 0, 0, 2, 0, 0, 0, 0, 0, 0, 0, 'Suspicious Villager Cast Spell Cleave');
INSERT INTO `smart_scripts` VALUES (47659, 0, 0, 0, 0, 0, 100, 0, 1000, 2000, 8000, 8500, 11, 79561, 0, 0, 0, 0, 0, 2, 0, 0, 0, 0, 0, 0, 0, 'Apprehensive Worker Cast Spell Blood Craze');
INSERT INTO `smart_scripts` VALUES (47659, 0, 1, 0, 0, 0, 100, 0, 9000, 9000, 16000, 17000, 11, 78894, 0, 0, 0, 0, 0, 2, 0, 0, 0, 0, 0, 0, 0, 'Apprehensive Worker Cast Spell Leaping Cleave');
INSERT INTO `smart_scripts` VALUES (47627, 0, 0, 0, 0, 0, 100, 0, 1000, 2000, 8000, 8500, 11, 3583, 0, 0, 0, 0, 0, 2, 0, 0, 0, 0, 0, 0, 0, 'Rustberg Bandit Cast Spell Deadly Poison');
INSERT INTO `smart_scripts` VALUES (47627, 0, 1, 0, 0, 0, 100, 0, 9000, 9000, 16000, 17000, 11, 66060, 0, 0, 0, 0, 0, 2, 0, 0, 0, 0, 0, 0, 0, 'Rustberg Bandit Cast Spell Sprint');
INSERT INTO `smart_scripts` VALUES (47627, 0, 2, 0, 0, 0, 100, 0, 10000, 10000, 17000, 18000, 11, 77806, 0, 0, 0, 0, 0, 2, 0, 0, 0, 0, 0, 0, 0, 'Rustberg Bandit Cast Spell Stealth');
INSERT INTO `smart_scripts` VALUES (47680, 0, 0, 0, 0, 0, 100, 0, 1000, 2000, 8000, 8500, 11, 2649, 0, 0, 0, 0, 0, 2, 0, 0, 0, 0, 0, 0, 0, 'Rustberg Gull Cast Spell Growl');
INSERT INTO `smart_scripts` VALUES (47680, 0, 1, 0, 0, 0, 100, 0, 9000, 9000, 16000, 17000, 11, 91644, 0, 0, 0, 0, 0, 2, 0, 0, 0, 0, 0, 0, 0, 'Rustberg Gull Cast Spell Snatch');
INSERT INTO `smart_scripts` VALUES (47642, 0, 0, 0, 0, 0, 100, 0, 1000, 2000, 8000, 8500, 11, 32011, 0, 0, 0, 0, 0, 2, 0, 0, 0, 0, 0, 0, 0, 'Rustberg Fisherman Cast Spell Water Bolt');
INSERT INTO `smart_scripts` VALUES (47642, 0, 1, 0, 0, 0, 100, 0, 9000, 9000, 16000, 17000, 11, 34827, 0, 0, 0, 0, 0, 2, 0, 0, 0, 0, 0, 0, 0, 'Rustberg Fisherman Cast Spell Water Shield1');
INSERT INTO `smart_scripts` VALUES (47642, 0, 2, 0, 0, 0, 100, 0, 10000, 10000, 17000, 18000, 11, 34828, 0, 0, 0, 0, 0, 2, 0, 0, 0, 0, 0, 0, 0, 'Rustberg Fisherman Cast Spell Water Shield2');
INSERT INTO `smart_scripts` VALUES (47642, 0, 3, 0, 0, 0, 100, 0, 3000, 5000, 20000, 22000, 11, 78799, 0, 0, 0, 0, 0, 2, 0, 0, 0, 0, 0, 0, 0, 'Rustberg Fisherman Cast Spell Wave Crash');
INSERT INTO `smart_scripts` VALUES (47181, 0, 0, 0, 0, 0, 100, 0, 1000, 2000, 8000, 8500, 11, 31976, 0, 0, 0, 0, 0, 2, 0, 0, 0, 0, 0, 0, 0, 'Overlook Spirit Cast Spell Shadow Shield');
INSERT INTO `smart_scripts` VALUES (47181, 0, 1, 0, 0, 0, 100, 0, 9000, 9000, 16000, 17000, 11, 77721, 0, 0, 0, 0, 0, 2, 0, 0, 0, 0, 0, 0, 0, 'Overlook Spirit Cast Spell Shadow Weave');
INSERT INTO `smart_scripts` VALUES (47183, 0, 0, 0, 0, 0, 100, 0, 1000, 2000, 8000, 8500, 11, 86085, 0, 0, 0, 0, 0, 2, 0, 0, 0, 0, 0, 0, 0, 'Ghastly Worker Cast Spell Mutilate');
INSERT INTO `smart_scripts` VALUES (47304, 0, 0, 0, 0, 0, 100, 0, 1000, 2000, 8000, 8500, 11, 78827, 0, 0, 0, 0, 0, 2, 0, 0, 0, 0, 0, 0, 0, 'Commander Largo Cast Spell Bladestorm1');
INSERT INTO `smart_scripts` VALUES (47304, 0, 1, 0, 0, 0, 100, 0, 9000, 9000, 16000, 17000, 11, 78828, 0, 0, 0, 0, 0, 2, 0, 0, 0, 0, 0, 0, 0, 'Commander Largo Cast Spell Bladestorm2');
INSERT INTO `smart_scripts` VALUES (47304, 0, 2, 0, 0, 0, 100, 0, 10000, 10000, 17000, 18000, 11, 80983, 0, 0, 0, 0, 0, 2, 0, 0, 0, 0, 0, 0, 0, 'Commander Largo Cast Spell Commanding Shout');
INSERT INTO `smart_scripts` VALUES (47304, 0, 3, 0, 0, 0, 100, 0, 3000, 5000, 20000, 22000, 11, 32736, 0, 0, 0, 0, 0, 2, 0, 0, 0, 0, 0, 0, 0, 'Commander Largo Cast Spell Mortal Strike');
INSERT INTO `smart_scripts` VALUES (47304, 0, 4, 0, 0, 0, 100, 0, 1000, 2000, 8000, 8500, 11, 79871, 0, 0, 0, 0, 0, 2, 0, 0, 0, 0, 0, 0, 0, 'Commander Largo Cast Spell Recklessness');
INSERT INTO `smart_scripts` VALUES (47373, 0, 0, 0, 0, 0, 100, 0, 1000, 2000, 8000, 8500, 11, 13730, 0, 0, 0, 0, 0, 2, 0, 0, 0, 0, 0, 0, 0, 'Wardens Sentry Cast Spell Demoralizing Shout');
INSERT INTO `smart_scripts` VALUES (48253, 0, 0, 0, 0, 0, 100, 0, 1000, 2000, 8000, 8500, 11, 40505, 0, 0, 0, 0, 0, 2, 0, 0, 0, 0, 0, 0, 0, 'Baradin Guard Cast Spell Cleave');
INSERT INTO `smart_scripts` VALUES (48253, 0, 1, 0, 0, 0, 100, 0, 9000, 9000, 16000, 17000, 11, 23337, 0, 0, 0, 0, 0, 2, 0, 0, 0, 0, 0, 0, 0, 'Baradin Guard Cast Spell Shoot1');
INSERT INTO `smart_scripts` VALUES (48253, 0, 2, 0, 0, 0, 100, 0, 10000, 10000, 17000, 18000, 11, 95826, 0, 0, 0, 0, 0, 2, 0, 0, 0, 0, 0, 0, 0, 'Baradin Guard Cast Spell Shoot2');
INSERT INTO `smart_scripts` VALUES (50161, 0, 0, 0, 0, 0, 100, 0, 1000, 2000, 8000, 8500, 11, 79849, 0, 0, 0, 0, 0, 2, 0, 0, 0, 0, 0, 0, 0, 'Dar Rummond <Tol Barad Battle-Mage> Cast Spell Molten Armor');
INSERT INTO `smart_scripts` VALUES (50164, 0, 0, 0, 0, 0, 100, 0, 1000, 2000, 8000, 8500, 11, 79849, 0, 0, 0, 0, 0, 2, 0, 0, 0, 0, 0, 0, 0, 'Tulgar Flamefist <Tol Barad Battle-Mage> Cast Spell Molten Armor');

UPDATE `creature_template` SET `InhabitType`=4 WHERE `entry`=47680;
DELETE FROM `creature_template_addon` WHERE `entry` IN (47680, 48356, 48251, 52015, 47659, 46643, 47130, 47183);
INSERT INTO `creature_template_addon` (`entry`, `mount`, `bytes1`, `bytes2`, `emote`, `auras`) VALUES
(47680, 0, 0x3000000, 0x1, 455, ''), -- Rustberg Gull
(48356, 0, 0x0, 0x1, 233, ''), -- Karosh
(48251, 0, 0x0, 0x1, 233, ''), -- Kevin Geissler
(52015, 0, 0x0, 0x1, 333, ''), -- Captain Jake Sones
(47659, 0, 0x0, 0x1, 234, ''), -- Apprehensive Worker
(46643, 0, 0x0, 0x1, 234, '33900'), -- Accursed Shipbuilder - Shroud of Death
(47130, 0, 0x0, 0x2, 214, ''), -- Crazed Guard
(47183, 0, 0x0, 0x1, 233, '33900'); -- Ghastly Worker - Shroud of Death

DELETE FROM `creature_equip_template` WHERE `entry` IN (47657, 47183, 47659, 47304, 47627, 47373, 47287, 47642, 46605, 47240, 48253, 48252, 48251, 50161, 47428, 46989, 47130, 46630, 47447, 46643, 46641, 46648, 46823, 46825, 46960, 46581, 48357, 48355, 46597, 48363, 48356, 50164, 45067, 45066);
INSERT INTO `creature_equip_template` (`entry`, `id`, `itemEntry1`, `itemEntry2`, `itemEntry3`) VALUES
(47657, 1, 62229, 0, 0), -- Suspicious Villager
(47183, 1, 15260, 13611, 0), -- Ghastly Worker
(47659, 1, 768, 0, 0), -- Apprehensive Worker
(47304, 1, 50043, 0, 0), -- Commander Largo
(47627, 1, 11019, 11019, 0), -- Rustberg Bandit
(47373, 1, 52526, 2081, 0), -- Warden's Sentry
(47287, 1, 1469, 0, 0), -- Captain P. Harris
(47642, 1, 45858, 0, 0), -- Rustberg Fisherman
(46605, 1, 1469, 0, 0), -- Shipwrecked Sailor
(47240, 1, 49684, 0, 0), -- Commander Marcus Johnson
(48253, 1, 52526, 28754, 58173), -- Baradin Guard
(48252, 1, 37, 0, 0), -- Baradin Recruit
(48251, 1, 5956, 0, 0), -- Kevin Geissler
(50161, 1, 17282, 0, 0), -- Dar Rummond
(47428, 1, 42209, 2081, 0), -- Hellscream's Sentry
(46989, 1, 2695, 0, 0), -- Crazed Soldier
(47130, 1, 0, 0, 53569), -- Crazed Guard
(46630, 1, 1911, 0, 0), -- Accursed Longshoreman
(47447, 1, 29410, 0, 0), -- Keep Lord Farson
(46643, 1, 5956, 0, 0), -- Accursed Shipbuilder
(46641, 1, 0, 3757, 0), -- Ghastly Dockhand
(46648, 1, 29408, 0, 52355), -- Foreman Wellson
(46823, 1, 18596, 15512, 0), -- Restless Infantry
(46825, 1, 5301, 0, 0), -- Restless Soldier
(46960, 1, 1911, 0, 0), -- Ghastly Scavenger
(46581, 1, 12890, 0, 0), -- Violated Corpse
(48357, 1, 5956, 0, 0), -- Hellscream's Reach Recruit
(48355, 1, 42209, 42561, 58173), -- Hellscream Guard
(46597, 1, 56696, 0, 0), -- Skeletal Beastmaster
(48363, 1, 47031, 0, 0), -- Captain Prug
(48356, 1, 5956, 0, 0), -- Karosh
(50164, 1, 17282, 0, 0), -- Tulgar Flamefist
(45067, 1, 13337, 0, 0), -- Horde Spirit Guide
(45066, 1, 12591, 0, 0); -- Alliance Spirit Guide

UPDATE `creature_template` SET `equipment_id`=47183 WHERE `entry`=47183;
UPDATE `creature_template` SET `equipment_id`=47659 WHERE `entry`=47659;
UPDATE `creature_template` SET `equipment_id`=47304 WHERE `entry`=47304;
UPDATE `creature_template` SET `equipment_id`=47627 WHERE `entry`=47627;
UPDATE `creature_template` SET `equipment_id`=47373 WHERE `entry`=47373;
UPDATE `creature_template` SET `equipment_id`=47287 WHERE `entry`=47287;
UPDATE `creature_template` SET `equipment_id`=47642 WHERE `entry`=47642;
UPDATE `creature_template` SET `equipment_id`=46605 WHERE `entry`=46605;
UPDATE `creature_template` SET `equipment_id`=47240 WHERE `entry`=47240;
UPDATE `creature_template` SET `equipment_id`=48253 WHERE `entry`=48253;
UPDATE `creature_template` SET `equipment_id`=48252 WHERE `entry`=48252;
UPDATE `creature_template` SET `equipment_id`=48251 WHERE `entry`=48251;
UPDATE `creature_template` SET `equipment_id`=50161 WHERE `entry`=50161;
UPDATE `creature_template` SET `equipment_id`=47428 WHERE `entry`=47428;
UPDATE `creature_template` SET `equipment_id`=46989 WHERE `entry`=46989;
UPDATE `creature_template` SET `equipment_id`=47130 WHERE `entry`=47130;
UPDATE `creature_template` SET `equipment_id`=46630 WHERE `entry`=46630;
UPDATE `creature_template` SET `equipment_id`=47447 WHERE `entry`=47447;
UPDATE `creature_template` SET `equipment_id`=46643 WHERE `entry`=46643;
UPDATE `creature_template` SET `equipment_id`=46641 WHERE `entry`=46641;
UPDATE `creature_template` SET `equipment_id`=46648 WHERE `entry`=46648;
UPDATE `creature_template` SET `equipment_id`=46823 WHERE `entry`=46823;
UPDATE `creature_template` SET `equipment_id`=46825 WHERE `entry`=46825;
UPDATE `creature_template` SET `equipment_id`=46960 WHERE `entry`=46960;
UPDATE `creature_template` SET `equipment_id`=46581 WHERE `entry`=46581;
UPDATE `creature_template` SET `equipment_id`=48357 WHERE `entry`=48357;
UPDATE `creature_template` SET `equipment_id`=48355 WHERE `entry`=48355;
UPDATE `creature_template` SET `equipment_id`=46597 WHERE `entry`=46597;
UPDATE `creature_template` SET `equipment_id`=48363 WHERE `entry`=48363;
UPDATE `creature_template` SET `equipment_id`=48356 WHERE `entry`=48356;
UPDATE `creature_template` SET `equipment_id`=50164 WHERE `entry`=50164;
UPDATE `creature_template` SET `equipment_id`=45067 WHERE `entry`=45067;
UPDATE `creature_template` SET `equipment_id`=45066 WHERE `entry`=45066;

DELETE FROM `creature_template` WHERE `entry`=47598;
INSERT INTO `creature_template` ( `entry`, `difficulty_entry_1`, `difficulty_entry_2`, `difficulty_entry_3`, `KillCredit1`, `KillCredit2`, `modelid1`, `modelid2`, `modelid3`, `modelid4`, `name`, `subname`, `IconName`, `gossip_menu_id`, `minlevel`, `maxlevel`, `exp`, `faction_A`, `faction_H`, `npcflag`, `speed_walk`, `speed_run`, `scale`, `rank`, `mindmg`, `maxdmg`, `dmgschool`, `attackpower`, `dmg_multiplier`, `baseattacktime`, `rangeattacktime`, `unit_class`, `unit_flags`, `dynamicflags`, `family`, `trainer_type`, `trainer_spell`, `trainer_class`, `trainer_race`, `minrangedmg`, `maxrangedmg`, `rangedattackpower`, `type`, `type_flags`, `lootid`, `pickpocketloot`, `skinloot`, `resistance1`, `resistance2`, `resistance3`, `resistance4`, `resistance5`, `resistance6`, `spell1`, `spell2`, `spell3`, `spell4`, `spell5`, `spell6`, `spell7`, `spell8`, `PetSpellDataId`, `VehicleId`, `mingold`, `maxgold`, `AIName`, `MovementType`, `InhabitType`, `Health_mod`, `Mana_mod`, `Armor_mod`, `RacialLeader`, `questItem1`, `questItem2`, `questItem3`, `questItem4`, `questItem5`, `questItem6`, `movementId`, `RegenHealth`, `equipment_id`, `mechanic_immune_mask`, `flags_extra`, `ScriptName`, `WDBVerified`) VALUES ( 47598, 0, 0, 0, 48144, 0, 33024, 22227, 5816, 5088, "Alliance Mage Infantry", "", "", 0, 85, 85, 3, 1733, 1733, 0, 1.0, 1.14286, 1.0, 0, 435, 518, 0, 411, 2.0, 2000, 2000, 8, 0, 0, 0, 0, 0, 0, 0, 435, 518, 411, 7, 0, 47598, 47598, 0, 0, 0, 0, 0, 0, 0, 0, 0, 0, 0, 0, 0, 0, 0, 0, 0, 2529, 2529, "SmartAI", 1, 1, 0.8457, 2.0006, 1.0, 0, 0, 0, 0, 0, 0, 0, 0, 1, 0, 0, 0, "", "13623");
UPDATE creature_template SET pickpocketloot=47598 WHERE entry=47598;
DELETE FROM `pickpocketing_loot_template` WHERE `entry` = 47598;
INSERT INTO `pickpocketing_loot_template` (`entry`, `item`, `ChanceOrQuestChance`, `lootmode`, `groupid`, `mincountOrRef`, `maxcount`) VALUES
(47598, '63349', '6', '1', '0', '1', '1'),
(47598, '63275', '6', '1', '0', '1', '1'),
(47598, '63273', '6', '1', '0', '1', '1'),
(47598, '63274', '6', '1', '0', '1', '1'),
(47598, '63272', '3', '1', '0', '1', '1'),
(47598, '58261', '3', '1', '0', '1', '1'),
(47598, '63300', '2', '1', '0', '1', '1'),
(47598, '63271', '2', '1', '0', '1', '1'),
(47598, '58259', '2', '1', '0', '1', '1'),
(47598, '68196', '0.4', '1', '0', '1', '1');

DELETE FROM gameobject WHERE guid IN (326023,326033);
INSERT INTO `gameobject` VALUES ('326023', '206598', '732', '0', '0', '1', '1', '-839.73', '1188.2', '114.256', '1.52896', '0', '0', '0.692163', '0.721742', '300', '0', '1');
INSERT INTO `gameobject` VALUES ('326033', '206598', '732', '0', '0', '1', '1', '-622.477', '1184.85', '95.3759', '1.56121', '0', '0', '0.703709', '0.710489', '300', '0', '1');

DELETE FROM creature_template_addon WHERE entry IN (48061,48062,48069,48070,48071,46960,47428);
INSERT INTO `creature_template_addon` VALUES ('48062', '0', '17719', '0', '257', '0', '');
INSERT INTO `creature_template_addon` VALUES ('48069', '0', '17719', '0', '257', '0', '');
INSERT INTO `creature_template_addon` VALUES ('48070', '0', '17719', '0', '257', '0', '');
INSERT INTO `creature_template_addon` VALUES ('48071', '0', '17719', '0', '257', '0', '');
INSERT INTO `creature_template_addon` VALUES ('46960', '0', '37159', '0', '257', '0', '');
INSERT INTO `creature_template_addon` VALUES ('47428', '0', '14573', '0', '257', '0', '');
