-- insert npc that was missing
DELETE FROM creature_template WHERE entry IN (91010,16364,36140,36452,36741,36743,36459,36458,38150,37078,37067,36528,37808,36294,37806,36200,36289,36287,36288,36555,36540);
INSERT INTO `creature_template` VALUES ('91010', '0', '0', '0', '0', '0', '11657', '0', '0', '0', 'Astromantin Kelestres', 'Mistress of the Dark Beasts', '', '0', '87', '87', '3', '0', '14', '14', '0', '1', '2.14286', '1', '2.14286', '1', '1', '5819', '9202', '0', '55', '11', '2000', '2000', '2', '0', '2048', '0', '0', '0', '0', '0', '0', '488', '642', '782', '7', '72', '0', '52059', '0', '0', '0', '0', '0', '0', '0', '0', '96594', '96423', '96531', '96592', '96700', '96516', '96435', '96909', '0', '0', '20005', '20005', null, null, '', '0', '3', '1', '55', '5', '1', '1', '0', '0', '0', '0', '0', '0', '0', '188', '1', '91010', '617299967', '1', 'boss_kelestres', '15595');
INSERT INTO `creature_template` VALUES ('16364', '0', '0', '0', '0', '0', '17856', '0', '0', '0', 'Infused Crystal', null, null, '0', '10', '10', '0', '0', '35', '35', '0', '0.0001', '1.14286', '0.0001', '1.14286', '1', '0', '13', '17', '0', '42', '1', '1400', '2000', '1', '0', '2048', '8', '0', '0', '0', '0', '0', '9', '13', '0', '10', '0', '0', '0', '0', '0', '0', '0', '0', '0', '0', '0', '0', '0', '0', '0', '0', '0', '0', '0', '0', '0', '0', '0', null, null, '', '0', '3', '0', '1', '1', '1', '1', '0', '0', '0', '0', '0', '0', '0', '121', '1', '0', '0', '2', 'npc_infused_crystal', '12340');
INSERT INTO `creature_template` VALUES ('36140', '0', '0', '0', '0', '0', '30052', '0', '0', '0', 'Prince Liam Greymane', '', '', '10773', '7', '7', '0', '0', '2166', '2166', '3', '1', '1.14286', '1', '1.14286', '1', '3', '9', '12', '0', '36', '35', '2000', '2000', '2', '32768', '2048', '0', '0', '0', '0', '0', '0', '6', '8', '169', '7', '262152', '0', '0', '0', '0', '0', '0', '0', '0', '0', '0', '0', '0', '0', '0', '0', '0', '0', '0', '0', '0', '0', '0', null, null, '', '0', '1', '0', '5', '1', '1', '1', '0', '0', '0', '0', '0', '0', '0', '0', '1', '36140', '613097436', '0', 'npc_prince_liam_greymane_dh', '14480');
INSERT INTO `creature_template` VALUES ('36452', '0', '0', '0', '0', '0', '29290', '0', '0', '0', 'Gwen Armstead', 'Mayor of Duskhaven', '', '10833', '10', '10', '0', '0', '2163', '2163', '3', '1', '1.38571', '1', '1.38571', '1', '0', '13', '17', '0', '42', '1', '2000', '2000', '1', '32768', '2048', '0', '0', '0', '0', '0', '0', '9', '13', '0', '7', '0', '0', '0', '0', '0', '0', '0', '0', '0', '0', '0', '0', '0', '0', '0', '0', '0', '0', '0', '0', '0', '0', '0', null, null, '', '0', '1', '0', '1', '1', '1', '1', '0', '0', '0', '0', '0', '0', '0', '0', '1', '36452', '0', '0', 'npc_gwen_armstead', '13623');
INSERT INTO `creature_template` VALUES ('36741', '0', '0', '0', '0', '0', '65', '0', '0', '0', 'Swift Mountain Horse', '', '', '0', '1', '1', '0', '0', '35', '35', '0', '1', '1.14286', '1', '1.14286', '1', '0', '2', '2', '0', '24', '1', '2000', '2000', '1', '0', '2048', '0', '0', '0', '0', '0', '0', '1', '1', '0', '1', '0', '0', '0', '0', '0', '0', '0', '0', '0', '0', '0', '0', '0', '0', '0', '0', '0', '0', '0', '0', '542', '0', '0', null, null, '', '0', '3', '0', '1', '1', '1', '1', '0', '0', '0', '0', '0', '0', '0', '177', '1', '0', '0', '0', 'npc_swift_mountain_horse', '13623');
INSERT INTO `creature_template` VALUES ('36743', '0', '0', '0', '0', '0', '29613', '0', '0', '0', 'King Genn Greymane', '', '', '0', '10', '10', '0', '0', '2173', '2173', '3', '1', '1.14286', '1', '1.14286', '1', '0', '2', '11', '0', '24', '1', '2000', '2000', '2', '33024', '2048', '0', '0', '0', '0', '0', '0', '1', '1', '0', '7', '262148', '0', '0', '0', '0', '0', '0', '0', '0', '0', '0', '0', '0', '0', '0', '0', '0', '0', '0', '0', '0', '0', '0', null, null, '', '0', '3', '0', '1', '1', '1', '1', '0', '0', '0', '0', '0', '0', '0', '0', '1', '36743', '0', '0', 'npc_king_genn_greymane_c3', '13623');
INSERT INTO `creature_template` VALUES ('36459', '0', '0', '0', '0', '0', '5554', '0', '0', '0', 'Chance', '', 'Pickup', '0', '1', '1', '0', '0', '35', '35', '16777216', '1', '1.14286', '1', '1.14286', '1', '0', '2', '2', '0', '24', '1', '2000', '2000', '1', '16384', '2048', '8', '0', '0', '0', '0', '0', '1', '1', '0', '9', '0', '0', '0', '0', '0', '0', '0', '0', '0', '0', '0', '0', '0', '0', '0', '0', '0', '0', '0', '0', '0', '0', '0', null, null, 'SmartAI', '0', '1', '1', '1', '1', '1', '1', '0', '0', '0', '0', '0', '0', '0', '0', '1', '0', '0', '0', 'npc_chance_the_cat', '13623');
INSERT INTO `creature_template` VALUES ('36458', '0', '0', '0', '0', '0', '30288', '0', '0', '0', 'Grandma Wahl', '', '', '0', '5', '5', '0', '0', '2173', '2173', '3', '1', '1.14286', '1', '1.14286', '1', '0', '5', '7', '0', '32', '1', '2000', '2000', '1', '33280', '2048', '0', '0', '0', '0', '0', '0', '3', '4', '0', '7', '0', '0', '0', '0', '0', '0', '0', '0', '0', '0', '0', '0', '0', '0', '0', '0', '0', '0', '0', '0', '0', '0', '0', null, null, '', '0', '1', '0', '1', '1', '1', '1', '0', '0', '0', '0', '0', '0', '0', '0', '1', '36458', '0', '0', 'npc_wahl', '13623');
INSERT INTO `creature_template` VALUES ('38150', '0', '0', '0', '0', '0', '29642', '0', '0', '0', 'Glaive Thrower', '', 'vehichleCursor', '0', '12', '12', '0', '0', '35', '35', '0', '3.2', '1.14286', '3.2', '1.14286', '1', '0', '2', '2', '0', '24', '1', '2000', '2000', '1', '16384', '0', '0', '0', '0', '0', '0', '0', '1', '1', '0', '9', '131080', '0', '0', '0', '0', '0', '0', '0', '0', '0', '0', '66456', '70732', '67195', '0', '59737', '0', '0', '0', '0', '337', '0', '0', null, null, '', '0', '3', '0', '6.17284', '1', '1', '1', '0', '0', '0', '0', '0', '0', '0', '129', '1', '0', '0', '0', 'npc_glaive_thrower', '13623');
INSERT INTO `creature_template` VALUES ('37078', '0', '0', '0', '0', '0', '33450', '0', '0', '0', 'Swamp Crocolisk', '', '', '0', '7', '8', '0', '0', '14', '14', '0', '1', '1.14286', '1', '1.14286', '1', '0', '2', '2', '0', '24', '1', '2000', '2000', '1', '0', '2048', '0', '6', '0', '0', '0', '0', '1', '1', '0', '1', '1', '0', '37078', '0', '0', '0', '0', '0', '0', '0', '0', '0', '0', '0', '0', '0', '0', '0', '0', '0', '0', '0', '0', null, null, '', '0', '3', '0', '1', '1', '1', '1', '0', '0', '0', '0', '0', '0', '0', '0', '1', '0', '0', '0', 'npc_swamp_crocolisk', '13623');
INSERT INTO `creature_template` VALUES ('37067', '0', '0', '0', '0', '0', '30217', '30218', '30214', '30215', 'Crash Survivor', '', '', '0', '8', '9', '0', '0', '2207', '2207', '0', '1', '1.14286', '1', '1.14286', '1', '0', '2', '9', '0', '24', '1', '2000', '2000', '2', '32768', '2048', '0', '0', '0', '0', '0', '0', '1', '1', '0', '7', '0', '0', '0', '0', '0', '0', '0', '0', '0', '0', '0', '0', '0', '0', '0', '0', '0', '0', '0', '0', '0', '0', '0', null, null, '', '0', '3', '0', '1', '1', '1', '1', '0', '0', '0', '0', '0', '0', '0', '0', '1', '37067', '0', '0', 'npc_crash_survivor', '13623');
INSERT INTO `creature_template` VALUES ('36528', '0', '0', '0', '0', '0', '33949', '0', '0', '0', 'Koroth the Hillbreaker', '', '', '0', '12', '12', '0', '0', '16', '16', '0', '1.6', '0.857143', '1.6', '0.857143', '1', '1', '17', '22', '0', '46', '7.5', '2000', '2000', '1', '32768', '2048', '0', '0', '0', '0', '0', '0', '11', '17', '0', '7', '0', '0', '0', '0', '0', '0', '0', '0', '0', '0', '0', '0', '0', '0', '0', '0', '0', '0', '0', '0', '0', '53', '53', null, null, '', '0', '1', '0', '30', '1', '1', '1', '0', '0', '0', '0', '0', '0', '0', '104', '1', '0', '613097436', '0', 'npc_koroth_the_hillbreaker', '13623');
INSERT INTO `creature_template` VALUES ('37808', '0', '0', '0', '0', '0', '33949', '0', '0', '0', 'Koroth the Hillbreaker', '', '', '0', '12', '12', '0', '0', '1934', '1934', '0', '1.6', '0.857143', '1.6', '0.857143', '1', '1', '2', '2', '0', '24', '7.5', '2000', '2000', '1', '32768', '2048', '0', '0', '0', '0', '0', '0', '1', '1', '0', '7', '8', '0', '0', '0', '0', '0', '0', '0', '0', '0', '0', '0', '0', '0', '0', '0', '0', '0', '0', '0', '0', '0', '0', null, null, '', '0', '3', '0', '50', '1', '1', '1', '0', '0', '0', '0', '0', '0', '0', '104', '1', '37808', '0', '0', 'npc_koroth_the_hillbreaker_qiao_friend', '13623');
INSERT INTO `creature_template` VALUES ('36294', '0', '0', '0', '0', '0', '33949', '0', '0', '0', 'Koroth the Hillbreaker', '', '', '0', '12', '12', '0', '0', '16', '16', '0', '1', '1.14286', '1', '1.14286', '1', '1', '2', '2', '0', '24', '7.5', '2000', '2000', '1', '32768', '2048', '0', '0', '0', '0', '0', '0', '1', '1', '0', '7', '0', '0', '36294', '0', '0', '0', '0', '0', '0', '0', '0', '0', '0', '0', '0', '0', '0', '0', '0', '0', '0', '52', '52', null, null, '', '0', '3', '0', '30', '1', '1', '1', '0', '0', '0', '0', '0', '0', '0', '0', '1', '0', '613097436', '0', 'npc_koroth_the_hillbreaker_qiao', '13623');
INSERT INTO `creature_template` VALUES ('37806', '0', '0', '0', '0', '0', '30786', '0', '0', '0', 'Captain Asther', '', '', '0', '10', '10', '0', '0', '1771', '1771', '0', '1', '1.38571', '1', '1.38571', '1', '0', '2', '2', '0', '24', '1', '2000', '2000', '1', '33024', '2048', '0', '0', '0', '0', '0', '0', '1', '1', '0', '7', '0', '0', '0', '0', '0', '0', '0', '0', '0', '0', '0', '0', '0', '0', '0', '0', '0', '0', '0', '0', '0', '0', '0', null, null, '', '0', '3', '0', '1', '1', '1', '1', '0', '0', '0', '0', '0', '0', '0', '0', '1', '37806', '0', '0', 'npc_captain_asther_qiao', '13623');
INSERT INTO `creature_template` VALUES ('36200', '0', '0', '0', '0', '0', '20570', '11686', '0', '0', 'Tremors Credit', '', '', '0', '60', '60', '0', '0', '35', '35', '0', '1', '1.14286', '1', '1.14286', '1', '0', '2', '2', '0', '24', '1', '2000', '2000', '1', '33554688', '2048', '0', '0', '0', '0', '0', '0', '1', '1', '0', '10', '0', '0', '0', '0', '0', '0', '0', '0', '0', '0', '0', '0', '0', '0', '0', '0', '0', '0', '0', '0', '0', '0', '0', null, null, '', '0', '3', '0', '1.35', '1', '1', '1', '0', '0', '0', '0', '0', '0', '0', '0', '1', '0', '0', '128', 'npc_gilneas_tremors_credit', '13623');
INSERT INTO `creature_template` VALUES ('36289', '0', '0', '0', '0', '0', '79', '0', '0', '0', 'James', '', 'Speak', '0', '1', '1', '0', '0', '35', '35', '16777216', '1', '1.14286', '1', '1.14286', '1', '0', '2', '2', '0', '24', '1', '2000', '2000', '1', '16384', '2048', '0', '0', '0', '0', '0', '0', '1', '1', '0', '7', '0', '0', '0', '0', '0', '0', '0', '0', '0', '0', '0', '0', '0', '0', '0', '0', '0', '0', '0', '0', '0', '0', '0', null, null, 'SmartAI', '0', '3', '0', '1', '1', '1', '1', '0', '0', '0', '0', '0', '0', '0', '0', '1', '0', '0', '0', 'npc_james', '13623');
INSERT INTO `creature_template` VALUES ('36287', '0', '0', '0', '0', '0', '80', '0', '0', '0', 'Cynthia', '', 'Speak', '0', '1', '1', '0', '0', '35', '35', '16777216', '1', '1.14286', '1', '1.14286', '1', '0', '2', '2', '0', '24', '1', '2000', '2000', '1', '16384', '2048', '0', '0', '0', '0', '0', '0', '1', '1', '0', '7', '0', '0', '0', '0', '0', '0', '0', '0', '0', '0', '0', '0', '0', '0', '0', '0', '0', '0', '0', '0', '0', '0', '0', null, null, 'SmartAI', '0', '3', '0', '1', '1', '1', '1', '0', '0', '0', '0', '0', '0', '0', '0', '1', '0', '0', '0', 'npc_cynthia', '13623');
INSERT INTO `creature_template` VALUES ('36288', '0', '0', '0', '0', '0', '257', '0', '0', '0', 'Ashley', '', 'Speak', '0', '1', '1', '0', '0', '35', '35', '16777216', '1', '1.14286', '1', '1.14286', '1', '0', '2', '2', '0', '24', '1', '2000', '2000', '1', '16384', '2048', '0', '0', '0', '0', '0', '0', '1', '1', '0', '7', '0', '0', '0', '0', '0', '0', '0', '0', '0', '0', '0', '0', '0', '0', '0', '0', '0', '0', '0', '0', '0', '0', '0', null, null, 'SmartAI', '0', '3', '0', '1', '1', '1', '1', '0', '0', '0', '0', '0', '0', '0', '0', '1', '0', '0', '0', 'npc_ashley', '13623');
INSERT INTO `creature_template` VALUES ('36555', '0', '0', '0', '0', '0', '229', '0', '0', '0', 'Mountain Horse', '', '', '0', '1', '1', '0', '0', '35', '35', '0', '1', '1.14286', '1', '1.14286', '1', '0', '2', '2', '0', '24', '1', '2000', '2000', '1', '0', '2048', '0', '0', '0', '0', '0', '0', '1', '1', '0', '1', '0', '0', '0', '0', '0', '0', '0', '0', '0', '0', '0', '0', '0', '0', '0', '0', '0', '0', '0', '0', '0', '0', '0', null, null, '', '0', '3', '0', '1', '1', '1', '1', '0', '0', '0', '0', '0', '0', '0', '195', '1', '0', '0', '0', 'npc_round_up_horse', '13623');
INSERT INTO `creature_template` VALUES ('36540', '0', '0', '0', '0', '0', '229', '0', '0', '0', 'Mountain Horse', '', 'vehichleCursor', '0', '5', '5', '0', '0', '2164', '2164', '16777216', '1', '1.71429', '1', '1.71429', '1', '0', '5', '7', '0', '32', '1', '2000', '2000', '1', '16384', '2048', '0', '0', '0', '0', '0', '0', '3', '4', '0', '1', '0', '0', '0', '0', '0', '0', '0', '0', '0', '0', '0', '68903', '0', '0', '0', '0', '0', '0', '0', '0', '527', '0', '0', null, null, '', '0', '1', '0', '1', '1', '1', '1', '0', '0', '0', '0', '0', '0', '0', '164', '1', '0', '0', '0', 'npc_mountain_horse_vehicle', '13623');
-- insert gameobject that was missing
DELETE FROM gameobject_template WHERE entry=201594;
INSERT INTO `gameobject_template` VALUES ('201594', '3', '6957', 'Koroth\'s Banner', '', '', '', '0', '0', '2', '49742', '0', '0', '0', '0', '0', '1691', '27732', '0', '1', '0', '0', '0', '0', '0', '0', '0', '0', '0', '0', '0', '0', '0', '0', '0', '0', '0', '0', '0', '0', '0', '0', '0', '0', '0', '0', '0', '0', '0', '', 'go_koroth_banner', '15595');
-- delcared missing script names
DELETE FROM spell_script_names WHERE spell_id IN (72472,71238);
INSERT INTO `spell_script_names` VALUES ('72472', 'spell_captured_riding_bat');
INSERT INTO `spell_script_names` VALUES ('71238', 'spell_glaive_thrower');
-- add  missing  npc spawns
DELETE FROM creature WHERE id IN (36140,36452,36741,36743,36459,36458,38150,37078,37067,36528,37808,36294,37806,36200,36289,36287,36288,36555,36540);
INSERT INTO `creature` VALUES (247686, 36140, 654, 0, 0, 1, 1, 0, 0, -1934.07, 2320.63, 36.3826, 1.23884, 120, 0, 0, 655, 0, 0, 0, 0, 0);
INSERT INTO `creature` VALUES (247678, 36200, 654, 0, 0, 1, 1, 0, 0, -1903.67, 2187.36, 14.6577, 4.31096, 90, 0, 0, 1, 0, 0, 0, 0, 0);
INSERT INTO `creature` VALUES (247585, 36287, 654, 0, 0, 1, 1, 0, 0, -1987.47, 2508.71, 1.47526, 0.872665, 90, 0, 0, 1, 0, 0, 0, 0, 0);
INSERT INTO `creature` VALUES (247584, 36288, 654, 0, 0, 1, 1, 0, 0, -1931.61, 2562.29, 12.815, 5.75959, 90, 0, 0, 1, 0, 0, 0, 0, 0);
INSERT INTO `creature` VALUES (247583, 36289, 654, 0, 0, 1, 1, 0, 0, -1935.49, 2541.38, 1.47525, 4.7822, 90, 0, 0, 1, 0, 0, 0, 0, 0);
INSERT INTO `creature` VALUES (247562, 36294, 654, 0, 0, 1, 1, 0, 0, -2253.9, 1964.61, 100.866, 3.14159, 120, 0, 0, 1, 0, 0, 0, 0, 0);
INSERT INTO `creature` VALUES (14411, 36452, 0, 0, 0, 1, 1, 0, 0, -1661.41, 2529.07, 97.8886, 4.04691, 90, 0, 0, 42, 0, 0, 0, 0, 0);
INSERT INTO `creature` VALUES (53394, 36452, 0, 0, 0, 1, 1, 0, 0, -1661.41, 2529.07, 97.8886, 4.04691, 90, 0, 0, 42, 0, 0, 0, 0, 0);
INSERT INTO `creature` VALUES (53395, 36452, 0, 0, 0, 1, 1, 0, 0, -2457.61, 1557.62, 18.6886, 1.4722, 90, 0, 0, 42, 0, 0, 0, 0, 0);
INSERT INTO `creature` VALUES (247484, 36452, 654, 0, 0, 1, 1, 0, 0, -1901.85, 2255.92, 42.4066, 0, 90, 0, 0, 198, 0, 0, 0, 134250496, 0);
INSERT INTO `creature` VALUES (247435, 36458, 654, 0, 0, 1, 1, 0, 0, -2116.89, 2416.67, 12.26, 3.31613, 90, 0, 0, 1, 0, 0, 0, 0, 0);
INSERT INTO `creature` VALUES (266799, 36459, 654, 0, 0, 1, 1, 5554, 0, -2102.93, 2333.44, 8.62334, 2.1293, 480, 25, 0, 8, 1, 1, 0, 0, 0);
INSERT INTO `creature` VALUES (247391, 36528, 654, 0, 0, 1, 1, 0, 0, -2144.47, 2179.63, 21.7394, 6.11049, 120, 0, 0, 1, 0, 0, 0, 0, 0);
INSERT INTO `creature` VALUES (247370, 36540, 654, 0, 0, 1, 1, 0, 0, -2207.06, 2173.23, 16.0819, 4.50496, 90, 0, 0, 1, 0, 0, 0, 0, 0);
INSERT INTO `creature` VALUES (247371, 36540, 654, 0, 0, 1, 1, 0, 0, -2221.86, 2190.68, 15.9647, 4.70632, 90, 0, 0, 1, 0, 0, 0, 0, 0);
INSERT INTO `creature` VALUES (247372, 36540, 654, 0, 0, 1, 1, 0, 0, -2225.23, 2222.06, 9.23071, 4.37221, 90, 0, 0, 1, 0, 0, 0, 0, 0);
INSERT INTO `creature` VALUES (247373, 36540, 654, 0, 0, 1, 1, 0, 0, -2246.56, 2191.23, 9.02236, 5.64485, 90, 0, 0, 1, 0, 0, 0, 0, 0);
INSERT INTO `creature` VALUES (247374, 36540, 654, 0, 0, 1, 1, 0, 0, -2243.88, 2220.23, 6.36584, 1.46561, 90, 0, 0, 1, 0, 0, 0, 0, 0);
INSERT INTO `creature` VALUES (247375, 36540, 654, 0, 0, 1, 1, 0, 0, -2247.96, 2212.67, 5.90727, 6.10744, 90, 0, 0, 1, 0, 0, 0, 0, 0);
INSERT INTO `creature` VALUES (247376, 36540, 654, 0, 0, 1, 1, 0, 0, -2084.32, 2169.8, 31.7344, 2.82602, 90, 0, 0, 1, 0, 0, 0, 0, 0);
INSERT INTO `creature` VALUES (247377, 36540, 654, 0, 0, 1, 1, 0, 0, -2258.84, 2181.59, 7.95351, 1.52088, 90, 0, 0, 1, 0, 0, 0, 0, 0);
INSERT INTO `creature` VALUES (247378, 36540, 654, 0, 0, 1, 1, 0, 0, -2121.59, 2173.03, 27.6705, 0, 90, 0, 0, 1, 0, 0, 0, 0, 0);
INSERT INTO `creature` VALUES (247379, 36540, 654, 0, 0, 1, 1, 0, 0, -2253.02, 2237.72, 3.48451, 0, 90, 0, 0, 1, 0, 0, 0, 0, 0);
INSERT INTO `creature` VALUES (247380, 36540, 654, 0, 0, 1, 1, 0, 0, -2149.01, 2172.82, 23.4444, 0, 90, 0, 0, 1, 0, 0, 0, 0, 0);
INSERT INTO `creature` VALUES (247381, 36540, 654, 0, 0, 1, 1, 0, 0, -2250.02, 2211.65, 5.32848, 0.00798509, 90, 0, 0, 1, 0, 0, 0, 0, 0);
INSERT INTO `creature` VALUES (247382, 36540, 654, 0, 0, 1, 1, 0, 0, -2114.04, 2185.85, 21.9529, 0, 90, 0, 0, 1, 0, 0, 0, 0, 0);
INSERT INTO `creature` VALUES (247383, 36540, 654, 0, 0, 1, 1, 0, 0, -2150.63, 2189.22, 20.3233, 0, 90, 0, 0, 1, 0, 0, 0, 0, 0);
INSERT INTO `creature` VALUES (247384, 36540, 654, 0, 0, 1, 1, 0, 0, -2213.02, 2178.68, 15.9523, 5.62998, 90, 0, 0, 1, 0, 0, 0, 0, 0);
INSERT INTO `creature` VALUES (247385, 36540, 654, 0, 0, 1, 1, 0, 0, -2177.21, 2160.39, 19.4529, 5.49855, 90, 0, 0, 1, 0, 0, 0, 0, 0);
INSERT INTO `creature` VALUES (247386, 36540, 654, 0, 0, 1, 1, 0, 0, -2170.74, 2162.74, 20.0569, 4.68366, 90, 0, 0, 1, 0, 0, 0, 0, 0);
INSERT INTO `creature` VALUES (247387, 36540, 654, 0, 0, 1, 1, 0, 0, -2182.09, 2189.06, 16.9236, 1.37197, 90, 0, 0, 1, 0, 0, 0, 0, 0);
INSERT INTO `creature` VALUES (247388, 36540, 654, 0, 0, 1, 1, 0, 0, -2176.71, 2190.2, 17.5129, 3.48958, 90, 0, 0, 1, 0, 0, 0, 0, 0);
INSERT INTO `creature` VALUES (247389, 36540, 654, 0, 0, 1, 1, 0, 0, -2150.19, 2173.82, 22.8668, 1.27026, 90, 0, 0, 1, 0, 0, 0, 0, 0);
INSERT INTO `creature` VALUES (247390, 36540, 654, 0, 0, 1, 1, 0, 0, -2151.68, 2189.08, 20.2034, 2.01281, 90, 0, 0, 1, 0, 0, 0, 0, 0);
INSERT INTO `creature` VALUES (247309, 36743, 654, 0, 0, 1, 1, 0, 0, -1517.51, 2607.74, 203.608, 5.81195, 90, 0, 0, 1, 0, 0, 0, 0, 0);
INSERT INTO `creature` VALUES (247246, 37067, 654, 0, 0, 1, 1, 0, 0, -2080.29, 1803.88, 6.29898, 4.67748, 90, 0, 0, 1, 0, 0, 0, 0, 0);
INSERT INTO `creature` VALUES (247247, 37067, 654, 0, 0, 1, 1, 0, 0, -2089.33, 1771.21, 5.51855, 3.12414, 90, 0, 0, 1, 0, 0, 0, 0, 0);
INSERT INTO `creature` VALUES (247248, 37067, 654, 0, 0, 1, 1, 0, 0, -1961.85, 1850.58, 6.45893, 0.471239, 90, 0, 0, 1, 0, 0, 0, 0, 0);
INSERT INTO `creature` VALUES (247249, 37067, 654, 0, 0, 1, 1, 0, 0, -1975.8, 1755.89, 6.32164, 4.67748, 90, 0, 0, 1, 0, 0, 0, 0, 0);
INSERT INTO `creature` VALUES (247250, 37067, 654, 0, 0, 1, 1, 0, 0, -1973.38, 1794.95, 7.47946, 0.174533, 90, 0, 0, 1, 0, 0, 0, 0, 0);
INSERT INTO `creature` VALUES (247251, 37067, 654, 0, 0, 1, 1, 0, 0, -1996.22, 1819.52, 6.48328, 6.24828, 90, 0, 0, 1, 0, 0, 0, 0, 0);
INSERT INTO `creature` VALUES (247252, 37067, 654, 0, 0, 1, 1, 0, 0, -2037.11, 1822.48, 6.59187, 5.55015, 90, 0, 0, 1, 0, 0, 0, 0, 0);
INSERT INTO `creature` VALUES (247253, 37067, 654, 0, 0, 1, 1, 0, 0, -2042.32, 1755.61, 6.87955, 4.36332, 90, 0, 0, 1, 0, 0, 0, 0, 0);
INSERT INTO `creature` VALUES (247254, 37067, 654, 0, 0, 1, 1, 0, 0, -2046.77, 1782.5, 5.99599, 4.67748, 90, 0, 0, 1, 0, 0, 0, 0, 0);
INSERT INTO `creature` VALUES (247255, 37067, 654, 0, 0, 1, 1, 0, 0, -2064.35, 1813.27, 6.6014, 4.67748, 90, 0, 0, 1, 0, 0, 0, 0, 0);
INSERT INTO `creature` VALUES (266813, 37078, 654, 0, 0, 1, 1, 0, 0, -2055.49, 1809.52, 6.53047, 3.27654, 10, 0, 0, 137, 1, 0, 0, 0, 0);
INSERT INTO `creature` VALUES (266814, 37078, 654, 0, 0, 1, 1, 0, 0, -2002.88, 1805.51, 7.87269, 4.13108, 10, 0, 0, 137, 1, 0, 0, 0, 0);
INSERT INTO `creature` VALUES (266815, 37078, 654, 0, 0, 1, 1, 0, 0, -2026.9, 1759.82, 6.6302, 3.1729, 10, 0, 0, 156, 1, 0, 0, 0, 0);
INSERT INTO `creature` VALUES (266816, 37078, 654, 0, 0, 1, 1, 0, 0, -2078.41, 1735.21, 5.56232, 2.63254, 10, 0, 0, 156, 1, 0, 0, 0, 0);
INSERT INTO `creature` VALUES (266817, 37078, 654, 0, 0, 1, 1, 0, 0, -2050.38, 1779.11, 6.15966, 0.441281, 10, 0, 0, 137, 1, 0, 0, 0, 0);
INSERT INTO `creature` VALUES (266818, 37078, 654, 0, 0, 1, 1, 0, 0, -1960.49, 1789.13, 5.67995, 2.31446, 10, 0, 0, 156, 1, 0, 0, 0, 0);
INSERT INTO `creature` VALUES (266819, 37078, 654, 0, 0, 1, 1, 0, 0, -1961.41, 1763.24, 5.90216, 3.62215, 10, 0, 0, 137, 1, 0, 0, 0, 0);
INSERT INTO `creature` VALUES (266820, 37078, 654, 0, 0, 1, 1, 0, 0, -1990.27, 1756.08, 5.57936, 5.98227, 10, 0, 0, 137, 1, 0, 0, 0, 0);
INSERT INTO `creature` VALUES (266821, 37078, 654, 0, 0, 1, 1, 0, 0, -2073.69, 1777.1, 6.1768, 3.39438, 10, 0, 0, 156, 1, 0, 0, 0, 0);
INSERT INTO `creature` VALUES (266822, 37078, 654, 0, 0, 1, 1, 0, 0, -2097.49, 1760.56, 5.42465, 2.64747, 10, 0, 0, 137, 1, 0, 0, 0, 0);
INSERT INTO `creature` VALUES (266823, 37078, 654, 0, 0, 1, 1, 0, 0, -2078.75, 1806.95, 6.00604, 4.03134, 10, 0, 0, 137, 1, 0, 0, 0, 0);
INSERT INTO `creature` VALUES (266824, 37078, 654, 0, 0, 1, 1, 0, 0, -2036.77, 1833.72, 6.036, 1.1827, 10, 0, 0, 156, 1, 0, 0, 0, 0);
INSERT INTO `creature` VALUES (246959, 37806, 654, 0, 0, 1, 1, 0, 0, -2123.97, 1828.07, 27.8774, 3.96498, 90, 0, 0, 1, 0, 0, 0, 0, 0);
INSERT INTO `creature` VALUES (246957, 37808, 654, 0, 0, 1, 1, 0, 0, -2199.4, 1865.87, 17.5686, 4.62512, 120, 0, 0, 1, 0, 0, 0, 0, 0);
INSERT INTO `creature` VALUES (246082, 38150, 654, 0, 0, 1, 1, 0, 0, -1326.92, 2104.05, 5.7143, 1.25664, 90, 0, 0, 1, 0, 0, 0, 0, 0);
INSERT INTO `creature` VALUES (246083, 38150, 654, 0, 0, 1, 1, 0, 0, -1314.61, 2089.65, 5.6296, 1.69297, 90, 0, 0, 1, 0, 0, 0, 0, 0);
-- gameobject spawn that was  missing
DELETE FROM gameobject WHERE id=201594;
INSERT INTO `gameobject` VALUES (58515, 201594, 654, 0, 0, 1, 1, -2278.4, 1969.41, 98.0879, 3.47321, 0, 0, 0, 1, 120, 255, 1);
-- removing some errors from  dberror.log
UPDATE creature_template SET npcflag=0 WHERE entry IN (14864,55715,56129,56130,56131,36540,36288,36287,36289,36459);
