-- Fix Start Errors[addToGossipMenus: GossipMenu 1 not found] AND [Not handled grouped condition, SourceGroup 1]
UPDATE `conditions` SET `SourceGroup`='7531' WHERE (`SourceTypeOrReferenceId`='14') AND (`SourceGroup`='1') AND (`SourceEntry`='9136');
DELETE FROM `conditions` WHERE (`SourceTypeOrReferenceId`='14') AND (`SourceGroup`='7531') AND (`SourceEntry`='9136');
-- Fix   Achievement [Minutes to Midnight] Critarea of [Glory of the Dragon Soul Raider] 6169
UPDATE `achievement_criteria_data` SET `criteria_id`='6169' WHERE (`criteria_id`='6084') AND (`type`='11');
-- Fix Duplicate Aura Erros [Must Check Error System Becaus Dont have Duplicate Data On Creature_Addon AND Creature_Addon_template AND SmartScript]
UPDATE `creature_template_addon` SET `auras`=NULL WHERE (`entry`='1743');
-- Fix Duplicate Aura Erros
UPDATE `creature_addon` SET `auras`=NULL WHERE (`guid`='31510');
-- ShadowFang Keep Some Boss Is Not Normal Mode
UPDATE `creature` SET `spawnMask`='3' WHERE (`guid`='253913');
UPDATE `creature` SET `spawnMask`='3' WHERE (`guid`='253909');
UPDATE `creature` SET `spawnMask`='3' WHERE (`guid`='253912');
-- Changefaction Change Item [Ruthless Gladiator's Medallion of Tenacity] Alliance - Horde
DELETE FROM `player_factionchange_items` WHERE (`alliance_id`='70392') AND (`horde_id`='70395');
DELETE FROM `player_factionchange_items` WHERE (`alliance_id`='72412') AND (`horde_id`='72413');
INSERT INTO `player_factionchange_items` (`race_A`, `alliance_id`, `commentA`, `race_H`, `horde_id`, `commentH`) VALUES ('0', '70392', 'Ruthless Gladiator\'s Medallion of Tenacity', '0', '70395', 'Ruthless Gladiator\'s Medallion of Tenacity');
INSERT INTO `player_factionchange_items` (`race_A`, `alliance_id`, `commentA`, `race_H`, `horde_id`, `commentH`) VALUES ('0', '72412', 'Ruthless Gladiator\'s Medallion of Tenacity', '0', '72413', 'Ruthless Gladiator\'s Medallion of Tenacity');
-- Miss NPC [Zuluhed the Whacked] For Quest [Zuluhed the Whacked]
DELETE FROM `creature` WHERE (`guid`='290495');
INSERT INTO `creature` VALUES ('290495', '11980', '530', '0', '0', '1', '1', '0', '0', '-4197.2', '391.344', '117.971', '4.3834', '7200', '0', '0', '85560', '0', '0', '0', '0', '0');
-- Uldum Npc Wrong name - Display Id And .... [Temp NPC] Bug
REPLACE INTO `creature_template` (`entry`, `difficulty_entry_1`, `difficulty_entry_2`, `difficulty_entry_3`, `KillCredit1`, `KillCredit2`, `modelid1`, `modelid2`, `modelid3`, `modelid4`, `name`, `subname`, `IconName`, `gossip_menu_id`, `minlevel`, `maxlevel`, `exp`, `faction_A`, `faction_H`, `npcflag`, `speed_walk`, `speed_run`, `scale`, `rank`, `mindmg`, `maxdmg`, `dmgschool`, `attackpower`, `dmg_multiplier`, `baseattacktime`, `rangeattacktime`, `unit_class`, `unit_flags`, `unit_flags2`, `dynamicflags`, `family`, `trainer_type`, `trainer_spell`, `trainer_class`, `trainer_race`, `minrangedmg`, `maxrangedmg`, `rangedattackpower`, `type`, `type_flags`, `lootid`, `pickpocketloot`, `skinloot`, `resistance1`, `resistance2`, `resistance3`, `resistance4`, `resistance5`, `resistance6`, `spell1`, `spell2`, `spell3`, `spell4`, `spell5`, `spell6`, `spell7`, `spell8`, `PetSpellDataId`, `VehicleId`, `mingold`, `maxgold`, `AIName`, `MovementType`, `InhabitType`, `HoverHeight`, `Health_mod`, `Mana_mod`, `Armor_mod`, `RacialLeader`, `questItem1`, `questItem2`, `questItem3`, `questItem4`, `questItem5`, `questItem6`, `movementId`, `RegenHealth`, `mechanic_immune_mask`, `flags_extra`, `ScriptName`, `WDBVerified`) VALUES (51519, 0, 0, 0, 0, 0, 3258, 3258, 3258, 3258, 'Elwynn Guard', '', '', 0, 85, 85, 3, 11, 11, 0, 1, 1.14286, 1, 0, 1007, 1354.7, 0, 1571, 4.6, 2000, 2000, 1, 32768, 2048, 8, 0, 0, 0, 0, 0, 758.1, 1062.1, 220, 7, 0, 0, 0, 0, 0, 0, 0, 0, 0, 0, 0, 0, 0, 0, 0, 0, 0, 0, 0, 0, 3220, 6046, 'SmartAI', 0, 3, 1, 1.5, 1, 1, 0, 0, 0, 0, 0, 0, 0, 210, 1, 0, 0, '', 14480);
REPLACE INTO `creature_template` (`entry`, `difficulty_entry_1`, `difficulty_entry_2`, `difficulty_entry_3`, `KillCredit1`, `KillCredit2`, `modelid1`, `modelid2`, `modelid3`, `modelid4`, `name`, `subname`, `IconName`, `gossip_menu_id`, `minlevel`, `maxlevel`, `exp`, `faction_A`, `faction_H`, `npcflag`, `speed_walk`, `speed_run`, `scale`, `rank`, `mindmg`, `maxdmg`, `dmgschool`, `attackpower`, `dmg_multiplier`, `baseattacktime`, `rangeattacktime`, `unit_class`, `unit_flags`, `unit_flags2`, `dynamicflags`, `family`, `trainer_type`, `trainer_spell`, `trainer_class`, `trainer_race`, `minrangedmg`, `maxrangedmg`, `rangedattackpower`, `type`, `type_flags`, `lootid`, `pickpocketloot`, `skinloot`, `resistance1`, `resistance2`, `resistance3`, `resistance4`, `resistance5`, `resistance6`, `spell1`, `spell2`, `spell3`, `spell4`, `spell5`, `spell6`, `spell7`, `spell8`, `PetSpellDataId`, `VehicleId`, `mingold`, `maxgold`, `AIName`, `MovementType`, `InhabitType`, `HoverHeight`, `Health_mod`, `Mana_mod`, `Armor_mod`, `RacialLeader`, `questItem1`, `questItem2`, `questItem3`, `questItem4`, `questItem5`, `questItem6`, `movementId`, `RegenHealth`, `mechanic_immune_mask`, `flags_extra`, `ScriptName`, `WDBVerified`) VALUES (51671, 0, 0, 0, 0, 0, 10270, 0, 0, 0, 'Rabid Hyena', '', '', 0, 84, 84, 3, 16, 16, 0, 1, 1.14286, 1, 0, 986.1, 1316.7, 0, 1549, 4.6, 2000, 0, 1, 0, 2048, 8, 25, 0, 0, 0, 0, 729.6, 1037.4, 204, 1, 0, 51671, 0, 51671, 0, 0, 0, 0, 0, 0, 0, 0, 0, 0, 0, 0, 0, 0, 0, 0, 0, 0, '', 0, 3, 1, 1, 1, 1, 0, 0, 0, 0, 0, 0, 0, 210, 1, 613097436, 0, 'npc_kalecgos', 14480);
REPLACE INTO `creature_template` (`entry`, `difficulty_entry_1`, `difficulty_entry_2`, `difficulty_entry_3`, `KillCredit1`, `KillCredit2`, `modelid1`, `modelid2`, `modelid3`, `modelid4`, `name`, `subname`, `IconName`, `gossip_menu_id`, `minlevel`, `maxlevel`, `exp`, `faction_A`, `faction_H`, `npcflag`, `speed_walk`, `speed_run`, `scale`, `rank`, `mindmg`, `maxdmg`, `dmgschool`, `attackpower`, `dmg_multiplier`, `baseattacktime`, `rangeattacktime`, `unit_class`, `unit_flags`, `unit_flags2`, `dynamicflags`, `family`, `trainer_type`, `trainer_spell`, `trainer_class`, `trainer_race`, `minrangedmg`, `maxrangedmg`, `rangedattackpower`, `type`, `type_flags`, `lootid`, `pickpocketloot`, `skinloot`, `resistance1`, `resistance2`, `resistance3`, `resistance4`, `resistance5`, `resistance6`, `spell1`, `spell2`, `spell3`, `spell4`, `spell5`, `spell6`, `spell7`, `spell8`, `PetSpellDataId`, `VehicleId`, `mingold`, `maxgold`, `AIName`, `MovementType`, `InhabitType`, `HoverHeight`, `Health_mod`, `Mana_mod`, `Armor_mod`, `RacialLeader`, `questItem1`, `questItem2`, `questItem3`, `questItem4`, `questItem5`, `questItem6`, `movementId`, `RegenHealth`, `mechanic_immune_mask`, `flags_extra`, `ScriptName`, `WDBVerified`) VALUES (51672, 0, 0, 0, 0, 0, 27617, 0, 0, 0, 'Sweeping Winds', '', '', 0, 83, 83, 3, 16, 16, 0, 1.55556, 1.14286, 1, 0, 967.1, 1297.7, 0, 1530, 4.6, 2000, 0, 1, 0, 2048, 8, 0, 0, 0, 0, 0, 704.9, 1016.5, 190, 4, 0, 51672, 0, 0, 0, 0, 0, 0, 0, 0, 0, 0, 0, 0, 0, 0, 0, 0, 0, 0, 0, 0, '', 0, 3, 1, 1, 1, 1, 0, 0, 0, 0, 0, 0, 0, 210, 1, 613097436, 0, 'npc_kalecgos', 14480);
REPLACE INTO `creature_template` (`entry`, `difficulty_entry_1`, `difficulty_entry_2`, `difficulty_entry_3`, `KillCredit1`, `KillCredit2`, `modelid1`, `modelid2`, `modelid3`, `modelid4`, `name`, `subname`, `IconName`, `gossip_menu_id`, `minlevel`, `maxlevel`, `exp`, `faction_A`, `faction_H`, `npcflag`, `speed_walk`, `speed_run`, `scale`, `rank`, `mindmg`, `maxdmg`, `dmgschool`, `attackpower`, `dmg_multiplier`, `baseattacktime`, `rangeattacktime`, `unit_class`, `unit_flags`, `unit_flags2`, `dynamicflags`, `family`, `trainer_type`, `trainer_spell`, `trainer_class`, `trainer_race`, `minrangedmg`, `maxrangedmg`, `rangedattackpower`, `type`, `type_flags`, `lootid`, `pickpocketloot`, `skinloot`, `resistance1`, `resistance2`, `resistance3`, `resistance4`, `resistance5`, `resistance6`, `spell1`, `spell2`, `spell3`, `spell4`, `spell5`, `spell6`, `spell7`, `spell8`, `PetSpellDataId`, `VehicleId`, `mingold`, `maxgold`, `AIName`, `MovementType`, `InhabitType`, `HoverHeight`, `Health_mod`, `Mana_mod`, `Armor_mod`, `RacialLeader`, `questItem1`, `questItem2`, `questItem3`, `questItem4`, `questItem5`, `questItem6`, `movementId`, `RegenHealth`, `mechanic_immune_mask`, `flags_extra`, `ScriptName`, `WDBVerified`) VALUES (51673, 0, 0, 0, 0, 0, 2488, 0, 0, 0, 'Venomscale Spitter', '', '', 0, 83, 83, 3, 16, 16, 0, 1, 1.14286, 1, 0, 967.1, 1297.7, 0, 1530, 4.6, 2000, 0, 1, 0, 2048, 8, 20, 0, 0, 0, 0, 704.9, 1016.5, 190, 1, 0, 51673, 0, 51673, 0, 0, 0, 0, 0, 0, 0, 0, 0, 0, 0, 0, 0, 0, 0, 0, 0, 0, '', 0, 3, 1, 1, 1, 1, 0, 0, 0, 0, 0, 0, 0, 210, 1, 613097436, 0, 'npc_kalecgos', 14480);
REPLACE INTO `creature_template` (`entry`, `difficulty_entry_1`, `difficulty_entry_2`, `difficulty_entry_3`, `KillCredit1`, `KillCredit2`, `modelid1`, `modelid2`, `modelid3`, `modelid4`, `name`, `subname`, `IconName`, `gossip_menu_id`, `minlevel`, `maxlevel`, `exp`, `faction_A`, `faction_H`, `npcflag`, `speed_walk`, `speed_run`, `scale`, `rank`, `mindmg`, `maxdmg`, `dmgschool`, `attackpower`, `dmg_multiplier`, `baseattacktime`, `rangeattacktime`, `unit_class`, `unit_flags`, `unit_flags2`, `dynamicflags`, `family`, `trainer_type`, `trainer_spell`, `trainer_class`, `trainer_race`, `minrangedmg`, `maxrangedmg`, `rangedattackpower`, `type`, `type_flags`, `lootid`, `pickpocketloot`, `skinloot`, `resistance1`, `resistance2`, `resistance3`, `resistance4`, `resistance5`, `resistance6`, `spell1`, `spell2`, `spell3`, `spell4`, `spell5`, `spell6`, `spell7`, `spell8`, `PetSpellDataId`, `VehicleId`, `mingold`, `maxgold`, `AIName`, `MovementType`, `InhabitType`, `HoverHeight`, `Health_mod`, `Mana_mod`, `Armor_mod`, `RacialLeader`, `questItem1`, `questItem2`, `questItem3`, `questItem4`, `questItem5`, `questItem6`, `movementId`, `RegenHealth`, `mechanic_immune_mask`, `flags_extra`, `ScriptName`, `WDBVerified`) VALUES (51674, 0, 0, 0, 0, 0, 15464, 0, 0, 0, 'Sand-Husk Scarab', '', '', 0, 83, 83, 3, 16, 16, 0, 1, 1.14286, 1, 0, 967.1, 1297.7, 0, 1530, 0, 0, 0, 1, 0, 2048, 0, 0, 0, 0, 0, 0, 704.9, 1016.5, 190, 1, 1, 51674, 0, 0, 0, 0, 0, 0, 0, 0, 87393, 87395, 0, 0, 0, 0, 0, 0, 0, 0, 0, 0, 'SmartAI', 0, 3, 1, 1, 1, 0, 0, 0, 0, 0, 0, 0, 0, 0, 0, 0, 0, '', 0);
REPLACE INTO `creature_template` (`entry`, `difficulty_entry_1`, `difficulty_entry_2`, `difficulty_entry_3`, `KillCredit1`, `KillCredit2`, `modelid1`, `modelid2`, `modelid3`, `modelid4`, `name`, `subname`, `IconName`, `gossip_menu_id`, `minlevel`, `maxlevel`, `exp`, `faction_A`, `faction_H`, `npcflag`, `speed_walk`, `speed_run`, `scale`, `rank`, `mindmg`, `maxdmg`, `dmgschool`, `attackpower`, `dmg_multiplier`, `baseattacktime`, `rangeattacktime`, `unit_class`, `unit_flags`, `unit_flags2`, `dynamicflags`, `family`, `trainer_type`, `trainer_spell`, `trainer_class`, `trainer_race`, `minrangedmg`, `maxrangedmg`, `rangedattackpower`, `type`, `type_flags`, `lootid`, `pickpocketloot`, `skinloot`, `resistance1`, `resistance2`, `resistance3`, `resistance4`, `resistance5`, `resistance6`, `spell1`, `spell2`, `spell3`, `spell4`, `spell5`, `spell6`, `spell7`, `spell8`, `PetSpellDataId`, `VehicleId`, `mingold`, `maxgold`, `AIName`, `MovementType`, `InhabitType`, `HoverHeight`, `Health_mod`, `Mana_mod`, `Armor_mod`, `RacialLeader`, `questItem1`, `questItem2`, `questItem3`, `questItem4`, `questItem5`, `questItem6`, `movementId`, `RegenHealth`, `mechanic_immune_mask`, `flags_extra`, `ScriptName`, `WDBVerified`) VALUES (51675, 0, 0, 0, 0, 0, 2996, 0, 0, 0, 'Oasis Crocolisk', '', '', 0, 83, 83, 3, 16, 16, 0, 1, 0.992063, 1, 0, 967.1, 1297.7, 0, 1530, 1, 0, 2000, 1, 0, 2048, 0, 6, 0, 0, 0, 0, 704.9, 1016.5, 190, 1, 1, 51675, 0, 51675, 0, 0, 0, 0, 0, 0, 48287, 87228, 0, 0, 0, 0, 0, 0, 0, 0, 0, 0, 'SmartAI', 1, 3, 1, 0.829935, 1, 1, 0, 0, 0, 0, 0, 0, 0, 0, 1, 0, 0, '', 1);
REPLACE INTO `creature_template` (`entry`, `difficulty_entry_1`, `difficulty_entry_2`, `difficulty_entry_3`, `KillCredit1`, `KillCredit2`, `modelid1`, `modelid2`, `modelid3`, `modelid4`, `name`, `subname`, `IconName`, `gossip_menu_id`, `minlevel`, `maxlevel`, `exp`, `faction_A`, `faction_H`, `npcflag`, `speed_walk`, `speed_run`, `scale`, `rank`, `mindmg`, `maxdmg`, `dmgschool`, `attackpower`, `dmg_multiplier`, `baseattacktime`, `rangeattacktime`, `unit_class`, `unit_flags`, `unit_flags2`, `dynamicflags`, `family`, `trainer_type`, `trainer_spell`, `trainer_class`, `trainer_race`, `minrangedmg`, `maxrangedmg`, `rangedattackpower`, `type`, `type_flags`, `lootid`, `pickpocketloot`, `skinloot`, `resistance1`, `resistance2`, `resistance3`, `resistance4`, `resistance5`, `resistance6`, `spell1`, `spell2`, `spell3`, `spell4`, `spell5`, `spell6`, `spell7`, `spell8`, `PetSpellDataId`, `VehicleId`, `mingold`, `maxgold`, `AIName`, `MovementType`, `InhabitType`, `HoverHeight`, `Health_mod`, `Mana_mod`, `Armor_mod`, `RacialLeader`, `questItem1`, `questItem2`, `questItem3`, `questItem4`, `questItem5`, `questItem6`, `movementId`, `RegenHealth`, `mechanic_immune_mask`, `flags_extra`, `ScriptName`, `WDBVerified`) VALUES (51713, 0, 0, 0, 0, 0, 1547, 0, 0, 0, 'Longstrider Gazelle', '', '', 0, 83, 83, 2, 190, 190, 0, 1, 1.14286, 1, 0, 967.1, 1297.7, 0, 1530, 1, 0, 2000, 1, 0, 2048, 0, 0, 0, 0, 0, 0, 704.9, 1016.5, 190, 1, 1, 51713, 0, 51713, 0, 0, 0, 0, 0, 0, 32019, 0, 0, 0, 0, 0, 0, 0, 0, 0, 0, 0, 'SmartAI', 1, 3, 1, 1, 1, 1, 0, 0, 0, 0, 0, 0, 0, 0, 1, 0, 0, '', 1);
REPLACE INTO `creature_template` (`entry`, `difficulty_entry_1`, `difficulty_entry_2`, `difficulty_entry_3`, `KillCredit1`, `KillCredit2`, `modelid1`, `modelid2`, `modelid3`, `modelid4`, `name`, `subname`, `IconName`, `gossip_menu_id`, `minlevel`, `maxlevel`, `exp`, `faction_A`, `faction_H`, `npcflag`, `speed_walk`, `speed_run`, `scale`, `rank`, `mindmg`, `maxdmg`, `dmgschool`, `attackpower`, `dmg_multiplier`, `baseattacktime`, `rangeattacktime`, `unit_class`, `unit_flags`, `unit_flags2`, `dynamicflags`, `family`, `trainer_type`, `trainer_spell`, `trainer_class`, `trainer_race`, `minrangedmg`, `maxrangedmg`, `rangedattackpower`, `type`, `type_flags`, `lootid`, `pickpocketloot`, `skinloot`, `resistance1`, `resistance2`, `resistance3`, `resistance4`, `resistance5`, `resistance6`, `spell1`, `spell2`, `spell3`, `spell4`, `spell5`, `spell6`, `spell7`, `spell8`, `PetSpellDataId`, `VehicleId`, `mingold`, `maxgold`, `AIName`, `MovementType`, `InhabitType`, `HoverHeight`, `Health_mod`, `Mana_mod`, `Armor_mod`, `RacialLeader`, `questItem1`, `questItem2`, `questItem3`, `questItem4`, `questItem5`, `questItem6`, `movementId`, `RegenHealth`, `mechanic_immune_mask`, `flags_extra`, `ScriptName`, `WDBVerified`) VALUES (51753, 0, 0, 0, 0, 0, 36139, 36138, 0, 0, 'Schnottz Overseer', '', '', 0, 84, 84, 3, 14, 14, 0, 1, 1.14286, 1, 0, 986.1, 1316.7, 0, 1549, 1, 0, 0, 1, 0, 2048, 0, 0, 0, 0, 0, 0, 729.6, 1037.4, 204, 7, 0, 51753, 51753, 0, 0, 0, 0, 0, 0, 0, 32191, 79881, 0, 0, 0, 0, 0, 0, 0, 0, 3220, 6046, 'SmartAI', 1, 1, 1, 0.99714, 0, 1, 0, 0, 0, 0, 0, 0, 0, 0, 1, 0, 0, '', 14480);
REPLACE INTO `creature_template` (`entry`, `difficulty_entry_1`, `difficulty_entry_2`, `difficulty_entry_3`, `KillCredit1`, `KillCredit2`, `modelid1`, `modelid2`, `modelid3`, `modelid4`, `name`, `subname`, `IconName`, `gossip_menu_id`, `minlevel`, `maxlevel`, `exp`, `faction_A`, `faction_H`, `npcflag`, `speed_walk`, `speed_run`, `scale`, `rank`, `mindmg`, `maxdmg`, `dmgschool`, `attackpower`, `dmg_multiplier`, `baseattacktime`, `rangeattacktime`, `unit_class`, `unit_flags`, `unit_flags2`, `dynamicflags`, `family`, `trainer_type`, `trainer_spell`, `trainer_class`, `trainer_race`, `minrangedmg`, `maxrangedmg`, `rangedattackpower`, `type`, `type_flags`, `lootid`, `pickpocketloot`, `skinloot`, `resistance1`, `resistance2`, `resistance3`, `resistance4`, `resistance5`, `resistance6`, `spell1`, `spell2`, `spell3`, `spell4`, `spell5`, `spell6`, `spell7`, `spell8`, `PetSpellDataId`, `VehicleId`, `mingold`, `maxgold`, `AIName`, `MovementType`, `InhabitType`, `HoverHeight`, `Health_mod`, `Mana_mod`, `Armor_mod`, `RacialLeader`, `questItem1`, `questItem2`, `questItem3`, `questItem4`, `questItem5`, `questItem6`, `movementId`, `RegenHealth`, `mechanic_immune_mask`, `flags_extra`, `ScriptName`, `WDBVerified`) VALUES (51759, 0, 0, 0, 0, 0, 35828, 0, 0, 0, 'Oathsworn Skinner', '', '', 0, 83, 83, 3, 16, 16, 0, 0.666668, 1.14286, 1, 1, 967.1, 1297.7, 0, 1530, 4.6, 0, 0, 1, 0, 2048, 0, 0, 0, 0, 0, 0, 704.9, 1016.5, 190, 7, 0, 51759, 51759, 0, 0, 0, 0, 0, 0, 0, 96098, 84031, 0, 0, 0, 0, 0, 0, 0, 0, 2540, 2540, 'SmartAI', 1, 3, 1, 2, 0, 1, 0, 0, 0, 0, 0, 0, 0, 0, 1, 0, 0, '', 1);
REPLACE INTO `creature_template` (`entry`, `difficulty_entry_1`, `difficulty_entry_2`, `difficulty_entry_3`, `KillCredit1`, `KillCredit2`, `modelid1`, `modelid2`, `modelid3`, `modelid4`, `name`, `subname`, `IconName`, `gossip_menu_id`, `minlevel`, `maxlevel`, `exp`, `faction_A`, `faction_H`, `npcflag`, `speed_walk`, `speed_run`, `scale`, `rank`, `mindmg`, `maxdmg`, `dmgschool`, `attackpower`, `dmg_multiplier`, `baseattacktime`, `rangeattacktime`, `unit_class`, `unit_flags`, `unit_flags2`, `dynamicflags`, `family`, `trainer_type`, `trainer_spell`, `trainer_class`, `trainer_race`, `minrangedmg`, `maxrangedmg`, `rangedattackpower`, `type`, `type_flags`, `lootid`, `pickpocketloot`, `skinloot`, `resistance1`, `resistance2`, `resistance3`, `resistance4`, `resistance5`, `resistance6`, `spell1`, `spell2`, `spell3`, `spell4`, `spell5`, `spell6`, `spell7`, `spell8`, `PetSpellDataId`, `VehicleId`, `mingold`, `maxgold`, `AIName`, `MovementType`, `InhabitType`, `HoverHeight`, `Health_mod`, `Mana_mod`, `Armor_mod`, `RacialLeader`, `questItem1`, `questItem2`, `questItem3`, `questItem4`, `questItem5`, `questItem6`, `movementId`, `RegenHealth`, `mechanic_immune_mask`, `flags_extra`, `ScriptName`, `WDBVerified`) VALUES (51760, 0, 0, 0, 0, 0, 2305, 0, 0, 0, 'Carrion Bird', '', '', 0, 83, 83, 3, 14, 14, 0, 1, 1.14286, 1, 0, 967.1, 1297.7, 0, 1530, 1, 0, 0, 1, 0, 2048, 0, 7, 0, 0, 0, 0, 704.9, 1016.5, 190, 1, 1, 51760, 0, 0, 0, 0, 0, 0, 0, 0, 55079, 0, 0, 0, 0, 0, 0, 0, 0, 0, 0, 0, 'SmartAI', 0, 4, 1, 0.829935, 0, 1, 0, 0, 0, 0, 0, 0, 0, 0, 1, 0, 0, '', 1);
REPLACE INTO `creature_template` (`entry`, `difficulty_entry_1`, `difficulty_entry_2`, `difficulty_entry_3`, `KillCredit1`, `KillCredit2`, `modelid1`, `modelid2`, `modelid3`, `modelid4`, `name`, `subname`, `IconName`, `gossip_menu_id`, `minlevel`, `maxlevel`, `exp`, `faction_A`, `faction_H`, `npcflag`, `speed_walk`, `speed_run`, `scale`, `rank`, `mindmg`, `maxdmg`, `dmgschool`, `attackpower`, `dmg_multiplier`, `baseattacktime`, `rangeattacktime`, `unit_class`, `unit_flags`, `unit_flags2`, `dynamicflags`, `family`, `trainer_type`, `trainer_spell`, `trainer_class`, `trainer_race`, `minrangedmg`, `maxrangedmg`, `rangedattackpower`, `type`, `type_flags`, `lootid`, `pickpocketloot`, `skinloot`, `resistance1`, `resistance2`, `resistance3`, `resistance4`, `resistance5`, `resistance6`, `spell1`, `spell2`, `spell3`, `spell4`, `spell5`, `spell6`, `spell7`, `spell8`, `PetSpellDataId`, `VehicleId`, `mingold`, `maxgold`, `AIName`, `MovementType`, `InhabitType`, `HoverHeight`, `Health_mod`, `Mana_mod`, `Armor_mod`, `RacialLeader`, `questItem1`, `questItem2`, `questItem3`, `questItem4`, `questItem5`, `questItem6`, `movementId`, `RegenHealth`, `mechanic_immune_mask`, `flags_extra`, `ScriptName`, `WDBVerified`) VALUES (51776, 0, 0, 0, 0, 0, 35929, 35929, 0, 0, 'Ramkahen Guardian', '', '', 0, 85, 85, 3, 2359, 2359, 67108865, 0.666668, 1.14286, 1, 0, 1007, 1354.7, 0, 1571, 1, 2000, 2000, 1, 32768, 2048, 0, 0, 0, 0, 0, 0, 758.1, 1062.1, 220, 7, 4096, 0, 0, 0, 0, 0, 0, 0, 0, 0, 95826, 40505, 0, 0, 0, 0, 0, 0, 0, 0, 5, 15, 'SmartAI', 0, 3, 1, 7.1882, 0, 1, 0, 0, 0, 0, 0, 0, 0, 0, 1, 0, 0, '', 1);
REPLACE INTO `creature_template` (`entry`, `difficulty_entry_1`, `difficulty_entry_2`, `difficulty_entry_3`, `KillCredit1`, `KillCredit2`, `modelid1`, `modelid2`, `modelid3`, `modelid4`, `name`, `subname`, `IconName`, `gossip_menu_id`, `minlevel`, `maxlevel`, `exp`, `faction_A`, `faction_H`, `npcflag`, `speed_walk`, `speed_run`, `scale`, `rank`, `mindmg`, `maxdmg`, `dmgschool`, `attackpower`, `dmg_multiplier`, `baseattacktime`, `rangeattacktime`, `unit_class`, `unit_flags`, `unit_flags2`, `dynamicflags`, `family`, `trainer_type`, `trainer_spell`, `trainer_class`, `trainer_race`, `minrangedmg`, `maxrangedmg`, `rangedattackpower`, `type`, `type_flags`, `lootid`, `pickpocketloot`, `skinloot`, `resistance1`, `resistance2`, `resistance3`, `resistance4`, `resistance5`, `resistance6`, `spell1`, `spell2`, `spell3`, `spell4`, `spell5`, `spell6`, `spell7`, `spell8`, `PetSpellDataId`, `VehicleId`, `mingold`, `maxgold`, `AIName`, `MovementType`, `InhabitType`, `HoverHeight`, `Health_mod`, `Mana_mod`, `Armor_mod`, `RacialLeader`, `questItem1`, `questItem2`, `questItem3`, `questItem4`, `questItem5`, `questItem6`, `movementId`, `RegenHealth`, `mechanic_immune_mask`, `flags_extra`, `ScriptName`, `WDBVerified`) VALUES (58040, 0, 0, 0, 0, 0, 7535, 0, 0, 0, 'Ravenholdt Sentry', 'Assassin s League', '', 0, 73, 73, 1, 35, 35, 0, 1, 2.57143, 1, 1, 600.4, 855, 0, 608, 7.5, 2000, 0, 1, 0, 2048, 8, 0, 0, 0, 0, 0, 528.2, 784.7, 75, 2, 0, 0, 0, 0, 0, 0, 0, 0, 0, 0, 0, 0, 0, 0, 0, 0, 0, 0, 0, 0, 0, 0, '', 0, 5, 1, 1, 1, 1, 0, 0, 0, 0, 0, 0, 0, 210, 1, 613097436, 0, 'npc_kalecgos', 12340);
-- Wrong Display Id 55 (uldum NPC)
REPLACE INTO `creature_template` (`entry`, `difficulty_entry_1`, `difficulty_entry_2`, `difficulty_entry_3`, `KillCredit1`, `KillCredit2`, `modelid1`, `modelid2`, `modelid3`, `modelid4`, `name`, `subname`, `IconName`, `gossip_menu_id`, `minlevel`, `maxlevel`, `exp`, `faction_A`, `faction_H`, `npcflag`, `speed_walk`, `speed_run`, `scale`, `rank`, `mindmg`, `maxdmg`, `dmgschool`, `attackpower`, `dmg_multiplier`, `baseattacktime`, `rangeattacktime`, `unit_class`, `unit_flags`, `unit_flags2`, `dynamicflags`, `family`, `trainer_type`, `trainer_spell`, `trainer_class`, `trainer_race`, `minrangedmg`, `maxrangedmg`, `rangedattackpower`, `type`, `type_flags`, `lootid`, `pickpocketloot`, `skinloot`, `resistance1`, `resistance2`, `resistance3`, `resistance4`, `resistance5`, `resistance6`, `spell1`, `spell2`, `spell3`, `spell4`, `spell5`, `spell6`, `spell7`, `spell8`, `PetSpellDataId`, `VehicleId`, `mingold`, `maxgold`, `AIName`, `MovementType`, `InhabitType`, `HoverHeight`, `Health_mod`, `Mana_mod`, `Armor_mod`, `RacialLeader`, `questItem1`, `questItem2`, `questItem3`, `questItem4`, `questItem5`, `questItem6`, `movementId`, `RegenHealth`, `mechanic_immune_mask`, `flags_extra`, `ScriptName`, `WDBVerified`) VALUES (47801, 0, 0, 0, 0, 0, 35103, 35105, 35104, 36228, 'Temple Scarab', '', '', 0, 84, 84, 3, 190, 190, 0, 1, 1.14286, 1, 0, 986.1, 1316.7, 0, 1549, 1, 0, 0, 1, 0, 2048, 0, 53, 0, 0, 0, 0, 729.6, 1037.4, 204, 1, 1, 47801, 0, 0, 0, 0, 0, 0, 0, 0, 0, 0, 0, 0, 0, 0, 0, 0, 0, 0, 0, 0, 'SmartAI', 0, 3, 1, 1, 1, 1, 0, 0, 0, 0, 0, 0, 0, 0, 1, 0, 0, '', 1);
-- No model data exist for Model 35104 AND 36228
DELETE FROM `creature_model_info` WHERE (`modelid`='35104');
DELETE FROM `creature_model_info` WHERE (`modelid`='36228');
INSERT INTO `creature_model_info` (`modelid`, `bounding_radius`, `combat_reach`, `gender`, `modelid_other_gender`) VALUES ('35104', '0.2', '1.5', '2', '0');
INSERT INTO `creature_model_info` (`modelid`, `bounding_radius`, `combat_reach`, `gender`, `modelid_other_gender`) VALUES ('36228', '0.2', '1.5', '2', '0');
-- pickpocketing_loot does not exist For New NPC
DELETE FROM `pickpocketing_loot_template` WHERE (`entry`='51753');
INSERT INTO `pickpocketing_loot_template` (`entry`, `item`, `ChanceOrQuestChance`, `lootmode`, `groupid`, `mincountOrRef`, `maxcount`) VALUES 
('51753', '63275', '10.7811', '1', '0', '1', '1'),
('51753', '63274', '10.066', '1', '0', '1', '1'),
('51753', '63273', '8.6909', '1', '0', '1', '1'),
('51753', '63349', '7.8108', '1', '0', '1', '1'),
('51753', '58259', '4.4004', '1', '0', '1', '1'),
('51753', '63272', '4.7811', '1', '0', '1', '1'),
('51753', '63271', '2.7404', '1', '0', '1', '1'),
('51753', '63300', '2.8053', '1', '0', '1', '1'),
('51753', '58261', '2.6403', '1', '0', '1', '1'),
('51753', '68196', '0.5501', '1', '0', '1', '1');
DELETE FROM `pickpocketing_loot_template` WHERE (`entry`='51759');
INSERT INTO `pickpocketing_loot_template` (`entry`, `item`, `ChanceOrQuestChance`, `lootmode`, `groupid`, `mincountOrRef`, `maxcount`) VALUES 
('51759', '63291', '28.7811', '1', '0', '1', '1'),
('51759', '63348', '23.066', '1', '0', '1', '1'),
('51759', '63273', '20.0769', '1', '0', '1', '1'),
('51759', '58269', '19.1183', '1', '0', '1', '1'),
('51759', '63317', '16.5266', '1', '0', '1', '1'),
('51759', '63272', '14.568', '1', '0', '1', '1'),
('51759', '63310', '5.7929', '1', '0', '1', '1'),
('51759', '63300', '1.3254', '1', '0', '1', '1'),
('51759', '63318', '1.1100', '1', '0', '1', '1');
-- Fix Game Object Fadeleaf Loot [ Wrong Loot ID and Template ]
UPDATE `gameobject_template` SET `data1`='2042' WHERE (`entry`='2042');
DELETE FROM `gameobject_loot_template` WHERE (`entry`='2042') AND (`item`='3818');
INSERT INTO `gameobject_loot_template` (`entry`, `item`, `ChanceOrQuestChance`, `lootmode`, `groupid`, `mincountOrRef`, `maxcount`) VALUES ('2042', '3818', '100', '1', '0', '1', '3');
-- Not Used GameObject Loot and not referenced from loot
DELETE FROM `gameobject_loot_template` WHERE (`entry`='1731');
-- Q Item [Lethality Analyzer] Spell 89752 Just Work On Npc 48136 [Bug Minimize Players 20sec]
DELETE FROM `conditions` WHERE (`SourceTypeOrReferenceId`='17') AND (`SourceEntry`='89752') AND (`ConditionValue2`='48136');
INSERT INTO `conditions` (`SourceTypeOrReferenceId`, `SourceGroup`, `SourceEntry`, `SourceId`, `ElseGroup`, `ConditionTypeOrReference`, `ConditionTarget`, `ConditionValue1`, `ConditionValue2`, `ConditionValue3`, `NegativeCondition`, `ErrorType`, `ErrorTextId`, `ScriptName`, `Comment`) VALUES ('17', '0', '89752', '0', '1', '31', '0', '3', '48136', '0', '0', '0', '0', '', 'Spell 89752 targets only 48136');
-- Q item [Viewpoint Equalizer] Spell 93773 Just Work On Npc 41258 [Bug Minimize Players without Aura]
DELETE FROM `conditions` WHERE (`SourceTypeOrReferenceId`='17') AND (`SourceEntry`='93773') AND (`ConditionValue2`='41258');
INSERT INTO `conditions` (`SourceTypeOrReferenceId`, `SourceGroup`, `SourceEntry`, `SourceId`, `ElseGroup`, `ConditionTypeOrReference`, `ConditionTarget`, `ConditionValue1`, `ConditionValue2`, `ConditionValue3`, `NegativeCondition`, `ErrorType`, `ErrorTextId`, `ScriptName`, `Comment`) VALUES ('17', '0', '93773', '0', '1', '31', '0', '3', '41258', '0', '0', '0', '0', '', 'Spell 93773 Target Only 41258');
-- Q Item [Shovel] Spell 89089 Just Work On Npc 47872 [Bug 1 Hit kill Anything]
DELETE FROM `conditions` WHERE (`SourceTypeOrReferenceId`='17') AND (`SourceEntry`='89089') AND (`ConditionValue2`='47872');
INSERT INTO `conditions` (`SourceTypeOrReferenceId`, `SourceGroup`, `SourceEntry`, `SourceId`, `ElseGroup`, `ConditionTypeOrReference`, `ConditionTarget`, `ConditionValue1`, `ConditionValue2`, `ConditionValue3`, `NegativeCondition`, `ErrorType`, `ErrorTextId`, `ScriptName`, `Comment`) VALUES ('17', '0', '89089', '0', '1', '31', '1', '3', '47872', '0', '0', '0', '0', '', 'Spell 89089 Only npc 47872');

