-- fix of the wrong  flying waypoints npc http://www.wowhead.com/npc=53115
DELETE FROM `creature_addon` WHERE `guid` =261628;
DELETE FROM `creature_addon` WHERE `guid` =261629;
DELETE FROM `creature_addon` WHERE `guid` =261630;
DELETE FROM `creature_addon` WHERE `guid` =261631;

DELETE FROM `waypoint_data` WHERE `id` = 3913711;
DELETE FROM `waypoint_data` WHERE `id` = 3913713;
DELETE FROM `waypoint_data` WHERE `id` = 3913715;
DELETE FROM `waypoint_data` WHERE `id` = 3913716;

DELETE FROM creature WHERE id=53115 AND map=720;
INSERT INTO `creature` VALUES (387146, 53115, 720, 5723, 5771, 1, 1, 0, 1, -275.811, -136.618, 46.4913, 5.54197, 300, 0, 0, 3870626, 0, 2, 0, 0, 0);
INSERT INTO `creature` VALUES (386983, 53115, 720, 5723, 5764, 1, 1, 0, 1, -182.623, 312.118, 47.9514, 3.60593, 300, 0, 0, 3870626, 0, 2, 0, 0, 0);
INSERT INTO `creature` VALUES (386963, 53115, 720, 5723, 5765, 1, 1, 0, 1, -438.818, 278.911, 81.9437, 5.45162, 300, 0, 0, 3870626, 0, 2, 0, 0, 0);

DELETE FROM creature_addon WHERE guid IN (387146,386983,386963);
INSERT INTO `creature_addon` VALUES (386963, 386963, 0, 0, 0, 0, NULL);
INSERT INTO `creature_addon` VALUES (386983, 386983, 0, 0, 0, 0, NULL);
INSERT INTO `creature_addon` VALUES (387146, 387146, 0, 0, 0, 0, NULL);

DELETE FROM waypoint_data WHERE id IN (387146,386983,386963);
INSERT INTO `waypoint_data` VALUES (387146, 5, -179.813, -235.496, 55.7221, 0, 0, 0, 0, 100, 0, 0);
INSERT INTO `waypoint_data` VALUES (387146, 4, -209.149, -212.808, 54.4089, 0, 0, 0, 0, 100, 0, 0);
INSERT INTO `waypoint_data` VALUES (387146, 3, -236.839, -186.164, 53.8947, 0, 0, 0, 0, 100, 0, 0);
INSERT INTO `waypoint_data` VALUES (387146, 2, -256.887, -165.044, 54.2444, 0, 0, 0, 0, 100, 0, 0);
INSERT INTO `waypoint_data` VALUES (387146, 1, -275.811, -136.618, 46.4913, 0, 0, 0, 0, 100, 0, 0);
INSERT INTO `waypoint_data` VALUES (386963, 24, -438.422, 278.272, 81.6939, 0, 0, 0, 0, 100, 0, 0);
INSERT INTO `waypoint_data` VALUES (386963, 23, -433.65, 268.136, 76.5179, 0, 0, 0, 0, 100, 0, 0);
INSERT INTO `waypoint_data` VALUES (386963, 22, -416.365, 241.864, 63.1333, 0, 0, 0, 0, 100, 0, 0);
INSERT INTO `waypoint_data` VALUES (386963, 21, -391.401, 206.626, 51.0844, 0, 0, 0, 0, 100, 0, 0);
INSERT INTO `waypoint_data` VALUES (386963, 20, -376.145, 175.162, 52.3315, 0, 0, 0, 0, 100, 0, 0);
INSERT INTO `waypoint_data` VALUES (386963, 19, -368.95, 149.27, 49.5564, 0, 0, 0, 0, 100, 0, 0);
INSERT INTO `waypoint_data` VALUES (386963, 18, -361.451, 118.772, 46.277, 0, 0, 0, 0, 100, 0, 0);
INSERT INTO `waypoint_data` VALUES (386963, 17, -347.444, 96.0181, 46.1577, 0, 0, 0, 0, 100, 0, 0);
INSERT INTO `waypoint_data` VALUES (386963, 16, -324.613, 72.7301, 46.1577, 0, 0, 0, 0, 100, 0, 0);
INSERT INTO `waypoint_data` VALUES (386963, 15, -311.923, 59.1037, 46.1577, 0, 0, 0, 0, 100, 0, 0);
INSERT INTO `waypoint_data` VALUES (386963, 14, -296.863, -0.737115, 46.1577, 0, 0, 0, 0, 100, 0, 0);
INSERT INTO `waypoint_data` VALUES (386963, 13, -296.863, -0.737115, 46.1577, 0, 0, 0, 0, 100, 0, 0);
INSERT INTO `waypoint_data` VALUES (386963, 12, -290.41, -31.4957, 44.7685, 0, 0, 0, 0, 100, 0, 0);
INSERT INTO `waypoint_data` VALUES (386963, 11, -301.071, -43.8639, 44.8312, 0, 0, 0, 0, 100, 0, 0);
INSERT INTO `waypoint_data` VALUES (386963, 10, -313.139, -48.5046, 46.1577, 0, 0, 0, 0, 100, 0, 0);
INSERT INTO `waypoint_data` VALUES (386963, 9, -334.988, -49.6857, 44.7588, 0, 0, 0, 0, 100, 0, 0);
INSERT INTO `waypoint_data` VALUES (386963, 8, -334.558, -23.2991, 45.0841, 0, 0, 0, 0, 100, 0, 0);
INSERT INTO `waypoint_data` VALUES (386963, 7, -311.549, -9.54934, 46.1576, 0, 0, 0, 0, 100, 0, 0);
INSERT INTO `waypoint_data` VALUES (386963, 6, -315.382, 22.5023, 46.1578, 0, 0, 0, 0, 100, 0, 0);
INSERT INTO `waypoint_data` VALUES (386963, 5, -354.946, 114.348, 46.1578, 0, 0, 0, 0, 100, 0, 0);
INSERT INTO `waypoint_data` VALUES (386963, 4, -366.227, 143.752, 48.5319, 0, 0, 0, 0, 100, 0, 0);
INSERT INTO `waypoint_data` VALUES (386963, 3, -379.028, 188.652, 53.0139, 0, 0, 0, 0, 100, 0, 0);
INSERT INTO `waypoint_data` VALUES (386963, 2, -412.727, 241.56, 62.0676, 0, 0, 0, 0, 100, 0, 0);
INSERT INTO `waypoint_data` VALUES (386963, 1, -438.668, 278.927, 81.8949, 0, 0, 0, 0, 100, 0, 0);
INSERT INTO `waypoint_data` VALUES (386983, 30, -188.187, 309.963, 47.5379, 0, 0, 0, 0, 100, 0, 0);
INSERT INTO `waypoint_data` VALUES (386983, 29, -210.314, 295.593, 45.3613, 0, 0, 0, 0, 100, 0, 0);
INSERT INTO `waypoint_data` VALUES (386983, 28, -216.97, 285.983, 45.474, 0, 0, 0, 0, 100, 0, 0);
INSERT INTO `waypoint_data` VALUES (386983, 27, -221.844, 258.415, 45.5913, 0, 0, 0, 0, 100, 0, 0);
INSERT INTO `waypoint_data` VALUES (386983, 26, -229.216, 213.517, 46.1467, 0, 0, 0, 0, 100, 0, 0);
INSERT INTO `waypoint_data` VALUES (386983, 25, -213.603, 196.802, 45.492, 0, 0, 0, 0, 100, 0, 0);
INSERT INTO `waypoint_data` VALUES (386983, 24, -178.411, 181.384, 46.3785, 0, 0, 0, 0, 100, 0, 0);
INSERT INTO `waypoint_data` VALUES (386983, 23, -122.514, 192.682, 46.1579, 0, 0, 0, 0, 100, 0, 0);
INSERT INTO `waypoint_data` VALUES (386983, 22, -59.5142, 180.761, 45.4632, 0, 0, 0, 0, 100, 0, 0);
INSERT INTO `waypoint_data` VALUES (386983, 21, -11.2802, 174.529, 45.2193, 0, 0, 0, 0, 100, 0, 0);
INSERT INTO `waypoint_data` VALUES (386983, 20, -0.334154, 160.653, 45.1382, 0, 0, 0, 0, 100, 0, 0);
INSERT INTO `waypoint_data` VALUES (386983, 19, 7.19148, 152.15, 46.0469, 0, 0, 0, 0, 100, 0, 0);
INSERT INTO `waypoint_data` VALUES (386983, 18, 14.813, 153.308, 45.504, 0, 0, 0, 0, 100, 0, 0);
INSERT INTO `waypoint_data` VALUES (386983, 17, 19.678, 162.612, 45.9938, 0, 0, 0, 0, 100, 0, 0);
INSERT INTO `waypoint_data` VALUES (386983, 16, 8.03269, 180.228, 46.4513, 0, 0, 0, 0, 100, 0, 0);
INSERT INTO `waypoint_data` VALUES (386983, 15, -8.0764, 191.818, 47.3615, 0, 0, 0, 0, 100, 0, 0);
INSERT INTO `waypoint_data` VALUES (386983, 14, -33.7247, 195.994, 47.2679, 0, 0, 0, 0, 100, 0, 0);
INSERT INTO `waypoint_data` VALUES (386983, 13, -57.692, 195.665, 44.6157, 0, 0, 0, 0, 100, 0, 0);
INSERT INTO `waypoint_data` VALUES (386983, 12, -90.2074, 192.313, 43.5725, 0, 0, 0, 0, 100, 0, 0);
INSERT INTO `waypoint_data` VALUES (386983, 11, -143.419, 185.64, 46.1293, 0, 0, 0, 0, 100, 0, 0);
INSERT INTO `waypoint_data` VALUES (386983, 10, -177.599, 178.107, 46.3981, 0, 0, 0, 0, 100, 0, 0);
INSERT INTO `waypoint_data` VALUES (386983, 9, -210.701, 166.739, 47.0738, 0, 0, 0, 0, 100, 0, 0);
INSERT INTO `waypoint_data` VALUES (386983, 8, -226.42, 171.09, 46.4282, 0, 0, 0, 0, 100, 0, 0);
INSERT INTO `waypoint_data` VALUES (386983, 7, -240.647, 184.829, 46.7837, 0, 0, 0, 0, 100, 0, 0);
INSERT INTO `waypoint_data` VALUES (386983, 6, -245.23, 207.756, 45.3791, 0, 0, 0, 0, 100, 0, 0);
INSERT INTO `waypoint_data` VALUES (386983, 5, -248.37, 223.464, 45.5471, 0, 0, 0, 0, 100, 0, 0);
INSERT INTO `waypoint_data` VALUES (386983, 4, -254.305, 253.155, 44.858, 0, 0, 0, 0, 100, 0, 0);
INSERT INTO `waypoint_data` VALUES (386983, 3, -252.675, 270.579, 44.8819, 0, 0, 0, 0, 100, 0, 0);
INSERT INTO `waypoint_data` VALUES (386983, 2, -212.356, 296.19, 44.931, 0, 0, 0, 0, 100, 0, 0);
INSERT INTO `waypoint_data` VALUES (386983, 1, -182.623, 312.118, 47.9514, 0, 0, 0, 0, 100, 0, 0);
INSERT INTO `waypoint_data` VALUES (387146, 6, -148.689, -225.942, 56.8381, 0, 0, 0, 0, 100, 0, 0);
INSERT INTO `waypoint_data` VALUES (387146, 7, -125.257, -204.992, 57.1169, 0, 0, 0, 0, 100, 0, 0);
INSERT INTO `waypoint_data` VALUES (387146, 8, -117.17, -185.722, 57.1153, 0, 0, 0, 0, 100, 0, 0);
INSERT INTO `waypoint_data` VALUES (387146, 9, -104.647, -145.921, 57.1216, 0, 0, 0, 0, 100, 0, 0);
INSERT INTO `waypoint_data` VALUES (387146, 10, -77.3674, -139.637, 55.6273, 0, 0, 0, 0, 100, 0, 0);
INSERT INTO `waypoint_data` VALUES (387146, 11, -65.2716, -118.788, 56.802, 0, 0, 0, 0, 100, 0, 0);
INSERT INTO `waypoint_data` VALUES (387146, 12, -85.0159, -117.176, 56.9594, 0, 0, 0, 0, 100, 0, 0);
INSERT INTO `waypoint_data` VALUES (387146, 13, -98.4997, -124.138, 55.9123, 0, 0, 0, 0, 100, 0, 0);
INSERT INTO `waypoint_data` VALUES (387146, 14, -107.337, -139.236, 55.5856, 0, 0, 0, 0, 100, 0, 0);
INSERT INTO `waypoint_data` VALUES (387146, 15, -115.508, -171.689, 57.0336, 0, 0, 0, 0, 100, 0, 0);
INSERT INTO `waypoint_data` VALUES (387146, 16, -124.668, -211.41, 57.1185, 0, 0, 0, 0, 100, 0, 0);
INSERT INTO `waypoint_data` VALUES (387146, 17, -150.723, -226.886, 56.6392, 0, 0, 0, 0, 100, 0, 0);
INSERT INTO `waypoint_data` VALUES (387146, 18, -182.673, -236.988, 55.6955, 0, 0, 0, 0, 100, 0, 0);
INSERT INTO `waypoint_data` VALUES (387146, 19, -203.404, -216.44, 54.4126, 0, 0, 0, 0, 100, 0, 0);
INSERT INTO `waypoint_data` VALUES (387146, 20, -234.453, -183.181, 54.2101, 0, 0, 0, 0, 100, 0, 0);
INSERT INTO `waypoint_data` VALUES (387146, 21, -255.449, -161.321, 53.9346, 0, 0, 0, 0, 100, 0, 0);
INSERT INTO `waypoint_data` VALUES (387146, 22, -275.087, -139.905, 47.0371, 0, 0, 0, 0, 100, 0, 0);

