-- http://www.wowhead.com/npc=31726
-- http://www.wowhead.com/npc=31727
-- http://www.wowhead.com/npc=30833
-- http://www.wowhead.com/npc=31053
-- http://www.wowhead.com/npc=31106
-- http://www.wowhead.com/npc=30740
-- http://www.wowhead.com/npc=30739
-- http://www.wowhead.com/npc=31153
-- http://www.wowhead.com/npc=31052
-- http://www.wowhead.com/npc=31107
-- http://www.wowhead.com/npc=31054
-- http://www.wowhead.com/npc=31101
-- http://www.wowhead.com/npc=25171
-- http://www.wowhead.com/npc=25026
-- http://www.wowhead.com/npc=31715
-- http://www.wowhead.com/npc=31051
-- http://www.wowhead.com/npc=24911

DELETE FROM smart_scripts WHERE entryorguid=31726;
DELETE FROM smart_scripts WHERE entryorguid=31727;
DELETE FROM smart_scripts WHERE entryorguid=30833;
DELETE FROM smart_scripts WHERE entryorguid=31053;
DELETE FROM smart_scripts WHERE entryorguid=31106;
DELETE FROM smart_scripts WHERE entryorguid=30740;
DELETE FROM smart_scripts WHERE entryorguid=30739;
DELETE FROM smart_scripts WHERE entryorguid=31153;
DELETE FROM smart_scripts WHERE entryorguid=31052;
DELETE FROM smart_scripts WHERE entryorguid=31107;
DELETE FROM smart_scripts WHERE entryorguid=31054;
DELETE FROM smart_scripts WHERE entryorguid=31101;
DELETE FROM smart_scripts WHERE entryorguid=25171;
DELETE FROM smart_scripts WHERE entryorguid=25026;
DELETE FROM smart_scripts WHERE entryorguid=31715;
DELETE FROM smart_scripts WHERE entryorguid=31051;
DELETE FROM smart_scripts WHERE entryorguid=24911;

INSERT INTO `smart_scripts` VALUES (31726, 0, 3, 0, 61, 0, 100, 1, 0, 0, 0, 0, 22, 1, 0, 0, 0, 0, 0, 1, 0, 0, 0, 0, 0, 0, 0, 'Set Phase 1 on Aggro');
INSERT INTO `smart_scripts` VALUES (31726, 0, 4, 5, 9, 1, 100, 0, 5, 30, 2300, 3900, 11, 23337, 0, 0, 0, 0, 0, 2, 0, 0, 0, 0, 0, 0, 0, 'Cast Shoot');
INSERT INTO `smart_scripts` VALUES (31727, 0, 4, 5, 9, 1, 100, 0, 5, 30, 2300, 3900, 11, 23337, 0, 0, 0, 0, 0, 2, 0, 0, 0, 0, 0, 0, 0, 'Cast Shoot');
INSERT INTO `smart_scripts` VALUES (30833, 0, 0, 0, 0, 0, 100, 0, 4500, 6700, 13400, 16700, 11, 17281, 0, 0, 0, 0, 0, 2, 0, 0, 0, 0, 0, 0, 0, 'Cast Crusader Strike');
INSERT INTO `smart_scripts` VALUES (31053, 0, 0, 0, 0, 0, 100, 0, 5000, 6000, 11000, 14000, 11, 15284, 0, 0, 0, 0, 0, 2, 0, 0, 0, 0, 0, 0, 0, 'Cast Cleave');
INSERT INTO `smart_scripts` VALUES (31106, 0, 0, 0, 0, 0, 100, 0, 3500, 5800, 12700, 13900, 11, 15708, 0, 0, 0, 0, 0, 2, 0, 0, 0, 0, 0, 0, 0, 'Cast Mortal Strike');
INSERT INTO `smart_scripts` VALUES (30740, 0, 0, 0, 0, 0, 100, 0, 4700, 6800, 11700, 12800, 11, 11976, 0, 0, 0, 0, 0, 2, 0, 0, 0, 0, 0, 0, 0, 'Cast Strike');
INSERT INTO `smart_scripts` VALUES (30739, 0, 0, 0, 0, 0, 100, 0, 4700, 6800, 11700, 12800, 11, 11976, 0, 0, 0, 0, 0, 2, 0, 0, 0, 0, 0, 0, 0, 'Cast Strike');
INSERT INTO `smart_scripts` VALUES (31153, 0, 0, 0, 0, 0, 100, 0, 3500, 5800, 12700, 13900, 11, 15708, 0, 0, 0, 0, 0, 2, 0, 0, 0, 0, 0, 0, 0, 'Cast Mortal Strike');
INSERT INTO `smart_scripts` VALUES (31052, 0, 0, 0, 0, 0, 100, 0, 3500, 5800, 12700, 13900, 11, 15708, 0, 0, 0, 0, 0, 2, 0, 0, 0, 0, 0, 0, 0, 'Cast Mortal Strike');
INSERT INTO `smart_scripts` VALUES (31107, 0, 0, 0, 0, 0, 100, 0, 3500, 5800, 12700, 13900, 11, 15708, 0, 0, 0, 0, 0, 2, 0, 0, 0, 0, 0, 0, 0, 'Cast Mortal Strike');
INSERT INTO `smart_scripts` VALUES (31054, 0, 1, 0, 9, 0, 100, 0, 0, 10, 12600, 18700, 11, 34944, 0, 0, 0, 0, 0, 1, 0, 0, 0, 0, 0, 0, 0, 'Cast Holy Nova on Close');
INSERT INTO `smart_scripts` VALUES (31101, 0, 6, 0, 9, 1, 100, 0, 0, 40, 0, 0, 21, 0, 0, 0, 0, 0, 0, 1, 0, 0, 0, 0, 0, 0, 0, 'Stop Moving when in bolt Range');
INSERT INTO `smart_scripts` VALUES (25171, 0, 1, 0, 1, 0, 100, 1, 500, 500, 0, 0, 11, 63413, 0, 0, 0, 0, 0, 11, 35470, 10, 0, 0, 0, 0, 0, 'Invisible Stalker (Scale x0.5) - OOC cast Rope Beam in Icehowl (not repeteable)');
INSERT INTO `smart_scripts` VALUES (25171, 0, 0, 0, 1, 0, 100, 1, 500, 500, 0, 0, 11, 63413, 0, 0, 0, 0, 0, 11, 35469, 10, 0, 0, 0, 0, 0, 'Invisible Stalker (Scale x0.5) - OOC cast Rope Beam in Gormok the Impaler (not repeteable)');
INSERT INTO `smart_scripts` VALUES (25026, 0, 0, 0, 0, 0, 100, 0, 4000, 6000, 17000, 19000, 11, 33912, 0, 0, 0, 0, 0, 2, 0, 0, 0, 0, 0, 0, 0, 'Cast Rip');
INSERT INTO `smart_scripts` VALUES (31101, 0, 7, 0, 3, 1, 100, 0, 0, 15, 0, 0, 22, 2, 0, 0, 0, 0, 0, 1, 0, 0, 0, 0, 0, 0, 0, 'Set Phase 2 at 15% Mana');
INSERT INTO `smart_scripts` VALUES (31054, 0, 2, 0, 0, 0, 100, 0, 5000, 5000, 35000, 39000, 11, 17139, 0, 0, 0, 0, 0, 1, 0, 0, 0, 0, 0, 0, 0, 'Cast Power Word: Shield');
INSERT INTO `smart_scripts` VALUES (31715, 0, 1, 2, 61, 0, 100, 1, 0, 0, 0, 0, 11, 95826, 0, 0, 0, 0, 0, 2, 0, 0, 0, 0, 0, 0, 0, 'Cast Shoot on Aggro');
INSERT INTO `smart_scripts` VALUES (31715, 0, 0, 1, 4, 0, 100, 1, 0, 0, 0, 0, 21, 0, 0, 0, 0, 0, 0, 1, 0, 0, 0, 0, 0, 0, 0, 'Stop Moving on Aggro');
INSERT INTO `smart_scripts` VALUES (31051, 0, 2, 0, 4, 1, 100, 1, 0, 0, 0, 0, 11, 31743, 0, 0, 0, 0, 0, 2, 0, 0, 0, 0, 0, 0, 0, 'Cast bolt on Aggro');
INSERT INTO `smart_scripts` VALUES (31051, 0, 3, 0, 9, 1, 100, 0, 0, 40, 3400, 4700, 11, 31743, 0, 0, 0, 0, 0, 2, 0, 0, 0, 0, 0, 0, 0, 'Cast bolt');
INSERT INTO `smart_scripts` VALUES (31727, 0, 0, 1, 4, 0, 100, 1, 0, 0, 0, 0, 21, 0, 0, 0, 0, 0, 0, 1, 0, 0, 0, 0, 0, 0, 0, 'Stop Moving on Aggro');
INSERT INTO `smart_scripts` VALUES (30833, 0, 1, 0, 2, 0, 100, 1, 0, 50, 0, 0, 11, 29427, 0, 0, 0, 0, 0, 1, 0, 0, 0, 0, 0, 0, 0, 'Cast Holy Light at 50% HP');
INSERT INTO `smart_scripts` VALUES (31726, 0, 16, 0, 0, 1, 100, 0, 5000, 5000, 12000, 12000, 11, 12024, 0, 0, 0, 0, 0, 2, 0, 0, 0, 0, 0, 0, 0, 'Cast Net');
INSERT INTO `smart_scripts` VALUES (31726, 0, 5, 0, 61, 1, 100, 0, 0, 0, 0, 0, 40, 2, 0, 0, 0, 0, 0, 1, 0, 0, 0, 0, 0, 0, 0, 'Set Ranged Weapon Model');
INSERT INTO `smart_scripts` VALUES (31726, 0, 6, 7, 9, 1, 100, 0, 30, 80, 0, 0, 21, 1, 0, 0, 0, 0, 0, 1, 0, 0, 0, 0, 0, 0, 0, 'Start Moving when not in Shoot Range');
INSERT INTO `smart_scripts` VALUES (31726, 0, 7, 0, 61, 1, 100, 0, 0, 0, 0, 0, 20, 1, 0, 0, 0, 0, 0, 1, 0, 0, 0, 0, 0, 0, 0, 'Start Melee Attack when not in Shoot Range');
INSERT INTO `smart_scripts` VALUES (31726, 0, 8, 9, 9, 1, 100, 0, 0, 10, 0, 0, 21, 1, 0, 0, 0, 0, 0, 1, 0, 0, 0, 0, 0, 0, 0, 'Start Moving when not in Shoot Range');
INSERT INTO `smart_scripts` VALUES (31726, 0, 9, 10, 61, 1, 100, 0, 0, 0, 0, 0, 40, 1, 0, 0, 0, 0, 0, 1, 0, 0, 0, 0, 0, 0, 0, 'Set Melee Weapon Model when not in Shoot Range');
INSERT INTO `smart_scripts` VALUES (31726, 0, 10, 0, 61, 1, 100, 0, 0, 0, 0, 0, 20, 1, 0, 0, 0, 0, 0, 1, 0, 0, 0, 0, 0, 0, 0, 'Start Melee Attack when not in Shoot Range');
INSERT INTO `smart_scripts` VALUES (31726, 0, 11, 12, 9, 1, 100, 0, 11, 25, 0, 0, 21, 0, 0, 0, 0, 0, 0, 1, 0, 0, 0, 0, 0, 0, 0, 'Stop Moving at 25 Yards');
INSERT INTO `smart_scripts` VALUES (31726, 0, 12, 13, 61, 1, 100, 0, 0, 0, 0, 0, 20, 0, 0, 0, 0, 0, 0, 1, 0, 0, 0, 0, 0, 0, 0, 'Stop Melee Attack at 25 Yards');
INSERT INTO `smart_scripts` VALUES (31726, 0, 13, 0, 61, 1, 100, 0, 0, 0, 0, 0, 40, 2, 0, 0, 0, 0, 0, 1, 0, 0, 0, 0, 0, 0, 0, 'Set Ranged Weapon Model at 25 Yards');
INSERT INTO `smart_scripts` VALUES (31726, 0, 14, 15, 7, 1, 100, 1, 0, 0, 0, 0, 40, 1, 0, 0, 0, 0, 0, 1, 0, 0, 0, 0, 0, 0, 0, 'Set Melee Weapon Model on Evade');
INSERT INTO `smart_scripts` VALUES (31726, 0, 15, 0, 61, 1, 100, 1, 0, 0, 0, 0, 22, 0, 0, 0, 0, 0, 0, 1, 0, 0, 0, 0, 0, 0, 0, 'Reset on Evade');
INSERT INTO `smart_scripts` VALUES (31727, 0, 5, 0, 61, 1, 100, 0, 0, 0, 0, 0, 40, 2, 0, 0, 0, 0, 0, 1, 0, 0, 0, 0, 0, 0, 0, 'Set Ranged Weapon Model');
INSERT INTO `smart_scripts` VALUES (31727, 0, 6, 7, 9, 1, 100, 0, 30, 80, 0, 0, 21, 1, 0, 0, 0, 0, 0, 1, 0, 0, 0, 0, 0, 0, 0, 'Start Moving when not in Shoot Range');
INSERT INTO `smart_scripts` VALUES (31727, 0, 7, 0, 61, 1, 100, 0, 0, 0, 0, 0, 20, 1, 0, 0, 0, 0, 0, 1, 0, 0, 0, 0, 0, 0, 0, 'Start Melee Attack when not in Shoot Range');
INSERT INTO `smart_scripts` VALUES (31727, 0, 8, 9, 9, 1, 100, 0, 0, 10, 0, 0, 21, 1, 0, 0, 0, 0, 0, 1, 0, 0, 0, 0, 0, 0, 0, 'Start Moving when not in Shoot Range');
INSERT INTO `smart_scripts` VALUES (31727, 0, 9, 10, 61, 1, 100, 0, 0, 0, 0, 0, 40, 1, 0, 0, 0, 0, 0, 1, 0, 0, 0, 0, 0, 0, 0, 'Set Melee Weapon Model when not in Shoot Range');
INSERT INTO `smart_scripts` VALUES (31727, 0, 10, 0, 61, 1, 100, 0, 0, 0, 0, 0, 20, 1, 0, 0, 0, 0, 0, 1, 0, 0, 0, 0, 0, 0, 0, 'Start Melee Attack when not in Shoot Range');
INSERT INTO `smart_scripts` VALUES (31727, 0, 11, 12, 9, 1, 100, 0, 11, 25, 0, 0, 21, 0, 0, 0, 0, 0, 0, 1, 0, 0, 0, 0, 0, 0, 0, 'Stop Moving at 25 Yards');
INSERT INTO `smart_scripts` VALUES (31727, 0, 12, 13, 61, 1, 100, 0, 0, 0, 0, 0, 20, 0, 0, 0, 0, 0, 0, 1, 0, 0, 0, 0, 0, 0, 0, 'Stop Melee Attack at 25 Yards');
INSERT INTO `smart_scripts` VALUES (31727, 0, 13, 0, 61, 1, 100, 0, 0, 0, 0, 0, 40, 2, 0, 0, 0, 0, 0, 1, 0, 0, 0, 0, 0, 0, 0, 'Set Ranged Weapon Model at 25 Yards');
INSERT INTO `smart_scripts` VALUES (31727, 0, 14, 15, 7, 1, 100, 1, 0, 0, 0, 0, 40, 1, 0, 0, 0, 0, 0, 1, 0, 0, 0, 0, 0, 0, 0, 'Set Melee Weapon Model on Evade');
INSERT INTO `smart_scripts` VALUES (31727, 0, 15, 0, 61, 1, 100, 1, 0, 0, 0, 0, 22, 0, 0, 0, 0, 0, 0, 1, 0, 0, 0, 0, 0, 0, 0, 'Reset on Evade');
INSERT INTO `smart_scripts` VALUES (24911, 0, 6, 7, 9, 1, 100, 0, 30, 80, 0, 0, 21, 1, 0, 0, 0, 0, 0, 1, 0, 0, 0, 0, 0, 0, 0, 'Start Moving when not in Shoot Range');
INSERT INTO `smart_scripts` VALUES (24911, 0, 7, 0, 61, 1, 100, 0, 0, 0, 0, 0, 20, 1, 0, 0, 0, 0, 0, 1, 0, 0, 0, 0, 0, 0, 0, 'Start Melee Attack when not in Shoot Range');
INSERT INTO `smart_scripts` VALUES (24911, 0, 8, 9, 9, 1, 100, 0, 0, 10, 0, 0, 21, 1, 0, 0, 0, 0, 0, 1, 0, 0, 0, 0, 0, 0, 0, 'Start Moving when not in Shoot Range');
INSERT INTO `smart_scripts` VALUES (24911, 0, 9, 10, 61, 1, 100, 0, 0, 0, 0, 0, 40, 1, 0, 0, 0, 0, 0, 1, 0, 0, 0, 0, 0, 0, 0, 'Set Melee Weapon Model when not in Shoot Range');
INSERT INTO `smart_scripts` VALUES (24911, 0, 10, 0, 61, 1, 100, 0, 0, 0, 0, 0, 20, 1, 0, 0, 0, 0, 0, 1, 0, 0, 0, 0, 0, 0, 0, 'Start Melee Attack when not in Shoot Range');
INSERT INTO `smart_scripts` VALUES (24911, 0, 11, 12, 9, 1, 100, 0, 11, 25, 0, 0, 21, 0, 0, 0, 0, 0, 0, 1, 0, 0, 0, 0, 0, 0, 0, 'Stop Moving at 25 Yards');
INSERT INTO `smart_scripts` VALUES (24911, 0, 12, 13, 61, 1, 100, 0, 0, 0, 0, 0, 20, 0, 0, 0, 0, 0, 0, 1, 0, 0, 0, 0, 0, 0, 0, 'Stop Melee Attack at 25 Yards');
INSERT INTO `smart_scripts` VALUES (24911, 0, 13, 0, 61, 1, 100, 0, 0, 0, 0, 0, 40, 2, 0, 0, 0, 0, 0, 1, 0, 0, 0, 0, 0, 0, 0, 'Set Ranged Weapon Model at 25 Yards');
INSERT INTO `smart_scripts` VALUES (24911, 0, 14, 15, 7, 1, 100, 1, 0, 0, 0, 0, 40, 1, 0, 0, 0, 0, 0, 1, 0, 0, 0, 0, 0, 0, 0, 'Set Melee Weapon Model on Evade');
INSERT INTO `smart_scripts` VALUES (24911, 0, 15, 0, 61, 1, 100, 1, 0, 0, 0, 0, 22, 0, 0, 0, 0, 0, 0, 1, 0, 0, 0, 0, 0, 0, 0, 'Reset on Evade');
INSERT INTO `smart_scripts` VALUES (31051, 0, 4, 0, 9, 1, 100, 0, 40, 100, 0, 0, 21, 1, 0, 0, 0, 0, 0, 1, 0, 0, 0, 0, 0, 0, 0, 'Start Moving when not in bolt Range');
INSERT INTO `smart_scripts` VALUES (31051, 0, 5, 0, 9, 1, 100, 0, 10, 15, 0, 0, 21, 0, 0, 0, 0, 0, 0, 1, 0, 0, 0, 0, 0, 0, 0, 'Stop Moving at 15 Yards');
INSERT INTO `smart_scripts` VALUES (31051, 0, 6, 0, 9, 1, 100, 0, 0, 40, 0, 0, 21, 0, 0, 0, 0, 0, 0, 1, 0, 0, 0, 0, 0, 0, 0, 'Stop Moving when in bolt Range');
INSERT INTO `smart_scripts` VALUES (31051, 0, 7, 0, 3, 1, 100, 0, 0, 15, 0, 0, 22, 2, 0, 0, 0, 0, 0, 1, 0, 0, 0, 0, 0, 0, 0, 'Set Phase 2 at 15% Mana');
INSERT INTO `smart_scripts` VALUES (31051, 0, 8, 0, 3, 2, 100, 0, 0, 15, 0, 0, 21, 1, 0, 0, 0, 0, 0, 1, 0, 0, 0, 0, 0, 0, 0, 'Start Moving at 15% Mana');
INSERT INTO `smart_scripts` VALUES (31051, 0, 9, 0, 3, 2, 100, 0, 30, 100, 100, 100, 22, 1, 0, 0, 0, 0, 0, 1, 0, 0, 0, 0, 0, 0, 0, 'Set Phase 1 When Mana is above 30%');
INSERT INTO `smart_scripts` VALUES (31051, 0, 10, 0, 0, 1, 100, 0, 5000, 5000, 18900, 19700, 11, 31741, 0, 0, 0, 0, 0, 2, 0, 0, 0, 0, 0, 0, 0, 'Cast Slow');
INSERT INTO `smart_scripts` VALUES (31101, 0, 8, 0, 3, 2, 100, 0, 0, 15, 0, 0, 21, 1, 0, 0, 0, 0, 0, 1, 0, 0, 0, 0, 0, 0, 0, 'Start Moving at 15% Mana');
INSERT INTO `smart_scripts` VALUES (31101, 0, 9, 0, 3, 2, 100, 0, 30, 100, 100, 100, 22, 1, 0, 0, 0, 0, 0, 1, 0, 0, 0, 0, 0, 0, 0, 'Set Phase 1 When Mana is above 30%');
INSERT INTO `smart_scripts` VALUES (31101, 0, 10, 0, 2, 1, 100, 1, 0, 40, 0, 0, 11, 11986, 0, 0, 0, 0, 0, 1, 0, 0, 0, 0, 0, 0, 0, 'Cast Healing Wave at 40% HP');
INSERT INTO `smart_scripts` VALUES (31101, 0, 11, 0, 0, 1, 100, 0, 4000, 5000, 11000, 16000, 11, 4979, 0, 0, 0, 0, 0, 1, 0, 0, 0, 0, 0, 0, 0, 'Cast Quick Flame Ward');
INSERT INTO `smart_scripts` VALUES (31101, 0, 0, 0, 4, 0, 100, 1, 0, 0, 0, 0, 22, 1, 0, 0, 0, 0, 0, 1, 0, 0, 0, 0, 0, 0, 0, 'Set Phase 1 on Aggro');
INSERT INTO `smart_scripts` VALUES (31726, 0, 2, 3, 61, 0, 100, 1, 0, 0, 0, 0, 20, 0, 0, 0, 0, 0, 0, 1, 0, 0, 0, 0, 0, 0, 0, 'Stop Melee Attack on Aggro');
INSERT INTO `smart_scripts` VALUES (31726, 0, 1, 2, 61, 0, 100, 1, 0, 0, 0, 0, 11, 23337, 0, 0, 0, 0, 0, 2, 0, 0, 0, 0, 0, 0, 0, 'Cast Shoot on Aggro');
INSERT INTO `smart_scripts` VALUES (31726, 0, 0, 1, 4, 0, 100, 1, 0, 0, 0, 0, 21, 0, 0, 0, 0, 0, 0, 1, 0, 0, 0, 0, 0, 0, 0, 'Stop Moving on Aggro');
INSERT INTO `smart_scripts` VALUES (31727, 0, 3, 0, 61, 0, 100, 1, 0, 0, 0, 0, 22, 1, 0, 0, 0, 0, 0, 1, 0, 0, 0, 0, 0, 0, 0, 'Set Phase 1 on Aggro');
INSERT INTO `smart_scripts` VALUES (31727, 0, 2, 3, 61, 0, 100, 1, 0, 0, 0, 0, 20, 0, 0, 0, 0, 0, 0, 1, 0, 0, 0, 0, 0, 0, 0, 'Stop Melee Attack on Aggro');
INSERT INTO `smart_scripts` VALUES (31727, 0, 1, 2, 61, 0, 100, 1, 0, 0, 0, 0, 11, 23337, 0, 0, 0, 0, 0, 2, 0, 0, 0, 0, 0, 0, 0, 'Cast Shoot on Aggro');
INSERT INTO `smart_scripts` VALUES (24911, 0, 5, 0, 61, 1, 100, 0, 0, 0, 0, 0, 40, 2, 0, 0, 0, 0, 0, 1, 0, 0, 0, 0, 0, 0, 0, 'Set Ranged Weapon Model');
INSERT INTO `smart_scripts` VALUES (24911, 0, 4, 5, 9, 1, 100, 0, 5, 30, 2300, 3900, 11, 44961, 0, 0, 0, 0, 0, 2, 0, 0, 0, 0, 0, 0, 0, 'Cast Shoot');
INSERT INTO `smart_scripts` VALUES (24911, 0, 3, 0, 61, 0, 100, 1, 0, 0, 0, 0, 22, 1, 0, 0, 0, 0, 0, 1, 0, 0, 0, 0, 0, 0, 0, 'Set Phase 1 on Aggro');
INSERT INTO `smart_scripts` VALUES (24911, 0, 2, 3, 61, 0, 100, 1, 0, 0, 0, 0, 20, 0, 0, 0, 0, 0, 0, 1, 0, 0, 0, 0, 0, 0, 0, 'Stop Melee Attack on Aggro');
INSERT INTO `smart_scripts` VALUES (31051, 0, 0, 0, 4, 0, 100, 1, 0, 0, 0, 0, 22, 1, 0, 0, 0, 0, 0, 1, 0, 0, 0, 0, 0, 0, 0, 'Set Phase 1 on Aggro');
INSERT INTO `smart_scripts` VALUES (31051, 0, 1, 0, 4, 1, 100, 1, 0, 0, 0, 0, 21, 0, 0, 0, 0, 0, 0, 1, 0, 0, 0, 0, 0, 0, 0, 'Stop Moving on Aggro');
INSERT INTO `smart_scripts` VALUES (31054, 0, 0, 0, 2, 0, 100, 1, 0, 50, 0, 0, 11, 34945, 0, 0, 0, 0, 0, 1, 0, 0, 0, 0, 0, 0, 0, 'Cast Heal at 50% HP');
INSERT INTO `smart_scripts` VALUES (31101, 0, 5, 0, 9, 1, 100, 0, 10, 15, 0, 0, 21, 0, 0, 0, 0, 0, 0, 1, 0, 0, 0, 0, 0, 0, 0, 'Stop Moving at 15 Yards');
INSERT INTO `smart_scripts` VALUES (31101, 0, 4, 0, 9, 1, 100, 0, 40, 100, 0, 0, 21, 1, 0, 0, 0, 0, 0, 1, 0, 0, 0, 0, 0, 0, 0, 'Start Moving when not in bolt Range');
INSERT INTO `smart_scripts` VALUES (31727, 0, 16, 0, 0, 1, 100, 0, 5000, 5000, 12000, 12000, 11, 12024, 0, 0, 0, 0, 0, 2, 0, 0, 0, 0, 0, 0, 0, 'Cast Net');
INSERT INTO `smart_scripts` VALUES (24911, 0, 0, 1, 4, 0, 100, 1, 0, 0, 0, 0, 21, 0, 0, 0, 0, 0, 0, 1, 0, 0, 0, 0, 0, 0, 0, 'Stop Moving on Aggro');
INSERT INTO `smart_scripts` VALUES (24911, 0, 1, 2, 61, 0, 100, 1, 0, 0, 0, 0, 11, 44961, 0, 0, 0, 0, 0, 2, 0, 0, 0, 0, 0, 0, 0, 'Cast Shoot on Aggro');
INSERT INTO `smart_scripts` VALUES (31101, 0, 2, 0, 4, 1, 100, 1, 0, 0, 0, 0, 11, 9532, 0, 0, 0, 0, 0, 2, 0, 0, 0, 0, 0, 0, 0, 'Cast bolt on Aggro');
INSERT INTO `smart_scripts` VALUES (31101, 0, 3, 0, 9, 1, 100, 0, 0, 40, 3400, 4700, 11, 9532, 0, 0, 0, 0, 0, 2, 0, 0, 0, 0, 0, 0, 0, 'Cast bolt');
INSERT INTO `smart_scripts` VALUES (31101, 0, 1, 0, 4, 1, 100, 1, 0, 0, 0, 0, 21, 0, 0, 0, 0, 0, 0, 1, 0, 0, 0, 0, 0, 0, 0, 'Stop Moving on Aggro');
INSERT INTO `smart_scripts` VALUES (31715, 0, 2, 3, 61, 0, 100, 1, 0, 0, 0, 0, 20, 0, 0, 0, 0, 0, 0, 1, 0, 0, 0, 0, 0, 0, 0, 'Stop Melee Attack on Aggro');
INSERT INTO `smart_scripts` VALUES (31715, 0, 3, 0, 61, 0, 100, 1, 0, 0, 0, 0, 22, 1, 0, 0, 0, 0, 0, 1, 0, 0, 0, 0, 0, 0, 0, 'Set Phase 1 on Aggro');
INSERT INTO `smart_scripts` VALUES (31715, 0, 4, 5, 9, 1, 100, 0, 5, 30, 2300, 3900, 11, 95826, 0, 0, 0, 0, 0, 2, 0, 0, 0, 0, 0, 0, 0, 'Cast Shoot');
INSERT INTO `smart_scripts` VALUES (31715, 0, 5, 0, 61, 1, 100, 0, 0, 0, 0, 0, 40, 2, 0, 0, 0, 0, 0, 1, 0, 0, 0, 0, 0, 0, 0, 'Set Ranged Weapon Model');
INSERT INTO `smart_scripts` VALUES (31715, 0, 6, 7, 9, 1, 100, 0, 30, 80, 0, 0, 21, 1, 0, 0, 0, 0, 0, 1, 0, 0, 0, 0, 0, 0, 0, 'Start Moving when not in Shoot Range');
INSERT INTO `smart_scripts` VALUES (31715, 0, 7, 0, 61, 1, 100, 0, 0, 0, 0, 0, 20, 1, 0, 0, 0, 0, 0, 1, 0, 0, 0, 0, 0, 0, 0, 'Start Melee Attack when not in Shoot Range');
INSERT INTO `smart_scripts` VALUES (31715, 0, 8, 9, 9, 1, 100, 0, 0, 10, 0, 0, 21, 1, 0, 0, 0, 0, 0, 1, 0, 0, 0, 0, 0, 0, 0, 'Start Moving when not in Shoot Range');
INSERT INTO `smart_scripts` VALUES (31715, 0, 9, 10, 61, 1, 100, 0, 0, 0, 0, 0, 40, 1, 0, 0, 0, 0, 0, 1, 0, 0, 0, 0, 0, 0, 0, 'Set Melee Weapon Model when not in Shoot Range');
INSERT INTO `smart_scripts` VALUES (31715, 0, 10, 0, 61, 1, 100, 0, 0, 0, 0, 0, 20, 1, 0, 0, 0, 0, 0, 1, 0, 0, 0, 0, 0, 0, 0, 'Start Melee Attack when not in Shoot Range');
INSERT INTO `smart_scripts` VALUES (31715, 0, 11, 12, 9, 1, 100, 0, 11, 25, 0, 0, 21, 0, 0, 0, 0, 0, 0, 1, 0, 0, 0, 0, 0, 0, 0, 'Stop Moving at 25 Yards');
INSERT INTO `smart_scripts` VALUES (31715, 0, 12, 13, 61, 1, 100, 0, 0, 0, 0, 0, 20, 0, 0, 0, 0, 0, 0, 1, 0, 0, 0, 0, 0, 0, 0, 'Stop Melee Attack at 25 Yards');
INSERT INTO `smart_scripts` VALUES (31715, 0, 13, 0, 61, 1, 100, 0, 0, 0, 0, 0, 40, 2, 0, 0, 0, 0, 0, 1, 0, 0, 0, 0, 0, 0, 0, 'Set Ranged Weapon Model at 25 Yards');
INSERT INTO `smart_scripts` VALUES (31715, 0, 14, 15, 7, 1, 100, 1, 0, 0, 0, 0, 40, 1, 0, 0, 0, 0, 0, 1, 0, 0, 0, 0, 0, 0, 0, 'Set Melee Weapon Model on Evade');
INSERT INTO `smart_scripts` VALUES (31715, 0, 15, 0, 61, 1, 100, 1, 0, 0, 0, 0, 22, 0, 0, 0, 0, 0, 0, 1, 0, 0, 0, 0, 0, 0, 0, 'Reset on Evade');
INSERT INTO `smart_scripts` VALUES (31715, 0, 16, 0, 9, 1, 100, 0, 0, 20, 8000, 9000, 11, 12024, 0, 0, 0, 0, 0, 2, 0, 0, 0, 0, 0, 0, 0, 'Cast Net on Close');

DELETE  FROM creature_text WHERE entry=30739;
DELETE  FROM creature_text WHERE entry=30740;
DELETE  FROM creature_text WHERE entry=31052;
DELETE  FROM creature_text WHERE entry=31101;
DELETE  FROM creature_text WHERE entry=31051;
DELETE  FROM creature_text WHERE entry=31153;
DELETE  FROM creature_text WHERE entry=31106;
DELETE  FROM creature_text WHERE entry=31053;
DELETE  FROM creature_text WHERE entry=31054;
DELETE  FROM creature_text WHERE entry=31107;
DELETE  FROM creature_text WHERE entry=30833;
DELETE  FROM creature_text WHERE entry=31727;
DELETE  FROM creature_text WHERE entry=31726;
DELETE  FROM creature_text WHERE entry=31715;
DELETE  FROM creature_text WHERE entry=25026;
DELETE  FROM creature_text WHERE entry=24911;
DELETE  FROM creature_text WHERE entry=25171;

INSERT INTO `creature_text` VALUES ('30739', '0', '0', 'sniff required', '12', '0', '50', '0', '0', '0', 'Say Text 1');
INSERT INTO `creature_text` VALUES ('30740', '0', '0', 'sniff required', '12', '0', '50', '0', '0', '0', 'Say Text 1');
INSERT INTO `creature_text` VALUES ('31052', '0', '0', 'sniff required', '12', '0', '50', '0', '0', '0', 'Say Text 1');
INSERT INTO `creature_text` VALUES ('31101', '0', '0', 'sniff required', '12', '0', '50', '0', '0', '0', 'Say Text 1');
INSERT INTO `creature_text` VALUES ('31051', '0', '0', 'sniff required', '12', '0', '50', '0', '0', '0', 'Say Text 1');
INSERT INTO `creature_text` VALUES ('31153', '0', '0', 'sniff required', '12', '0', '50', '0', '0', '0', 'Say Text 1');
INSERT INTO `creature_text` VALUES ('31106', '0', '0', 'sniff required', '12', '0', '50', '0', '0', '0', 'Say Text 1');
INSERT INTO `creature_text` VALUES ('31053', '0', '0', 'sniff required', '12', '0', '50', '0', '0', '0', 'Say Text 1');
INSERT INTO `creature_text` VALUES ('31054', '0', '0', 'sniff required', '12', '0', '50', '0', '0', '0', 'Say Text 1');
INSERT INTO `creature_text` VALUES ('31107', '0', '0', 'sniff required', '12', '0', '50', '0', '0', '0', 'Say Text 1');
INSERT INTO `creature_text` VALUES ('30833', '0', '0', 'sniff required', '12', '0', '50', '0', '0', '0', 'Say Text 1');
INSERT INTO `creature_text` VALUES ('31727', '0', '0', 'sniff required', '12', '0', '50', '0', '0', '0', 'Say Text 1');
INSERT INTO `creature_text` VALUES ('31726', '0', '0', 'sniff required', '12', '0', '50', '0', '0', '0', 'Say Text 1');
INSERT INTO `creature_text` VALUES ('31715', '0', '0', 'sniff required', '12', '0', '50', '0', '0', '0', 'Say Text 1');
INSERT INTO `creature_text` VALUES ('25026', '0', '0', 'sniff required', '12', '0', '50', '0', '0', '0', 'Say Text 1');
INSERT INTO `creature_text` VALUES ('24911', '0', '0', 'sniff required', '12', '0', '50', '0', '0', '0', 'Say Text 1');
INSERT INTO `creature_text` VALUES ('25171', '0', '0', 'sniff required', '12', '0', '50', '0', '0', '0', 'Say Text 1');

DELETE FROM `creature_template_addon` WHERE entry=51383;
DELETE FROM `creature_template_addon` WHERE entry=33115;
DELETE FROM `creature_template_addon` WHERE entry=50309;
DELETE FROM `creature_template_addon` WHERE entry=50308;
DELETE FROM `creature_template_addon` WHERE entry=32912;
DELETE FROM `creature_template_addon` WHERE entry=35115;
DELETE FROM `creature_template_addon` WHERE entry=2149; 
DELETE FROM `creature_template_addon` WHERE entry=6388; 
DELETE FROM `creature_template_addon` WHERE entry=6390; 
DELETE FROM `creature_template_addon` WHERE entry=16873;
DELETE FROM `creature_template_addon` WHERE entry=19382;
DELETE FROM `creature_template_addon` WHERE entry=19635;
DELETE FROM `creature_template_addon` WHERE entry=20237;
DELETE FROM `creature_template_addon` WHERE entry=20635;
DELETE FROM `creature_template_addon` WHERE entry=20771;
DELETE FROM `creature_template_addon` WHERE entry=21773;
DELETE FROM `creature_template_addon` WHERE entry=22980;
DELETE FROM `creature_template_addon` WHERE entry=24043;
DELETE FROM `creature_template_addon` WHERE entry=28171;
DELETE FROM `creature_template_addon` WHERE entry=35101;
DELETE FROM `creature_template_addon` WHERE entry=30007;
DELETE FROM `creature_template_addon` WHERE entry=28006;
DELETE FROM `creature_template_addon` WHERE entry=11102;
DELETE FROM `creature_template_addon` WHERE entry=7441; 
DELETE FROM `creature_template_addon` WHERE entry=40160;
DELETE FROM `creature_template_addon` WHERE entry=26333;
DELETE FROM `creature_template_addon` WHERE entry=43693;
DELETE FROM `creature_template_addon` WHERE entry=49877;
DELETE FROM `creature_template_addon` WHERE entry=3111; 
DELETE FROM `creature_template_addon` WHERE entry=41544;
DELETE FROM `creature_template_addon` WHERE entry=41146;
DELETE FROM `creature_template_addon` WHERE entry=42849;
DELETE FROM `creature_template_addon` WHERE entry=42319;
DELETE FROM `creature_template_addon` WHERE entry=42852;
DELETE FROM `creature_template_addon` WHERE entry=42553;
DELETE FROM `creature_template_addon` WHERE entry=51372;
DELETE FROM `creature_template_addon` WHERE entry=41158;
DELETE FROM `creature_template_addon` WHERE entry=41171;
DELETE FROM `creature_template_addon` WHERE entry=46414;
DELETE FROM `creature_template_addon` WHERE entry=47328;
DELETE FROM `creature_template_addon` WHERE entry=46648;
DELETE FROM `creature_template_addon` WHERE entry=52016;
DELETE FROM `creature_template_addon` WHERE entry=55761;
DELETE FROM `creature_template_addon` WHERE entry=7440; 
DELETE FROM `creature_template_addon` WHERE entry=48201;
DELETE FROM `creature_template_addon` WHERE entry=1068; 
DELETE FROM `creature_template_addon` WHERE entry=44919;
DELETE FROM `creature_template_addon` WHERE entry=50488;
DELETE FROM `creature_template_addon` WHERE entry=50477;
DELETE FROM `creature_template_addon` WHERE entry=19905;
DELETE FROM `creature_template_addon` WHERE entry=30231;
DELETE FROM `creature_template_addon` WHERE entry=48343;
DELETE FROM `creature_template_addon` WHERE entry=48342;
DELETE FROM `creature_template_addon` WHERE entry=48341;
DELETE FROM `creature_template_addon` WHERE entry=48340;
DELETE FROM `creature_template_addon` WHERE entry=35095;
DELETE FROM `creature_template_addon` WHERE entry=8764; 
DELETE FROM `creature_template_addon` WHERE entry=46942;
DELETE FROM `creature_template_addon` WHERE entry=49874;
DELETE FROM `creature_template_addon` WHERE entry=7438; 
DELETE FROM `creature_template_addon` WHERE entry=7439; 
DELETE FROM `creature_template_addon` WHERE entry=501; 
DELETE FROM `creature_template_addon` WHERE entry=54373;
DELETE FROM `creature_template_addon` WHERE entry=51915;
DELETE FROM `creature_template_addon` WHERE entry=203; 
DELETE FROM `creature_template_addon` WHERE entry=12856;
DELETE FROM `creature_template_addon` WHERE entry=19908;
DELETE FROM `creature_template_addon` WHERE entry=33187;
DELETE FROM `creature_template_addon` WHERE entry=34241;
DELETE FROM `creature_template_addon` WHERE entry=34242;
DELETE FROM `creature_template_addon` WHERE entry=36591;
DELETE FROM `creature_template_addon` WHERE entry=3734; 
DELETE FROM `creature_template_addon` WHERE entry=51346;
DELETE FROM `creature_template_addon` WHERE entry=52427;
DELETE FROM `creature_template_addon` WHERE entry=56372;
DELETE FROM `creature_template_addon` WHERE entry=45905;
DELETE FROM `creature_template_addon` WHERE entry=47755;
DELETE FROM `creature_template_addon` WHERE entry=33178;
DELETE FROM `creature_template_addon` WHERE entry=38469;
DELETE FROM `creature_template_addon` WHERE entry=33359;
DELETE FROM `creature_template_addon` WHERE entry=43731;
DELETE FROM `creature_template_addon` WHERE entry=45582;
DELETE FROM `creature_template_addon` WHERE entry=930; 
DELETE FROM `creature_template_addon` WHERE entry=45783;
DELETE FROM `creature_template_addon` WHERE entry=16212;
DELETE FROM `creature_template_addon` WHERE entry=29587;
DELETE FROM `creature_template_addon` WHERE entry=45429;
DELETE FROM `creature_template_addon` WHERE entry=45195;
DELETE FROM `creature_template_addon` WHERE entry=47003;
DELETE FROM `creature_template_addon` WHERE entry=19906;
DELETE FROM `creature_template_addon` WHERE entry=19907;
DELETE FROM `creature_template_addon` WHERE entry=2344; 
DELETE FROM `creature_template_addon` WHERE entry=2345; 
DELETE FROM `creature_template_addon` WHERE entry=48483;
DELETE FROM `creature_template_addon` WHERE entry=47231;
DELETE FROM `creature_template_addon` WHERE entry=50304;
DELETE FROM `creature_template_addon` WHERE entry=7980; 
DELETE FROM `creature_template_addon` WHERE entry=47510;
DELETE FROM `creature_template_addon` WHERE entry=47528;
DELETE FROM `creature_template_addon` WHERE entry=41229;
DELETE FROM `creature_template_addon` WHERE entry=422; 
DELETE FROM `creature_template_addon` WHERE entry=43341;
DELETE FROM `creature_template_addon` WHERE entry=43533;
DELETE FROM `creature_template_addon` WHERE entry=4462; 
DELETE FROM `creature_template_addon` WHERE entry=44650;
DELETE FROM `creature_template_addon` WHERE entry=49864;
DELETE FROM `creature_template_addon` WHERE entry=45993;
DELETE FROM `creature_template_addon` WHERE entry=46614;
DELETE FROM `creature_template_addon` WHERE entry=34761;
DELETE FROM `creature_template_addon` WHERE entry=49477;
DELETE FROM `creature_template_addon` WHERE entry=49478;
DELETE FROM `creature_template_addon` WHERE entry=37845;
DELETE FROM `creature_template_addon` WHERE entry=39582;
DELETE FROM `creature_template_addon` WHERE entry=38518;
DELETE FROM `creature_template_addon` WHERE entry=38515;
DELETE FROM `creature_template_addon` WHERE entry=36578;
DELETE FROM `creature_template_addon` WHERE entry=38513;
DELETE FROM `creature_template_addon` WHERE entry=39615;
DELETE FROM `creature_template_addon` WHERE entry=42473;
DELETE FROM `creature_template_addon` WHERE entry=35904;
DELETE FROM `creature_template_addon` WHERE entry=38514;
DELETE FROM `creature_template_addon` WHERE entry=38753;
DELETE FROM `creature_template_addon` WHERE entry=39042;
DELETE FROM `creature_template_addon` WHERE entry=39044;
DELETE FROM `creature_template_addon` WHERE entry=38575;
DELETE FROM `creature_template_addon` WHERE entry=35222;
DELETE FROM `creature_template_addon` WHERE entry=38516;
DELETE FROM `creature_template_addon` WHERE entry=36348;
DELETE FROM `creature_template_addon` WHERE entry=33420;
DELETE FROM `creature_template_addon` WHERE entry=50305;
DELETE FROM `creature_template_addon` WHERE entry=50307;
DELETE FROM `creature_template_addon` WHERE entry=51348;
DELETE FROM `creature_template_addon` WHERE entry=51371;
DELETE FROM `creature_template_addon` WHERE entry=34913;
DELETE FROM `creature_template_addon` WHERE entry=35551;
DELETE FROM `creature_template_addon` WHERE entry=36452;
DELETE FROM `creature_template_addon` WHERE entry=37806;
DELETE FROM `creature_template_addon` WHERE entry=36312;
DELETE FROM `creature_template_addon` WHERE entry=35911;
DELETE FROM `creature_template_addon` WHERE entry=37692;
DELETE FROM `creature_template_addon` WHERE entry=38464;
DELETE FROM `creature_template_addon` WHERE entry=38218;
DELETE FROM `creature_template_addon` WHERE entry=35112;
DELETE FROM `creature_template_addon` WHERE entry=34850;
DELETE FROM `creature_template_addon` WHERE entry=4075; 
DELETE FROM `creature_template_addon` WHERE entry=35906;
DELETE FROM `creature_template_addon` WHERE entry=35550;
DELETE FROM `creature_template_addon` WHERE entry=11382;
DELETE FROM `creature_template_addon` WHERE entry=36915;
DELETE FROM `creature_template_addon` WHERE entry=54045;
DELETE FROM `creature_template_addon` WHERE entry=54044;
DELETE FROM `creature_template_addon` WHERE entry=52530;
DELETE FROM `creature_template_addon` WHERE entry=46085;
DELETE FROM `creature_template_addon` WHERE entry=40784;
DELETE FROM `creature_template_addon` WHERE entry=40597;
DELETE FROM `creature_template_addon` WHERE entry=45992;
DELETE FROM `creature_template_addon` WHERE entry=46147;
DELETE FROM `creature_template_addon` WHERE entry=44765;
DELETE FROM `creature_template_addon` WHERE entry=49580;
DELETE FROM `creature_template_addon` WHERE entry=40817;
DELETE FROM `creature_template_addon` WHERE entry=41168;
DELETE FROM `creature_template_addon` WHERE entry=46301;
DELETE FROM `creature_template_addon` WHERE entry=48270;
DELETE FROM `creature_template_addon` WHERE entry=44365;

INSERT INTO `creature_template_addon` VALUES ('51383', '0', '24688', '50331648', '257', '0', '');
INSERT INTO `creature_template_addon` VALUES ('33115', '0', '22474', '50331648', '1', '0', '');
INSERT INTO `creature_template_addon` VALUES ('50309', '0', '29258', '0', '257', '0', '');
INSERT INTO `creature_template_addon` VALUES ('50308', '0', '28571', '0', '257', '0', '');
INSERT INTO `creature_template_addon` VALUES ('32912', '0', '14332', '0', '257', '0', '');
INSERT INTO `creature_template_addon` VALUES ('35115', '0', '2410', '0', '1', '0', '');
INSERT INTO `creature_template_addon` VALUES ('2149', '0', '6080', '0', '0', '0', null);
INSERT INTO `creature_template_addon` VALUES ('6388', '0', '10720', '0', '0', '0', null);
INSERT INTO `creature_template_addon` VALUES ('6390', '0', '10720', '0', '0', '0', null);
INSERT INTO `creature_template_addon` VALUES ('16873', '0', '0', '0', '4097', '0', null);
INSERT INTO `creature_template_addon` VALUES ('19382', '0', '17717', '0', '4097', '0', null);
INSERT INTO `creature_template_addon` VALUES ('19635', '0', '18697', '0', '4097', '0', null);
INSERT INTO `creature_template_addon` VALUES ('20237', '0', '25579', '0', '4097', '0', null);
INSERT INTO `creature_template_addon` VALUES ('20635', '0', '0', '0', '4097', '0', null);
INSERT INTO `creature_template_addon` VALUES ('20771', '0', '0', '0', '4097', '0', null);
INSERT INTO `creature_template_addon` VALUES ('21773', '0', '17718', '0', '4097', '0', null);
INSERT INTO `creature_template_addon` VALUES ('22980', '0', '21158', '0', '4097', '0', null);
INSERT INTO `creature_template_addon` VALUES ('24043', '0', '0', '0', '0', '0', null);
INSERT INTO `creature_template_addon` VALUES ('28171', '0', '2410', '0', '4097', '0', null);
INSERT INTO `creature_template_addon` VALUES ('35101', '0', '17697', '0', '0', '0', null);
INSERT INTO `creature_template_addon` VALUES ('30007', '26755', '0', '1', '0', '0', null);
INSERT INTO `creature_template_addon` VALUES ('28006', '0', '0', '0', '1', '0', '46598 50494');
INSERT INTO `creature_template_addon` VALUES ('11102', '0', '28918', '0', '1', '0', '');
INSERT INTO `creature_template_addon` VALUES ('7441', '0', '0', '0', '1', '0', '17205');
INSERT INTO `creature_template_addon` VALUES ('40160', '0', '31837', '0', '257', '0', null);
INSERT INTO `creature_template_addon` VALUES ('26333', '0', '0', '0', '1', '0', '32566 46967');
INSERT INTO `creature_template_addon` VALUES ('43693', '0', '2409', '0', '257', '0', '');
INSERT INTO `creature_template_addon` VALUES ('49877', '0', '28912', '0', '257', '0', '');
INSERT INTO `creature_template_addon` VALUES ('3111', '0', '0', '0', '1', '0', '5280');
INSERT INTO `creature_template_addon` VALUES ('41544', '0', '10002', '0', '1', '0', '77677');
INSERT INTO `creature_template_addon` VALUES ('41146', '0', '0', '0', '1', '0', '76973');
INSERT INTO `creature_template_addon` VALUES ('42849', '0', '31692', '0', '1', '0', '');
INSERT INTO `creature_template_addon` VALUES ('42319', '0', '6569', '0', '1', '0', '');
INSERT INTO `creature_template_addon` VALUES ('42852', '0', '2786', '0', '257', '0', '');
INSERT INTO `creature_template_addon` VALUES ('42553', '0', '0', '0', '257', '0', '');
INSERT INTO `creature_template_addon` VALUES ('51372', '0', '17722', '50331648', '257', '0', '');
INSERT INTO `creature_template_addon` VALUES ('41158', '0', '0', '0', '1', '0', '29266');
INSERT INTO `creature_template_addon` VALUES ('41171', '0', '2404', '0', '1', '0', '');
INSERT INTO `creature_template_addon` VALUES ('46414', '0', '8469', '0', '1', '0', '');
INSERT INTO `creature_template_addon` VALUES ('47328', '0', '28912', '0', '1', '0', '');
INSERT INTO `creature_template_addon` VALUES ('46648', '0', '37259', '0', '1', '0', '');
INSERT INTO `creature_template_addon` VALUES ('52016', '0', '17719', '50331648', '1', '0', '');
INSERT INTO `creature_template_addon` VALUES ('55761', '0', '39192', '0', '1', '0', '');
INSERT INTO `creature_template_addon` VALUES ('7440', '0', '0', '0', '1', '0', '17205');
INSERT INTO `creature_template_addon` VALUES ('48201', '0', '14334', '0', '1', '0', '5301');
INSERT INTO `creature_template_addon` VALUES ('1068', '0', '14334', '0', '257', '0', '');
INSERT INTO `creature_template_addon` VALUES ('44919', '0', '17699', '0', '1', '0', '');
INSERT INTO `creature_template_addon` VALUES ('50488', '0', '29260', '0', '256', '0', '');
INSERT INTO `creature_template_addon` VALUES ('50477', '0', '29261', '0', '256', '0', '');
INSERT INTO `creature_template_addon` VALUES ('19905', '0', '10719', '0', '257', '0', '');
INSERT INTO `creature_template_addon` VALUES ('30231', '0', '14337', '0', '257', '0', '');
INSERT INTO `creature_template_addon` VALUES ('48343', '0', '0', '0', '1', '0', '46598');
INSERT INTO `creature_template_addon` VALUES ('48342', '0', '0', '0', '1', '0', '46598');
INSERT INTO `creature_template_addon` VALUES ('48341', '0', '0', '0', '1', '0', '46598');
INSERT INTO `creature_template_addon` VALUES ('48340', '0', '0', '0', '1', '0', '46598');
INSERT INTO `creature_template_addon` VALUES ('35095', '0', '0', '131072', '1', '0', '80266');
INSERT INTO `creature_template_addon` VALUES ('8764', '0', '0', '0', '1', '0', '70424');
INSERT INTO `creature_template_addon` VALUES ('46942', '0', '2410', '0', '1', '0', '');
INSERT INTO `creature_template_addon` VALUES ('49874', '0', '0', '0', '1', '0', '92857');
INSERT INTO `creature_template_addon` VALUES ('7438', '0', '0', '0', '1', '0', '17205');
INSERT INTO `creature_template_addon` VALUES ('7439', '0', '0', '0', '1', '0', '17205');
INSERT INTO `creature_template_addon` VALUES ('501', '0', '0', '0', '1', '0', '80471');
INSERT INTO `creature_template_addon` VALUES ('54373', '0', '0', '0', '1', '0', '80471 80472 80473');
INSERT INTO `creature_template_addon` VALUES ('51915', '0', '0', '0', '257', '0', '5301 12169');
INSERT INTO `creature_template_addon` VALUES ('203', '0', '0', '0', '1', '0', '12544');
INSERT INTO `creature_template_addon` VALUES ('12856', '0', '0', '131072', '1', '0', '20540');
INSERT INTO `creature_template_addon` VALUES ('19908', '0', '14330', '0', '257', '0', '');
INSERT INTO `creature_template_addon` VALUES ('33187', '0', '9991', '0', '256', '0', '');
INSERT INTO `creature_template_addon` VALUES ('34241', '0', '207', '0', '257', '0', '');
INSERT INTO `creature_template_addon` VALUES ('34242', '0', '207', '0', '257', '0', '');
INSERT INTO `creature_template_addon` VALUES ('36591', '0', '0', '0', '1', '0', '68327');
INSERT INTO `creature_template_addon` VALUES ('3734', '0', '2328', '0', '1', '0', '');
INSERT INTO `creature_template_addon` VALUES ('51346', '0', '17719', '50331648', '257', '0', '95230');
INSERT INTO `creature_template_addon` VALUES ('52427', '0', '0', '0', '1', '0', '96733');
INSERT INTO `creature_template_addon` VALUES ('56372', '0', '0', '50331648', '1', '0', '96995 97004');
INSERT INTO `creature_template_addon` VALUES ('45905', '0', '37212', '0', '1', '0', '');
INSERT INTO `creature_template_addon` VALUES ('47755', '0', '37212', '0', '1', '0', '');
INSERT INTO `creature_template_addon` VALUES ('33178', '0', '9991', '0', '2', '0', '');
INSERT INTO `creature_template_addon` VALUES ('38469', '0', '10721', '0', '1', '0', '');
INSERT INTO `creature_template_addon` VALUES ('33359', '0', '9991', '0', '257', '0', '');
INSERT INTO `creature_template_addon` VALUES ('43731', '0', '0', '0', '257', '0', '48168');
INSERT INTO `creature_template_addon` VALUES ('45582', '0', '0', '0', '1', '0', '13886');
INSERT INTO `creature_template_addon` VALUES ('930', '0', '0', '0', '1', '0', '13886');
INSERT INTO `creature_template_addon` VALUES ('45783', '0', '0', '0', '1', '0', '');
INSERT INTO `creature_template_addon` VALUES ('16212', '0', '2402', '0', '1', '0', '');
INSERT INTO `creature_template_addon` VALUES ('29587', '0', '28108', '0', '1', '0', '');
INSERT INTO `creature_template_addon` VALUES ('45429', '0', '0', '0', '1', '0', '');
INSERT INTO `creature_template_addon` VALUES ('45195', '0', '0', '0', '1', '0', '86237');
INSERT INTO `creature_template_addon` VALUES ('47003', '0', '27660', '0', '1', '0', '');
INSERT INTO `creature_template_addon` VALUES ('19906', '0', '14334', '0', '257', '0', '');
INSERT INTO `creature_template_addon` VALUES ('19907', '0', '14577', '0', '257', '0', '');
INSERT INTO `creature_template_addon` VALUES ('2344', '0', '0', '0', '1', '0', '29266');
INSERT INTO `creature_template_addon` VALUES ('2345', '0', '0', '0', '1', '0', '29266');
INSERT INTO `creature_template_addon` VALUES ('48483', '0', '2736', '0', '1', '0', '');
INSERT INTO `creature_template_addon` VALUES ('47231', '0', '0', '0', '1', '0', '37816');
INSERT INTO `creature_template_addon` VALUES ('50304', '0', '29257', '0', '257', '0', '');
INSERT INTO `creature_template_addon` VALUES ('7980', '0', '0', '0', '257', '0', '18950');
INSERT INTO `creature_template_addon` VALUES ('47510', '0', '29312', '50331648', '1', '0', '');
INSERT INTO `creature_template_addon` VALUES ('47528', '0', '29310', '50331648', '2', '0', '');
INSERT INTO `creature_template_addon` VALUES ('41229', '0', '14577', '0', '257', '0', '');
INSERT INTO `creature_template_addon` VALUES ('422', '0', '0', '0', '1', '0', '3394');
INSERT INTO `creature_template_addon` VALUES ('43341', '0', '207', '0', '1', '0', '');
INSERT INTO `creature_template_addon` VALUES ('43533', '0', '25831', '0', '1', '0', '');
INSERT INTO `creature_template_addon` VALUES ('4462', '0', '0', '0', '1', '0', '80673');
INSERT INTO `creature_template_addon` VALUES ('44650', '0', '0', '0', '0', '64', '86003');
INSERT INTO `creature_template_addon` VALUES ('49864', '0', '0', '0', '0', '0', '86302 54341');
INSERT INTO `creature_template_addon` VALUES ('45993', '0', '0', '0', '0', '0', '86360 88520');
INSERT INTO `creature_template_addon` VALUES ('46614', '0', '0', '0', '1', '428', null);
INSERT INTO `creature_template_addon` VALUES ('34761', '0', '9991', '0', '257', '0', '');
INSERT INTO `creature_template_addon` VALUES ('49477', '0', '9991', '65536', '0', '0', '49414');
INSERT INTO `creature_template_addon` VALUES ('49478', '0', '6448', '65536', '0', '0', '49414');
INSERT INTO `creature_template_addon` VALUES ('37845', '0', '25280', '0', '0', '0', '');
INSERT INTO `creature_template_addon` VALUES ('39582', '0', '29681', '0', '1', '0', '');
INSERT INTO `creature_template_addon` VALUES ('38518', '0', '0', '0', '285212673', '0', '7165');
INSERT INTO `creature_template_addon` VALUES ('38515', '0', '0', '0', '1', '0', '12550 78273 79058');
INSERT INTO `creature_template_addon` VALUES ('36578', '0', '0', '0', '1', '0', '76354');
INSERT INTO `creature_template_addon` VALUES ('38513', '0', '0', '0', '1', '0', '13787 74036');
INSERT INTO `creature_template_addon` VALUES ('39615', '0', '29681', '0', '1', '0', '');
INSERT INTO `creature_template_addon` VALUES ('42473', '0', '0', '0', '1', '0', '79058');
INSERT INTO `creature_template_addon` VALUES ('35904', '0', '0', '0', '1', '0', '68327 76354');
INSERT INTO `creature_template_addon` VALUES ('38514', '0', '0', '0', '1', '0', '74038 79058');
INSERT INTO `creature_template_addon` VALUES ('38753', '0', '0', '0', '1', '0', '71333 72778 72866');
INSERT INTO `creature_template_addon` VALUES ('39042', '0', '0', '0', '1', '0', '');
INSERT INTO `creature_template_addon` VALUES ('39044', '0', '0', '0', '1', '375', '29266');
INSERT INTO `creature_template_addon` VALUES ('38575', '0', '0', '0', '1', '333', '85370');
INSERT INTO `creature_template_addon` VALUES ('35222', '0', '29681', '0', '1', '0', '');
INSERT INTO `creature_template_addon` VALUES ('38516', '0', '0', '0', '1', '0', '13864');
INSERT INTO `creature_template_addon` VALUES ('36348', '0', '0', '0', '1', '0', '29266');
INSERT INTO `creature_template_addon` VALUES ('33420', '0', '0', '0', '1', '0', '71910');
INSERT INTO `creature_template_addon` VALUES ('50305', '0', '29256', '0', '257', '0', '');
INSERT INTO `creature_template_addon` VALUES ('50307', '0', '2402', '0', '257', '0', '');
INSERT INTO `creature_template_addon` VALUES ('51348', '0', '27913', '50331648', '257', '0', '');
INSERT INTO `creature_template_addon` VALUES ('51371', '0', '22470', '50331648', '257', '0', '');
INSERT INTO `creature_template_addon` VALUES ('34913', '0', '2410', '0', '0', '0', null);
INSERT INTO `creature_template_addon` VALUES ('35551', '0', '2410', '0', '1', '0', '');
INSERT INTO `creature_template_addon` VALUES ('36452', '0', '2409', '0', '1', '0', '');
INSERT INTO `creature_template_addon` VALUES ('37806', '0', '10718', '65536', '1', '0', '80852');
INSERT INTO `creature_template_addon` VALUES ('36312', '0', '10718', '0', '1', '0', '');
INSERT INTO `creature_template_addon` VALUES ('35911', '0', '2410', '0', '1', '0', '');
INSERT INTO `creature_template_addon` VALUES ('37692', '0', '0', '3', '1', '0', '');
INSERT INTO `creature_template_addon` VALUES ('38464', '0', '10718', '0', '1', '0', '');
INSERT INTO `creature_template_addon` VALUES ('38218', '0', '2409', '0', '1', '0', '72069');
INSERT INTO `creature_template_addon` VALUES ('35112', '0', '2410', '0', '1', '0', '');
INSERT INTO `creature_template_addon` VALUES ('34850', '0', '2410', '0', '0', '0', null);
INSERT INTO `creature_template_addon` VALUES ('4075', '0', '0', '0', '1', '0', '');
INSERT INTO `creature_template_addon` VALUES ('35906', '0', '2410', '0', '1', '0', '');
INSERT INTO `creature_template_addon` VALUES ('35550', '0', '2410', '0', '1', '0', '');
INSERT INTO `creature_template_addon` VALUES ('11382', '492861', '0', '0', '1', '0', '');
INSERT INTO `creature_template_addon` VALUES ('36915', '0', '0', '65536', '257', '0', '75975 74706');
INSERT INTO `creature_template_addon` VALUES ('54045', '0', '0', '0', '1', '0', '100712');
INSERT INTO `creature_template_addon` VALUES ('54044', '0', '0', '0', '1', '0', '100712');
INSERT INTO `creature_template_addon` VALUES ('52530', '0', '0', '0', '1', '0', '100712');
INSERT INTO `creature_template_addon` VALUES ('46085', '0', '0', '0', '1', '0', '74069');
INSERT INTO `creature_template_addon` VALUES ('40784', '0', '0', '0', '0', '0', '86302 54341');
INSERT INTO `creature_template_addon` VALUES ('40597', '0', '0', '0', '0', '0', '86302 54341');
INSERT INTO `creature_template_addon` VALUES ('45992', '0', '0', '0', '0', '0', '86360 88520');
INSERT INTO `creature_template_addon` VALUES ('46147', '0', '0', '0', '0', '0', '94150 ');
INSERT INTO `creature_template_addon` VALUES ('44765', '0', '0', '0', '1', '0', '83480 ');
INSERT INTO `creature_template_addon` VALUES ('49580', '0', '0', '0', '0', '0', '74426 ');
INSERT INTO `creature_template_addon` VALUES ('40817', '0', '0', '0', '0', '0', '76167 76164 76190');
INSERT INTO `creature_template_addon` VALUES ('41168', '0', '0', '0', '0', '0', '77026');
INSERT INTO `creature_template_addon` VALUES ('46301', '0', '0', '0', '0', '0', '86291 54341');
INSERT INTO `creature_template_addon` VALUES ('48270', '0', '0', '0', '0', '0', '95478 79011');
INSERT INTO `creature_template_addon` VALUES ('44365', '0', '29257', '0', '1', '0', '');
