DELETE FROM creature WHERE map=725;
-- Slabhide
DELETE FROM `creature_template` WHERE `entry` = '43214';
INSERT INTO `creature_template` (`entry`, `difficulty_entry_1`, `difficulty_entry_2`, `difficulty_entry_3`, `KillCredit1`, `KillCredit2`, `modelid1`, `modelid2`, `modelid3`, `modelid4`, `name`, `subname`, `IconName`, `gossip_menu_id`, `minlevel`, `maxlevel`, `exp`, `exp_unk`, `faction_A`, `faction_H`, `npcflag`, `speed_walk`, `speed_run`, `speed_swim`, `speed_fly`, `scale`, `rank`, `mindmg`, `maxdmg`, `dmgschool`, `attackpower`, `dmg_multiplier`, `baseattacktime`, `rangeattacktime`, `unit_class`, `unit_flags`, `unit_flags2`, `dynamicflags`, `family`, `trainer_type`, `trainer_spell`, `trainer_class`, `trainer_race`, `minrangedmg`, `maxrangedmg`, `rangedattackpower`, `type`, `type_flags`, `type_flags2`, `lootid`, `pickpocketloot`, `skinloot`, `resistance1`, `resistance2`, `resistance3`, `resistance4`, `resistance5`, `resistance6`, `spell1`, `spell2`, `spell3`, `spell4`, `spell5`, `spell6`, `spell7`, `spell8`, `PetSpellDataId`, `VehicleId`, `mingold`, `maxgold`, `AIName`, `MovementType`, `InhabitType`, `HoverHeight`, `Health_mod`, `Mana_mod`, `Mana_mod_extra`, `Armor_mod`, `RacialLeader`, `questItem1`, `questItem2`, `questItem3`, `questItem4`, `questItem5`, `questItem6`, `movementId`, `RegenHealth`, `equipment_id`, `mechanic_immune_mask`, `flags_extra`, `ScriptName`, `WDBVerified`) VALUES ('43214', '49538', '0', '0', '0', '0', '36476', '0', '0', '0', 'Slabhide', '', '', '0', '87', '87', '3', '0', '16', '16', '0', '2.8', '1.42857', '1', '1', '1', '1', '532', '798', '0', '199', '95', '2000', '2000', '1', '67141696', '2048', '12', '0', '0', '0', '0', '0', '426', '638', '159', '2', '72', '0', '43214', '0', '43214', '0', '0', '0', '0', '0', '0', '92265', '92656', '80807', '0', '0', '0', '0', '0', '0', '0', '20011', '20011', '', '0', '3', '11.25', '38', '1', '1', '1', '0', '0', '0', '0', '0', '0', '0', '154', '1', '0', '617299967', '0', 'boss_slabhide', '15595');

-- Slabhide (1)
DELETE FROM `creature_template` WHERE `entry` = '49538';
INSERT INTO `creature_template` (`entry`, `difficulty_entry_1`, `difficulty_entry_2`, `difficulty_entry_3`, `KillCredit1`, `KillCredit2`, `modelid1`, `modelid2`, `modelid3`, `modelid4`, `name`, `subname`, `IconName`, `gossip_menu_id`, `minlevel`, `maxlevel`, `exp`, `exp_unk`, `faction_A`, `faction_H`, `npcflag`, `speed_walk`, `speed_run`, `speed_swim`, `speed_fly`, `scale`, `rank`, `mindmg`, `maxdmg`, `dmgschool`, `attackpower`, `dmg_multiplier`, `baseattacktime`, `rangeattacktime`, `unit_class`, `unit_flags`, `unit_flags2`, `dynamicflags`, `family`, `trainer_type`, `trainer_spell`, `trainer_class`, `trainer_race`, `minrangedmg`, `maxrangedmg`, `rangedattackpower`, `type`, `type_flags`, `type_flags2`, `lootid`, `pickpocketloot`, `skinloot`, `resistance1`, `resistance2`, `resistance3`, `resistance4`, `resistance5`, `resistance6`, `spell1`, `spell2`, `spell3`, `spell4`, `spell5`, `spell6`, `spell7`, `spell8`, `PetSpellDataId`, `VehicleId`, `mingold`, `maxgold`, `AIName`, `MovementType`, `InhabitType`, `HoverHeight`, `Health_mod`, `Mana_mod`, `Mana_mod_extra`, `Armor_mod`, `RacialLeader`, `questItem1`, `questItem2`, `questItem3`, `questItem4`, `questItem5`, `questItem6`, `movementId`, `RegenHealth`, `equipment_id`, `mechanic_immune_mask`, `flags_extra`, `ScriptName`, `WDBVerified`) VALUES ('49538', '0', '0', '0', '0', '0', '36476', '0', '0', '0', 'Slabhide (1)', '', '', '0', '87', '87', '3', '0', '16', '16', '0', '2.8', '1.42857', '1', '1', '1', '1', '532', '798', '0', '199', '125', '2000', '2000', '1', '67141696', '2048', '12', '0', '0', '0', '0', '0', '426', '638', '159', '2', '72', '0', '49538', '0', '49538', '0', '0', '0', '0', '0', '0', '92265', '92656', '80807', '0', '0', '0', '0', '0', '0', '0', '20011', '20011', '', '0', '3', '11.25', '50', '1', '1', '1', '0', '0', '0', '0', '0', '0', '0', '154', '1', '0', '617299967', '0', '', '15595');

-- Ozruk
DELETE FROM `creature_template` WHERE `entry` = '42188';
INSERT INTO `creature_template` (`entry`, `difficulty_entry_1`, `difficulty_entry_2`, `difficulty_entry_3`, `KillCredit1`, `KillCredit2`, `modelid1`, `modelid2`, `modelid3`, `modelid4`, `name`, `subname`, `IconName`, `gossip_menu_id`, `minlevel`, `maxlevel`, `exp`, `exp_unk`, `faction_A`, `faction_H`, `npcflag`, `speed_walk`, `speed_run`, `speed_swim`, `speed_fly`, `scale`, `rank`, `mindmg`, `maxdmg`, `dmgschool`, `attackpower`, `dmg_multiplier`, `baseattacktime`, `rangeattacktime`, `unit_class`, `unit_flags`, `unit_flags2`, `dynamicflags`, `family`, `trainer_type`, `trainer_spell`, `trainer_class`, `trainer_race`, `minrangedmg`, `maxrangedmg`, `rangedattackpower`, `type`, `type_flags`, `type_flags2`, `lootid`, `pickpocketloot`, `skinloot`, `resistance1`, `resistance2`, `resistance3`, `resistance4`, `resistance5`, `resistance6`, `spell1`, `spell2`, `spell3`, `spell4`, `spell5`, `spell6`, `spell7`, `spell8`, `PetSpellDataId`, `VehicleId`, `mingold`, `maxgold`, `AIName`, `MovementType`, `InhabitType`, `HoverHeight`, `Health_mod`, `Mana_mod`, `Mana_mod_extra`, `Armor_mod`, `RacialLeader`, `questItem1`, `questItem2`, `questItem3`, `questItem4`, `questItem5`, `questItem6`, `movementId`, `RegenHealth`, `equipment_id`, `mechanic_immune_mask`, `flags_extra`, `ScriptName`, `WDBVerified`) VALUES ('42188', '49654', '0', '0', '0', '0', '36475', '0', '0', '0', 'Ozruk', '', '', '0', '87', '87', '3', '0', '14', '14', '0', '0.888888', '1.5873', '1', '1', '1', '1', '532', '798', '0', '199', '95', '2000', '2000', '1', '0', '0', '0', '0', '0', '0', '0', '0', '426', '638', '159', '5', '584', '0', '42188', '42188', '42188', '0', '0', '0', '0', '0', '0', '78939', '92659', '78835', '92429', '0', '0', '0', '0', '0', '867', '20011', '20011', '', '0', '3', '1', '38', '1', '1', '1', '0', '0', '0', '0', '0', '0', '0', '0', '1', '0', '617299967', '0', 'boss_ozruk', '15595');

-- Ozruk (1)
DELETE FROM `creature_template` WHERE `entry` = '49654';
INSERT INTO `creature_template` (`entry`, `difficulty_entry_1`, `difficulty_entry_2`, `difficulty_entry_3`, `KillCredit1`, `KillCredit2`, `modelid1`, `modelid2`, `modelid3`, `modelid4`, `name`, `subname`, `IconName`, `gossip_menu_id`, `minlevel`, `maxlevel`, `exp`, `exp_unk`, `faction_A`, `faction_H`, `npcflag`, `speed_walk`, `speed_run`, `speed_swim`, `speed_fly`, `scale`, `rank`, `mindmg`, `maxdmg`, `dmgschool`, `attackpower`, `dmg_multiplier`, `baseattacktime`, `rangeattacktime`, `unit_class`, `unit_flags`, `unit_flags2`, `dynamicflags`, `family`, `trainer_type`, `trainer_spell`, `trainer_class`, `trainer_race`, `minrangedmg`, `maxrangedmg`, `rangedattackpower`, `type`, `type_flags`, `type_flags2`, `lootid`, `pickpocketloot`, `skinloot`, `resistance1`, `resistance2`, `resistance3`, `resistance4`, `resistance5`, `resistance6`, `spell1`, `spell2`, `spell3`, `spell4`, `spell5`, `spell6`, `spell7`, `spell8`, `PetSpellDataId`, `VehicleId`, `mingold`, `maxgold`, `AIName`, `MovementType`, `InhabitType`, `HoverHeight`, `Health_mod`, `Mana_mod`, `Mana_mod_extra`, `Armor_mod`, `RacialLeader`, `questItem1`, `questItem2`, `questItem3`, `questItem4`, `questItem5`, `questItem6`, `movementId`, `RegenHealth`, `equipment_id`, `mechanic_immune_mask`, `flags_extra`, `ScriptName`, `WDBVerified`) VALUES ('49654', '0', '0', '0', '0', '0', '36475', '0', '0', '0', 'Ozruk (1)', '', '', '0', '87', '87', '3', '0', '14', '14', '0', '0.888888', '1.5873', '1', '1', '1', '1', '532', '798', '0', '199', '125', '2000', '2000', '1', '32832', '134219776', '0', '0', '0', '0', '0', '0', '426', '638', '159', '5', '584', '0', '49654', '42188', '42188', '0', '0', '0', '0', '0', '0', '78939', '92659', '78835', '92429', '0', '0', '0', '0', '0', '867', '20011', '20011', '', '0', '3', '1', '40', '1', '1', '1', '0', '0', '0', '0', '0', '0', '0', '0', '1', '0', '617299967', '0', '', '15595');

-- High Priestess Azil
DELETE FROM `creature_template` WHERE `entry` = '42333';
INSERT INTO `creature_template` (`entry`, `difficulty_entry_1`, `difficulty_entry_2`, `difficulty_entry_3`, `KillCredit1`, `KillCredit2`, `modelid1`, `modelid2`, `modelid3`, `modelid4`, `name`, `subname`, `IconName`, `gossip_menu_id`, `minlevel`, `maxlevel`, `exp`, `exp_unk`, `faction_A`, `faction_H`, `npcflag`, `speed_walk`, `speed_run`, `speed_swim`, `speed_fly`, `scale`, `rank`, `mindmg`, `maxdmg`, `dmgschool`, `attackpower`, `dmg_multiplier`, `baseattacktime`, `rangeattacktime`, `unit_class`, `unit_flags`, `unit_flags2`, `dynamicflags`, `family`, `trainer_type`, `trainer_spell`, `trainer_class`, `trainer_race`, `minrangedmg`, `maxrangedmg`, `rangedattackpower`, `type`, `type_flags`, `type_flags2`, `lootid`, `pickpocketloot`, `skinloot`, `resistance1`, `resistance2`, `resistance3`, `resistance4`, `resistance5`, `resistance6`, `spell1`, `spell2`, `spell3`, `spell4`, `spell5`, `spell6`, `spell7`, `spell8`, `PetSpellDataId`, `VehicleId`, `mingold`, `maxgold`, `AIName`, `MovementType`, `InhabitType`, `HoverHeight`, `Health_mod`, `Mana_mod`, `Mana_mod_extra`, `Armor_mod`, `RacialLeader`, `questItem1`, `questItem2`, `questItem3`, `questItem4`, `questItem5`, `questItem6`, `movementId`, `RegenHealth`, `equipment_id`, `mechanic_immune_mask`, `flags_extra`, `ScriptName`, `WDBVerified`) VALUES ('42333', '49624', '0', '0', '0', '0', '26448', '0', '0', '0', 'High Priestess Azil', '', '', '0', '87', '87', '3', '0', '14', '14', '0', '1.2', '1.42857', '1', '1', '1', '1', '532', '798', '0', '199', '105', '2000', '2000', '1', '32832', '2048', '0', '0', '0', '0', '0', '0', '426', '638', '159', '7', '72', '0', '42333', '0', '0', '0', '0', '0', '0', '0', '0', '92663', '79345', '82858', '79050', '0', '0', '0', '0', '0', '903', '20024', '20024', '', '0', '3', '1', '25', '1', '1', '1', '0', '0', '0', '0', '0', '0', '0', '721', '1', '0', '617299967', '0', 'boss_priestess_azil', '15595');

-- High Priestess Azil (1)
DELETE FROM `creature_template` WHERE `entry` = '49624';
INSERT INTO `creature_template` (`entry`, `difficulty_entry_1`, `difficulty_entry_2`, `difficulty_entry_3`, `KillCredit1`, `KillCredit2`, `modelid1`, `modelid2`, `modelid3`, `modelid4`, `name`, `subname`, `IconName`, `gossip_menu_id`, `minlevel`, `maxlevel`, `exp`, `exp_unk`, `faction_A`, `faction_H`, `npcflag`, `speed_walk`, `speed_run`, `speed_swim`, `speed_fly`, `scale`, `rank`, `mindmg`, `maxdmg`, `dmgschool`, `attackpower`, `dmg_multiplier`, `baseattacktime`, `rangeattacktime`, `unit_class`, `unit_flags`, `unit_flags2`, `dynamicflags`, `family`, `trainer_type`, `trainer_spell`, `trainer_class`, `trainer_race`, `minrangedmg`, `maxrangedmg`, `rangedattackpower`, `type`, `type_flags`, `type_flags2`, `lootid`, `pickpocketloot`, `skinloot`, `resistance1`, `resistance2`, `resistance3`, `resistance4`, `resistance5`, `resistance6`, `spell1`, `spell2`, `spell3`, `spell4`, `spell5`, `spell6`, `spell7`, `spell8`, `PetSpellDataId`, `VehicleId`, `mingold`, `maxgold`, `AIName`, `MovementType`, `InhabitType`, `HoverHeight`, `Health_mod`, `Mana_mod`, `Mana_mod_extra`, `Armor_mod`, `RacialLeader`, `questItem1`, `questItem2`, `questItem3`, `questItem4`, `questItem5`, `questItem6`, `movementId`, `RegenHealth`, `equipment_id`, `mechanic_immune_mask`, `flags_extra`, `ScriptName`, `WDBVerified`) VALUES ('49624', '0', '0', '0', '0', '0', '26448', '0', '0', '0', 'High Priestess Azil (1)', '', '', '0', '87', '87', '3', '0', '14', '14', '0', '1.2', '1.42857', '1', '1', '1', '1', '532', '798', '0', '199', '125', '2000', '2000', '1', '32832', '2048', '0', '0', '0', '0', '0', '0', '426', '638', '159', '7', '72', '0', '49624', '0', '0', '0', '0', '0', '0', '0', '0', '92663', '79345', '82858', '79050', '0', '0', '0', '0', '0', '903', '20024', '20024', '', '0', '3', '1', '30', '1', '1', '1', '0', '0', '0', '0', '0', '0', '0', '721', '1', '0', '617299967', '0', '', '15595');

-- World Trigger
DELETE FROM `creature_template` WHERE `entry` = '22515';
INSERT INTO `creature_template` (`entry`, `difficulty_entry_1`, `difficulty_entry_2`, `difficulty_entry_3`, `KillCredit1`, `KillCredit2`, `modelid1`, `modelid2`, `modelid3`, `modelid4`, `name`, `subname`, `IconName`, `gossip_menu_id`, `minlevel`, `maxlevel`, `exp`, `exp_unk`, `faction_A`, `faction_H`, `npcflag`, `speed_walk`, `speed_run`, `speed_swim`, `speed_fly`, `scale`, `rank`, `mindmg`, `maxdmg`, `dmgschool`, `attackpower`, `dmg_multiplier`, `baseattacktime`, `rangeattacktime`, `unit_class`, `unit_flags`, `unit_flags2`, `dynamicflags`, `family`, `trainer_type`, `trainer_spell`, `trainer_class`, `trainer_race`, `minrangedmg`, `maxrangedmg`, `rangedattackpower`, `type`, `type_flags`, `type_flags2`, `lootid`, `pickpocketloot`, `skinloot`, `resistance1`, `resistance2`, `resistance3`, `resistance4`, `resistance5`, `resistance6`, `spell1`, `spell2`, `spell3`, `spell4`, `spell5`, `spell6`, `spell7`, `spell8`, `PetSpellDataId`, `VehicleId`, `mingold`, `maxgold`, `AIName`, `MovementType`, `InhabitType`, `HoverHeight`, `Health_mod`, `Mana_mod`, `Mana_mod_extra`, `Armor_mod`, `RacialLeader`, `questItem1`, `questItem2`, `questItem3`, `questItem4`, `questItem5`, `questItem6`, `movementId`, `RegenHealth`, `equipment_id`, `mechanic_immune_mask`, `flags_extra`, `ScriptName`, `WDBVerified`) VALUES ('22515', '0', '0', '0', '0', '0', '169', '16925', '0', '0', 'World Trigger', '', '', '0', '60', '60', '0', '0', '114', '114', '0', '1', '0.992063', '1', '1', '1', '0', '128', '192', '0', '48', '1', '2000', '2000', '1', '33555200', '2048', '12', '0', '0', '0', '0', '0', '102', '154', '38', '10', '16778240', '0', '0', '0', '0', '0', '0', '0', '0', '0', '0', '0', '0', '0', '0', '0', '0', '0', '0', '0', '0', '0', '0', '', '0', '4', '1', '1.35', '1', '1', '1', '0', '0', '0', '0', '0', '0', '0', '0', '1', '0', '0', '130', '', '15595');

-- Stonecore Flayer
DELETE FROM `creature_template` WHERE `entry` = '42808';
INSERT INTO `creature_template` (`entry`, `difficulty_entry_1`, `difficulty_entry_2`, `difficulty_entry_3`, `KillCredit1`, `KillCredit2`, `modelid1`, `modelid2`, `modelid3`, `modelid4`, `name`, `subname`, `IconName`, `gossip_menu_id`, `minlevel`, `maxlevel`, `exp`, `exp_unk`, `faction_A`, `faction_H`, `npcflag`, `speed_walk`, `speed_run`, `speed_swim`, `speed_fly`, `scale`, `rank`, `mindmg`, `maxdmg`, `dmgschool`, `attackpower`, `dmg_multiplier`, `baseattacktime`, `rangeattacktime`, `unit_class`, `unit_flags`, `unit_flags2`, `dynamicflags`, `family`, `trainer_type`, `trainer_spell`, `trainer_class`, `trainer_race`, `minrangedmg`, `maxrangedmg`, `rangedattackpower`, `type`, `type_flags`, `type_flags2`, `lootid`, `pickpocketloot`, `skinloot`, `resistance1`, `resistance2`, `resistance3`, `resistance4`, `resistance5`, `resistance6`, `spell1`, `spell2`, `spell3`, `spell4`, `spell5`, `spell6`, `spell7`, `spell8`, `PetSpellDataId`, `VehicleId`, `mingold`, `maxgold`, `AIName`, `MovementType`, `InhabitType`, `HoverHeight`, `Health_mod`, `Mana_mod`, `Mana_mod_extra`, `Armor_mod`, `RacialLeader`, `questItem1`, `questItem2`, `questItem3`, `questItem4`, `questItem5`, `questItem6`, `movementId`, `RegenHealth`, `equipment_id`, `mechanic_immune_mask`, `flags_extra`, `ScriptName`, `WDBVerified`) VALUES ('42808', '49663', '0', '0', '0', '0', '21392', '0', '0', '0', 'Stonecore Flayer', '', '', '0', '85', '85', '3', '0', '16', '16', '0', '1.2', '1', '1', '1', '1', '1', '500', '750', '0', '187', '35', '2000', '2000', '1', '67108928', '2048', '12', '0', '0', '0', '0', '0', '400', '600', '150', '7', '8', '0', '42808', '42808', '42808', '0', '0', '0', '0', '0', '0', '79922', '0', '0', '0', '0', '0', '0', '0', '0', '0', '12185', '12185', '', '0', '3', '1', '7', '1', '1', '1', '0', '0', '0', '0', '0', '0', '0', '115', '1', '0', '0', '0', 'npc_stonecore_flayer', '15595');

-- Stonecore Flayer (1)
DELETE FROM `creature_template` WHERE `entry` = '49663';
INSERT INTO `creature_template` (`entry`, `difficulty_entry_1`, `difficulty_entry_2`, `difficulty_entry_3`, `KillCredit1`, `KillCredit2`, `modelid1`, `modelid2`, `modelid3`, `modelid4`, `name`, `subname`, `IconName`, `gossip_menu_id`, `minlevel`, `maxlevel`, `exp`, `exp_unk`, `faction_A`, `faction_H`, `npcflag`, `speed_walk`, `speed_run`, `speed_swim`, `speed_fly`, `scale`, `rank`, `mindmg`, `maxdmg`, `dmgschool`, `attackpower`, `dmg_multiplier`, `baseattacktime`, `rangeattacktime`, `unit_class`, `unit_flags`, `unit_flags2`, `dynamicflags`, `family`, `trainer_type`, `trainer_spell`, `trainer_class`, `trainer_race`, `minrangedmg`, `maxrangedmg`, `rangedattackpower`, `type`, `type_flags`, `type_flags2`, `lootid`, `pickpocketloot`, `skinloot`, `resistance1`, `resistance2`, `resistance3`, `resistance4`, `resistance5`, `resistance6`, `spell1`, `spell2`, `spell3`, `spell4`, `spell5`, `spell6`, `spell7`, `spell8`, `PetSpellDataId`, `VehicleId`, `mingold`, `maxgold`, `AIName`, `MovementType`, `InhabitType`, `HoverHeight`, `Health_mod`, `Mana_mod`, `Mana_mod_extra`, `Armor_mod`, `RacialLeader`, `questItem1`, `questItem2`, `questItem3`, `questItem4`, `questItem5`, `questItem6`, `movementId`, `RegenHealth`, `equipment_id`, `mechanic_immune_mask`, `flags_extra`, `ScriptName`, `WDBVerified`) VALUES ('49663', '0', '0', '0', '0', '0', '21392', '0', '0', '0', 'Stonecore Flayer (1)', '', '', '0', '85', '85', '3', '0', '16', '16', '0', '1.2', '1', '1', '1', '1', '1', '500', '750', '0', '187', '35', '2000', '2000', '1', '67108928', '2048', '12', '0', '0', '0', '0', '0', '400', '600', '150', '7', '8', '0', '49663', '42808', '49663', '0', '0', '0', '0', '0', '0', '79922', '0', '0', '0', '0', '0', '0', '0', '0', '0', '12185', '12185', '', '0', '3', '1', '5', '1', '1', '1', '0', '0', '0', '0', '0', '0', '0', '115', '1', '0', '0', '0', '', '15595');

-- Devout Follower
DELETE FROM `creature_template` WHERE `entry` = '42428';
INSERT INTO `creature_template` (`entry`, `difficulty_entry_1`, `difficulty_entry_2`, `difficulty_entry_3`, `KillCredit1`, `KillCredit2`, `modelid1`, `modelid2`, `modelid3`, `modelid4`, `name`, `subname`, `IconName`, `gossip_menu_id`, `minlevel`, `maxlevel`, `exp`, `exp_unk`, `faction_A`, `faction_H`, `npcflag`, `speed_walk`, `speed_run`, `speed_swim`, `speed_fly`, `scale`, `rank`, `mindmg`, `maxdmg`, `dmgschool`, `attackpower`, `dmg_multiplier`, `baseattacktime`, `rangeattacktime`, `unit_class`, `unit_flags`, `unit_flags2`, `dynamicflags`, `family`, `trainer_type`, `trainer_spell`, `trainer_class`, `trainer_race`, `minrangedmg`, `maxrangedmg`, `rangedattackpower`, `type`, `type_flags`, `type_flags2`, `lootid`, `pickpocketloot`, `skinloot`, `resistance1`, `resistance2`, `resistance3`, `resistance4`, `resistance5`, `resistance6`, `spell1`, `spell2`, `spell3`, `spell4`, `spell5`, `spell6`, `spell7`, `spell8`, `PetSpellDataId`, `VehicleId`, `mingold`, `maxgold`, `AIName`, `MovementType`, `InhabitType`, `HoverHeight`, `Health_mod`, `Mana_mod`, `Mana_mod_extra`, `Armor_mod`, `RacialLeader`, `questItem1`, `questItem2`, `questItem3`, `questItem4`, `questItem5`, `questItem6`, `movementId`, `RegenHealth`, `equipment_id`, `mechanic_immune_mask`, `flags_extra`, `ScriptName`, `WDBVerified`) VALUES ('42428', '49648', '0', '0', '0', '0', '37235', '37236', '37237', '37238', 'Devout Follower', '', '', '0', '86', '86', '3', '0', '1771', '1771', '0', '1.2', '1', '1', '1', '1', '0', '550', '950', '0', '36', '7', '2000', '2000', '1', '0', '2048', '12', '0', '0', '0', '0', '0', '413', '619', '154', '7', '8', '0', '42428', '0', '0', '0', '0', '0', '0', '0', '0', '0', '0', '0', '0', '0', '0', '0', '0', '0', '0', '1181', '1181', '', '0', '3', '1', '0.2', '1', '1', '1', '0', '0', '0', '0', '0', '0', '0', '115', '1', '0', '0', '0', 'npc_devout_follower', '15595');

-- Devout Follower (1)
DELETE FROM `creature_template` WHERE `entry` = '49648';
INSERT INTO `creature_template` (`entry`, `difficulty_entry_1`, `difficulty_entry_2`, `difficulty_entry_3`, `KillCredit1`, `KillCredit2`, `modelid1`, `modelid2`, `modelid3`, `modelid4`, `name`, `subname`, `IconName`, `gossip_menu_id`, `minlevel`, `maxlevel`, `exp`, `exp_unk`, `faction_A`, `faction_H`, `npcflag`, `speed_walk`, `speed_run`, `speed_swim`, `speed_fly`, `scale`, `rank`, `mindmg`, `maxdmg`, `dmgschool`, `attackpower`, `dmg_multiplier`, `baseattacktime`, `rangeattacktime`, `unit_class`, `unit_flags`, `unit_flags2`, `dynamicflags`, `family`, `trainer_type`, `trainer_spell`, `trainer_class`, `trainer_race`, `minrangedmg`, `maxrangedmg`, `rangedattackpower`, `type`, `type_flags`, `type_flags2`, `lootid`, `pickpocketloot`, `skinloot`, `resistance1`, `resistance2`, `resistance3`, `resistance4`, `resistance5`, `resistance6`, `spell1`, `spell2`, `spell3`, `spell4`, `spell5`, `spell6`, `spell7`, `spell8`, `PetSpellDataId`, `VehicleId`, `mingold`, `maxgold`, `AIName`, `MovementType`, `InhabitType`, `HoverHeight`, `Health_mod`, `Mana_mod`, `Mana_mod_extra`, `Armor_mod`, `RacialLeader`, `questItem1`, `questItem2`, `questItem3`, `questItem4`, `questItem5`, `questItem6`, `movementId`, `RegenHealth`, `equipment_id`, `mechanic_immune_mask`, `flags_extra`, `ScriptName`, `WDBVerified`) VALUES ('49648', '0', '0', '0', '0', '0', '37235', '37236', '37237', '37238', 'Devout Follower (1)', '', '', '0', '86', '86', '3', '0', '1771', '1771', '0', '1.2', '1', '1', '1', '1', '0', '550', '950', '0', '36', '7', '2000', '2000', '1', '0', '2048', '12', '0', '0', '0', '0', '0', '413', '619', '154', '7', '8', '0', '42428', '0', '0', '0', '0', '0', '0', '0', '0', '0', '0', '0', '0', '0', '0', '0', '0', '0', '0', '1181', '1181', '', '0', '3', '1', '0.2', '1', '1', '1', '0', '0', '0', '0', '0', '0', '0', '115', '1', '0', '0', '0', '', '15595');

-- Stonecore Bruiser
DELETE FROM `creature_template` WHERE `entry` = '42692';
INSERT INTO `creature_template` (`entry`, `difficulty_entry_1`, `difficulty_entry_2`, `difficulty_entry_3`, `KillCredit1`, `KillCredit2`, `modelid1`, `modelid2`, `modelid3`, `modelid4`, `name`, `subname`, `IconName`, `gossip_menu_id`, `minlevel`, `maxlevel`, `exp`, `exp_unk`, `faction_A`, `faction_H`, `npcflag`, `speed_walk`, `speed_run`, `speed_swim`, `speed_fly`, `scale`, `rank`, `mindmg`, `maxdmg`, `dmgschool`, `attackpower`, `dmg_multiplier`, `baseattacktime`, `rangeattacktime`, `unit_class`, `unit_flags`, `unit_flags2`, `dynamicflags`, `family`, `trainer_type`, `trainer_spell`, `trainer_class`, `trainer_race`, `minrangedmg`, `maxrangedmg`, `rangedattackpower`, `type`, `type_flags`, `type_flags2`, `lootid`, `pickpocketloot`, `skinloot`, `resistance1`, `resistance2`, `resistance3`, `resistance4`, `resistance5`, `resistance6`, `spell1`, `spell2`, `spell3`, `spell4`, `spell5`, `spell6`, `spell7`, `spell8`, `PetSpellDataId`, `VehicleId`, `mingold`, `maxgold`, `AIName`, `MovementType`, `InhabitType`, `HoverHeight`, `Health_mod`, `Mana_mod`, `Mana_mod_extra`, `Armor_mod`, `RacialLeader`, `questItem1`, `questItem2`, `questItem3`, `questItem4`, `questItem5`, `questItem6`, `movementId`, `RegenHealth`, `equipment_id`, `mechanic_immune_mask`, `flags_extra`, `ScriptName`, `WDBVerified`) VALUES ('42692', '49661', '0', '0', '0', '0', '20856', '0', '0', '0', 'Stonecore Bruiser', '', '', '0', '86', '86', '3', '0', '16', '16', '0', '1.2', '1', '1', '1', '1', '1', '516', '774', '0', '193', '35', '2000', '2000', '1', '64', '2048', '12', '0', '0', '0', '0', '0', '413', '619', '154', '7', '8', '0', '42692', '42692', '0', '0', '0', '0', '0', '0', '0', '80180', '80195', '92640', '0', '0', '0', '0', '0', '0', '0', '12202', '12202', '', '0', '3', '1', '11', '1', '1', '1', '0', '0', '0', '0', '0', '0', '0', '115', '1', '0', '0', '0', 'npc_stonecore_bruiser', '15595');

-- Stonecore Bruiser (1)
DELETE FROM `creature_template` WHERE `entry` = '49661';
INSERT INTO `creature_template` (`entry`, `difficulty_entry_1`, `difficulty_entry_2`, `difficulty_entry_3`, `KillCredit1`, `KillCredit2`, `modelid1`, `modelid2`, `modelid3`, `modelid4`, `name`, `subname`, `IconName`, `gossip_menu_id`, `minlevel`, `maxlevel`, `exp`, `exp_unk`, `faction_A`, `faction_H`, `npcflag`, `speed_walk`, `speed_run`, `speed_swim`, `speed_fly`, `scale`, `rank`, `mindmg`, `maxdmg`, `dmgschool`, `attackpower`, `dmg_multiplier`, `baseattacktime`, `rangeattacktime`, `unit_class`, `unit_flags`, `unit_flags2`, `dynamicflags`, `family`, `trainer_type`, `trainer_spell`, `trainer_class`, `trainer_race`, `minrangedmg`, `maxrangedmg`, `rangedattackpower`, `type`, `type_flags`, `type_flags2`, `lootid`, `pickpocketloot`, `skinloot`, `resistance1`, `resistance2`, `resistance3`, `resistance4`, `resistance5`, `resistance6`, `spell1`, `spell2`, `spell3`, `spell4`, `spell5`, `spell6`, `spell7`, `spell8`, `PetSpellDataId`, `VehicleId`, `mingold`, `maxgold`, `AIName`, `MovementType`, `InhabitType`, `HoverHeight`, `Health_mod`, `Mana_mod`, `Mana_mod_extra`, `Armor_mod`, `RacialLeader`, `questItem1`, `questItem2`, `questItem3`, `questItem4`, `questItem5`, `questItem6`, `movementId`, `RegenHealth`, `equipment_id`, `mechanic_immune_mask`, `flags_extra`, `ScriptName`, `WDBVerified`) VALUES ('49661', '0', '0', '0', '0', '0', '20856', '0', '0', '0', 'Stonecore Bruiser (1)', '', '', '0', '86', '86', '3', '0', '16', '16', '0', '1.2', '1', '1', '1', '1', '1', '516', '774', '0', '193', '35', '2000', '2000', '1', '64', '2048', '12', '0', '0', '0', '0', '0', '413', '619', '154', '7', '8', '0', '49661', '49661', '0', '0', '0', '0', '0', '0', '0', '80180', '80195', '92640', '0', '0', '0', '0', '0', '0', '0', '12202', '12202', '', '0', '3', '1', '15', '1', '1', '1', '0', '0', '0', '0', '0', '0', '0', '115', '1', '0', '0', '0', '', '15595');

-- Stalactite Trigger - Trash, On Ground
DELETE FROM `creature_template` WHERE `entry` = '43357';
INSERT INTO `creature_template` (`entry`, `difficulty_entry_1`, `difficulty_entry_2`, `difficulty_entry_3`, `KillCredit1`, `KillCredit2`, `modelid1`, `modelid2`, `modelid3`, `modelid4`, `name`, `subname`, `IconName`, `gossip_menu_id`, `minlevel`, `maxlevel`, `exp`, `exp_unk`, `faction_A`, `faction_H`, `npcflag`, `speed_walk`, `speed_run`, `speed_swim`, `speed_fly`, `scale`, `rank`, `mindmg`, `maxdmg`, `dmgschool`, `attackpower`, `dmg_multiplier`, `baseattacktime`, `rangeattacktime`, `unit_class`, `unit_flags`, `unit_flags2`, `dynamicflags`, `family`, `trainer_type`, `trainer_spell`, `trainer_class`, `trainer_race`, `minrangedmg`, `maxrangedmg`, `rangedattackpower`, `type`, `type_flags`, `type_flags2`, `lootid`, `pickpocketloot`, `skinloot`, `resistance1`, `resistance2`, `resistance3`, `resistance4`, `resistance5`, `resistance6`, `spell1`, `spell2`, `spell3`, `spell4`, `spell5`, `spell6`, `spell7`, `spell8`, `PetSpellDataId`, `VehicleId`, `mingold`, `maxgold`, `AIName`, `MovementType`, `InhabitType`, `HoverHeight`, `Health_mod`, `Mana_mod`, `Mana_mod_extra`, `Armor_mod`, `RacialLeader`, `questItem1`, `questItem2`, `questItem3`, `questItem4`, `questItem5`, `questItem6`, `movementId`, `RegenHealth`, `equipment_id`, `mechanic_immune_mask`, `flags_extra`, `ScriptName`, `WDBVerified`) VALUES ('43357', '49659', '0', '0', '0', '0', '11686', '0', '0', '0', 'Stalactite Trigger - Trash, On Ground', '', '', '0', '87', '87', '3', '0', '14', '14', '0', '0.8', '0.285714', '1', '1', '1', '1', '532', '798', '0', '199', '16.9', '2000', '2000', '1', '33554432', '2048', '0', '0', '0', '0', '0', '0', '426', '638', '159', '10', '0', '0', '0', '0', '0', '0', '0', '0', '0', '0', '0', '0', '0', '0', '0', '0', '0', '0', '0', '0', '0', '0', '0', '', '0', '3', '1', '1', '1', '1', '1', '0', '0', '0', '0', '0', '0', '0', '70', '1', '0', '0', '0', 'npc_stalactite_trigger', '15595');

-- Stalactite Trigger - Trash, On Ground (1)
DELETE FROM `creature_template` WHERE `entry` = '49659';
INSERT INTO `creature_template` (`entry`, `difficulty_entry_1`, `difficulty_entry_2`, `difficulty_entry_3`, `KillCredit1`, `KillCredit2`, `modelid1`, `modelid2`, `modelid3`, `modelid4`, `name`, `subname`, `IconName`, `gossip_menu_id`, `minlevel`, `maxlevel`, `exp`, `exp_unk`, `faction_A`, `faction_H`, `npcflag`, `speed_walk`, `speed_run`, `speed_swim`, `speed_fly`, `scale`, `rank`, `mindmg`, `maxdmg`, `dmgschool`, `attackpower`, `dmg_multiplier`, `baseattacktime`, `rangeattacktime`, `unit_class`, `unit_flags`, `unit_flags2`, `dynamicflags`, `family`, `trainer_type`, `trainer_spell`, `trainer_class`, `trainer_race`, `minrangedmg`, `maxrangedmg`, `rangedattackpower`, `type`, `type_flags`, `type_flags2`, `lootid`, `pickpocketloot`, `skinloot`, `resistance1`, `resistance2`, `resistance3`, `resistance4`, `resistance5`, `resistance6`, `spell1`, `spell2`, `spell3`, `spell4`, `spell5`, `spell6`, `spell7`, `spell8`, `PetSpellDataId`, `VehicleId`, `mingold`, `maxgold`, `AIName`, `MovementType`, `InhabitType`, `HoverHeight`, `Health_mod`, `Mana_mod`, `Mana_mod_extra`, `Armor_mod`, `RacialLeader`, `questItem1`, `questItem2`, `questItem3`, `questItem4`, `questItem5`, `questItem6`, `movementId`, `RegenHealth`, `equipment_id`, `mechanic_immune_mask`, `flags_extra`, `ScriptName`, `WDBVerified`) VALUES ('49659', '0', '0', '0', '0', '0', '11686', '0', '0', '0', 'Stalactite Trigger - Trash, On Ground (1)', '', '', '0', '1', '1', '0', '0', '35', '35', '0', '0.8', '0.285714', '1', '1', '1', '1', '1', '1', '0', '1', '35', '2000', '2000', '1', '33554432', '2048', '0', '0', '0', '0', '0', '0', '1', '1', '1', '10', '0', '0', '0', '0', '0', '0', '0', '0', '0', '0', '0', '0', '0', '0', '0', '0', '0', '0', '0', '0', '0', '0', '0', '', '0', '3', '1', '1', '1', '1', '1', '0', '0', '0', '0', '0', '0', '0', '70', '1', '0', '0', '0', '', '15595');

-- Crystalspawn Giant
DELETE FROM `creature_template` WHERE `entry` = '42810';
INSERT INTO `creature_template` (`entry`, `difficulty_entry_1`, `difficulty_entry_2`, `difficulty_entry_3`, `KillCredit1`, `KillCredit2`, `modelid1`, `modelid2`, `modelid3`, `modelid4`, `name`, `subname`, `IconName`, `gossip_menu_id`, `minlevel`, `maxlevel`, `exp`, `exp_unk`, `faction_A`, `faction_H`, `npcflag`, `speed_walk`, `speed_run`, `speed_swim`, `speed_fly`, `scale`, `rank`, `mindmg`, `maxdmg`, `dmgschool`, `attackpower`, `dmg_multiplier`, `baseattacktime`, `rangeattacktime`, `unit_class`, `unit_flags`, `unit_flags2`, `dynamicflags`, `family`, `trainer_type`, `trainer_spell`, `trainer_class`, `trainer_race`, `minrangedmg`, `maxrangedmg`, `rangedattackpower`, `type`, `type_flags`, `type_flags2`, `lootid`, `pickpocketloot`, `skinloot`, `resistance1`, `resistance2`, `resistance3`, `resistance4`, `resistance5`, `resistance6`, `spell1`, `spell2`, `spell3`, `spell4`, `spell5`, `spell6`, `spell7`, `spell8`, `PetSpellDataId`, `VehicleId`, `mingold`, `maxgold`, `AIName`, `MovementType`, `InhabitType`, `HoverHeight`, `Health_mod`, `Mana_mod`, `Mana_mod_extra`, `Armor_mod`, `RacialLeader`, `questItem1`, `questItem2`, `questItem3`, `questItem4`, `questItem5`, `questItem6`, `movementId`, `RegenHealth`, `equipment_id`, `mechanic_immune_mask`, `flags_extra`, `ScriptName`, `WDBVerified`) VALUES ('42810', '49647', '0', '0', '0', '0', '19688', '0', '0', '0', 'Crystalspawn Giant', '', '', '0', '86', '86', '3', '0', '16', '16', '0', '1.2', '1', '1', '1', '1', '1', '516', '774', '0', '193', '35', '2000', '2000', '1', '67108928', '2048', '12', '0', '0', '0', '0', '0', '413', '619', '154', '4', '520', '0', '42810', '0', '0', '0', '0', '0', '0', '0', '0', '92631', '81008', '0', '0', '0', '0', '0', '0', '0', '0', '12154', '12154', '', '0', '3', '1', '10', '1', '1', '1', '0', '52506', '0', '0', '0', '0', '0', '115', '1', '0', '0', '0', 'npc_crystalspawn_giant', '15595');

-- Crystalspawn Giant (1)
DELETE FROM `creature_template` WHERE `entry` = '49647';
INSERT INTO `creature_template` (`entry`, `difficulty_entry_1`, `difficulty_entry_2`, `difficulty_entry_3`, `KillCredit1`, `KillCredit2`, `modelid1`, `modelid2`, `modelid3`, `modelid4`, `name`, `subname`, `IconName`, `gossip_menu_id`, `minlevel`, `maxlevel`, `exp`, `exp_unk`, `faction_A`, `faction_H`, `npcflag`, `speed_walk`, `speed_run`, `speed_swim`, `speed_fly`, `scale`, `rank`, `mindmg`, `maxdmg`, `dmgschool`, `attackpower`, `dmg_multiplier`, `baseattacktime`, `rangeattacktime`, `unit_class`, `unit_flags`, `unit_flags2`, `dynamicflags`, `family`, `trainer_type`, `trainer_spell`, `trainer_class`, `trainer_race`, `minrangedmg`, `maxrangedmg`, `rangedattackpower`, `type`, `type_flags`, `type_flags2`, `lootid`, `pickpocketloot`, `skinloot`, `resistance1`, `resistance2`, `resistance3`, `resistance4`, `resistance5`, `resistance6`, `spell1`, `spell2`, `spell3`, `spell4`, `spell5`, `spell6`, `spell7`, `spell8`, `PetSpellDataId`, `VehicleId`, `mingold`, `maxgold`, `AIName`, `MovementType`, `InhabitType`, `HoverHeight`, `Health_mod`, `Mana_mod`, `Mana_mod_extra`, `Armor_mod`, `RacialLeader`, `questItem1`, `questItem2`, `questItem3`, `questItem4`, `questItem5`, `questItem6`, `movementId`, `RegenHealth`, `equipment_id`, `mechanic_immune_mask`, `flags_extra`, `ScriptName`, `WDBVerified`) VALUES ('49647', '0', '0', '0', '0', '0', '19688', '0', '0', '0', 'Crystalspawn Giant (1)', '', '', '0', '86', '86', '3', '0', '16', '16', '0', '1.2', '1', '1', '1', '1', '1', '516', '774', '0', '193', '35', '2000', '2000', '1', '67108928', '2048', '12', '0', '0', '0', '0', '0', '413', '619', '154', '4', '520', '0', '49647', '0', '0', '0', '0', '0', '0', '0', '0', '92631', '81008', '0', '0', '0', '0', '0', '0', '0', '0', '12154', '12154', '', '0', '3', '1', '15', '1', '1', '1', '0', '52506', '0', '0', '0', '0', '0', '115', '1', '0', '0', '0', '', '15595');

-- Stonecore Warbringer
DELETE FROM `creature_template` WHERE `entry` = '42696';
INSERT INTO `creature_template` (`entry`, `difficulty_entry_1`, `difficulty_entry_2`, `difficulty_entry_3`, `KillCredit1`, `KillCredit2`, `modelid1`, `modelid2`, `modelid3`, `modelid4`, `name`, `subname`, `IconName`, `gossip_menu_id`, `minlevel`, `maxlevel`, `exp`, `exp_unk`, `faction_A`, `faction_H`, `npcflag`, `speed_walk`, `speed_run`, `speed_swim`, `speed_fly`, `scale`, `rank`, `mindmg`, `maxdmg`, `dmgschool`, `attackpower`, `dmg_multiplier`, `baseattacktime`, `rangeattacktime`, `unit_class`, `unit_flags`, `unit_flags2`, `dynamicflags`, `family`, `trainer_type`, `trainer_spell`, `trainer_class`, `trainer_race`, `minrangedmg`, `maxrangedmg`, `rangedattackpower`, `type`, `type_flags`, `type_flags2`, `lootid`, `pickpocketloot`, `skinloot`, `resistance1`, `resistance2`, `resistance3`, `resistance4`, `resistance5`, `resistance6`, `spell1`, `spell2`, `spell3`, `spell4`, `spell5`, `spell6`, `spell7`, `spell8`, `PetSpellDataId`, `VehicleId`, `mingold`, `maxgold`, `AIName`, `MovementType`, `InhabitType`, `HoverHeight`, `Health_mod`, `Mana_mod`, `Mana_mod_extra`, `Armor_mod`, `RacialLeader`, `questItem1`, `questItem2`, `questItem3`, `questItem4`, `questItem5`, `questItem6`, `movementId`, `RegenHealth`, `equipment_id`, `mechanic_immune_mask`, `flags_extra`, `ScriptName`, `WDBVerified`) VALUES ('42696', '49667', '0', '0', '0', '0', '37219', '37220', '37221', '0', 'Stonecore Warbringer', '', '', '0', '85', '85', '3', '0', '16', '16', '0', '1.2', '1', '1', '1', '1', '1', '500', '750', '0', '187', '35', '2000', '2000', '1', '8256', '2048', '12', '0', '0', '0', '0', '0', '400', '600', '150', '7', '8', '0', '42696', '42696', '0', '0', '0', '0', '0', '0', '0', '15496', '80158', '0', '0', '0', '0', '0', '0', '0', '0', '12175', '12175', '', '0', '3', '1', '7', '1', '1', '1', '0', '0', '0', '0', '0', '0', '0', '115', '1', '0', '0', '0', 'npc_stonecore_warbringer', '15595');

-- Stonecore Warbringer (1)
DELETE FROM `creature_template` WHERE `entry` = '49667';
INSERT INTO `creature_template` (`entry`, `difficulty_entry_1`, `difficulty_entry_2`, `difficulty_entry_3`, `KillCredit1`, `KillCredit2`, `modelid1`, `modelid2`, `modelid3`, `modelid4`, `name`, `subname`, `IconName`, `gossip_menu_id`, `minlevel`, `maxlevel`, `exp`, `exp_unk`, `faction_A`, `faction_H`, `npcflag`, `speed_walk`, `speed_run`, `speed_swim`, `speed_fly`, `scale`, `rank`, `mindmg`, `maxdmg`, `dmgschool`, `attackpower`, `dmg_multiplier`, `baseattacktime`, `rangeattacktime`, `unit_class`, `unit_flags`, `unit_flags2`, `dynamicflags`, `family`, `trainer_type`, `trainer_spell`, `trainer_class`, `trainer_race`, `minrangedmg`, `maxrangedmg`, `rangedattackpower`, `type`, `type_flags`, `type_flags2`, `lootid`, `pickpocketloot`, `skinloot`, `resistance1`, `resistance2`, `resistance3`, `resistance4`, `resistance5`, `resistance6`, `spell1`, `spell2`, `spell3`, `spell4`, `spell5`, `spell6`, `spell7`, `spell8`, `PetSpellDataId`, `VehicleId`, `mingold`, `maxgold`, `AIName`, `MovementType`, `InhabitType`, `HoverHeight`, `Health_mod`, `Mana_mod`, `Mana_mod_extra`, `Armor_mod`, `RacialLeader`, `questItem1`, `questItem2`, `questItem3`, `questItem4`, `questItem5`, `questItem6`, `movementId`, `RegenHealth`, `equipment_id`, `mechanic_immune_mask`, `flags_extra`, `ScriptName`, `WDBVerified`) VALUES ('49667', '0', '0', '0', '0', '0', '37219', '37220', '37221', '0', 'Stonecore Warbringer (1)', '', '', '0', '85', '85', '3', '0', '16', '16', '0', '1.2', '1', '1', '1', '1', '1', '500', '750', '0', '187', '35', '2000', '2000', '1', '8256', '2048', '12', '0', '0', '0', '0', '0', '400', '600', '150', '7', '8', '0', '49667', '49667', '0', '0', '0', '0', '0', '0', '0', '15496', '80158', '0', '0', '0', '0', '0', '0', '0', '0', '12175', '12175', '', '0', '3', '1', '5', '1', '1', '1', '0', '0', '0', '0', '0', '0', '0', '115', '1', '0', '0', '0', '', '15595');

-- Stonecore Rift Conjurer
DELETE FROM `creature_template` WHERE `entry` = '42691';
INSERT INTO `creature_template` (`entry`, `difficulty_entry_1`, `difficulty_entry_2`, `difficulty_entry_3`, `KillCredit1`, `KillCredit2`, `modelid1`, `modelid2`, `modelid3`, `modelid4`, `name`, `subname`, `IconName`, `gossip_menu_id`, `minlevel`, `maxlevel`, `exp`, `exp_unk`, `faction_A`, `faction_H`, `npcflag`, `speed_walk`, `speed_run`, `speed_swim`, `speed_fly`, `scale`, `rank`, `mindmg`, `maxdmg`, `dmgschool`, `attackpower`, `dmg_multiplier`, `baseattacktime`, `rangeattacktime`, `unit_class`, `unit_flags`, `unit_flags2`, `dynamicflags`, `family`, `trainer_type`, `trainer_spell`, `trainer_class`, `trainer_race`, `minrangedmg`, `maxrangedmg`, `rangedattackpower`, `type`, `type_flags`, `type_flags2`, `lootid`, `pickpocketloot`, `skinloot`, `resistance1`, `resistance2`, `resistance3`, `resistance4`, `resistance5`, `resistance6`, `spell1`, `spell2`, `spell3`, `spell4`, `spell5`, `spell6`, `spell7`, `spell8`, `PetSpellDataId`, `VehicleId`, `mingold`, `maxgold`, `AIName`, `MovementType`, `InhabitType`, `HoverHeight`, `Health_mod`, `Mana_mod`, `Mana_mod_extra`, `Armor_mod`, `RacialLeader`, `questItem1`, `questItem2`, `questItem3`, `questItem4`, `questItem5`, `questItem6`, `movementId`, `RegenHealth`, `equipment_id`, `mechanic_immune_mask`, `flags_extra`, `ScriptName`, `WDBVerified`) VALUES ('42691', '49665', '0', '0', '0', '0', '37227', '37226', '37228', '0', 'Stonecore Rift Conjurer', '', '', '0', '85', '85', '3', '0', '16', '16', '0', '1.2', '1', '1', '1', '1', '1', '465', '697', '0', '174', '37.7', '2000', '2000', '2', '64', '2048', '12', '0', '0', '0', '0', '0', '372', '558', '139', '7', '8', '0', '42691', '42691', '0', '0', '0', '0', '0', '0', '0', '80308', '92637', '80279', '0', '0', '0', '0', '0', '0', '0', '12205', '12205', '', '0', '3', '1', '7', '2', '1', '1', '0', '0', '0', '0', '0', '0', '0', '115', '1', '0', '0', '0', 'npc_stonecore_rift_conjurer', '15595');

-- Stonecore Rift Conjurer (1)
DELETE FROM `creature_template` WHERE `entry` = '49665';
INSERT INTO `creature_template` (`entry`, `difficulty_entry_1`, `difficulty_entry_2`, `difficulty_entry_3`, `KillCredit1`, `KillCredit2`, `modelid1`, `modelid2`, `modelid3`, `modelid4`, `name`, `subname`, `IconName`, `gossip_menu_id`, `minlevel`, `maxlevel`, `exp`, `exp_unk`, `faction_A`, `faction_H`, `npcflag`, `speed_walk`, `speed_run`, `speed_swim`, `speed_fly`, `scale`, `rank`, `mindmg`, `maxdmg`, `dmgschool`, `attackpower`, `dmg_multiplier`, `baseattacktime`, `rangeattacktime`, `unit_class`, `unit_flags`, `unit_flags2`, `dynamicflags`, `family`, `trainer_type`, `trainer_spell`, `trainer_class`, `trainer_race`, `minrangedmg`, `maxrangedmg`, `rangedattackpower`, `type`, `type_flags`, `type_flags2`, `lootid`, `pickpocketloot`, `skinloot`, `resistance1`, `resistance2`, `resistance3`, `resistance4`, `resistance5`, `resistance6`, `spell1`, `spell2`, `spell3`, `spell4`, `spell5`, `spell6`, `spell7`, `spell8`, `PetSpellDataId`, `VehicleId`, `mingold`, `maxgold`, `AIName`, `MovementType`, `InhabitType`, `HoverHeight`, `Health_mod`, `Mana_mod`, `Mana_mod_extra`, `Armor_mod`, `RacialLeader`, `questItem1`, `questItem2`, `questItem3`, `questItem4`, `questItem5`, `questItem6`, `movementId`, `RegenHealth`, `equipment_id`, `mechanic_immune_mask`, `flags_extra`, `ScriptName`, `WDBVerified`) VALUES ('49665', '0', '0', '0', '0', '0', '37227', '37226', '37228', '0', 'Stonecore Rift Conjurer (1)', '', '', '0', '85', '85', '3', '0', '16', '16', '0', '1.2', '1', '1', '1', '1', '1', '465', '697', '0', '174', '37.7', '2000', '2000', '2', '64', '2048', '12', '0', '0', '0', '0', '0', '372', '558', '139', '7', '8', '0', '42691', '49665', '0', '0', '0', '0', '0', '0', '0', '80308', '92637', '80279', '0', '0', '0', '0', '0', '0', '0', '12205', '12205', '', '0', '3', '1', '5', '2', '1', '1', '0', '0', '0', '0', '0', '0', '0', '115', '1', '0', '0', '0', '', '15595');

-- Stonecore Magmalord
DELETE FROM `creature_template` WHERE `entry` = '42789';
INSERT INTO `creature_template` (`entry`, `difficulty_entry_1`, `difficulty_entry_2`, `difficulty_entry_3`, `KillCredit1`, `KillCredit2`, `modelid1`, `modelid2`, `modelid3`, `modelid4`, `name`, `subname`, `IconName`, `gossip_menu_id`, `minlevel`, `maxlevel`, `exp`, `exp_unk`, `faction_A`, `faction_H`, `npcflag`, `speed_walk`, `speed_run`, `speed_swim`, `speed_fly`, `scale`, `rank`, `mindmg`, `maxdmg`, `dmgschool`, `attackpower`, `dmg_multiplier`, `baseattacktime`, `rangeattacktime`, `unit_class`, `unit_flags`, `unit_flags2`, `dynamicflags`, `family`, `trainer_type`, `trainer_spell`, `trainer_class`, `trainer_race`, `minrangedmg`, `maxrangedmg`, `rangedattackpower`, `type`, `type_flags`, `type_flags2`, `lootid`, `pickpocketloot`, `skinloot`, `resistance1`, `resistance2`, `resistance3`, `resistance4`, `resistance5`, `resistance6`, `spell1`, `spell2`, `spell3`, `spell4`, `spell5`, `spell6`, `spell7`, `spell8`, `PetSpellDataId`, `VehicleId`, `mingold`, `maxgold`, `AIName`, `MovementType`, `InhabitType`, `HoverHeight`, `Health_mod`, `Mana_mod`, `Mana_mod_extra`, `Armor_mod`, `RacialLeader`, `questItem1`, `questItem2`, `questItem3`, `questItem4`, `questItem5`, `questItem6`, `movementId`, `RegenHealth`, `equipment_id`, `mechanic_immune_mask`, `flags_extra`, `ScriptName`, `WDBVerified`) VALUES ('42789', '49664', '0', '0', '0', '0', '1070', '0', '0', '0', 'Stonecore Magmalord', '', '', '0', '85', '85', '3', '0', '16', '16', '0', '1.2', '1', '1', '1', '1', '1', '465', '697', '0', '174', '37.6', '2000', '2000', '2', '64', '2048', '12', '0', '0', '0', '0', '0', '372', '558', '139', '4', '8', '0', '42789', '42789', '0', '0', '0', '0', '0', '0', '0', '92636', '80151', '80038', '0', '0', '0', '0', '0', '0', '0', '12167', '12167', '', '0', '3', '1', '7', '3', '1', '1', '0', '52506', '0', '0', '0', '0', '0', '115', '1', '0', '0', '0', 'npc_stonecore_magmalord', '15595');

-- Stonecore Magmalord (1)
DELETE FROM `creature_template` WHERE `entry` = '49664';
INSERT INTO `creature_template` (`entry`, `difficulty_entry_1`, `difficulty_entry_2`, `difficulty_entry_3`, `KillCredit1`, `KillCredit2`, `modelid1`, `modelid2`, `modelid3`, `modelid4`, `name`, `subname`, `IconName`, `gossip_menu_id`, `minlevel`, `maxlevel`, `exp`, `exp_unk`, `faction_A`, `faction_H`, `npcflag`, `speed_walk`, `speed_run`, `speed_swim`, `speed_fly`, `scale`, `rank`, `mindmg`, `maxdmg`, `dmgschool`, `attackpower`, `dmg_multiplier`, `baseattacktime`, `rangeattacktime`, `unit_class`, `unit_flags`, `unit_flags2`, `dynamicflags`, `family`, `trainer_type`, `trainer_spell`, `trainer_class`, `trainer_race`, `minrangedmg`, `maxrangedmg`, `rangedattackpower`, `type`, `type_flags`, `type_flags2`, `lootid`, `pickpocketloot`, `skinloot`, `resistance1`, `resistance2`, `resistance3`, `resistance4`, `resistance5`, `resistance6`, `spell1`, `spell2`, `spell3`, `spell4`, `spell5`, `spell6`, `spell7`, `spell8`, `PetSpellDataId`, `VehicleId`, `mingold`, `maxgold`, `AIName`, `MovementType`, `InhabitType`, `HoverHeight`, `Health_mod`, `Mana_mod`, `Mana_mod_extra`, `Armor_mod`, `RacialLeader`, `questItem1`, `questItem2`, `questItem3`, `questItem4`, `questItem5`, `questItem6`, `movementId`, `RegenHealth`, `equipment_id`, `mechanic_immune_mask`, `flags_extra`, `ScriptName`, `WDBVerified`) VALUES ('49664', '0', '0', '0', '0', '0', '1070', '0', '0', '0', 'Stonecore Magmalord (1)', '', '', '0', '85', '85', '3', '0', '16', '16', '0', '1.2', '1', '1', '1', '1', '1', '465', '697', '0', '174', '37.7', '2000', '2000', '2', '64', '2048', '12', '0', '0', '0', '0', '0', '372', '558', '139', '4', '8', '0', '49664', '49664', '0', '0', '0', '0', '0', '0', '0', '92636', '80151', '80038', '0', '0', '0', '0', '0', '0', '0', '12167', '12167', '', '0', '3', '1', '5', '3', '1', '1', '0', '52506', '0', '0', '0', '0', '0', '115', '1', '0', '0', '0', '', '15595');

-- Unbound Earth Rager
DELETE FROM `creature_template` WHERE `entry` = '43662';
INSERT INTO `creature_template` (`entry`, `difficulty_entry_1`, `difficulty_entry_2`, `difficulty_entry_3`, `KillCredit1`, `KillCredit2`, `modelid1`, `modelid2`, `modelid3`, `modelid4`, `name`, `subname`, `IconName`, `gossip_menu_id`, `minlevel`, `maxlevel`, `exp`, `exp_unk`, `faction_A`, `faction_H`, `npcflag`, `speed_walk`, `speed_run`, `speed_swim`, `speed_fly`, `scale`, `rank`, `mindmg`, `maxdmg`, `dmgschool`, `attackpower`, `dmg_multiplier`, `baseattacktime`, `rangeattacktime`, `unit_class`, `unit_flags`, `unit_flags2`, `dynamicflags`, `family`, `trainer_type`, `trainer_spell`, `trainer_class`, `trainer_race`, `minrangedmg`, `maxrangedmg`, `rangedattackpower`, `type`, `type_flags`, `type_flags2`, `lootid`, `pickpocketloot`, `skinloot`, `resistance1`, `resistance2`, `resistance3`, `resistance4`, `resistance5`, `resistance6`, `spell1`, `spell2`, `spell3`, `spell4`, `spell5`, `spell6`, `spell7`, `spell8`, `PetSpellDataId`, `VehicleId`, `mingold`, `maxgold`, `AIName`, `MovementType`, `InhabitType`, `HoverHeight`, `Health_mod`, `Mana_mod`, `Mana_mod_extra`, `Armor_mod`, `RacialLeader`, `questItem1`, `questItem2`, `questItem3`, `questItem4`, `questItem5`, `questItem6`, `movementId`, `RegenHealth`, `equipment_id`, `mechanic_immune_mask`, `flags_extra`, `ScriptName`, `WDBVerified`) VALUES ('43662', '49669', '0', '0', '0', '0', '8109', '0', '0', '0', 'Unbound Earth Rager', '', '', '0', '85', '85', '3', '0', '16', '16', '0', '1.2', '0.714286', '1', '1', '1', '0', '550', '950', '0', '36', '7', '2000', '2000', '1', '0', '2048', '0', '0', '0', '0', '0', '0', '400', '600', '150', '4', '104', '0', '0', '0', '0', '0', '0', '0', '0', '0', '0', '0', '0', '0', '0', '0', '0', '0', '0', '0', '0', '0', '0', '', '0', '3', '1', '0.3', '1', '1', '1', '0', '0', '0', '0', '0', '0', '0', '91', '1', '0', '0', '0', 'npc_unbound_earth_rager', '15595');

-- Unbound Earth Rager (1)
DELETE FROM `creature_template` WHERE `entry` = '49669';
INSERT INTO `creature_template` (`entry`, `difficulty_entry_1`, `difficulty_entry_2`, `difficulty_entry_3`, `KillCredit1`, `KillCredit2`, `modelid1`, `modelid2`, `modelid3`, `modelid4`, `name`, `subname`, `IconName`, `gossip_menu_id`, `minlevel`, `maxlevel`, `exp`, `exp_unk`, `faction_A`, `faction_H`, `npcflag`, `speed_walk`, `speed_run`, `speed_swim`, `speed_fly`, `scale`, `rank`, `mindmg`, `maxdmg`, `dmgschool`, `attackpower`, `dmg_multiplier`, `baseattacktime`, `rangeattacktime`, `unit_class`, `unit_flags`, `unit_flags2`, `dynamicflags`, `family`, `trainer_type`, `trainer_spell`, `trainer_class`, `trainer_race`, `minrangedmg`, `maxrangedmg`, `rangedattackpower`, `type`, `type_flags`, `type_flags2`, `lootid`, `pickpocketloot`, `skinloot`, `resistance1`, `resistance2`, `resistance3`, `resistance4`, `resistance5`, `resistance6`, `spell1`, `spell2`, `spell3`, `spell4`, `spell5`, `spell6`, `spell7`, `spell8`, `PetSpellDataId`, `VehicleId`, `mingold`, `maxgold`, `AIName`, `MovementType`, `InhabitType`, `HoverHeight`, `Health_mod`, `Mana_mod`, `Mana_mod_extra`, `Armor_mod`, `RacialLeader`, `questItem1`, `questItem2`, `questItem3`, `questItem4`, `questItem5`, `questItem6`, `movementId`, `RegenHealth`, `equipment_id`, `mechanic_immune_mask`, `flags_extra`, `ScriptName`, `WDBVerified`) VALUES ('49669', '0', '0', '0', '0', '0', '8109', '0', '0', '0', 'Unbound Earth Rager (1)', '', '', '0', '85', '85', '3', '0', '16', '16', '0', '1.2', '0.714286', '1', '1', '1', '0', '550', '950', '0', '36', '7', '2000', '2000', '1', '0', '2048', '0', '0', '0', '0', '0', '0', '400', '600', '150', '4', '104', '0', '0', '0', '0', '0', '0', '0', '0', '0', '0', '0', '0', '0', '0', '0', '0', '0', '0', '0', '0', '0', '0', '', '0', '3', '1', '1', '1', '1', '1', '0', '0', '0', '0', '0', '0', '0', '91', '1', '0', '0', '0', '', '15595');

-- Millhouse Manastorm
DELETE FROM `creature_template` WHERE `entry` = '43391';
INSERT INTO `creature_template` (`entry`, `difficulty_entry_1`, `difficulty_entry_2`, `difficulty_entry_3`, `KillCredit1`, `KillCredit2`, `modelid1`, `modelid2`, `modelid3`, `modelid4`, `name`, `subname`, `IconName`, `gossip_menu_id`, `minlevel`, `maxlevel`, `exp`, `exp_unk`, `faction_A`, `faction_H`, `npcflag`, `speed_walk`, `speed_run`, `speed_swim`, `speed_fly`, `scale`, `rank`, `mindmg`, `maxdmg`, `dmgschool`, `attackpower`, `dmg_multiplier`, `baseattacktime`, `rangeattacktime`, `unit_class`, `unit_flags`, `unit_flags2`, `dynamicflags`, `family`, `trainer_type`, `trainer_spell`, `trainer_class`, `trainer_race`, `minrangedmg`, `maxrangedmg`, `rangedattackpower`, `type`, `type_flags`, `type_flags2`, `lootid`, `pickpocketloot`, `skinloot`, `resistance1`, `resistance2`, `resistance3`, `resistance4`, `resistance5`, `resistance6`, `spell1`, `spell2`, `spell3`, `spell4`, `spell5`, `spell6`, `spell7`, `spell8`, `PetSpellDataId`, `VehicleId`, `mingold`, `maxgold`, `AIName`, `MovementType`, `InhabitType`, `HoverHeight`, `Health_mod`, `Mana_mod`, `Mana_mod_extra`, `Armor_mod`, `RacialLeader`, `questItem1`, `questItem2`, `questItem3`, `questItem4`, `questItem5`, `questItem6`, `movementId`, `RegenHealth`, `equipment_id`, `mechanic_immune_mask`, `flags_extra`, `ScriptName`, `WDBVerified`) VALUES ('43391', '49653', '0', '0', '0', '0', '37234', '0', '0', '0', 'Millhouse Manastorm', '', '', '0', '86', '86', '3', '0', '16', '16', '0', '1', '1.14286', '1', '1', '1', '1', '377', '565', '0', '141', '47.9', '2000', '2000', '8', '64', '2048', '0', '0', '0', '0', '0', '0', '302', '452', '113', '7', '0', '0', '0', '0', '0', '0', '0', '0', '0', '0', '0', '81216', '81442', '92642', '81440', '0', '0', '0', '0', '0', '0', '0', '0', '', '0', '3', '1', '9', '10', '1', '1', '0', '0', '0', '0', '0', '0', '0', '841', '1', '0', '0', '0', 'mob_millhouse_manastorm', '15595');

-- Millhouse Manastorm (1)
DELETE FROM `creature_template` WHERE `entry` = '49653';
INSERT INTO `creature_template` (`entry`, `difficulty_entry_1`, `difficulty_entry_2`, `difficulty_entry_3`, `KillCredit1`, `KillCredit2`, `modelid1`, `modelid2`, `modelid3`, `modelid4`, `name`, `subname`, `IconName`, `gossip_menu_id`, `minlevel`, `maxlevel`, `exp`, `exp_unk`, `faction_A`, `faction_H`, `npcflag`, `speed_walk`, `speed_run`, `speed_swim`, `speed_fly`, `scale`, `rank`, `mindmg`, `maxdmg`, `dmgschool`, `attackpower`, `dmg_multiplier`, `baseattacktime`, `rangeattacktime`, `unit_class`, `unit_flags`, `unit_flags2`, `dynamicflags`, `family`, `trainer_type`, `trainer_spell`, `trainer_class`, `trainer_race`, `minrangedmg`, `maxrangedmg`, `rangedattackpower`, `type`, `type_flags`, `type_flags2`, `lootid`, `pickpocketloot`, `skinloot`, `resistance1`, `resistance2`, `resistance3`, `resistance4`, `resistance5`, `resistance6`, `spell1`, `spell2`, `spell3`, `spell4`, `spell5`, `spell6`, `spell7`, `spell8`, `PetSpellDataId`, `VehicleId`, `mingold`, `maxgold`, `AIName`, `MovementType`, `InhabitType`, `HoverHeight`, `Health_mod`, `Mana_mod`, `Mana_mod_extra`, `Armor_mod`, `RacialLeader`, `questItem1`, `questItem2`, `questItem3`, `questItem4`, `questItem5`, `questItem6`, `movementId`, `RegenHealth`, `equipment_id`, `mechanic_immune_mask`, `flags_extra`, `ScriptName`, `WDBVerified`) VALUES ('49653', '0', '0', '0', '0', '0', '37234', '0', '0', '0', 'Millhouse Manastorm (1)', '', '', '0', '86', '86', '3', '0', '16', '16', '0', '1', '1.14286', '1', '1', '1', '1', '377', '565', '0', '141', '47.9', '2000', '2000', '8', '64', '2048', '0', '0', '0', '0', '0', '0', '302', '452', '113', '7', '0', '0', '0', '0', '0', '0', '0', '0', '0', '0', '0', '81216', '81442', '92642', '81440', '0', '0', '0', '0', '0', '0', '0', '0', '', '0', '3', '1', '8', '10', '1', '1', '0', '0', '0', '0', '0', '0', '0', '841', '1', '0', '0', '0', '', '15595');

-- Generic Trigger LAB
DELETE FROM `creature_template` WHERE `entry` = '40350';
INSERT INTO `creature_template` (`entry`, `difficulty_entry_1`, `difficulty_entry_2`, `difficulty_entry_3`, `KillCredit1`, `KillCredit2`, `modelid1`, `modelid2`, `modelid3`, `modelid4`, `name`, `subname`, `IconName`, `gossip_menu_id`, `minlevel`, `maxlevel`, `exp`, `exp_unk`, `faction_A`, `faction_H`, `npcflag`, `speed_walk`, `speed_run`, `speed_swim`, `speed_fly`, `scale`, `rank`, `mindmg`, `maxdmg`, `dmgschool`, `attackpower`, `dmg_multiplier`, `baseattacktime`, `rangeattacktime`, `unit_class`, `unit_flags`, `unit_flags2`, `dynamicflags`, `family`, `trainer_type`, `trainer_spell`, `trainer_class`, `trainer_race`, `minrangedmg`, `maxrangedmg`, `rangedattackpower`, `type`, `type_flags`, `type_flags2`, `lootid`, `pickpocketloot`, `skinloot`, `resistance1`, `resistance2`, `resistance3`, `resistance4`, `resistance5`, `resistance6`, `spell1`, `spell2`, `spell3`, `spell4`, `spell5`, `spell6`, `spell7`, `spell8`, `PetSpellDataId`, `VehicleId`, `mingold`, `maxgold`, `AIName`, `MovementType`, `InhabitType`, `HoverHeight`, `Health_mod`, `Mana_mod`, `Mana_mod_extra`, `Armor_mod`, `RacialLeader`, `questItem1`, `questItem2`, `questItem3`, `questItem4`, `questItem5`, `questItem6`, `movementId`, `RegenHealth`, `equipment_id`, `mechanic_immune_mask`, `flags_extra`, `ScriptName`, `WDBVerified`) VALUES ('40350', '0', '0', '0', '0', '0', '20570', '11686', '0', '0', 'Generic Trigger LAB', '', '', '0', '60', '60', '1', '0', '35', '35', '0', '1', '1.14286', '1', '1', '1', '0', '128', '192', '0', '48', '1', '2000', '2000', '1', '33554688', '2048', '0', '0', '0', '0', '0', '0', '102', '154', '38', '10', '0', '0', '0', '0', '0', '0', '0', '0', '0', '0', '0', '0', '0', '0', '0', '0', '0', '0', '0', '0', '0', '0', '0', '', '0', '4', '1', '1.35', '1', '1', '1', '0', '0', '0', '0', '0', '0', '0', '0', '1', '0', '0', '0', '', '15595');
DELETE FROM `creature_template_addon` WHERE `entry` = '40350';
INSERT INTO `creature_template_addon` (`entry`, `path_id`, `mount`, `bytes1`, `bytes2`, `emote`, `auras`) VALUES ('40350', '0', '0', '0', '1', '0', '65427');


-- Emerald Shale Hatchling
DELETE FROM `creature_template` WHERE `entry` = '49857';
INSERT INTO `creature_template` (`entry`, `difficulty_entry_1`, `difficulty_entry_2`, `difficulty_entry_3`, `KillCredit1`, `KillCredit2`, `modelid1`, `modelid2`, `modelid3`, `modelid4`, `name`, `subname`, `IconName`, `gossip_menu_id`, `minlevel`, `maxlevel`, `exp`, `exp_unk`, `faction_A`, `faction_H`, `npcflag`, `speed_walk`, `speed_run`, `speed_swim`, `speed_fly`, `scale`, `rank`, `mindmg`, `maxdmg`, `dmgschool`, `attackpower`, `dmg_multiplier`, `baseattacktime`, `rangeattacktime`, `unit_class`, `unit_flags`, `unit_flags2`, `dynamicflags`, `family`, `trainer_type`, `trainer_spell`, `trainer_class`, `trainer_race`, `minrangedmg`, `maxrangedmg`, `rangedattackpower`, `type`, `type_flags`, `type_flags2`, `lootid`, `pickpocketloot`, `skinloot`, `resistance1`, `resistance2`, `resistance3`, `resistance4`, `resistance5`, `resistance6`, `spell1`, `spell2`, `spell3`, `spell4`, `spell5`, `spell6`, `spell7`, `spell8`, `PetSpellDataId`, `VehicleId`, `mingold`, `maxgold`, `AIName`, `MovementType`, `InhabitType`, `HoverHeight`, `Health_mod`, `Mana_mod`, `Mana_mod_extra`, `Armor_mod`, `RacialLeader`, `questItem1`, `questItem2`, `questItem3`, `questItem4`, `questItem5`, `questItem6`, `movementId`, `RegenHealth`, `equipment_id`, `mechanic_immune_mask`, `flags_extra`, `ScriptName`, `WDBVerified`) VALUES ('49857', '0', '0', '0', '0', '0', '36603', '0', '0', '0', 'Emerald Shale Hatchling', '', '', '0', '1', '1', '0', '0', '188', '188', '0', '1', '0.857143', '1', '1', '1', '0', '1', '2', '0', '0', '1', '2000', '2000', '1', '32768', '2048', '12', '0', '0', '0', '0', '0', '1', '2', '0', '8', '0', '0', '0', '0', '0', '0', '0', '0', '0', '0', '0', '0', '0', '0', '0', '0', '0', '0', '0', '0', '0', '0', '0', '', '0', '3', '1', '0.01', '1', '1', '1', '0', '0', '0', '0', '0', '0', '0', '100', '1', '0', '0', '0', '', '15595');

-- Crimson Shale Hatchling
DELETE FROM `creature_template` WHERE `entry` = '49929';
INSERT INTO `creature_template` (`entry`, `difficulty_entry_1`, `difficulty_entry_2`, `difficulty_entry_3`, `KillCredit1`, `KillCredit2`, `modelid1`, `modelid2`, `modelid3`, `modelid4`, `name`, `subname`, `IconName`, `gossip_menu_id`, `minlevel`, `maxlevel`, `exp`, `exp_unk`, `faction_A`, `faction_H`, `npcflag`, `speed_walk`, `speed_run`, `speed_swim`, `speed_fly`, `scale`, `rank`, `mindmg`, `maxdmg`, `dmgschool`, `attackpower`, `dmg_multiplier`, `baseattacktime`, `rangeattacktime`, `unit_class`, `unit_flags`, `unit_flags2`, `dynamicflags`, `family`, `trainer_type`, `trainer_spell`, `trainer_class`, `trainer_race`, `minrangedmg`, `maxrangedmg`, `rangedattackpower`, `type`, `type_flags`, `type_flags2`, `lootid`, `pickpocketloot`, `skinloot`, `resistance1`, `resistance2`, `resistance3`, `resistance4`, `resistance5`, `resistance6`, `spell1`, `spell2`, `spell3`, `spell4`, `spell5`, `spell6`, `spell7`, `spell8`, `PetSpellDataId`, `VehicleId`, `mingold`, `maxgold`, `AIName`, `MovementType`, `InhabitType`, `HoverHeight`, `Health_mod`, `Mana_mod`, `Mana_mod_extra`, `Armor_mod`, `RacialLeader`, `questItem1`, `questItem2`, `questItem3`, `questItem4`, `questItem5`, `questItem6`, `movementId`, `RegenHealth`, `equipment_id`, `mechanic_immune_mask`, `flags_extra`, `ScriptName`, `WDBVerified`) VALUES ('49929', '0', '0', '0', '0', '0', '36605', '0', '0', '0', 'Crimson Shale Hatchling', '', '', '0', '1', '1', '0', '0', '188', '188', '0', '1', '0.857143', '1', '1', '1', '0', '1', '2', '0', '0', '1', '2000', '2000', '1', '32768', '2048', '12', '0', '0', '0', '0', '0', '1', '2', '0', '8', '0', '0', '0', '0', '0', '0', '0', '0', '0', '0', '0', '0', '0', '0', '0', '0', '0', '0', '0', '0', '0', '0', '0', '', '0', '3', '1', '0.01', '1', '1', '1', '0', '0', '0', '0', '0', '0', '0', '100', '1', '0', '0', '0', '', '15595');

-- Topaz Shale Hatchling
DELETE FROM `creature_template` WHERE `entry` = '49859';
INSERT INTO `creature_template` (`entry`, `difficulty_entry_1`, `difficulty_entry_2`, `difficulty_entry_3`, `KillCredit1`, `KillCredit2`, `modelid1`, `modelid2`, `modelid3`, `modelid4`, `name`, `subname`, `IconName`, `gossip_menu_id`, `minlevel`, `maxlevel`, `exp`, `exp_unk`, `faction_A`, `faction_H`, `npcflag`, `speed_walk`, `speed_run`, `speed_swim`, `speed_fly`, `scale`, `rank`, `mindmg`, `maxdmg`, `dmgschool`, `attackpower`, `dmg_multiplier`, `baseattacktime`, `rangeattacktime`, `unit_class`, `unit_flags`, `unit_flags2`, `dynamicflags`, `family`, `trainer_type`, `trainer_spell`, `trainer_class`, `trainer_race`, `minrangedmg`, `maxrangedmg`, `rangedattackpower`, `type`, `type_flags`, `type_flags2`, `lootid`, `pickpocketloot`, `skinloot`, `resistance1`, `resistance2`, `resistance3`, `resistance4`, `resistance5`, `resistance6`, `spell1`, `spell2`, `spell3`, `spell4`, `spell5`, `spell6`, `spell7`, `spell8`, `PetSpellDataId`, `VehicleId`, `mingold`, `maxgold`, `AIName`, `MovementType`, `InhabitType`, `HoverHeight`, `Health_mod`, `Mana_mod`, `Mana_mod_extra`, `Armor_mod`, `RacialLeader`, `questItem1`, `questItem2`, `questItem3`, `questItem4`, `questItem5`, `questItem6`, `movementId`, `RegenHealth`, `equipment_id`, `mechanic_immune_mask`, `flags_extra`, `ScriptName`, `WDBVerified`) VALUES ('49859', '0', '0', '0', '0', '0', '36648', '0', '0', '0', 'Topaz Shale Hatchling', '', '', '0', '1', '1', '0', '0', '188', '188', '0', '1', '0.857143', '1', '1', '1', '0', '1', '2', '0', '0', '1', '2000', '2000', '1', '32768', '2048', '12', '0', '0', '0', '0', '0', '1', '2', '0', '8', '0', '0', '0', '0', '0', '0', '0', '0', '0', '0', '0', '0', '0', '0', '0', '0', '0', '0', '0', '0', '0', '0', '0', '', '0', '3', '1', '0.01', '1', '1', '1', '0', '0', '0', '0', '0', '0', '0', '100', '1', '0', '0', '0', '', '15595');
DELETE FROM `creature_template_addon` WHERE `entry` = '49859';
INSERT INTO `creature_template_addon` (`entry`, `path_id`, `mount`, `bytes1`, `bytes2`, `emote`, `auras`) VALUES ('49859', '0', '0', '0', '1', '0', '');


-- Stonecore Sentry
DELETE FROM `creature_template` WHERE `entry` = '42695';
INSERT INTO `creature_template` (`entry`, `difficulty_entry_1`, `difficulty_entry_2`, `difficulty_entry_3`, `KillCredit1`, `KillCredit2`, `modelid1`, `modelid2`, `modelid3`, `modelid4`, `name`, `subname`, `IconName`, `gossip_menu_id`, `minlevel`, `maxlevel`, `exp`, `exp_unk`, `faction_A`, `faction_H`, `npcflag`, `speed_walk`, `speed_run`, `speed_swim`, `speed_fly`, `scale`, `rank`, `mindmg`, `maxdmg`, `dmgschool`, `attackpower`, `dmg_multiplier`, `baseattacktime`, `rangeattacktime`, `unit_class`, `unit_flags`, `unit_flags2`, `dynamicflags`, `family`, `trainer_type`, `trainer_spell`, `trainer_class`, `trainer_race`, `minrangedmg`, `maxrangedmg`, `rangedattackpower`, `type`, `type_flags`, `type_flags2`, `lootid`, `pickpocketloot`, `skinloot`, `resistance1`, `resistance2`, `resistance3`, `resistance4`, `resistance5`, `resistance6`, `spell1`, `spell2`, `spell3`, `spell4`, `spell5`, `spell6`, `spell7`, `spell8`, `PetSpellDataId`, `VehicleId`, `mingold`, `maxgold`, `AIName`, `MovementType`, `InhabitType`, `HoverHeight`, `Health_mod`, `Mana_mod`, `Mana_mod_extra`, `Armor_mod`, `RacialLeader`, `questItem1`, `questItem2`, `questItem3`, `questItem4`, `questItem5`, `questItem6`, `movementId`, `RegenHealth`, `equipment_id`, `mechanic_immune_mask`, `flags_extra`, `ScriptName`, `WDBVerified`) VALUES ('42695', '49666', '0', '0', '0', '0', '37222', '37223', '0', '0', 'Stonecore Sentry', '', '', '0', '85', '85', '3', '0', '16', '16', '0', '1.2', '1', '1', '1', '1', '0', '550', '950', '0', '36', '7', '2000', '2000', '1', '262144', '2048', '12', '0', '0', '0', '0', '0', '400', '600', '150', '7', '8', '0', '42695', '42695', '0', '0', '0', '0', '0', '0', '0', '0', '0', '0', '0', '0', '0', '0', '0', '0', '0', '12197', '12197', '', '0', '3', '1', '0.15', '1', '1', '1', '0', '0', '0', '0', '0', '0', '0', '115', '1', '0', '0', '0', '', '15595');

-- Stonecore Sentry (1)
DELETE FROM `creature_template` WHERE `entry` = '49666';
INSERT INTO `creature_template` (`entry`, `difficulty_entry_1`, `difficulty_entry_2`, `difficulty_entry_3`, `KillCredit1`, `KillCredit2`, `modelid1`, `modelid2`, `modelid3`, `modelid4`, `name`, `subname`, `IconName`, `gossip_menu_id`, `minlevel`, `maxlevel`, `exp`, `exp_unk`, `faction_A`, `faction_H`, `npcflag`, `speed_walk`, `speed_run`, `speed_swim`, `speed_fly`, `scale`, `rank`, `mindmg`, `maxdmg`, `dmgschool`, `attackpower`, `dmg_multiplier`, `baseattacktime`, `rangeattacktime`, `unit_class`, `unit_flags`, `unit_flags2`, `dynamicflags`, `family`, `trainer_type`, `trainer_spell`, `trainer_class`, `trainer_race`, `minrangedmg`, `maxrangedmg`, `rangedattackpower`, `type`, `type_flags`, `type_flags2`, `lootid`, `pickpocketloot`, `skinloot`, `resistance1`, `resistance2`, `resistance3`, `resistance4`, `resistance5`, `resistance6`, `spell1`, `spell2`, `spell3`, `spell4`, `spell5`, `spell6`, `spell7`, `spell8`, `PetSpellDataId`, `VehicleId`, `mingold`, `maxgold`, `AIName`, `MovementType`, `InhabitType`, `HoverHeight`, `Health_mod`, `Mana_mod`, `Mana_mod_extra`, `Armor_mod`, `RacialLeader`, `questItem1`, `questItem2`, `questItem3`, `questItem4`, `questItem5`, `questItem6`, `movementId`, `RegenHealth`, `equipment_id`, `mechanic_immune_mask`, `flags_extra`, `ScriptName`, `WDBVerified`) VALUES ('49666', '0', '0', '0', '0', '0', '37222', '37223', '0', '0', 'Stonecore Sentry (1)', '', '', '0', '85', '85', '3', '0', '16', '16', '0', '1.2', '1', '1', '1', '1', '0', '550', '950', '0', '36', '7', '2000', '2000', '1', '262144', '2048', '12', '0', '0', '0', '0', '0', '400', '600', '150', '7', '8', '0', '49666', '49666', '0', '0', '0', '0', '0', '0', '0', '0', '0', '0', '0', '0', '0', '0', '0', '0', '0', '12197', '12197', '', '0', '3', '1', '0.15', '1', '1', '1', '0', '0', '0', '0', '0', '0', '0', '115', '1', '0', '0', '0', '', '15595');

-- Stonecore Berserker
DELETE FROM `creature_template` WHERE `entry` = '43430';
INSERT INTO `creature_template` (`entry`, `difficulty_entry_1`, `difficulty_entry_2`, `difficulty_entry_3`, `KillCredit1`, `KillCredit2`, `modelid1`, `modelid2`, `modelid3`, `modelid4`, `name`, `subname`, `IconName`, `gossip_menu_id`, `minlevel`, `maxlevel`, `exp`, `exp_unk`, `faction_A`, `faction_H`, `npcflag`, `speed_walk`, `speed_run`, `speed_swim`, `speed_fly`, `scale`, `rank`, `mindmg`, `maxdmg`, `dmgschool`, `attackpower`, `dmg_multiplier`, `baseattacktime`, `rangeattacktime`, `unit_class`, `unit_flags`, `unit_flags2`, `dynamicflags`, `family`, `trainer_type`, `trainer_spell`, `trainer_class`, `trainer_race`, `minrangedmg`, `maxrangedmg`, `rangedattackpower`, `type`, `type_flags`, `type_flags2`, `lootid`, `pickpocketloot`, `skinloot`, `resistance1`, `resistance2`, `resistance3`, `resistance4`, `resistance5`, `resistance6`, `spell1`, `spell2`, `spell3`, `spell4`, `spell5`, `spell6`, `spell7`, `spell8`, `PetSpellDataId`, `VehicleId`, `mingold`, `maxgold`, `AIName`, `MovementType`, `InhabitType`, `HoverHeight`, `Health_mod`, `Mana_mod`, `Mana_mod_extra`, `Armor_mod`, `RacialLeader`, `questItem1`, `questItem2`, `questItem3`, `questItem4`, `questItem5`, `questItem6`, `movementId`, `RegenHealth`, `equipment_id`, `mechanic_immune_mask`, `flags_extra`, `ScriptName`, `WDBVerified`) VALUES ('43430', '49660', '0', '0', '0', '0', '37213', '37214', '37215', '0', 'Stonecore Berserker', '', '', '0', '85', '85', '3', '0', '16', '16', '0', '1.2', '1', '1', '1', '1', '1', '500', '750', '0', '187', '35', '2000', '2000', '1', '64', '2048', '12', '0', '0', '0', '0', '0', '400', '600', '150', '7', '8', '0', '43430', '43430', '0', '0', '0', '0', '0', '0', '0', '81574', '81568', '0', '0', '0', '0', '0', '0', '0', '0', '12170', '12170', '', '0', '3', '1', '7', '1', '1', '1', '0', '0', '0', '0', '0', '0', '0', '115', '1', '0', '0', '0', 'npc_stonecore_berserker', '15595');

-- Stonecore Berserker (1)
DELETE FROM `creature_template` WHERE `entry` = '49660';
INSERT INTO `creature_template` (`entry`, `difficulty_entry_1`, `difficulty_entry_2`, `difficulty_entry_3`, `KillCredit1`, `KillCredit2`, `modelid1`, `modelid2`, `modelid3`, `modelid4`, `name`, `subname`, `IconName`, `gossip_menu_id`, `minlevel`, `maxlevel`, `exp`, `exp_unk`, `faction_A`, `faction_H`, `npcflag`, `speed_walk`, `speed_run`, `speed_swim`, `speed_fly`, `scale`, `rank`, `mindmg`, `maxdmg`, `dmgschool`, `attackpower`, `dmg_multiplier`, `baseattacktime`, `rangeattacktime`, `unit_class`, `unit_flags`, `unit_flags2`, `dynamicflags`, `family`, `trainer_type`, `trainer_spell`, `trainer_class`, `trainer_race`, `minrangedmg`, `maxrangedmg`, `rangedattackpower`, `type`, `type_flags`, `type_flags2`, `lootid`, `pickpocketloot`, `skinloot`, `resistance1`, `resistance2`, `resistance3`, `resistance4`, `resistance5`, `resistance6`, `spell1`, `spell2`, `spell3`, `spell4`, `spell5`, `spell6`, `spell7`, `spell8`, `PetSpellDataId`, `VehicleId`, `mingold`, `maxgold`, `AIName`, `MovementType`, `InhabitType`, `HoverHeight`, `Health_mod`, `Mana_mod`, `Mana_mod_extra`, `Armor_mod`, `RacialLeader`, `questItem1`, `questItem2`, `questItem3`, `questItem4`, `questItem5`, `questItem6`, `movementId`, `RegenHealth`, `equipment_id`, `mechanic_immune_mask`, `flags_extra`, `ScriptName`, `WDBVerified`) VALUES ('49660', '0', '0', '0', '0', '0', '37213', '37214', '37215', '0', 'Stonecore Berserker (1)', '', '', '0', '85', '85', '3', '0', '16', '16', '0', '1.2', '1', '1', '1', '1', '1', '500', '750', '0', '187', '35', '2000', '2000', '1', '64', '2048', '12', '0', '0', '0', '0', '0', '400', '600', '150', '7', '8', '0', '49660', '49660', '0', '0', '0', '0', '0', '0', '0', '81574', '81568', '0', '0', '0', '0', '0', '0', '0', '0', '12170', '12170', '', '0', '3', '1', '5', '1', '1', '1', '0', '0', '0', '0', '0', '0', '0', '115', '1', '0', '0', '0', '', '15595');

-- Stonecore Earthshaper
DELETE FROM `creature_template` WHERE `entry` = '43537';
INSERT INTO `creature_template` (`entry`, `difficulty_entry_1`, `difficulty_entry_2`, `difficulty_entry_3`, `KillCredit1`, `KillCredit2`, `modelid1`, `modelid2`, `modelid3`, `modelid4`, `name`, `subname`, `IconName`, `gossip_menu_id`, `minlevel`, `maxlevel`, `exp`, `exp_unk`, `faction_A`, `faction_H`, `npcflag`, `speed_walk`, `speed_run`, `speed_swim`, `speed_fly`, `scale`, `rank`, `mindmg`, `maxdmg`, `dmgschool`, `attackpower`, `dmg_multiplier`, `baseattacktime`, `rangeattacktime`, `unit_class`, `unit_flags`, `unit_flags2`, `dynamicflags`, `family`, `trainer_type`, `trainer_spell`, `trainer_class`, `trainer_race`, `minrangedmg`, `maxrangedmg`, `rangedattackpower`, `type`, `type_flags`, `type_flags2`, `lootid`, `pickpocketloot`, `skinloot`, `resistance1`, `resistance2`, `resistance3`, `resistance4`, `resistance5`, `resistance6`, `spell1`, `spell2`, `spell3`, `spell4`, `spell5`, `spell6`, `spell7`, `spell8`, `PetSpellDataId`, `VehicleId`, `mingold`, `maxgold`, `AIName`, `MovementType`, `InhabitType`, `HoverHeight`, `Health_mod`, `Mana_mod`, `Mana_mod_extra`, `Armor_mod`, `RacialLeader`, `questItem1`, `questItem2`, `questItem3`, `questItem4`, `questItem5`, `questItem6`, `movementId`, `RegenHealth`, `equipment_id`, `mechanic_immune_mask`, `flags_extra`, `ScriptName`, `WDBVerified`) VALUES ('43537', '49662', '0', '0', '0', '0', '37216', '37217', '37218', '0', 'Stonecore Earthshaper', '', '', '0', '85', '85', '3', '0', '16', '16', '0', '1.2', '1', '1', '1', '1', '1', '365', '547', '0', '137', '47.9', '2000', '2000', '8', '64', '2048', '12', '0', '0', '0', '0', '0', '292', '438', '110', '7', '8', '0', '43537', '43537', '0', '0', '0', '0', '0', '0', '0', '81463', '81459', '92628', '81530', '0', '0', '0', '0', '0', '0', '12174', '12174', '', '0', '3', '1', '7', '1', '1', '1', '0', '0', '0', '0', '0', '0', '0', '115', '1', '0', '0', '0', 'npc_stonecore_earthshaper', '15595');

-- Stonecore Earthshaper (1)
DELETE FROM `creature_template` WHERE `entry` = '49662';
INSERT INTO `creature_template` (`entry`, `difficulty_entry_1`, `difficulty_entry_2`, `difficulty_entry_3`, `KillCredit1`, `KillCredit2`, `modelid1`, `modelid2`, `modelid3`, `modelid4`, `name`, `subname`, `IconName`, `gossip_menu_id`, `minlevel`, `maxlevel`, `exp`, `exp_unk`, `faction_A`, `faction_H`, `npcflag`, `speed_walk`, `speed_run`, `speed_swim`, `speed_fly`, `scale`, `rank`, `mindmg`, `maxdmg`, `dmgschool`, `attackpower`, `dmg_multiplier`, `baseattacktime`, `rangeattacktime`, `unit_class`, `unit_flags`, `unit_flags2`, `dynamicflags`, `family`, `trainer_type`, `trainer_spell`, `trainer_class`, `trainer_race`, `minrangedmg`, `maxrangedmg`, `rangedattackpower`, `type`, `type_flags`, `type_flags2`, `lootid`, `pickpocketloot`, `skinloot`, `resistance1`, `resistance2`, `resistance3`, `resistance4`, `resistance5`, `resistance6`, `spell1`, `spell2`, `spell3`, `spell4`, `spell5`, `spell6`, `spell7`, `spell8`, `PetSpellDataId`, `VehicleId`, `mingold`, `maxgold`, `AIName`, `MovementType`, `InhabitType`, `HoverHeight`, `Health_mod`, `Mana_mod`, `Mana_mod_extra`, `Armor_mod`, `RacialLeader`, `questItem1`, `questItem2`, `questItem3`, `questItem4`, `questItem5`, `questItem6`, `movementId`, `RegenHealth`, `equipment_id`, `mechanic_immune_mask`, `flags_extra`, `ScriptName`, `WDBVerified`) VALUES ('49662', '0', '0', '0', '0', '0', '37216', '37217', '37218', '0', 'Stonecore Earthshaper (1)', '', '', '0', '85', '85', '3', '0', '16', '16', '0', '1.2', '1', '1', '1', '1', '1', '365', '547', '0', '137', '48', '2000', '2000', '8', '64', '2048', '12', '0', '0', '0', '0', '0', '292', '438', '110', '7', '8', '0', '49662', '49662', '0', '0', '0', '0', '0', '0', '0', '81463', '81459', '92628', '81530', '0', '0', '0', '0', '0', '0', '12174', '12174', '', '0', '3', '1', '5', '1', '1', '1', '0', '0', '0', '0', '0', '0', '0', '115', '1', '0', '0', '0', '', '15595');

-- Rock Borer
DELETE FROM `creature_template` WHERE `entry` = '42845';
INSERT INTO `creature_template` (`entry`, `difficulty_entry_1`, `difficulty_entry_2`, `difficulty_entry_3`, `KillCredit1`, `KillCredit2`, `modelid1`, `modelid2`, `modelid3`, `modelid4`, `name`, `subname`, `IconName`, `gossip_menu_id`, `minlevel`, `maxlevel`, `exp`, `exp_unk`, `faction_A`, `faction_H`, `npcflag`, `speed_walk`, `speed_run`, `speed_swim`, `speed_fly`, `scale`, `rank`, `mindmg`, `maxdmg`, `dmgschool`, `attackpower`, `dmg_multiplier`, `baseattacktime`, `rangeattacktime`, `unit_class`, `unit_flags`, `unit_flags2`, `dynamicflags`, `family`, `trainer_type`, `trainer_spell`, `trainer_class`, `trainer_race`, `minrangedmg`, `maxrangedmg`, `rangedattackpower`, `type`, `type_flags`, `type_flags2`, `lootid`, `pickpocketloot`, `skinloot`, `resistance1`, `resistance2`, `resistance3`, `resistance4`, `resistance5`, `resistance6`, `spell1`, `spell2`, `spell3`, `spell4`, `spell5`, `spell6`, `spell7`, `spell8`, `PetSpellDataId`, `VehicleId`, `mingold`, `maxgold`, `AIName`, `MovementType`, `InhabitType`, `HoverHeight`, `Health_mod`, `Mana_mod`, `Mana_mod_extra`, `Armor_mod`, `RacialLeader`, `questItem1`, `questItem2`, `questItem3`, `questItem4`, `questItem5`, `questItem6`, `movementId`, `RegenHealth`, `equipment_id`, `mechanic_immune_mask`, `flags_extra`, `ScriptName`, `WDBVerified`) VALUES ('42845', '49655', '0', '0', '0', '0', '33863', '0', '0', '0', 'Rock Borer', '', '', '0', '85', '85', '3', '0', '16', '16', '0', '4.8', '1.71429', '1', '1', '1', '0', '550', '950', '0', '36', '7', '2000', '2000', '1', '0', '2048', '12', '55', '0', '0', '0', '0', '400', '600', '150', '1', '65545', '0', '0', '0', '0', '0', '0', '0', '0', '0', '0', '92630', '80028', '0', '0', '0', '0', '0', '0', '0', '0', '0', '0', '', '0', '3', '1', '0.111909', '1', '1', '1', '0', '0', '0', '0', '0', '0', '0', '174', '1', '0', '0', '0', 'mob_rock_borer', '15595');

-- Rock Borer (1)
DELETE FROM `creature_template` WHERE `entry` = '49655';
INSERT INTO `creature_template` (`entry`, `difficulty_entry_1`, `difficulty_entry_2`, `difficulty_entry_3`, `KillCredit1`, `KillCredit2`, `modelid1`, `modelid2`, `modelid3`, `modelid4`, `name`, `subname`, `IconName`, `gossip_menu_id`, `minlevel`, `maxlevel`, `exp`, `exp_unk`, `faction_A`, `faction_H`, `npcflag`, `speed_walk`, `speed_run`, `speed_swim`, `speed_fly`, `scale`, `rank`, `mindmg`, `maxdmg`, `dmgschool`, `attackpower`, `dmg_multiplier`, `baseattacktime`, `rangeattacktime`, `unit_class`, `unit_flags`, `unit_flags2`, `dynamicflags`, `family`, `trainer_type`, `trainer_spell`, `trainer_class`, `trainer_race`, `minrangedmg`, `maxrangedmg`, `rangedattackpower`, `type`, `type_flags`, `type_flags2`, `lootid`, `pickpocketloot`, `skinloot`, `resistance1`, `resistance2`, `resistance3`, `resistance4`, `resistance5`, `resistance6`, `spell1`, `spell2`, `spell3`, `spell4`, `spell5`, `spell6`, `spell7`, `spell8`, `PetSpellDataId`, `VehicleId`, `mingold`, `maxgold`, `AIName`, `MovementType`, `InhabitType`, `HoverHeight`, `Health_mod`, `Mana_mod`, `Mana_mod_extra`, `Armor_mod`, `RacialLeader`, `questItem1`, `questItem2`, `questItem3`, `questItem4`, `questItem5`, `questItem6`, `movementId`, `RegenHealth`, `equipment_id`, `mechanic_immune_mask`, `flags_extra`, `ScriptName`, `WDBVerified`) VALUES ('49655', '0', '0', '0', '0', '0', '33863', '0', '0', '0', 'Rock Borer (1)', '', '', '0', '85', '85', '3', '0', '16', '16', '0', '4.8', '1.71429', '1', '1', '1', '0', '550', '950', '0', '36', '7', '2000', '2000', '1', '0', '2048', '12', '55', '0', '0', '0', '0', '400', '600', '150', '1', '65545', '0', '0', '0', '0', '0', '0', '0', '0', '0', '0', '92630', '80028', '0', '0', '0', '0', '0', '0', '0', '0', '0', '0', '', '0', '3', '1', '0.15', '1', '1', '1', '0', '0', '0', '0', '0', '0', '0', '174', '1', '0', '0', '0', '', '15595');

-- Corborus
DELETE FROM `creature_template` WHERE `entry` = '43438';
INSERT INTO `creature_template` (`entry`, `difficulty_entry_1`, `difficulty_entry_2`, `difficulty_entry_3`, `KillCredit1`, `KillCredit2`, `modelid1`, `modelid2`, `modelid3`, `modelid4`, `name`, `subname`, `IconName`, `gossip_menu_id`, `minlevel`, `maxlevel`, `exp`, `exp_unk`, `faction_A`, `faction_H`, `npcflag`, `speed_walk`, `speed_run`, `speed_swim`, `speed_fly`, `scale`, `rank`, `mindmg`, `maxdmg`, `dmgschool`, `attackpower`, `dmg_multiplier`, `baseattacktime`, `rangeattacktime`, `unit_class`, `unit_flags`, `unit_flags2`, `dynamicflags`, `family`, `trainer_type`, `trainer_spell`, `trainer_class`, `trainer_race`, `minrangedmg`, `maxrangedmg`, `rangedattackpower`, `type`, `type_flags`, `type_flags2`, `lootid`, `pickpocketloot`, `skinloot`, `resistance1`, `resistance2`, `resistance3`, `resistance4`, `resistance5`, `resistance6`, `spell1`, `spell2`, `spell3`, `spell4`, `spell5`, `spell6`, `spell7`, `spell8`, `PetSpellDataId`, `VehicleId`, `mingold`, `maxgold`, `AIName`, `MovementType`, `InhabitType`, `HoverHeight`, `Health_mod`, `Mana_mod`, `Mana_mod_extra`, `Armor_mod`, `RacialLeader`, `questItem1`, `questItem2`, `questItem3`, `questItem4`, `questItem5`, `questItem6`, `movementId`, `RegenHealth`, `equipment_id`, `mechanic_immune_mask`, `flags_extra`, `ScriptName`, `WDBVerified`) VALUES ('43438', '49642', '0', '0', '0', '0', '33477', '0', '0', '0', 'Corborus', '', '', '0', '87', '87', '3', '0', '14', '14', '0', '2.8', '1.42857', '1', '1', '1', '1', '532', '798', '0', '199', '95', '2000', '2000', '1', '67141952', '2048', '12', '0', '0', '0', '0', '0', '426', '638', '159', '4', '584', '0', '43438', '0', '43438', '0', '0', '0', '0', '0', '0', '92650', '82415', '0', '0', '0', '0', '0', '0', '0', '0', '19998', '19998', '', '0', '3', '1', '25', '1', '1', '1', '0', '52506', '0', '0', '0', '0', '0', '154', '1', '0', '617299967', '0', 'boss_corborus', '15595');

-- Corborus (1)
DELETE FROM `creature_template` WHERE `entry` = '49642';
INSERT INTO `creature_template` (`entry`, `difficulty_entry_1`, `difficulty_entry_2`, `difficulty_entry_3`, `KillCredit1`, `KillCredit2`, `modelid1`, `modelid2`, `modelid3`, `modelid4`, `name`, `subname`, `IconName`, `gossip_menu_id`, `minlevel`, `maxlevel`, `exp`, `exp_unk`, `faction_A`, `faction_H`, `npcflag`, `speed_walk`, `speed_run`, `speed_swim`, `speed_fly`, `scale`, `rank`, `mindmg`, `maxdmg`, `dmgschool`, `attackpower`, `dmg_multiplier`, `baseattacktime`, `rangeattacktime`, `unit_class`, `unit_flags`, `unit_flags2`, `dynamicflags`, `family`, `trainer_type`, `trainer_spell`, `trainer_class`, `trainer_race`, `minrangedmg`, `maxrangedmg`, `rangedattackpower`, `type`, `type_flags`, `type_flags2`, `lootid`, `pickpocketloot`, `skinloot`, `resistance1`, `resistance2`, `resistance3`, `resistance4`, `resistance5`, `resistance6`, `spell1`, `spell2`, `spell3`, `spell4`, `spell5`, `spell6`, `spell7`, `spell8`, `PetSpellDataId`, `VehicleId`, `mingold`, `maxgold`, `AIName`, `MovementType`, `InhabitType`, `HoverHeight`, `Health_mod`, `Mana_mod`, `Mana_mod_extra`, `Armor_mod`, `RacialLeader`, `questItem1`, `questItem2`, `questItem3`, `questItem4`, `questItem5`, `questItem6`, `movementId`, `RegenHealth`, `equipment_id`, `mechanic_immune_mask`, `flags_extra`, `ScriptName`, `WDBVerified`) VALUES ('49642', '0', '0', '0', '0', '0', '33477', '0', '0', '0', 'Corborus (1)', '', '', '0', '87', '87', '3', '0', '14', '14', '0', '2.8', '1.42857', '1', '1', '1', '1', '532', '798', '0', '199', '125', '2000', '2000', '1', '67141952', '2048', '12', '0', '0', '0', '0', '0', '426', '638', '159', '4', '584', '0', '49642', '0', '43438', '0', '0', '0', '0', '0', '0', '92650', '82415', '0', '0', '0', '0', '0', '0', '0', '0', '19998', '19998', '', '0', '3', '1', '35', '1', '1', '1', '0', '52506', '0', '0', '0', '0', '0', '154', '1', '0', '617299967', '0', '', '15595');

-- Crystal Shard Pre-effect
DELETE FROM `creature_template` WHERE `entry` = '49473';
INSERT INTO `creature_template` (`entry`, `difficulty_entry_1`, `difficulty_entry_2`, `difficulty_entry_3`, `KillCredit1`, `KillCredit2`, `modelid1`, `modelid2`, `modelid3`, `modelid4`, `name`, `subname`, `IconName`, `gossip_menu_id`, `minlevel`, `maxlevel`, `exp`, `exp_unk`, `faction_A`, `faction_H`, `npcflag`, `speed_walk`, `speed_run`, `speed_swim`, `speed_fly`, `scale`, `rank`, `mindmg`, `maxdmg`, `dmgschool`, `attackpower`, `dmg_multiplier`, `baseattacktime`, `rangeattacktime`, `unit_class`, `unit_flags`, `unit_flags2`, `dynamicflags`, `family`, `trainer_type`, `trainer_spell`, `trainer_class`, `trainer_race`, `minrangedmg`, `maxrangedmg`, `rangedattackpower`, `type`, `type_flags`, `type_flags2`, `lootid`, `pickpocketloot`, `skinloot`, `resistance1`, `resistance2`, `resistance3`, `resistance4`, `resistance5`, `resistance6`, `spell1`, `spell2`, `spell3`, `spell4`, `spell5`, `spell6`, `spell7`, `spell8`, `PetSpellDataId`, `VehicleId`, `mingold`, `maxgold`, `AIName`, `MovementType`, `InhabitType`, `HoverHeight`, `Health_mod`, `Mana_mod`, `Mana_mod_extra`, `Armor_mod`, `RacialLeader`, `questItem1`, `questItem2`, `questItem3`, `questItem4`, `questItem5`, `questItem6`, `movementId`, `RegenHealth`, `equipment_id`, `mechanic_immune_mask`, `flags_extra`, `ScriptName`, `WDBVerified`) VALUES ('49473', '49646', '0', '0', '0', '0', '11686', '0', '0', '0', 'Crystal Shard Pre-effect', '', '', '0', '82', '82', '0', '0', '35', '35', '0', '1', '0.428571', '1', '1', '1', '1', '1', '1', '0', '1', '35', '2000', '2000', '1', '33554432', '2048', '0', '0', '0', '0', '0', '0', '1', '1', '1', '10', '0', '0', '0', '0', '0', '0', '0', '0', '0', '0', '0', '0', '0', '0', '0', '0', '0', '0', '0', '0', '0', '0', '0', '', '0', '3', '1', '1', '1', '1', '1', '0', '0', '0', '0', '0', '0', '0', '866', '1', '0', '0', '0', '', '15595');

-- Crystal Shard Pre-effect (1)
DELETE FROM `creature_template` WHERE `entry` = '49646';
INSERT INTO `creature_template` (`entry`, `difficulty_entry_1`, `difficulty_entry_2`, `difficulty_entry_3`, `KillCredit1`, `KillCredit2`, `modelid1`, `modelid2`, `modelid3`, `modelid4`, `name`, `subname`, `IconName`, `gossip_menu_id`, `minlevel`, `maxlevel`, `exp`, `exp_unk`, `faction_A`, `faction_H`, `npcflag`, `speed_walk`, `speed_run`, `speed_swim`, `speed_fly`, `scale`, `rank`, `mindmg`, `maxdmg`, `dmgschool`, `attackpower`, `dmg_multiplier`, `baseattacktime`, `rangeattacktime`, `unit_class`, `unit_flags`, `unit_flags2`, `dynamicflags`, `family`, `trainer_type`, `trainer_spell`, `trainer_class`, `trainer_race`, `minrangedmg`, `maxrangedmg`, `rangedattackpower`, `type`, `type_flags`, `type_flags2`, `lootid`, `pickpocketloot`, `skinloot`, `resistance1`, `resistance2`, `resistance3`, `resistance4`, `resistance5`, `resistance6`, `spell1`, `spell2`, `spell3`, `spell4`, `spell5`, `spell6`, `spell7`, `spell8`, `PetSpellDataId`, `VehicleId`, `mingold`, `maxgold`, `AIName`, `MovementType`, `InhabitType`, `HoverHeight`, `Health_mod`, `Mana_mod`, `Mana_mod_extra`, `Armor_mod`, `RacialLeader`, `questItem1`, `questItem2`, `questItem3`, `questItem4`, `questItem5`, `questItem6`, `movementId`, `RegenHealth`, `equipment_id`, `mechanic_immune_mask`, `flags_extra`, `ScriptName`, `WDBVerified`) VALUES ('49646', '0', '0', '0', '0', '0', '11686', '0', '0', '0', 'Crystal Shard Pre-effect (1)', '', '', '0', '1', '1', '0', '0', '35', '35', '0', '1', '0.428571', '1', '1', '1', '1', '1', '1', '0', '1', '35', '2000', '2000', '1', '33554432', '2048', '0', '0', '0', '0', '0', '0', '1', '1', '1', '10', '0', '0', '0', '0', '0', '0', '0', '0', '0', '0', '0', '0', '0', '0', '0', '0', '0', '0', '0', '0', '0', '0', '0', '', '0', '3', '1', '1', '1', '1', '1', '0', '0', '0', '0', '0', '0', '0', '866', '1', '0', '0', '0', '', '15595');

-- Crystal Shard
DELETE FROM `creature_template` WHERE `entry` = '43286';
INSERT INTO `creature_template` (`entry`, `difficulty_entry_1`, `difficulty_entry_2`, `difficulty_entry_3`, `KillCredit1`, `KillCredit2`, `modelid1`, `modelid2`, `modelid3`, `modelid4`, `name`, `subname`, `IconName`, `gossip_menu_id`, `minlevel`, `maxlevel`, `exp`, `exp_unk`, `faction_A`, `faction_H`, `npcflag`, `speed_walk`, `speed_run`, `speed_swim`, `speed_fly`, `scale`, `rank`, `mindmg`, `maxdmg`, `dmgschool`, `attackpower`, `dmg_multiplier`, `baseattacktime`, `rangeattacktime`, `unit_class`, `unit_flags`, `unit_flags2`, `dynamicflags`, `family`, `trainer_type`, `trainer_spell`, `trainer_class`, `trainer_race`, `minrangedmg`, `maxrangedmg`, `rangedattackpower`, `type`, `type_flags`, `type_flags2`, `lootid`, `pickpocketloot`, `skinloot`, `resistance1`, `resistance2`, `resistance3`, `resistance4`, `resistance5`, `resistance6`, `spell1`, `spell2`, `spell3`, `spell4`, `spell5`, `spell6`, `spell7`, `spell8`, `PetSpellDataId`, `VehicleId`, `mingold`, `maxgold`, `AIName`, `MovementType`, `InhabitType`, `HoverHeight`, `Health_mod`, `Mana_mod`, `Mana_mod_extra`, `Armor_mod`, `RacialLeader`, `questItem1`, `questItem2`, `questItem3`, `questItem4`, `questItem5`, `questItem6`, `movementId`, `RegenHealth`, `equipment_id`, `mechanic_immune_mask`, `flags_extra`, `ScriptName`, `WDBVerified`) VALUES ('43286', '49643', '0', '0', '0', '0', '33330', '0', '0', '0', 'Crystal Shard', '', '', '0', '81', '84', '3', '0', '14', '14', '0', '1', '0.428571', '1', '1', '0.1', '1', '484', '726', '0', '181', '36.2', '2000', '2000', '1', '0', '2048', '0', '0', '0', '0', '0', '0', '387', '581', '145', '10', '0', '0', '0', '0', '0', '0', '0', '0', '0', '0', '0', '0', '0', '0', '0', '0', '0', '0', '0', '0', '0', '0', '0', '', '0', '3', '1', '0.111909', '1', '1', '1', '0', '0', '0', '0', '0', '0', '0', '866', '1', '0', '0', '0', '', '15595');

-- Crystal Shard (1)
DELETE FROM `creature_template` WHERE `entry` = '49643';
INSERT INTO `creature_template` (`entry`, `difficulty_entry_1`, `difficulty_entry_2`, `difficulty_entry_3`, `KillCredit1`, `KillCredit2`, `modelid1`, `modelid2`, `modelid3`, `modelid4`, `name`, `subname`, `IconName`, `gossip_menu_id`, `minlevel`, `maxlevel`, `exp`, `exp_unk`, `faction_A`, `faction_H`, `npcflag`, `speed_walk`, `speed_run`, `speed_swim`, `speed_fly`, `scale`, `rank`, `mindmg`, `maxdmg`, `dmgschool`, `attackpower`, `dmg_multiplier`, `baseattacktime`, `rangeattacktime`, `unit_class`, `unit_flags`, `unit_flags2`, `dynamicflags`, `family`, `trainer_type`, `trainer_spell`, `trainer_class`, `trainer_race`, `minrangedmg`, `maxrangedmg`, `rangedattackpower`, `type`, `type_flags`, `type_flags2`, `lootid`, `pickpocketloot`, `skinloot`, `resistance1`, `resistance2`, `resistance3`, `resistance4`, `resistance5`, `resistance6`, `spell1`, `spell2`, `spell3`, `spell4`, `spell5`, `spell6`, `spell7`, `spell8`, `PetSpellDataId`, `VehicleId`, `mingold`, `maxgold`, `AIName`, `MovementType`, `InhabitType`, `HoverHeight`, `Health_mod`, `Mana_mod`, `Mana_mod_extra`, `Armor_mod`, `RacialLeader`, `questItem1`, `questItem2`, `questItem3`, `questItem4`, `questItem5`, `questItem6`, `movementId`, `RegenHealth`, `equipment_id`, `mechanic_immune_mask`, `flags_extra`, `ScriptName`, `WDBVerified`) VALUES ('49643', '0', '0', '0', '0', '0', '33330', '0', '0', '0', 'Crystal Shard (1)', '', '', '0', '85', '85', '3', '0', '35', '35', '0', '1', '0.428571', '1', '1', '0.1', '1', '500', '750', '0', '187', '35', '2000', '2000', '1', '0', '2048', '0', '0', '0', '0', '0', '0', '400', '600', '150', '10', '0', '0', '0', '0', '0', '0', '0', '0', '0', '0', '0', '0', '0', '0', '0', '0', '0', '0', '0', '0', '0', '0', '0', '', '0', '3', '1', '0.129049', '1', '1', '1', '0', '0', '0', '0', '0', '0', '0', '866', '1', '0', '0', '0', '', '15595');

-- Stalactite Trigger - Boss
DELETE FROM `creature_template` WHERE `entry` = '43159';
INSERT INTO `creature_template` (`entry`, `difficulty_entry_1`, `difficulty_entry_2`, `difficulty_entry_3`, `KillCredit1`, `KillCredit2`, `modelid1`, `modelid2`, `modelid3`, `modelid4`, `name`, `subname`, `IconName`, `gossip_menu_id`, `minlevel`, `maxlevel`, `exp`, `exp_unk`, `faction_A`, `faction_H`, `npcflag`, `speed_walk`, `speed_run`, `speed_swim`, `speed_fly`, `scale`, `rank`, `mindmg`, `maxdmg`, `dmgschool`, `attackpower`, `dmg_multiplier`, `baseattacktime`, `rangeattacktime`, `unit_class`, `unit_flags`, `unit_flags2`, `dynamicflags`, `family`, `trainer_type`, `trainer_spell`, `trainer_class`, `trainer_race`, `minrangedmg`, `maxrangedmg`, `rangedattackpower`, `type`, `type_flags`, `type_flags2`, `lootid`, `pickpocketloot`, `skinloot`, `resistance1`, `resistance2`, `resistance3`, `resistance4`, `resistance5`, `resistance6`, `spell1`, `spell2`, `spell3`, `spell4`, `spell5`, `spell6`, `spell7`, `spell8`, `PetSpellDataId`, `VehicleId`, `mingold`, `maxgold`, `AIName`, `MovementType`, `InhabitType`, `HoverHeight`, `Health_mod`, `Mana_mod`, `Mana_mod_extra`, `Armor_mod`, `RacialLeader`, `questItem1`, `questItem2`, `questItem3`, `questItem4`, `questItem5`, `questItem6`, `movementId`, `RegenHealth`, `equipment_id`, `mechanic_immune_mask`, `flags_extra`, `ScriptName`, `WDBVerified`) VALUES ('43159', '49658', '0', '0', '0', '0', '11686', '0', '0', '0', 'Stalactite Trigger - Boss', '', '', '0', '84', '84', '0', '0', '14', '14', '0', '0.8', '0.285714', '1', '1', '1', '1', '1', '1', '0', '1', '35', '2000', '2000', '1', '33554432', '2048', '0', '0', '0', '0', '0', '0', '1', '1', '1', '10', '0', '0', '0', '0', '0', '0', '0', '0', '0', '0', '0', '0', '0', '0', '0', '0', '0', '0', '0', '0', '0', '0', '0', '', '0', '3', '1', '1', '1', '1', '1', '0', '0', '0', '0', '0', '0', '0', '70', '1', '0', '0', '0', 'npc_stalactite_stalker', '15595');
DELETE FROM `creature_template_addon` WHERE `entry` = '43159';
INSERT INTO `creature_template_addon` (`entry`, `path_id`, `mount`, `bytes1`, `bytes2`, `emote`, `auras`) VALUES ('43159', '0', '0', '0', '1', '0', '80798');


-- Stalactite Trigger - Boss (1)
DELETE FROM `creature_template` WHERE `entry` = '49658';
INSERT INTO `creature_template` (`entry`, `difficulty_entry_1`, `difficulty_entry_2`, `difficulty_entry_3`, `KillCredit1`, `KillCredit2`, `modelid1`, `modelid2`, `modelid3`, `modelid4`, `name`, `subname`, `IconName`, `gossip_menu_id`, `minlevel`, `maxlevel`, `exp`, `exp_unk`, `faction_A`, `faction_H`, `npcflag`, `speed_walk`, `speed_run`, `speed_swim`, `speed_fly`, `scale`, `rank`, `mindmg`, `maxdmg`, `dmgschool`, `attackpower`, `dmg_multiplier`, `baseattacktime`, `rangeattacktime`, `unit_class`, `unit_flags`, `unit_flags2`, `dynamicflags`, `family`, `trainer_type`, `trainer_spell`, `trainer_class`, `trainer_race`, `minrangedmg`, `maxrangedmg`, `rangedattackpower`, `type`, `type_flags`, `type_flags2`, `lootid`, `pickpocketloot`, `skinloot`, `resistance1`, `resistance2`, `resistance3`, `resistance4`, `resistance5`, `resistance6`, `spell1`, `spell2`, `spell3`, `spell4`, `spell5`, `spell6`, `spell7`, `spell8`, `PetSpellDataId`, `VehicleId`, `mingold`, `maxgold`, `AIName`, `MovementType`, `InhabitType`, `HoverHeight`, `Health_mod`, `Mana_mod`, `Mana_mod_extra`, `Armor_mod`, `RacialLeader`, `questItem1`, `questItem2`, `questItem3`, `questItem4`, `questItem5`, `questItem6`, `movementId`, `RegenHealth`, `equipment_id`, `mechanic_immune_mask`, `flags_extra`, `ScriptName`, `WDBVerified`) VALUES ('49658', '0', '0', '0', '0', '0', '11686', '0', '0', '0', 'Stalactite Trigger - Boss (1)', '', '', '0', '1', '1', '0', '0', '35', '35', '0', '0.8', '0.285714', '1', '1', '1', '1', '1', '1', '0', '1', '35', '2000', '2000', '1', '33554432', '2048', '0', '0', '0', '0', '0', '0', '1', '1', '1', '10', '0', '0', '0', '0', '0', '0', '0', '0', '0', '0', '0', '0', '0', '0', '0', '0', '0', '0', '0', '0', '0', '0', '0', '', '0', '3', '1', '1', '1', '1', '1', '0', '0', '0', '0', '0', '0', '0', '70', '1', '0', '0', '0', '', '15595');


-- Imp
DELETE FROM `creature_template` WHERE `entry` = '43014';
INSERT INTO `creature_template` (`entry`, `difficulty_entry_1`, `difficulty_entry_2`, `difficulty_entry_3`, `KillCredit1`, `KillCredit2`, `modelid1`, `modelid2`, `modelid3`, `modelid4`, `name`, `subname`, `IconName`, `gossip_menu_id`, `minlevel`, `maxlevel`, `exp`, `exp_unk`, `faction_A`, `faction_H`, `npcflag`, `speed_walk`, `speed_run`, `speed_swim`, `speed_fly`, `scale`, `rank`, `mindmg`, `maxdmg`, `dmgschool`, `attackpower`, `dmg_multiplier`, `baseattacktime`, `rangeattacktime`, `unit_class`, `unit_flags`, `unit_flags2`, `dynamicflags`, `family`, `trainer_type`, `trainer_spell`, `trainer_class`, `trainer_race`, `minrangedmg`, `maxrangedmg`, `rangedattackpower`, `type`, `type_flags`, `type_flags2`, `lootid`, `pickpocketloot`, `skinloot`, `resistance1`, `resistance2`, `resistance3`, `resistance4`, `resistance5`, `resistance6`, `spell1`, `spell2`, `spell3`, `spell4`, `spell5`, `spell6`, `spell7`, `spell8`, `PetSpellDataId`, `VehicleId`, `mingold`, `maxgold`, `AIName`, `MovementType`, `InhabitType`, `HoverHeight`, `Health_mod`, `Mana_mod`, `Mana_mod_extra`, `Armor_mod`, `RacialLeader`, `questItem1`, `questItem2`, `questItem3`, `questItem4`, `questItem5`, `questItem6`, `movementId`, `RegenHealth`, `equipment_id`, `mechanic_immune_mask`, `flags_extra`, `ScriptName`, `WDBVerified`) VALUES ('43014', '49651', '0', '0', '0', '0', '4449', '0', '0', '0', 'Imp', '', '', '0', '81', '84', '3', '0', '16', '16', '0', '1.2', '1', '1', '1', '1', '1', '450', '675', '0', '169', '38.9', '2000', '2000', '2', '0', '2080', '0', '0', '0', '0', '0', '0', '360', '540', '135', '3', '8', '0', '0', '0', '0', '0', '0', '0', '0', '0', '0', '92638', '80344', '0', '0', '0', '0', '0', '0', '0', '0', '0', '0', '', '0', '3', '1', '0.1', '2', '1', '1', '0', '0', '0', '0', '0', '0', '0', '115', '1', '0', '0', '0', 'npc_impp', '15595');

-- Imp (1)
DELETE FROM `creature_template` WHERE `entry` = '49651';
INSERT INTO `creature_template` (`entry`, `difficulty_entry_1`, `difficulty_entry_2`, `difficulty_entry_3`, `KillCredit1`, `KillCredit2`, `modelid1`, `modelid2`, `modelid3`, `modelid4`, `name`, `subname`, `IconName`, `gossip_menu_id`, `minlevel`, `maxlevel`, `exp`, `exp_unk`, `faction_A`, `faction_H`, `npcflag`, `speed_walk`, `speed_run`, `speed_swim`, `speed_fly`, `scale`, `rank`, `mindmg`, `maxdmg`, `dmgschool`, `attackpower`, `dmg_multiplier`, `baseattacktime`, `rangeattacktime`, `unit_class`, `unit_flags`, `unit_flags2`, `dynamicflags`, `family`, `trainer_type`, `trainer_spell`, `trainer_class`, `trainer_race`, `minrangedmg`, `maxrangedmg`, `rangedattackpower`, `type`, `type_flags`, `type_flags2`, `lootid`, `pickpocketloot`, `skinloot`, `resistance1`, `resistance2`, `resistance3`, `resistance4`, `resistance5`, `resistance6`, `spell1`, `spell2`, `spell3`, `spell4`, `spell5`, `spell6`, `spell7`, `spell8`, `PetSpellDataId`, `VehicleId`, `mingold`, `maxgold`, `AIName`, `MovementType`, `InhabitType`, `HoverHeight`, `Health_mod`, `Mana_mod`, `Mana_mod_extra`, `Armor_mod`, `RacialLeader`, `questItem1`, `questItem2`, `questItem3`, `questItem4`, `questItem5`, `questItem6`, `movementId`, `RegenHealth`, `equipment_id`, `mechanic_immune_mask`, `flags_extra`, `ScriptName`, `WDBVerified`) VALUES ('49651', '0', '0', '0', '0', '0', '4449', '0', '0', '0', 'Imp (1)', '', '', '0', '85', '85', '3', '0', '16', '16', '0', '1.2', '1', '1', '1', '1', '1', '465', '697', '0', '174', '37.7', '2000', '2000', '2', '0', '2080', '0', '0', '0', '0', '0', '0', '372', '558', '139', '3', '8', '0', '0', '0', '0', '0', '0', '0', '0', '0', '0', '92638', '80344', '0', '0', '0', '0', '0', '0', '0', '0', '0', '0', '', '0', '3', '1', '0.1', '2', '1', '1', '0', '0', '0', '0', '0', '0', '0', '115', '1', '0', '0', '0', '', '15595');

-- Rupture Controller
DELETE FROM `creature_template` WHERE `entry` = '49597';
INSERT INTO `creature_template` (`entry`, `difficulty_entry_1`, `difficulty_entry_2`, `difficulty_entry_3`, `KillCredit1`, `KillCredit2`, `modelid1`, `modelid2`, `modelid3`, `modelid4`, `name`, `subname`, `IconName`, `gossip_menu_id`, `minlevel`, `maxlevel`, `exp`, `exp_unk`, `faction_A`, `faction_H`, `npcflag`, `speed_walk`, `speed_run`, `speed_swim`, `speed_fly`, `scale`, `rank`, `mindmg`, `maxdmg`, `dmgschool`, `attackpower`, `dmg_multiplier`, `baseattacktime`, `rangeattacktime`, `unit_class`, `unit_flags`, `unit_flags2`, `dynamicflags`, `family`, `trainer_type`, `trainer_spell`, `trainer_class`, `trainer_race`, `minrangedmg`, `maxrangedmg`, `rangedattackpower`, `type`, `type_flags`, `type_flags2`, `lootid`, `pickpocketloot`, `skinloot`, `resistance1`, `resistance2`, `resistance3`, `resistance4`, `resistance5`, `resistance6`, `spell1`, `spell2`, `spell3`, `spell4`, `spell5`, `spell6`, `spell7`, `spell8`, `PetSpellDataId`, `VehicleId`, `mingold`, `maxgold`, `AIName`, `MovementType`, `InhabitType`, `HoverHeight`, `Health_mod`, `Mana_mod`, `Mana_mod_extra`, `Armor_mod`, `RacialLeader`, `questItem1`, `questItem2`, `questItem3`, `questItem4`, `questItem5`, `questItem6`, `movementId`, `RegenHealth`, `equipment_id`, `mechanic_immune_mask`, `flags_extra`, `ScriptName`, `WDBVerified`) VALUES ('49597', '0', '0', '0', '0', '0', '11686', '0', '0', '0', 'Rupture Controller', '', '', '0', '88', '88', '0', '0', '14', '14', '0', '0.8', '0.285714', '1', '1', '1', '0', '1', '2', '0', '0', '1', '2000', '2000', '1', '0', '2048', '0', '0', '0', '0', '0', '0', '1', '2', '0', '10', '0', '0', '0', '0', '0', '0', '0', '0', '0', '0', '0', '0', '0', '0', '0', '0', '0', '0', '0', '0', '0', '0', '0', '', '0', '3', '1', '0.749625', '1', '1', '1', '0', '0', '0', '0', '0', '0', '0', '70', '1', '0', '0', '2', '', '15595');

-- Seismic Shard
DELETE FROM `creature_template` WHERE `entry` = '42355';
INSERT INTO `creature_template` (`entry`, `difficulty_entry_1`, `difficulty_entry_2`, `difficulty_entry_3`, `KillCredit1`, `KillCredit2`, `modelid1`, `modelid2`, `modelid3`, `modelid4`, `name`, `subname`, `IconName`, `gossip_menu_id`, `minlevel`, `maxlevel`, `exp`, `exp_unk`, `faction_A`, `faction_H`, `npcflag`, `speed_walk`, `speed_run`, `speed_swim`, `speed_fly`, `scale`, `rank`, `mindmg`, `maxdmg`, `dmgschool`, `attackpower`, `dmg_multiplier`, `baseattacktime`, `rangeattacktime`, `unit_class`, `unit_flags`, `unit_flags2`, `dynamicflags`, `family`, `trainer_type`, `trainer_spell`, `trainer_class`, `trainer_race`, `minrangedmg`, `maxrangedmg`, `rangedattackpower`, `type`, `type_flags`, `type_flags2`, `lootid`, `pickpocketloot`, `skinloot`, `resistance1`, `resistance2`, `resistance3`, `resistance4`, `resistance5`, `resistance6`, `spell1`, `spell2`, `spell3`, `spell4`, `spell5`, `spell6`, `spell7`, `spell8`, `PetSpellDataId`, `VehicleId`, `mingold`, `maxgold`, `AIName`, `MovementType`, `InhabitType`, `HoverHeight`, `Health_mod`, `Mana_mod`, `Mana_mod_extra`, `Armor_mod`, `RacialLeader`, `questItem1`, `questItem2`, `questItem3`, `questItem4`, `questItem5`, `questItem6`, `movementId`, `RegenHealth`, `equipment_id`, `mechanic_immune_mask`, `flags_extra`, `ScriptName`, `WDBVerified`) VALUES ('42355', '49657', '0', '0', '0', '0', '169', '11686', '0', '0', 'Seismic Shard', '', '', '0', '82', '82', '0', '0', '14', '14', '0', '1', '1.14286', '1', '1', '1', '0', '1', '2', '0', '0', '1', '2000', '2000', '1', '33554432', '2048', '0', '0', '0', '0', '0', '0', '1', '2', '0', '10', '0', '0', '0', '0', '0', '0', '0', '0', '0', '0', '0', '0', '0', '0', '0', '0', '0', '0', '0', '0', '0', '0', '0', '', '0', '3', '1', '0.749625', '1', '1', '1', '0', '0', '0', '0', '0', '0', '0', '0', '1', '0', '0', '0', 'npc_seismic_shard', '15595');

-- Seismic Shard (1)
DELETE FROM `creature_template` WHERE `entry` = '49657';
INSERT INTO `creature_template` (`entry`, `difficulty_entry_1`, `difficulty_entry_2`, `difficulty_entry_3`, `KillCredit1`, `KillCredit2`, `modelid1`, `modelid2`, `modelid3`, `modelid4`, `name`, `subname`, `IconName`, `gossip_menu_id`, `minlevel`, `maxlevel`, `exp`, `exp_unk`, `faction_A`, `faction_H`, `npcflag`, `speed_walk`, `speed_run`, `speed_swim`, `speed_fly`, `scale`, `rank`, `mindmg`, `maxdmg`, `dmgschool`, `attackpower`, `dmg_multiplier`, `baseattacktime`, `rangeattacktime`, `unit_class`, `unit_flags`, `unit_flags2`, `dynamicflags`, `family`, `trainer_type`, `trainer_spell`, `trainer_class`, `trainer_race`, `minrangedmg`, `maxrangedmg`, `rangedattackpower`, `type`, `type_flags`, `type_flags2`, `lootid`, `pickpocketloot`, `skinloot`, `resistance1`, `resistance2`, `resistance3`, `resistance4`, `resistance5`, `resistance6`, `spell1`, `spell2`, `spell3`, `spell4`, `spell5`, `spell6`, `spell7`, `spell8`, `PetSpellDataId`, `VehicleId`, `mingold`, `maxgold`, `AIName`, `MovementType`, `InhabitType`, `HoverHeight`, `Health_mod`, `Mana_mod`, `Mana_mod_extra`, `Armor_mod`, `RacialLeader`, `questItem1`, `questItem2`, `questItem3`, `questItem4`, `questItem5`, `questItem6`, `movementId`, `RegenHealth`, `equipment_id`, `mechanic_immune_mask`, `flags_extra`, `ScriptName`, `WDBVerified`) VALUES ('49657', '0', '0', '0', '0', '0', '169', '11686', '0', '0', 'Seismic Shard (1)', '', '', '0', '1', '1', '0', '0', '14', '14', '0', '1', '1.14286', '1', '1', '1', '0', '1', '2', '0', '0', '1', '2000', '2000', '1', '33554432', '2048', '0', '0', '0', '0', '0', '0', '1', '2', '0', '10', '0', '0', '0', '0', '0', '0', '0', '0', '0', '0', '0', '0', '0', '0', '0', '0', '0', '0', '0', '0', '0', '0', '0', '', '0', '3', '1', '1', '1', '1', '1', '0', '0', '0', '0', '0', '0', '0', '0', '1', '0', '0', '0', '', '15595');

-- Imp (Despawn Visual)
DELETE FROM `creature_template` WHERE `entry` = '43020';
INSERT INTO `creature_template` (`entry`, `difficulty_entry_1`, `difficulty_entry_2`, `difficulty_entry_3`, `KillCredit1`, `KillCredit2`, `modelid1`, `modelid2`, `modelid3`, `modelid4`, `name`, `subname`, `IconName`, `gossip_menu_id`, `minlevel`, `maxlevel`, `exp`, `exp_unk`, `faction_A`, `faction_H`, `npcflag`, `speed_walk`, `speed_run`, `speed_swim`, `speed_fly`, `scale`, `rank`, `mindmg`, `maxdmg`, `dmgschool`, `attackpower`, `dmg_multiplier`, `baseattacktime`, `rangeattacktime`, `unit_class`, `unit_flags`, `unit_flags2`, `dynamicflags`, `family`, `trainer_type`, `trainer_spell`, `trainer_class`, `trainer_race`, `minrangedmg`, `maxrangedmg`, `rangedattackpower`, `type`, `type_flags`, `type_flags2`, `lootid`, `pickpocketloot`, `skinloot`, `resistance1`, `resistance2`, `resistance3`, `resistance4`, `resistance5`, `resistance6`, `spell1`, `spell2`, `spell3`, `spell4`, `spell5`, `spell6`, `spell7`, `spell8`, `PetSpellDataId`, `VehicleId`, `mingold`, `maxgold`, `AIName`, `MovementType`, `InhabitType`, `HoverHeight`, `Health_mod`, `Mana_mod`, `Mana_mod_extra`, `Armor_mod`, `RacialLeader`, `questItem1`, `questItem2`, `questItem3`, `questItem4`, `questItem5`, `questItem6`, `movementId`, `RegenHealth`, `equipment_id`, `mechanic_immune_mask`, `flags_extra`, `ScriptName`, `WDBVerified`) VALUES ('43020', '49652', '0', '0', '0', '0', '11686', '0', '0', '0', 'Imp (Despawn Visual)', '', '', '0', '82', '83', '0', '0', '16', '16', '0', '1.2', '1', '1', '1', '1', '1', '1', '1', '0', '1', '35', '2000', '2000', '2', '33554432', '2080', '0', '0', '0', '0', '0', '0', '1', '1', '1', '7', '8', '0', '0', '0', '0', '0', '0', '0', '0', '0', '0', '0', '0', '0', '0', '0', '0', '0', '0', '0', '0', '0', '0', '', '0', '3', '1', '0.1', '2', '1', '1', '0', '0', '0', '0', '0', '0', '0', '115', '1', '0', '0', '0', '', '15595');

-- Imp (Despawn Visual) (1)
DELETE FROM `creature_template` WHERE `entry` = '49652';
INSERT INTO `creature_template` (`entry`, `difficulty_entry_1`, `difficulty_entry_2`, `difficulty_entry_3`, `KillCredit1`, `KillCredit2`, `modelid1`, `modelid2`, `modelid3`, `modelid4`, `name`, `subname`, `IconName`, `gossip_menu_id`, `minlevel`, `maxlevel`, `exp`, `exp_unk`, `faction_A`, `faction_H`, `npcflag`, `speed_walk`, `speed_run`, `speed_swim`, `speed_fly`, `scale`, `rank`, `mindmg`, `maxdmg`, `dmgschool`, `attackpower`, `dmg_multiplier`, `baseattacktime`, `rangeattacktime`, `unit_class`, `unit_flags`, `unit_flags2`, `dynamicflags`, `family`, `trainer_type`, `trainer_spell`, `trainer_class`, `trainer_race`, `minrangedmg`, `maxrangedmg`, `rangedattackpower`, `type`, `type_flags`, `type_flags2`, `lootid`, `pickpocketloot`, `skinloot`, `resistance1`, `resistance2`, `resistance3`, `resistance4`, `resistance5`, `resistance6`, `spell1`, `spell2`, `spell3`, `spell4`, `spell5`, `spell6`, `spell7`, `spell8`, `PetSpellDataId`, `VehicleId`, `mingold`, `maxgold`, `AIName`, `MovementType`, `InhabitType`, `HoverHeight`, `Health_mod`, `Mana_mod`, `Mana_mod_extra`, `Armor_mod`, `RacialLeader`, `questItem1`, `questItem2`, `questItem3`, `questItem4`, `questItem5`, `questItem6`, `movementId`, `RegenHealth`, `equipment_id`, `mechanic_immune_mask`, `flags_extra`, `ScriptName`, `WDBVerified`) VALUES ('49652', '0', '0', '0', '0', '0', '11686', '0', '0', '0', 'Imp (Despawn Visual) (1)', '', '', '0', '1', '1', '0', '0', '16', '16', '0', '1.2', '1', '1', '1', '1', '1', '1', '1', '0', '1', '35', '2000', '2000', '2', '33554432', '2080', '0', '0', '0', '0', '0', '0', '1', '1', '1', '7', '8', '0', '0', '0', '0', '0', '0', '0', '0', '0', '0', '0', '0', '0', '0', '0', '0', '0', '0', '0', '0', '0', '0', '', '0', '3', '1', '0.1', '2', '1', '1', '0', '0', '0', '0', '0', '0', '0', '115', '1', '0', '0', '0', '', '15595');
DELETE FROM `creature` WHERE map = '725';
INSERT INTO `creature` (`guid`, `id`, `map`, `zone`, `area`, `spawnMask`, `phaseMask`, `modelid`, `equipment_id`, `position_x`, `position_y`, `position_z`, `orientation`, `spawntimesecs`, `spawndist`, `currentwaypoint`, `curhealth`, `curmana`, `MovementType`, `npcflag`, `unit_flags`, `dynamicflags`) VALUES (250042, '43214', '725', '0', '0', '3', '1', '36476', '0', '1286.5', '1218.08', '246.952', '3.58754', '86400', '0', '0', '2450848', '0', '0', '0', '0', '0');

INSERT INTO `creature` (`guid`, `id`, `map`, `zone`, `area`, `spawnMask`, `phaseMask`, `modelid`, `equipment_id`, `position_x`, `position_y`, `position_z`, `orientation`, `spawntimesecs`, `spawndist`, `currentwaypoint`, `curhealth`, `curmana`, `MovementType`, `npcflag`, `unit_flags`, `dynamicflags`) VALUES (250043, '42188', '725', '0', '0', '3', '1', '36475', '0', '1507.86', '1073.26', '217.329', '0.10472', '86400', '0', '0', '2450848', '0', '0', '0', '0', '0');

INSERT INTO `creature` (`guid`, `id`, `map`, `zone`, `area`, `spawnMask`, `phaseMask`, `modelid`, `equipment_id`, `position_x`, `position_y`, `position_z`, `orientation`, `spawntimesecs`, `spawndist`, `currentwaypoint`, `curhealth`, `curmana`, `MovementType`, `npcflag`, `unit_flags`, `dynamicflags`) VALUES (250044, '42333', '725', '0', '0', '3', '1', '26448', '1', '1337.3', '964.894', '214.238', '1.74533', '86400', '0', '0', '1612400', '0', '0', '0', '0', '0');
DELETE FROM `creature_addon` WHERE `guid` = 250044;
INSERT INTO `creature_addon` (`guid`, `path_id`, `mount`, `bytes1`, `bytes2`, `emote`, `auras`) VALUES (250044, '0', '0', '0', '1', '0', '85654');

INSERT INTO `creature` (`guid`, `id`, `map`, `zone`, `area`, `spawnMask`, `phaseMask`, `modelid`, `equipment_id`, `position_x`, `position_y`, `position_z`, `orientation`, `spawntimesecs`, `spawndist`, `currentwaypoint`, `curhealth`, `curmana`, `MovementType`, `npcflag`, `unit_flags`, `dynamicflags`) VALUES (250045, '22515', '725', '0', '0', '3', '1', '16925', '0', '1331.01', '988.738', '207.933', '2.49582', '7200', '0', '0', '4120', '0', '0', '0', '0', '0');


INSERT INTO `creature` (`guid`, `id`, `map`, `zone`, `area`, `spawnMask`, `phaseMask`, `modelid`, `equipment_id`, `position_x`, `position_y`, `position_z`, `orientation`, `spawntimesecs`, `spawndist`, `currentwaypoint`, `curhealth`, `curmana`, `MovementType`, `npcflag`, `unit_flags`, `dynamicflags`) VALUES (250046, '42808', '725', '0', '0', '3', '1', '21392', '0', '1272.99', '1108.16', '213.389', '3.85718', '7200', '0', '0', '312753', '0', '0', '0', '0', '0');

INSERT INTO `creature` (`guid`, `id`, `map`, `zone`, `area`, `spawnMask`, `phaseMask`, `modelid`, `equipment_id`, `position_x`, `position_y`, `position_z`, `orientation`, `spawntimesecs`, `spawndist`, `currentwaypoint`, `curhealth`, `curmana`, `MovementType`, `npcflag`, `unit_flags`, `dynamicflags`) VALUES (250047, '42808', '725', '0', '0', '3', '1', '21392', '0', '1272.76', '1115.8', '213.059', '2.30383', '7200', '0', '0', '312753', '0', '0', '0', '0', '0');
DELETE FROM `creature_addon` WHERE `guid` = 250047;
INSERT INTO `creature_addon` (`guid`, `path_id`, `mount`, `bytes1`, `bytes2`, `emote`, `auras`) VALUES (250047, '0', '0', '0', '1', '438', '');

INSERT INTO `creature` (`guid`, `id`, `map`, `zone`, `area`, `spawnMask`, `phaseMask`, `modelid`, `equipment_id`, `position_x`, `position_y`, `position_z`, `orientation`, `spawntimesecs`, `spawndist`, `currentwaypoint`, `curhealth`, `curmana`, `MovementType`, `npcflag`, `unit_flags`, `dynamicflags`) VALUES (250048, '42428', '725', '0', '0', '3', '1', '37235', '1', '1333.48', '987.229', '207.835', '4.99164', '7200', '0', '0', '10736', '0', '0', '0', '0', '0');
DELETE FROM `creature_addon` WHERE `guid` = 250048;
INSERT INTO `creature_addon` (`guid`, `path_id`, `mount`, `bytes1`, `bytes2`, `emote`, `auras`) VALUES (250048, '0', '0', '8', '1', '0', '0');

INSERT INTO `creature` (`guid`, `id`, `map`, `zone`, `area`, `spawnMask`, `phaseMask`, `modelid`, `equipment_id`, `position_x`, `position_y`, `position_z`, `orientation`, `spawntimesecs`, `spawndist`, `currentwaypoint`, `curhealth`, `curmana`, `MovementType`, `npcflag`, `unit_flags`, `dynamicflags`) VALUES (250049, '42428', '725', '0', '0', '3', '1', '37236', '1', '1325.23', '985.49', '207.771', '5.06145', '7200', '0', '0', '10736', '0', '0', '0', '0', '0');
DELETE FROM `creature_addon` WHERE `guid` = 250049;
INSERT INTO `creature_addon` (`guid`, `path_id`, `mount`, `bytes1`, `bytes2`, `emote`, `auras`) VALUES (250049, '0', '0', '8', '1', '0', '0');

INSERT INTO `creature` (`guid`, `id`, `map`, `zone`, `area`, `spawnMask`, `phaseMask`, `modelid`, `equipment_id`, `position_x`, `position_y`, `position_z`, `orientation`, `spawntimesecs`, `spawndist`, `currentwaypoint`, `curhealth`, `curmana`, `MovementType`, `npcflag`, `unit_flags`, `dynamicflags`) VALUES (250050, '42428', '725', '0', '0', '3', '1', '37237', '1', '1331.17', '992.236', '208.128', '4.99164', '7200', '0', '0', '10736', '0', '0', '0', '0', '0');
DELETE FROM `creature_addon` WHERE `guid` = 250050;
INSERT INTO `creature_addon` (`guid`, `path_id`, `mount`, `bytes1`, `bytes2`, `emote`, `auras`) VALUES (250050, '0', '0', '8', '1', '0', '0');

INSERT INTO `creature` (`guid`, `id`, `map`, `zone`, `area`, `spawnMask`, `phaseMask`, `modelid`, `equipment_id`, `position_x`, `position_y`, `position_z`, `orientation`, `spawntimesecs`, `spawndist`, `currentwaypoint`, `curhealth`, `curmana`, `MovementType`, `npcflag`, `unit_flags`, `dynamicflags`) VALUES (250051, '42428', '725', '0', '0', '3', '1', '37236', '1', '1331.71', '986.521', '207.821', '5.0091', '7200', '0', '0', '10736', '0', '0', '0', '0', '0');
DELETE FROM `creature_addon` WHERE `guid` = 250051;
INSERT INTO `creature_addon` (`guid`, `path_id`, `mount`, `bytes1`, `bytes2`, `emote`, `auras`) VALUES (250051, '0', '0', '8', '1', '0', '0');

INSERT INTO `creature` (`guid`, `id`, `map`, `zone`, `area`, `spawnMask`, `phaseMask`, `modelid`, `equipment_id`, `position_x`, `position_y`, `position_z`, `orientation`, `spawntimesecs`, `spawndist`, `currentwaypoint`, `curhealth`, `curmana`, `MovementType`, `npcflag`, `unit_flags`, `dynamicflags`) VALUES (250052, '42428', '725', '0', '0', '3', '1', '37238', '1', '1331', '988.073', '207.895', '5.0091', '7200', '0', '0', '10736', '0', '0', '0', '0', '0');
DELETE FROM `creature_addon` WHERE `guid` = 250052;
INSERT INTO `creature_addon` (`guid`, `path_id`, `mount`, `bytes1`, `bytes2`, `emote`, `auras`) VALUES (250052, '0', '0', '8', '1', '0', '0');

INSERT INTO `creature` (`guid`, `id`, `map`, `zone`, `area`, `spawnMask`, `phaseMask`, `modelid`, `equipment_id`, `position_x`, `position_y`, `position_z`, `orientation`, `spawntimesecs`, `spawndist`, `currentwaypoint`, `curhealth`, `curmana`, `MovementType`, `npcflag`, `unit_flags`, `dynamicflags`) VALUES (250053, '42428', '725', '0', '0', '3', '1', '37238', '1', '1327.62', '990.719', '208.069', '5.02655', '7200', '0', '0', '10736', '0', '0', '0', '0', '0');
DELETE FROM `creature_addon` WHERE `guid` = 250053;
INSERT INTO `creature_addon` (`guid`, `path_id`, `mount`, `bytes1`, `bytes2`, `emote`, `auras`) VALUES (250053, '0', '0', '8', '1', '0', '0');

INSERT INTO `creature` (`guid`, `id`, `map`, `zone`, `area`, `spawnMask`, `phaseMask`, `modelid`, `equipment_id`, `position_x`, `position_y`, `position_z`, `orientation`, `spawntimesecs`, `spawndist`, `currentwaypoint`, `curhealth`, `curmana`, `MovementType`, `npcflag`, `unit_flags`, `dynamicflags`) VALUES (250054, '42428', '725', '0', '0', '3', '1', '37238', '1', '1329.93', '985.712', '207.804', '5.02655', '7200', '0', '0', '10736', '0', '0', '0', '0', '0');
DELETE FROM `creature_addon` WHERE `guid` = 250054;
INSERT INTO `creature_addon` (`guid`, `path_id`, `mount`, `bytes1`, `bytes2`, `emote`, `auras`) VALUES (250054, '0', '0', '8', '1', '0', '0');

INSERT INTO `creature` (`guid`, `id`, `map`, `zone`, `area`, `spawnMask`, `phaseMask`, `modelid`, `equipment_id`, `position_x`, `position_y`, `position_z`, `orientation`, `spawntimesecs`, `spawndist`, `currentwaypoint`, `curhealth`, `curmana`, `MovementType`, `npcflag`, `unit_flags`, `dynamicflags`) VALUES (250055, '42428', '725', '0', '0', '3', '1', '37237', '1', '1326.35', '988.191', '207.938', '5.044', '7200', '0', '0', '10736', '0', '0', '0', '0', '0');
DELETE FROM `creature_addon` WHERE `guid` = 250055;
INSERT INTO `creature_addon` (`guid`, `path_id`, `mount`, `bytes1`, `bytes2`, `emote`, `auras`) VALUES (250055, '0', '0', '8', '1', '0', '0');

INSERT INTO `creature` (`guid`, `id`, `map`, `zone`, `area`, `spawnMask`, `phaseMask`, `modelid`, `equipment_id`, `position_x`, `position_y`, `position_z`, `orientation`, `spawntimesecs`, `spawndist`, `currentwaypoint`, `curhealth`, `curmana`, `MovementType`, `npcflag`, `unit_flags`, `dynamicflags`) VALUES (250056, '42428', '725', '0', '0', '3', '1', '37235', '1', '1323.63', '988.941', '207.947', '5.06145', '7200', '0', '0', '10736', '0', '0', '0', '0', '0');
DELETE FROM `creature_addon` WHERE `guid` = 250056;
INSERT INTO `creature_addon` (`guid`, `path_id`, `mount`, `bytes1`, `bytes2`, `emote`, `auras`) VALUES (250056, '0', '0', '8', '1', '0', '0');

INSERT INTO `creature` (`guid`, `id`, `map`, `zone`, `area`, `spawnMask`, `phaseMask`, `modelid`, `equipment_id`, `position_x`, `position_y`, `position_z`, `orientation`, `spawntimesecs`, `spawndist`, `currentwaypoint`, `curhealth`, `curmana`, `MovementType`, `npcflag`, `unit_flags`, `dynamicflags`) VALUES (250057, '42428', '725', '0', '0', '3', '1', '37236', '1', '1327.88', '984.903', '207.788', '5.044', '7200', '0', '0', '10736', '0', '0', '0', '0', '0');
DELETE FROM `creature_addon` WHERE `guid` = 250057;
INSERT INTO `creature_addon` (`guid`, `path_id`, `mount`, `bytes1`, `bytes2`, `emote`, `auras`) VALUES (250057, '0', '0', '8', '1', '0', '0');

INSERT INTO `creature` (`guid`, `id`, `map`, `zone`, `area`, `spawnMask`, `phaseMask`, `modelid`, `equipment_id`, `position_x`, `position_y`, `position_z`, `orientation`, `spawntimesecs`, `spawndist`, `currentwaypoint`, `curhealth`, `curmana`, `MovementType`, `npcflag`, `unit_flags`, `dynamicflags`) VALUES (250058, '42428', '725', '0', '0', '3', '1', '37238', '1', '1329.22', '987.264', '207.864', '5.02655', '7200', '0', '0', '10736', '0', '0', '0', '0', '0');
DELETE FROM `creature_addon` WHERE `guid` = 250058;
INSERT INTO `creature_addon` (`guid`, `path_id`, `mount`, `bytes1`, `bytes2`, `emote`, `auras`) VALUES (250058, '0', '0', '8', '1', '0', '0');

INSERT INTO `creature` (`guid`, `id`, `map`, `zone`, `area`, `spawnMask`, `phaseMask`, `modelid`, `equipment_id`, `position_x`, `position_y`, `position_z`, `orientation`, `spawntimesecs`, `spawndist`, `currentwaypoint`, `curhealth`, `curmana`, `MovementType`, `npcflag`, `unit_flags`, `dynamicflags`) VALUES (250059, '42428', '725', '0', '0', '3', '1', '37238', '1', '1331.95', '990.521', '208.028', '4.99164', '7200', '0', '0', '10736', '0', '0', '0', '0', '0');
DELETE FROM `creature_addon` WHERE `guid` = 250059;
INSERT INTO `creature_addon` (`guid`, `path_id`, `mount`, `bytes1`, `bytes2`, `emote`, `auras`) VALUES (250059, '0', '0', '8', '1', '0', '0');

INSERT INTO `creature` (`guid`, `id`, `map`, `zone`, `area`, `spawnMask`, `phaseMask`, `modelid`, `equipment_id`, `position_x`, `position_y`, `position_z`, `orientation`, `spawntimesecs`, `spawndist`, `currentwaypoint`, `curhealth`, `curmana`, `MovementType`, `npcflag`, `unit_flags`, `dynamicflags`) VALUES (250060, '42428', '725', '0', '0', '3', '1', '37235', '1', '1325.58', '989.906', '208.024', '5.044', '7200', '0', '0', '10736', '0', '0', '0', '0', '0');
DELETE FROM `creature_addon` WHERE `guid` = 250060;
INSERT INTO `creature_addon` (`guid`, `path_id`, `mount`, `bytes1`, `bytes2`, `emote`, `auras`) VALUES (250060, '0', '0', '8', '1', '0', '0');

INSERT INTO `creature` (`guid`, `id`, `map`, `zone`, `area`, `spawnMask`, `phaseMask`, `modelid`, `equipment_id`, `position_x`, `position_y`, `position_z`, `orientation`, `spawntimesecs`, `spawndist`, `currentwaypoint`, `curhealth`, `curmana`, `MovementType`, `npcflag`, `unit_flags`, `dynamicflags`) VALUES (250061, '42428', '725', '0', '0', '3', '1', '37235', '1', '1329.39', '991.531', '208.102', '5.0091', '7200', '0', '0', '10736', '0', '0', '0', '0', '0');
DELETE FROM `creature_addon` WHERE `guid` = 250061;
INSERT INTO `creature_addon` (`guid`, `path_id`, `mount`, `bytes1`, `bytes2`, `emote`, `auras`) VALUES (250061, '0', '0', '8', '1', '0', '0');

INSERT INTO `creature` (`guid`, `id`, `map`, `zone`, `area`, `spawnMask`, `phaseMask`, `modelid`, `equipment_id`, `position_x`, `position_y`, `position_z`, `orientation`, `spawntimesecs`, `spawndist`, `currentwaypoint`, `curhealth`, `curmana`, `MovementType`, `npcflag`, `unit_flags`, `dynamicflags`) VALUES (250062, '42428', '725', '0', '0', '3', '1', '37237', '1', '1325.92', '983.934', '207.719', '5.06145', '7200', '0', '0', '10736', '0', '0', '0', '0', '0');
DELETE FROM `creature_addon` WHERE `guid` = 250062;
INSERT INTO `creature_addon` (`guid`, `path_id`, `mount`, `bytes1`, `bytes2`, `emote`, `auras`) VALUES (250062, '0', '0', '8', '1', '0', '0');

INSERT INTO `creature` (`guid`, `id`, `map`, `zone`, `area`, `spawnMask`, `phaseMask`, `modelid`, `equipment_id`, `position_x`, `position_y`, `position_z`, `orientation`, `spawntimesecs`, `spawndist`, `currentwaypoint`, `curhealth`, `curmana`, `MovementType`, `npcflag`, `unit_flags`, `dynamicflags`) VALUES (250063, '42428', '725', '0', '0', '3', '1', '37238', '1', '1328.4', '989', '207.968', '5.02655', '7200', '0', '0', '10736', '0', '0', '0', '0', '0');
DELETE FROM `creature_addon` WHERE `guid` = 250063;
INSERT INTO `creature_addon` (`guid`, `path_id`, `mount`, `bytes1`, `bytes2`, `emote`, `auras`) VALUES (250063, '0', '0', '8', '1', '0', '0');

INSERT INTO `creature` (`guid`, `id`, `map`, `zone`, `area`, `spawnMask`, `phaseMask`, `modelid`, `equipment_id`, `position_x`, `position_y`, `position_z`, `orientation`, `spawntimesecs`, `spawndist`, `currentwaypoint`, `curhealth`, `curmana`, `MovementType`, `npcflag`, `unit_flags`, `dynamicflags`) VALUES (250064, '42428', '725', '0', '0', '3', '1', '37237', '1', '1327.19', '986.455', '207.84', '5.044', '7200', '0', '0', '10736', '0', '0', '0', '0', '0');
DELETE FROM `creature_addon` WHERE `guid` = 250064;
INSERT INTO `creature_addon` (`guid`, `path_id`, `mount`, `bytes1`, `bytes2`, `emote`, `auras`) VALUES (250064, '0', '0', '8', '1', '0', '0');

INSERT INTO `creature` (`guid`, `id`, `map`, `zone`, `area`, `spawnMask`, `phaseMask`, `modelid`, `equipment_id`, `position_x`, `position_y`, `position_z`, `orientation`, `spawntimesecs`, `spawndist`, `currentwaypoint`, `curhealth`, `curmana`, `MovementType`, `npcflag`, `unit_flags`, `dynamicflags`) VALUES (250065, '42428', '725', '0', '0', '3', '1', '37236', '1', '1324.41', '987.208', '207.855', '5.06145', '7200', '0', '0', '10736', '0', '0', '0', '0', '0');
DELETE FROM `creature_addon` WHERE `guid` = 250065;
INSERT INTO `creature_addon` (`guid`, `path_id`, `mount`, `bytes1`, `bytes2`, `emote`, `auras`) VALUES (250065, '0', '0', '8', '1', '0', '0');

INSERT INTO `creature` (`guid`, `id`, `map`, `zone`, `area`, `spawnMask`, `phaseMask`, `modelid`, `equipment_id`, `position_x`, `position_y`, `position_z`, `orientation`, `spawntimesecs`, `spawndist`, `currentwaypoint`, `curhealth`, `curmana`, `MovementType`, `npcflag`, `unit_flags`, `dynamicflags`) VALUES (250066, '42428', '725', '0', '0', '3', '1', '37235', '1', '1332.78', '988.785', '207.92', '4.99164', '7200', '0', '0', '10736', '0', '0', '0', '0', '0');
DELETE FROM `creature_addon` WHERE `guid` = 250066;
INSERT INTO `creature_addon` (`guid`, `path_id`, `mount`, `bytes1`, `bytes2`, `emote`, `auras`) VALUES (250066, '0', '0', '8', '1', '0', '0');

INSERT INTO `creature` (`guid`, `id`, `map`, `zone`, `area`, `spawnMask`, `phaseMask`, `modelid`, `equipment_id`, `position_x`, `position_y`, `position_z`, `orientation`, `spawntimesecs`, `spawndist`, `currentwaypoint`, `curhealth`, `curmana`, `MovementType`, `npcflag`, `unit_flags`, `dynamicflags`) VALUES (250067, '42428', '725', '0', '0', '3', '1', '37236', '1', '1330.18', '989.813', '208.001', '5.0091', '7200', '0', '0', '10736', '0', '0', '0', '0', '0');
DELETE FROM `creature_addon` WHERE `guid` = 250067;
INSERT INTO `creature_addon` (`guid`, `path_id`, `mount`, `bytes1`, `bytes2`, `emote`, `auras`) VALUES (250067, '0', '0', '8', '1', '0', '0');

INSERT INTO `creature` (`guid`, `id`, `map`, `zone`, `area`, `spawnMask`, `phaseMask`, `modelid`, `equipment_id`, `position_x`, `position_y`, `position_z`, `orientation`, `spawntimesecs`, `spawndist`, `currentwaypoint`, `curhealth`, `curmana`, `MovementType`, `npcflag`, `unit_flags`, `dynamicflags`) VALUES (250068, '42428', '725', '0', '0', '3', '1', '37238', '1', '1318.75', '981.052', '207.449', '5.14872', '7200', '0', '0', '10736', '0', '0', '0', '0', '0');
DELETE FROM `creature_addon` WHERE `guid` = 250068;
INSERT INTO `creature_addon` (`guid`, `path_id`, `mount`, `bytes1`, `bytes2`, `emote`, `auras`) VALUES (250068, '0', '0', '8', '1', '0', '0');

INSERT INTO `creature` (`guid`, `id`, `map`, `zone`, `area`, `spawnMask`, `phaseMask`, `modelid`, `equipment_id`, `position_x`, `position_y`, `position_z`, `orientation`, `spawntimesecs`, `spawndist`, `currentwaypoint`, `curhealth`, `curmana`, `MovementType`, `npcflag`, `unit_flags`, `dynamicflags`) VALUES (250069, '42428', '725', '0', '0', '3', '1', '37235', '1', '1310.84', '978.108', '207.238', '5.21853', '7200', '0', '0', '10736', '0', '0', '0', '0', '0');
DELETE FROM `creature_addon` WHERE `guid` = 250069;
INSERT INTO `creature_addon` (`guid`, `path_id`, `mount`, `bytes1`, `bytes2`, `emote`, `auras`) VALUES (250069, '0', '0', '8', '1', '0', '0');

INSERT INTO `creature` (`guid`, `id`, `map`, `zone`, `area`, `spawnMask`, `phaseMask`, `modelid`, `equipment_id`, `position_x`, `position_y`, `position_z`, `orientation`, `spawntimesecs`, `spawndist`, `currentwaypoint`, `curhealth`, `curmana`, `MovementType`, `npcflag`, `unit_flags`, `dynamicflags`) VALUES (250070, '42428', '725', '0', '0', '3', '1', '37238', '1', '1315.72', '985.661', '207.669', '5.14872', '7200', '0', '0', '10736', '0', '0', '0', '0', '0');
DELETE FROM `creature_addon` WHERE `guid` = 250070;
INSERT INTO `creature_addon` (`guid`, `path_id`, `mount`, `bytes1`, `bytes2`, `emote`, `auras`) VALUES (250070, '0', '0', '8', '1', '0', '0');

INSERT INTO `creature` (`guid`, `id`, `map`, `zone`, `area`, `spawnMask`, `phaseMask`, `modelid`, `equipment_id`, `position_x`, `position_y`, `position_z`, `orientation`, `spawntimesecs`, `spawndist`, `currentwaypoint`, `curhealth`, `curmana`, `MovementType`, `npcflag`, `unit_flags`, `dynamicflags`) VALUES (250071, '42428', '725', '0', '0', '3', '1', '37238', '1', '1317.09', '980.09', '207.419', '5.16617', '7200', '0', '0', '10736', '0', '0', '0', '0', '0');
DELETE FROM `creature_addon` WHERE `guid` = 250071;
INSERT INTO `creature_addon` (`guid`, `path_id`, `mount`, `bytes1`, `bytes2`, `emote`, `auras`) VALUES (250071, '0', '0', '8', '1', '0', '0');

INSERT INTO `creature` (`guid`, `id`, `map`, `zone`, `area`, `spawnMask`, `phaseMask`, `modelid`, `equipment_id`, `position_x`, `position_y`, `position_z`, `orientation`, `spawntimesecs`, `spawndist`, `currentwaypoint`, `curhealth`, `curmana`, `MovementType`, `npcflag`, `unit_flags`, `dynamicflags`) VALUES (250072, '42428', '725', '0', '0', '3', '1', '37237', '1', '1316.16', '981.517', '207.437', '5.16617', '7200', '0', '0', '10736', '0', '0', '0', '0', '0');
DELETE FROM `creature_addon` WHERE `guid` = 250072;
INSERT INTO `creature_addon` (`guid`, `path_id`, `mount`, `bytes1`, `bytes2`, `emote`, `auras`) VALUES (250072, '0', '0', '8', '1', '0', '0');

INSERT INTO `creature` (`guid`, `id`, `map`, `zone`, `area`, `spawnMask`, `phaseMask`, `modelid`, `equipment_id`, `position_x`, `position_y`, `position_z`, `orientation`, `spawntimesecs`, `spawndist`, `currentwaypoint`, `curhealth`, `curmana`, `MovementType`, `npcflag`, `unit_flags`, `dynamicflags`) VALUES (250073, '42428', '725', '0', '0', '3', '1', '37235', '1', '1312.43', '983.635', '207.58', '5.18363', '7200', '0', '0', '10736', '0', '0', '0', '0', '0');
DELETE FROM `creature_addon` WHERE `guid` = 250073;
INSERT INTO `creature_addon` (`guid`, `path_id`, `mount`, `bytes1`, `bytes2`, `emote`, `auras`) VALUES (250073, '0', '0', '8', '1', '0', '0');

INSERT INTO `creature` (`guid`, `id`, `map`, `zone`, `area`, `spawnMask`, `phaseMask`, `modelid`, `equipment_id`, `position_x`, `position_y`, `position_z`, `orientation`, `spawntimesecs`, `spawndist`, `currentwaypoint`, `curhealth`, `curmana`, `MovementType`, `npcflag`, `unit_flags`, `dynamicflags`) VALUES (250074, '42428', '725', '0', '0', '3', '1', '37238', '1', '1315.45', '979.023', '207.38', '5.18363', '7200', '0', '0', '10736', '0', '0', '0', '0', '0');
DELETE FROM `creature_addon` WHERE `guid` = 250074;
INSERT INTO `creature_addon` (`guid`, `path_id`, `mount`, `bytes1`, `bytes2`, `emote`, `auras`) VALUES (250074, '0', '0', '8', '1', '0', '0');

INSERT INTO `creature` (`guid`, `id`, `map`, `zone`, `area`, `spawnMask`, `phaseMask`, `modelid`, `equipment_id`, `position_x`, `position_y`, `position_z`, `orientation`, `spawntimesecs`, `spawndist`, `currentwaypoint`, `curhealth`, `curmana`, `MovementType`, `npcflag`, `unit_flags`, `dynamicflags`) VALUES (250075, '42428', '725', '0', '0', '3', '1', '37238', '1', '1311.55', '980.945', '207.402', '5.20108', '7200', '0', '0', '10736', '0', '0', '0', '0', '0');
DELETE FROM `creature_addon` WHERE `guid` = 250075;
INSERT INTO `creature_addon` (`guid`, `path_id`, `mount`, `bytes1`, `bytes2`, `emote`, `auras`) VALUES (250075, '0', '0', '8', '1', '0', '0');

INSERT INTO `creature` (`guid`, `id`, `map`, `zone`, `area`, `spawnMask`, `phaseMask`, `modelid`, `equipment_id`, `position_x`, `position_y`, `position_z`, `orientation`, `spawntimesecs`, `spawndist`, `currentwaypoint`, `curhealth`, `curmana`, `MovementType`, `npcflag`, `unit_flags`, `dynamicflags`) VALUES (250076, '42428', '725', '0', '0', '3', '1', '37235', '1', '1308.74', '981.283', '207.453', '5.21853', '7200', '0', '0', '10736', '0', '0', '0', '0', '0');
DELETE FROM `creature_addon` WHERE `guid` = 250076;
INSERT INTO `creature_addon` (`guid`, `path_id`, `mount`, `bytes1`, `bytes2`, `emote`, `auras`) VALUES (250076, '0', '0', '8', '1', '0', '0');

INSERT INTO `creature` (`guid`, `id`, `map`, `zone`, `area`, `spawnMask`, `phaseMask`, `modelid`, `equipment_id`, `position_x`, `position_y`, `position_z`, `orientation`, `spawntimesecs`, `spawndist`, `currentwaypoint`, `curhealth`, `curmana`, `MovementType`, `npcflag`, `unit_flags`, `dynamicflags`) VALUES (250077, '42428', '725', '0', '0', '3', '1', '37235', '1', '1313.55', '977.92', '207.327', '5.20108', '7200', '0', '0', '10736', '0', '0', '0', '0', '0');
DELETE FROM `creature_addon` WHERE `guid` = 250077;
INSERT INTO `creature_addon` (`guid`, `path_id`, `mount`, `bytes1`, `bytes2`, `emote`, `auras`) VALUES (250077, '0', '0', '8', '1', '0', '0');

INSERT INTO `creature` (`guid`, `id`, `map`, `zone`, `area`, `spawnMask`, `phaseMask`, `modelid`, `equipment_id`, `position_x`, `position_y`, `position_z`, `orientation`, `spawntimesecs`, `spawndist`, `currentwaypoint`, `curhealth`, `curmana`, `MovementType`, `npcflag`, `unit_flags`, `dynamicflags`) VALUES (250078, '42428', '725', '0', '0', '3', '1', '37235', '1', '1314.53', '980.451', '207.385', '5.18363', '7200', '0', '0', '10736', '0', '0', '0', '0', '0');
DELETE FROM `creature_addon` WHERE `guid` = 250078;
INSERT INTO `creature_addon` (`guid`, `path_id`, `mount`, `bytes1`, `bytes2`, `emote`, `auras`) VALUES (250078, '0', '0', '8', '1', '0', '0');

INSERT INTO `creature` (`guid`, `id`, `map`, `zone`, `area`, `spawnMask`, `phaseMask`, `modelid`, `equipment_id`, `position_x`, `position_y`, `position_z`, `orientation`, `spawntimesecs`, `spawndist`, `currentwaypoint`, `curhealth`, `curmana`, `MovementType`, `npcflag`, `unit_flags`, `dynamicflags`) VALUES (250079, '42428', '725', '0', '0', '3', '1', '37238', '1', '1316.74', '984.08', '207.568', '5.14872', '7200', '0', '0', '10736', '0', '0', '0', '0', '0');
DELETE FROM `creature_addon` WHERE `guid` = 250079;
INSERT INTO `creature_addon` (`guid`, `path_id`, `mount`, `bytes1`, `bytes2`, `emote`, `auras`) VALUES (250079, '0', '0', '8', '1', '0', '0');

INSERT INTO `creature` (`guid`, `id`, `map`, `zone`, `area`, `spawnMask`, `phaseMask`, `modelid`, `equipment_id`, `position_x`, `position_y`, `position_z`, `orientation`, `spawntimesecs`, `spawndist`, `currentwaypoint`, `curhealth`, `curmana`, `MovementType`, `npcflag`, `unit_flags`, `dynamicflags`) VALUES (250080, '42428', '725', '0', '0', '3', '1', '37238', '1', '1310.54', '982.528', '207.533', '5.20108', '7200', '0', '0', '10736', '0', '0', '0', '0', '0');
DELETE FROM `creature_addon` WHERE `guid` = 250080;
INSERT INTO `creature_addon` (`guid`, `path_id`, `mount`, `bytes1`, `bytes2`, `emote`, `auras`) VALUES (250080, '0', '0', '8', '1', '0', '0');

INSERT INTO `creature` (`guid`, `id`, `map`, `zone`, `area`, `spawnMask`, `phaseMask`, `modelid`, `equipment_id`, `position_x`, `position_y`, `position_z`, `orientation`, `spawntimesecs`, `spawndist`, `currentwaypoint`, `curhealth`, `curmana`, `MovementType`, `npcflag`, `unit_flags`, `dynamicflags`) VALUES (250081, '42428', '725', '0', '0', '3', '1', '37235', '1', '1314.06', '984.701', '207.628', '5.16617', '7200', '0', '0', '10736', '0', '0', '0', '0', '0');
DELETE FROM `creature_addon` WHERE `guid` = 250081;
INSERT INTO `creature_addon` (`guid`, `path_id`, `mount`, `bytes1`, `bytes2`, `emote`, `auras`) VALUES (250081, '0', '0', '8', '1', '0', '0');

INSERT INTO `creature` (`guid`, `id`, `map`, `zone`, `area`, `spawnMask`, `phaseMask`, `modelid`, `equipment_id`, `position_x`, `position_y`, `position_z`, `orientation`, `spawntimesecs`, `spawndist`, `currentwaypoint`, `curhealth`, `curmana`, `MovementType`, `npcflag`, `unit_flags`, `dynamicflags`) VALUES (250082, '42428', '725', '0', '0', '3', '1', '37236', '1', '1311.76', '976.674', '207.254', '5.21853', '7200', '0', '0', '10736', '0', '0', '0', '0', '0');
DELETE FROM `creature_addon` WHERE `guid` = 250082;
INSERT INTO `creature_addon` (`guid`, `path_id`, `mount`, `bytes1`, `bytes2`, `emote`, `auras`) VALUES (250082, '0', '0', '8', '1', '0', '0');

INSERT INTO `creature` (`guid`, `id`, `map`, `zone`, `area`, `spawnMask`, `phaseMask`, `modelid`, `equipment_id`, `position_x`, `position_y`, `position_z`, `orientation`, `spawntimesecs`, `spawndist`, `currentwaypoint`, `curhealth`, `curmana`, `MovementType`, `npcflag`, `unit_flags`, `dynamicflags`) VALUES (250083, '42428', '725', '0', '0', '3', '1', '37235', '1', '1313.46', '982.049', '207.472', '5.18363', '7200', '0', '0', '10736', '0', '0', '0', '0', '0');
DELETE FROM `creature_addon` WHERE `guid` = 250083;
INSERT INTO `creature_addon` (`guid`, `path_id`, `mount`, `bytes1`, `bytes2`, `emote`, `auras`) VALUES (250083, '0', '0', '8', '1', '0', '0');

INSERT INTO `creature` (`guid`, `id`, `map`, `zone`, `area`, `spawnMask`, `phaseMask`, `modelid`, `equipment_id`, `position_x`, `position_y`, `position_z`, `orientation`, `spawntimesecs`, `spawndist`, `currentwaypoint`, `curhealth`, `curmana`, `MovementType`, `npcflag`, `unit_flags`, `dynamicflags`) VALUES (250084, '42428', '725', '0', '0', '3', '1', '37238', '1', '1312.64', '979.352', '207.311', '5.20108', '7200', '0', '0', '10736', '0', '0', '0', '0', '0');
DELETE FROM `creature_addon` WHERE `guid` = 250084;
INSERT INTO `creature_addon` (`guid`, `path_id`, `mount`, `bytes1`, `bytes2`, `emote`, `auras`) VALUES (250084, '0', '0', '8', '1', '0', '0');

INSERT INTO `creature` (`guid`, `id`, `map`, `zone`, `area`, `spawnMask`, `phaseMask`, `modelid`, `equipment_id`, `position_x`, `position_y`, `position_z`, `orientation`, `spawntimesecs`, `spawndist`, `currentwaypoint`, `curhealth`, `curmana`, `MovementType`, `npcflag`, `unit_flags`, `dynamicflags`) VALUES (250085, '42428', '725', '0', '0', '3', '1', '37238', '1', '1309.77', '979.686', '207.321', '5.21853', '7200', '0', '0', '10736', '0', '0', '0', '0', '0');
DELETE FROM `creature_addon` WHERE `guid` = 250085;
INSERT INTO `creature_addon` (`guid`, `path_id`, `mount`, `bytes1`, `bytes2`, `emote`, `auras`) VALUES (250085, '0', '0', '8', '1', '0', '0');

INSERT INTO `creature` (`guid`, `id`, `map`, `zone`, `area`, `spawnMask`, `phaseMask`, `modelid`, `equipment_id`, `position_x`, `position_y`, `position_z`, `orientation`, `spawntimesecs`, `spawndist`, `currentwaypoint`, `curhealth`, `curmana`, `MovementType`, `npcflag`, `unit_flags`, `dynamicflags`) VALUES (250086, '42428', '725', '0', '0', '3', '1', '37237', '1', '1317.82', '982.488', '207.488', '5.14872', '7200', '0', '0', '10736', '0', '0', '0', '0', '0');
DELETE FROM `creature_addon` WHERE `guid` = 250086;
INSERT INTO `creature_addon` (`guid`, `path_id`, `mount`, `bytes1`, `bytes2`, `emote`, `auras`) VALUES (250086, '0', '0', '8', '1', '0', '0');

INSERT INTO `creature` (`guid`, `id`, `map`, `zone`, `area`, `spawnMask`, `phaseMask`, `modelid`, `equipment_id`, `position_x`, `position_y`, `position_z`, `orientation`, `spawntimesecs`, `spawndist`, `currentwaypoint`, `curhealth`, `curmana`, `MovementType`, `npcflag`, `unit_flags`, `dynamicflags`) VALUES (250087, '42428', '725', '0', '0', '3', '1', '37235', '1', '1315.09', '983.116', '207.52', '5.16617', '7200', '0', '0', '10736', '0', '0', '0', '0', '0');
DELETE FROM `creature_addon` WHERE `guid` = 250087;
INSERT INTO `creature_addon` (`guid`, `path_id`, `mount`, `bytes1`, `bytes2`, `emote`, `auras`) VALUES (250087, '0', '0', '8', '1', '0', '0');

INSERT INTO `creature` (`guid`, `id`, `map`, `zone`, `area`, `spawnMask`, `phaseMask`, `modelid`, `equipment_id`, `position_x`, `position_y`, `position_z`, `orientation`, `spawntimesecs`, `spawndist`, `currentwaypoint`, `curhealth`, `curmana`, `MovementType`, `npcflag`, `unit_flags`, `dynamicflags`) VALUES (250088, '42808', '725', '0', '0', '3', '1', '21392', '0', '1340.02', '1129.73', '214.024', '1.8675', '7200', '0', '0', '312753', '0', '0', '0', '0', '0');
DELETE FROM `creature_addon` WHERE `guid` = 250088;
INSERT INTO `creature_addon` (`guid`, `path_id`, `mount`, `bytes1`, `bytes2`, `emote`, `auras`) VALUES (250088, '0', '0', '0', '1', '438', '0');

INSERT INTO `creature` (`guid`, `id`, `map`, `zone`, `area`, `spawnMask`, `phaseMask`, `modelid`, `equipment_id`, `position_x`, `position_y`, `position_z`, `orientation`, `spawntimesecs`, `spawndist`, `currentwaypoint`, `curhealth`, `curmana`, `MovementType`, `npcflag`, `unit_flags`, `dynamicflags`) VALUES (250089, '42808', '725', '0', '0', '3', '1', '21392', '0', '1345.07', '1134.85', '214.004', '2.33874', '7200', '0', '0', '312753', '0', '0', '0', '0', '0');
DELETE FROM `creature_addon` WHERE `guid` = 250089;
INSERT INTO `creature_addon` (`guid`, `path_id`, `mount`, `bytes1`, `bytes2`, `emote`, `auras`) VALUES (250089, '0', '0', '0', '1', '0', '0');

INSERT INTO `creature` (`guid`, `id`, `map`, `zone`, `area`, `spawnMask`, `phaseMask`, `modelid`, `equipment_id`, `position_x`, `position_y`, `position_z`, `orientation`, `spawntimesecs`, `spawndist`, `currentwaypoint`, `curhealth`, `curmana`, `MovementType`, `npcflag`, `unit_flags`, `dynamicflags`) VALUES (250090, '42428', '725', '0', '0', '3', '1', '37235', '1', '1347.2', '990.903', '207.915', '4.85202', '7200', '0', '0', '10736', '0', '0', '0', '0', '0');
DELETE FROM `creature_addon` WHERE `guid` = 250090;
INSERT INTO `creature_addon` (`guid`, `path_id`, `mount`, `bytes1`, `bytes2`, `emote`, `auras`) VALUES (250090, '0', '0', '8', '1', '0', '0');

INSERT INTO `creature` (`guid`, `id`, `map`, `zone`, `area`, `spawnMask`, `phaseMask`, `modelid`, `equipment_id`, `position_x`, `position_y`, `position_z`, `orientation`, `spawntimesecs`, `spawndist`, `currentwaypoint`, `curhealth`, `curmana`, `MovementType`, `npcflag`, `unit_flags`, `dynamicflags`) VALUES (250091, '42428', '725', '0', '0', '3', '1', '37238', '1', '1338.77', '991.104', '208.001', '4.92183', '7200', '0', '0', '10736', '0', '0', '0', '0', '0');
DELETE FROM `creature_addon` WHERE `guid` = 250091;
INSERT INTO `creature_addon` (`guid`, `path_id`, `mount`, `bytes1`, `bytes2`, `emote`, `auras`) VALUES (250091, '0', '0', '8', '1', '0', '0');

INSERT INTO `creature` (`guid`, `id`, `map`, `zone`, `area`, `spawnMask`, `phaseMask`, `modelid`, `equipment_id`, `position_x`, `position_y`, `position_z`, `orientation`, `spawntimesecs`, `spawndist`, `currentwaypoint`, `curhealth`, `curmana`, `MovementType`, `npcflag`, `unit_flags`, `dynamicflags`) VALUES (250092, '42428', '725', '0', '0', '3', '1', '37235', '1', '1346.1', '996.305', '208.237', '4.85202', '7200', '0', '0', '10736', '0', '0', '0', '0', '0');
DELETE FROM `creature_addon` WHERE `guid` = 250092;
INSERT INTO `creature_addon` (`guid`, `path_id`, `mount`, `bytes1`, `bytes2`, `emote`, `auras`) VALUES (250092, '0', '0', '8', '1', '0', '0');

INSERT INTO `creature` (`guid`, `id`, `map`, `zone`, `area`, `spawnMask`, `phaseMask`, `modelid`, `equipment_id`, `position_x`, `position_y`, `position_z`, `orientation`, `spawntimesecs`, `spawndist`, `currentwaypoint`, `curhealth`, `curmana`, `MovementType`, `npcflag`, `unit_flags`, `dynamicflags`) VALUES (250093, '42428', '725', '0', '0', '3', '1', '37238', '1', '1345.32', '990.623', '207.916', '4.86947', '7200', '0', '0', '10736', '0', '0', '0', '0', '0');
DELETE FROM `creature_addon` WHERE `guid` = 250093;
INSERT INTO `creature_addon` (`guid`, `path_id`, `mount`, `bytes1`, `bytes2`, `emote`, `auras`) VALUES (250093, '0', '0', '8', '1', '0', '0');

INSERT INTO `creature` (`guid`, `id`, `map`, `zone`, `area`, `spawnMask`, `phaseMask`, `modelid`, `equipment_id`, `position_x`, `position_y`, `position_z`, `orientation`, `spawntimesecs`, `spawndist`, `currentwaypoint`, `curhealth`, `curmana`, `MovementType`, `npcflag`, `unit_flags`, `dynamicflags`) VALUES (250094, '42428', '725', '0', '0', '3', '1', '37238', '1', '1344.99', '992.295', '208.015', '4.86947', '7200', '0', '0', '10736', '0', '0', '0', '0', '0');
DELETE FROM `creature_addon` WHERE `guid` = 250094;
INSERT INTO `creature_addon` (`guid`, `path_id`, `mount`, `bytes1`, `bytes2`, `emote`, `auras`) VALUES (250094, '0', '0', '8', '1', '0', '0');

INSERT INTO `creature` (`guid`, `id`, `map`, `zone`, `area`, `spawnMask`, `phaseMask`, `modelid`, `equipment_id`, `position_x`, `position_y`, `position_z`, `orientation`, `spawntimesecs`, `spawndist`, `currentwaypoint`, `curhealth`, `curmana`, `MovementType`, `npcflag`, `unit_flags`, `dynamicflags`) VALUES (250095, '42428', '725', '0', '0', '3', '1', '37235', '1', '1342.3', '995.644', '208.232', '4.88692', '7200', '0', '0', '10736', '0', '0', '0', '0', '0');
DELETE FROM `creature_addon` WHERE `guid` = 250095;
INSERT INTO `creature_addon` (`guid`, `path_id`, `mount`, `bytes1`, `bytes2`, `emote`, `auras`) VALUES (250095, '0', '0', '8', '1', '0', '0');

INSERT INTO `creature` (`guid`, `id`, `map`, `zone`, `area`, `spawnMask`, `phaseMask`, `modelid`, `equipment_id`, `position_x`, `position_y`, `position_z`, `orientation`, `spawntimesecs`, `spawndist`, `currentwaypoint`, `curhealth`, `curmana`, `MovementType`, `npcflag`, `unit_flags`, `dynamicflags`) VALUES (250096, '42428', '725', '0', '0', '3', '1', '37238', '1', '1343.39', '990.241', '207.911', '4.88692', '7200', '0', '0', '10736', '0', '0', '0', '0', '0');
DELETE FROM `creature_addon` WHERE `guid` = 250096;
INSERT INTO `creature_addon` (`guid`, `path_id`, `mount`, `bytes1`, `bytes2`, `emote`, `auras`) VALUES (250096, '0', '0', '8', '1', '0', '0');

INSERT INTO `creature` (`guid`, `id`, `map`, `zone`, `area`, `spawnMask`, `phaseMask`, `modelid`, `equipment_id`, `position_x`, `position_y`, `position_z`, `orientation`, `spawntimesecs`, `spawndist`, `currentwaypoint`, `curhealth`, `curmana`, `MovementType`, `npcflag`, `unit_flags`, `dynamicflags`) VALUES (250097, '42428', '725', '0', '0', '3', '1', '37235', '1', '1340.49', '993.477', '208.123', '4.90438', '7200', '0', '0', '10736', '0', '0', '0', '0', '0');
DELETE FROM `creature_addon` WHERE `guid` = 250097;
INSERT INTO `creature_addon` (`guid`, `path_id`, `mount`, `bytes1`, `bytes2`, `emote`, `auras`) VALUES (250097, '0', '0', '8', '1', '0', '0');

INSERT INTO `creature` (`guid`, `id`, `map`, `zone`, `area`, `spawnMask`, `phaseMask`, `modelid`, `equipment_id`, `position_x`, `position_y`, `position_z`, `orientation`, `spawntimesecs`, `spawndist`, `currentwaypoint`, `curhealth`, `curmana`, `MovementType`, `npcflag`, `unit_flags`, `dynamicflags`) VALUES (250098, '42428', '725', '0', '0', '3', '1', '37235', '1', '1338', '994.826', '208.223', '4.92183', '7200', '0', '0', '10736', '0', '0', '0', '0', '0');
DELETE FROM `creature_addon` WHERE `guid` = 250098;
INSERT INTO `creature_addon` (`guid`, `path_id`, `mount`, `bytes1`, `bytes2`, `emote`, `auras`) VALUES (250098, '0', '0', '8', '1', '0', '0');

INSERT INTO `creature` (`guid`, `id`, `map`, `zone`, `area`, `spawnMask`, `phaseMask`, `modelid`, `equipment_id`, `position_x`, `position_y`, `position_z`, `orientation`, `spawntimesecs`, `spawndist`, `currentwaypoint`, `curhealth`, `curmana`, `MovementType`, `npcflag`, `unit_flags`, `dynamicflags`) VALUES (250099, '42428', '725', '0', '0', '3', '1', '37238', '1', '1341.22', '989.922', '207.911', '4.90438', '7200', '0', '0', '10736', '0', '0', '0', '0', '0');
DELETE FROM `creature_addon` WHERE `guid` = 250099;
INSERT INTO `creature_addon` (`guid`, `path_id`, `mount`, `bytes1`, `bytes2`, `emote`, `auras`) VALUES (250099, '0', '0', '8', '1', '0', '0');

INSERT INTO `creature` (`guid`, `id`, `map`, `zone`, `area`, `spawnMask`, `phaseMask`, `modelid`, `equipment_id`, `position_x`, `position_y`, `position_z`, `orientation`, `spawntimesecs`, `spawndist`, `currentwaypoint`, `curhealth`, `curmana`, `MovementType`, `npcflag`, `unit_flags`, `dynamicflags`) VALUES (250100, '42428', '725', '0', '0', '3', '1', '37236', '1', '1343.07', '991.917', '208.01', '4.88692', '7200', '0', '0', '10736', '0', '0', '0', '0', '0');
DELETE FROM `creature_addon` WHERE `guid` = 250100;
INSERT INTO `creature_addon` (`guid`, `path_id`, `mount`, `bytes1`, `bytes2`, `emote`, `auras`) VALUES (250100, '0', '0', '8', '1', '0', '0');

INSERT INTO `creature` (`guid`, `id`, `map`, `zone`, `area`, `spawnMask`, `phaseMask`, `modelid`, `equipment_id`, `position_x`, `position_y`, `position_z`, `orientation`, `spawntimesecs`, `spawndist`, `currentwaypoint`, `curhealth`, `curmana`, `MovementType`, `npcflag`, `unit_flags`, `dynamicflags`) VALUES (250101, '42428', '725', '0', '0', '3', '1', '37238', '1', '1346.47', '994.457', '208.127', '4.85202', '7200', '0', '0', '10736', '0', '0', '0', '0', '0');
DELETE FROM `creature_addon` WHERE `guid` = 250101;
INSERT INTO `creature_addon` (`guid`, `path_id`, `mount`, `bytes1`, `bytes2`, `emote`, `auras`) VALUES (250101, '0', '0', '8', '1', '0', '0');

INSERT INTO `creature` (`guid`, `id`, `map`, `zone`, `area`, `spawnMask`, `phaseMask`, `modelid`, `equipment_id`, `position_x`, `position_y`, `position_z`, `orientation`, `spawntimesecs`, `spawndist`, `currentwaypoint`, `curhealth`, `curmana`, `MovementType`, `npcflag`, `unit_flags`, `dynamicflags`) VALUES (250102, '42428', '725', '0', '0', '3', '1', '37238', '1', '1340.13', '995.326', '208.233', '4.90438', '7200', '0', '0', '10736', '0', '0', '0', '0', '0');
DELETE FROM `creature_addon` WHERE `guid` = 250102;
INSERT INTO `creature_addon` (`guid`, `path_id`, `mount`, `bytes1`, `bytes2`, `emote`, `auras`) VALUES (250102, '0', '0', '8', '1', '0', '0');

INSERT INTO `creature` (`guid`, `id`, `map`, `zone`, `area`, `spawnMask`, `phaseMask`, `modelid`, `equipment_id`, `position_x`, `position_y`, `position_z`, `orientation`, `spawntimesecs`, `spawndist`, `currentwaypoint`, `curhealth`, `curmana`, `MovementType`, `npcflag`, `unit_flags`, `dynamicflags`) VALUES (250103, '42428', '725', '0', '0', '3', '1', '37238', '1', '1344.21', '996.024', '208.237', '4.86947', '7200', '0', '0', '10736', '0', '0', '0', '0', '0');
DELETE FROM `creature_addon` WHERE `guid` = 250103;
INSERT INTO `creature_addon` (`guid`, `path_id`, `mount`, `bytes1`, `bytes2`, `emote`, `auras`) VALUES (250103, '0', '0', '8', '1', '0', '0');

INSERT INTO `creature` (`guid`, `id`, `map`, `zone`, `area`, `spawnMask`, `phaseMask`, `modelid`, `equipment_id`, `position_x`, `position_y`, `position_z`, `orientation`, `spawntimesecs`, `spawndist`, `currentwaypoint`, `curhealth`, `curmana`, `MovementType`, `npcflag`, `unit_flags`, `dynamicflags`) VALUES (250104, '42428', '725', '0', '0', '3', '1', '37238', '1', '1339.09', '989.429', '207.902', '4.92183', '7200', '0', '0', '10736', '0', '0', '0', '0', '0');
DELETE FROM `creature_addon` WHERE `guid` = 250104;
INSERT INTO `creature_addon` (`guid`, `path_id`, `mount`, `bytes1`, `bytes2`, `emote`, `auras`) VALUES (250104, '0', '0', '8', '1', '0', '0');

INSERT INTO `creature` (`guid`, `id`, `map`, `zone`, `area`, `spawnMask`, `phaseMask`, `modelid`, `equipment_id`, `position_x`, `position_y`, `position_z`, `orientation`, `spawntimesecs`, `spawndist`, `currentwaypoint`, `curhealth`, `curmana`, `MovementType`, `npcflag`, `unit_flags`, `dynamicflags`) VALUES (250105, '42428', '725', '0', '0', '3', '1', '37238', '1', '1342.67', '993.79', '208.122', '4.88692', '7200', '0', '0', '10736', '0', '0', '0', '0', '0');
DELETE FROM `creature_addon` WHERE `guid` = 250105;
INSERT INTO `creature_addon` (`guid`, `path_id`, `mount`, `bytes1`, `bytes2`, `emote`, `auras`) VALUES (250105, '0', '0', '8', '1', '0', '0');

INSERT INTO `creature` (`guid`, `id`, `map`, `zone`, `area`, `spawnMask`, `phaseMask`, `modelid`, `equipment_id`, `position_x`, `position_y`, `position_z`, `orientation`, `spawntimesecs`, `spawndist`, `currentwaypoint`, `curhealth`, `curmana`, `MovementType`, `npcflag`, `unit_flags`, `dynamicflags`) VALUES (250106, '42428', '725', '0', '0', '3', '1', '37237', '1', '1340.9', '991.594', '208.011', '4.90438', '7200', '0', '0', '10736', '0', '0', '0', '0', '0');
DELETE FROM `creature_addon` WHERE `guid` = 250106;
INSERT INTO `creature_addon` (`guid`, `path_id`, `mount`, `bytes1`, `bytes2`, `emote`, `auras`) VALUES (250106, '0', '0', '8', '1', '0', '0');

INSERT INTO `creature` (`guid`, `id`, `map`, `zone`, `area`, `spawnMask`, `phaseMask`, `modelid`, `equipment_id`, `position_x`, `position_y`, `position_z`, `orientation`, `spawntimesecs`, `spawndist`, `currentwaypoint`, `curhealth`, `curmana`, `MovementType`, `npcflag`, `unit_flags`, `dynamicflags`) VALUES (250107, '42428', '725', '0', '0', '3', '1', '37237', '1', '1338.36', '992.969', '208.112', '4.92183', '7200', '0', '0', '10736', '0', '0', '0', '0', '0');
DELETE FROM `creature_addon` WHERE `guid` = 250107;
INSERT INTO `creature_addon` (`guid`, `path_id`, `mount`, `bytes1`, `bytes2`, `emote`, `auras`) VALUES (250107, '0', '0', '8', '1', '0', '0');

INSERT INTO `creature` (`guid`, `id`, `map`, `zone`, `area`, `spawnMask`, `phaseMask`, `modelid`, `equipment_id`, `position_x`, `position_y`, `position_z`, `orientation`, `spawntimesecs`, `spawndist`, `currentwaypoint`, `curhealth`, `curmana`, `MovementType`, `npcflag`, `unit_flags`, `dynamicflags`) VALUES (250108, '42428', '725', '0', '0', '3', '1', '37235', '1', '1346.88', '992.576', '208.015', '4.85202', '7200', '0', '0', '10736', '0', '0', '0', '0', '0');
DELETE FROM `creature_addon` WHERE `guid` = 250108;
INSERT INTO `creature_addon` (`guid`, `path_id`, `mount`, `bytes1`, `bytes2`, `emote`, `auras`) VALUES (250108, '0', '0', '8', '1', '0', '0');

INSERT INTO `creature` (`guid`, `id`, `map`, `zone`, `area`, `spawnMask`, `phaseMask`, `modelid`, `equipment_id`, `position_x`, `position_y`, `position_z`, `orientation`, `spawntimesecs`, `spawndist`, `currentwaypoint`, `curhealth`, `curmana`, `MovementType`, `npcflag`, `unit_flags`, `dynamicflags`) VALUES (250109, '42428', '725', '0', '0', '3', '1', '37235', '1', '1344.58', '994.172', '208.127', '4.86947', '7200', '0', '0', '10736', '0', '0', '0', '0', '0');
DELETE FROM `creature_addon` WHERE `guid` = 250109;
INSERT INTO `creature_addon` (`guid`, `path_id`, `mount`, `bytes1`, `bytes2`, `emote`, `auras`) VALUES (250109, '0', '0', '8', '1', '0', '0');

INSERT INTO `creature` (`guid`, `id`, `map`, `zone`, `area`, `spawnMask`, `phaseMask`, `modelid`, `equipment_id`, `position_x`, `position_y`, `position_z`, `orientation`, `spawntimesecs`, `spawndist`, `currentwaypoint`, `curhealth`, `curmana`, `MovementType`, `npcflag`, `unit_flags`, `dynamicflags`) VALUES (250110, '42808', '725', '0', '0', '3', '1', '21392', '0', '1380.19', '1049.55', '212.862', '3.87463', '7200', '0', '0', '312753', '0', '0', '0', '0', '0');

INSERT INTO `creature` (`guid`, `id`, `map`, `zone`, `area`, `spawnMask`, `phaseMask`, `modelid`, `equipment_id`, `position_x`, `position_y`, `position_z`, `orientation`, `spawntimesecs`, `spawndist`, `currentwaypoint`, `curhealth`, `curmana`, `MovementType`, `npcflag`, `unit_flags`, `dynamicflags`) VALUES (250111, '42808', '725', '0', '0', '3', '1', '21392', '0', '1383.94', '1050.86', '213.151', '4.81711', '7200', '0', '0', '312753', '0', '0', '0', '0', '0');
DELETE FROM `creature_addon` WHERE `guid` = 250111;
INSERT INTO `creature_addon` (`guid`, `path_id`, `mount`, `bytes1`, `bytes2`, `emote`, `auras`) VALUES (250111, '0', '0', '0', '1', '438', '0');

INSERT INTO `creature` (`guid`, `id`, `map`, `zone`, `area`, `spawnMask`, `phaseMask`, `modelid`, `equipment_id`, `position_x`, `position_y`, `position_z`, `orientation`, `spawntimesecs`, `spawndist`, `currentwaypoint`, `curhealth`, `curmana`, `MovementType`, `npcflag`, `unit_flags`, `dynamicflags`) VALUES (250112, '42428', '725', '0', '0', '3', '1', '37235', '1', '1292.29', '1102.57', '212.926', '2.20344', '7200', '0', '0', '10736', '0', '0', '0', '0', '0');
DELETE FROM `creature_addon` WHERE `guid` = 250112;
INSERT INTO `creature_addon` (`guid`, `path_id`, `mount`, `bytes1`, `bytes2`, `emote`, `auras`) VALUES (250112, '0', '0', '0', '1', '0', '0');

INSERT INTO `creature` (`guid`, `id`, `map`, `zone`, `area`, `spawnMask`, `phaseMask`, `modelid`, `equipment_id`, `position_x`, `position_y`, `position_z`, `orientation`, `spawntimesecs`, `spawndist`, `currentwaypoint`, `curhealth`, `curmana`, `MovementType`, `npcflag`, `unit_flags`, `dynamicflags`) VALUES (250113, '42428', '725', '0', '0', '3', '1', '37237', '1', '1287.58', '1090.21', '212.751', '6.1553', '7200', '0', '0', '10736', '0', '2', '0', '0', '0');
DELETE FROM `creature_addon` WHERE `guid` = 250113;
INSERT INTO `creature_addon` (`guid`, `path_id`, `mount`, `bytes1`, `bytes2`, `emote`, `auras`) VALUES (250113, '250113', '0', '0', '1', '0', '0');

DELETE FROM `waypoint_data` WHERE `id` = 250113;
INSERT INTO `waypoint_data` (`id`, `point`, `position_x`, `position_y`, `position_z`, `orientation`, `delay`, `move_flag`, `action`, `action_chance`, `inverse_formation_angle`, `wpguid`) VALUES
(250113, '1', '1280.31', '1091.17', '213.603', '0', '0', '0', '0', '100', '0', '0'),
(250113, '2', '1279.32', '1091.27', '213.603', '0', '0', '0', '0', '100', '0', '0'),
(250113, '3', '1281.09', '1091.05', '213.581', '0', '0', '0', '0', '100', '0', '0'),
(250113, '4', '1283.21', '1090.77', '212.934', '0', '0', '0', '0', '100', '0', '0'),
(250113, '5', '1293.98', '1089.39', '212.481', '0', '0', '0', '0', '100', '0', '0'),
(250113, '6', '1296.78', '1089.03', '212.401', '0', '0', '0', '0', '100', '0', '0'),
(250113, '7', '1299.54', '1088.67', '212.634', '0', '0', '0', '0', '100', '0', '0'),
(250113, '8', '1325.11', '1085.38', '213.509', '0', '0', '0', '0', '100', '0', '0'),
(250113, '9', '1325.11', '1085.38', '213.509', '0', '0', '0', '0', '100', '0', '0');


INSERT INTO `creature` (`guid`, `id`, `map`, `zone`, `area`, `spawnMask`, `phaseMask`, `modelid`, `equipment_id`, `position_x`, `position_y`, `position_z`, `orientation`, `spawntimesecs`, `spawndist`, `currentwaypoint`, `curhealth`, `curmana`, `MovementType`, `npcflag`, `unit_flags`, `dynamicflags`) VALUES (250114, '42428', '725', '0', '0', '3', '1', '37237', '1', '1354.3', '1091.84', '214.228', '5.99367', '7200', '0', '0', '10736', '0', '2', '0', '0', '0');
DELETE FROM `creature_addon` WHERE `guid` = 250114;
INSERT INTO `creature_addon` (`guid`, `path_id`, `mount`, `bytes1`, `bytes2`, `emote`, `auras`) VALUES (250114, '250114', '0', '0', '1', '0', '0');

DELETE FROM `waypoint_data` WHERE `id` = 250114;
INSERT INTO `waypoint_data` (`id`, `point`, `position_x`, `position_y`, `position_z`, `orientation`, `delay`, `move_flag`, `action`, `action_chance`, `inverse_formation_angle`, `wpguid`) VALUES
(250114, '1', '1337.93', '1096.79', '214.278', '0', '0', '0', '0', '100', '0', '0'),
(250114, '2', '1336.96', '1097.01', '214.278', '0', '0', '0', '0', '100', '0', '0'),
(250114, '3', '1345.46', '1094.47', '214.193', '0', '0', '0', '0', '100', '0', '0'),
(250114, '4', '1347.53', '1093.85', '214.099', '0', '0', '0', '0', '100', '0', '0'),
(250114, '5', '1350.71', '1092.91', '214.188', '0', '0', '0', '0', '100', '0', '0'),
(250114, '6', '1365.18', '1088.6', '214.348', '0', '0', '0', '0', '100', '0', '0'),
(250114, '7', '1369.7', '1087.25', '214.324', '0', '0', '0', '0', '100', '0', '0'),
(250114, '8', '1369.7', '1087.25', '214.324', '0', '0', '0', '0', '100', '0', '0');


INSERT INTO `creature` (`guid`, `id`, `map`, `zone`, `area`, `spawnMask`, `phaseMask`, `modelid`, `equipment_id`, `position_x`, `position_y`, `position_z`, `orientation`, `spawntimesecs`, `spawndist`, `currentwaypoint`, `curhealth`, `curmana`, `MovementType`, `npcflag`, `unit_flags`, `dynamicflags`) VALUES (250115, '42428', '725', '0', '0', '3', '1', '37238', '1', '1366.04', '1079.69', '214.255', '6.05828', '7200', '0', '0', '10736', '0', '2', '0', '0', '0');
DELETE FROM `creature_addon` WHERE `guid` = 250115;
INSERT INTO `creature_addon` (`guid`, `path_id`, `mount`, `bytes1`, `bytes2`, `emote`, `auras`) VALUES (250115, '250115', '0', '0', '1', '0', '0');

DELETE FROM `waypoint_data` WHERE `id` = 250115;
INSERT INTO `waypoint_data` (`id`, `point`, `position_x`, `position_y`, `position_z`, `orientation`, `delay`, `move_flag`, `action`, `action_chance`, `inverse_formation_angle`, `wpguid`) VALUES
(250115, '1', '1348.22', '1083.74', '214.016', '0', '0', '0', '0', '100', '0', '0'),
(250115, '2', '1347.25', '1083.99', '214.016', '0', '0', '0', '0', '100', '0', '0'),
(250115, '3', '1365.5', '1079.81', '214.26', '0', '0', '0', '0', '100', '0', '0'),
(250115, '4', '1376.54', '1077.29', '214.162', '0', '0', '0', '0', '100', '0', '0'),
(250115, '5', '1378.51', '1076.84', '213.969', '0', '0', '0', '0', '100', '0', '0'),
(250115, '6', '1382.74', '1075.87', '213.022', '0', '0', '0', '0', '100', '0', '0'),
(250115, '7', '1385.34', '1075.27', '212.969', '0', '0', '0', '0', '100', '0', '0'),
(250115, '8', '1399.64', '1072', '212.897', '0', '0', '0', '0', '100', '0', '0'),
(250115, '9', '1412.76', '1069', '212.267', '0', '0', '0', '0', '100', '0', '0'),
(250115, '10', '1414.61', '1068.58', '212.337', '0', '0', '0', '0', '100', '0', '0'),
(250115, '11', '1414.61', '1068.58', '212.337', '0', '0', '0', '0', '100', '0', '0');


INSERT INTO `creature` (`guid`, `id`, `map`, `zone`, `area`, `spawnMask`, `phaseMask`, `modelid`, `equipment_id`, `position_x`, `position_y`, `position_z`, `orientation`, `spawntimesecs`, `spawndist`, `currentwaypoint`, `curhealth`, `curmana`, `MovementType`, `npcflag`, `unit_flags`, `dynamicflags`) VALUES (250116, '42428', '725', '0', '0', '3', '1', '37238', '1', '1362', '1077.31', '213.589', '5.95705', '7200', '0', '0', '10736', '0', '2', '0', '0', '0');
DELETE FROM `creature_addon` WHERE `guid` = 250116;
INSERT INTO `creature_addon` (`guid`, `path_id`, `mount`, `bytes1`, `bytes2`, `emote`, `auras`) VALUES (250116, '250116', '0', '0', '1', '0', '0');

DELETE FROM `waypoint_data` WHERE `id` = 250116;
INSERT INTO `waypoint_data` (`id`, `point`, `position_x`, `position_y`, `position_z`, `orientation`, `delay`, `move_flag`, `action`, `action_chance`, `inverse_formation_angle`, `wpguid`) VALUES
(250116, '1', '1342.24', '1083.64', '214.037', '0', '0', '0', '0', '100', '0', '0'),
(250116, '2', '1341.45', '1084.26', '214.037', '0', '0', '0', '0', '100', '0', '0'),
(250116, '3', '1345.58', '1082.86', '213.962', '0', '0', '0', '0', '100', '0', '0'),
(250116, '4', '1356.77', '1079.08', '214.108', '0', '0', '0', '0', '100', '0', '0'),
(250116, '5', '1361.41', '1077.51', '213.575', '0', '0', '0', '0', '100', '0', '0'),
(250116, '6', '1363.52', '1076.8', '213.625', '0', '0', '0', '0', '100', '0', '0'),
(250116, '7', '1373.42', '1073.45', '213.313', '0', '0', '0', '0', '100', '0', '0'),
(250116, '8', '1378.49', '1071.73', '213.299', '0', '0', '0', '0', '100', '0', '0'),
(250116, '9', '1393.47', '1066.67', '212.7', '0', '0', '0', '0', '100', '0', '0'),
(250116, '10', '1396.64', '1065.6', '212.579', '0', '0', '0', '0', '100', '0', '0'),
(250116, '11', '1396.64', '1065.6', '212.579', '0', '0', '0', '0', '100', '0', '0');


INSERT INTO `creature` (`guid`, `id`, `map`, `zone`, `area`, `spawnMask`, `phaseMask`, `modelid`, `equipment_id`, `position_x`, `position_y`, `position_z`, `orientation`, `spawntimesecs`, `spawndist`, `currentwaypoint`, `curhealth`, `curmana`, `MovementType`, `npcflag`, `unit_flags`, `dynamicflags`) VALUES (250117, '42428', '725', '0', '0', '3', '1', '37237', '1', '1325.9', '1081.23', '213.462', '3.43941', '7200', '0', '0', '10736', '0', '2', '0', '0', '0');
DELETE FROM `creature_addon` WHERE `guid` = 250117;
INSERT INTO `creature_addon` (`guid`, `path_id`, `mount`, `bytes1`, `bytes2`, `emote`, `auras`) VALUES (250117, '250117', '0', '0', '1', '0', '0');

DELETE FROM `waypoint_data` WHERE `id` = 250117;
INSERT INTO `waypoint_data` (`id`, `point`, `position_x`, `position_y`, `position_z`, `orientation`, `delay`, `move_flag`, `action`, `action_chance`, `inverse_formation_angle`, `wpguid`) VALUES
(250117, '1', '1328.24', '1082.06', '214.165', '0', '0', '0', '0', '100', '0', '0'),
(250117, '2', '1329.22', '1081.89', '214.165', '0', '0', '0', '0', '100', '0', '0'),
(250117, '3', '1328.5', '1082.03', '214.232', '0', '0', '0', '0', '100', '0', '0'),
(250117, '4', '1327.01', '1081.57', '213.509', '0', '0', '0', '0', '100', '0', '0'),
(250117, '5', '1325.56', '1081.13', '213.448', '0', '0', '0', '0', '100', '0', '0'),
(250117, '6', '1311.91', '1077.04', '212.766', '0', '0', '0', '0', '100', '0', '0'),
(250117, '7', '1302.2', '1073.98', '212.225', '0', '0', '0', '0', '100', '0', '0'),
(250117, '8', '1300.39', '1073.4', '212.151', '0', '0', '0', '0', '100', '0', '0'),
(250117, '9', '1300.39', '1073.4', '212.151', '0', '0', '0', '0', '100', '0', '0');


INSERT INTO `creature` (`guid`, `id`, `map`, `zone`, `area`, `spawnMask`, `phaseMask`, `modelid`, `equipment_id`, `position_x`, `position_y`, `position_z`, `orientation`, `spawntimesecs`, `spawndist`, `currentwaypoint`, `curhealth`, `curmana`, `MovementType`, `npcflag`, `unit_flags`, `dynamicflags`) VALUES (250118, '42428', '725', '0', '0', '3', '1', '37237', '1', '1377.71', '1073.84', '213.307', '6.09223', '7200', '0', '0', '10736', '0', '2', '0', '0', '0');
DELETE FROM `creature_addon` WHERE `guid` = 250118;
INSERT INTO `creature_addon` (`guid`, `path_id`, `mount`, `bytes1`, `bytes2`, `emote`, `auras`) VALUES (250118, '250118', '0', '0', '1', '0', '0');

DELETE FROM `waypoint_data` WHERE `id` = 250118;
INSERT INTO `waypoint_data` (`id`, `point`, `position_x`, `position_y`, `position_z`, `orientation`, `delay`, `move_flag`, `action`, `action_chance`, `inverse_formation_angle`, `wpguid`) VALUES
(250118, '1', '1356.24', '1078.02', '213.742', '0', '0', '0', '0', '100', '0', '0'),
(250118, '2', '1355.26', '1078.19', '213.742', '0', '0', '0', '0', '100', '0', '0'),
(250118, '3', '1358.93', '1077.48', '213.529', '0', '0', '0', '0', '100', '0', '0'),
(250118, '4', '1363.11', '1076.67', '213.613', '0', '0', '0', '0', '100', '0', '0'),
(250118, '5', '1375.78', '1074.22', '213.387', '0', '0', '0', '0', '100', '0', '0'),
(250118, '6', '1389.71', '1071.53', '212.815', '0', '0', '0', '0', '100', '0', '0'),
(250118, '7', '1399.15', '1069.7', '212.786', '0', '0', '0', '0', '100', '0', '0'),
(250118, '8', '1401.7', '1069.21', '212.669', '0', '0', '0', '0', '100', '0', '0'),
(250118, '9', '1401.7', '1069.21', '212.669', '0', '0', '0', '0', '100', '0', '0');


INSERT INTO `creature` (`guid`, `id`, `map`, `zone`, `area`, `spawnMask`, `phaseMask`, `modelid`, `equipment_id`, `position_x`, `position_y`, `position_z`, `orientation`, `spawntimesecs`, `spawndist`, `currentwaypoint`, `curhealth`, `curmana`, `MovementType`, `npcflag`, `unit_flags`, `dynamicflags`) VALUES (250119, '42428', '725', '0', '0', '3', '1', '37238', '1', '1285.82', '1095.2', '212.9', '6.0293', '7200', '0', '0', '10736', '0', '2', '0', '0', '0');
DELETE FROM `creature_addon` WHERE `guid` = 250119;
INSERT INTO `creature_addon` (`guid`, `path_id`, `mount`, `bytes1`, `bytes2`, `emote`, `auras`) VALUES (250119, '250119', '0', '0', '1', '0', '0');

DELETE FROM `waypoint_data` WHERE `id` = 250119;
INSERT INTO `waypoint_data` (`id`, `point`, `position_x`, `position_y`, `position_z`, `orientation`, `delay`, `move_flag`, `action`, `action_chance`, `inverse_formation_angle`, `wpguid`) VALUES
(250119, '1', '1274.06', '1098.38', '213.803', '0', '0', '0', '0', '100', '0', '0'),
(250119, '2', '1273.06', '1098.51', '213.803', '0', '0', '0', '0', '100', '0', '0'),
(250119, '3', '1275.22', '1097.95', '213.77', '0', '0', '0', '0', '100', '0', '0'),
(250119, '4', '1281.11', '1096.43', '213.677', '0', '0', '0', '0', '100', '0', '0'),
(250119, '5', '1283.4', '1095.83', '212.999', '0', '0', '0', '0', '100', '0', '0'),
(250119, '6', '1295.48', '1092.69', '212.505', '0', '0', '0', '0', '100', '0', '0'),
(250119, '7', '1300.57', '1091.37', '212.642', '0', '0', '0', '0', '100', '0', '0'),
(250119, '8', '1325.33', '1084.95', '213.509', '0', '0', '0', '0', '100', '0', '0'),
(250119, '9', '1326.64', '1084.61', '213.989', '0', '0', '0', '0', '100', '0', '0'),
(250119, '10', '1326.64', '1084.61', '213.989', '0', '0', '0', '0', '100', '0', '0');


INSERT INTO `creature` (`guid`, `id`, `map`, `zone`, `area`, `spawnMask`, `phaseMask`, `modelid`, `equipment_id`, `position_x`, `position_y`, `position_z`, `orientation`, `spawntimesecs`, `spawndist`, `currentwaypoint`, `curhealth`, `curmana`, `MovementType`, `npcflag`, `unit_flags`, `dynamicflags`) VALUES (250120, '42428', '725', '0', '0', '3', '1', '37235', '1', '1293.84', '1091.3', '212.528', '5.39632', '7200', '0', '0', '10736', '0', '2', '0', '0', '0');
DELETE FROM `creature_addon` WHERE `guid` = 250120;
INSERT INTO `creature_addon` (`guid`, `path_id`, `mount`, `bytes1`, `bytes2`, `emote`, `auras`) VALUES (250120, '250120', '0', '0', '1', '0', '0');

DELETE FROM `waypoint_data` WHERE `id` = 250120;
INSERT INTO `waypoint_data` (`id`, `point`, `position_x`, `position_y`, `position_z`, `orientation`, `delay`, `move_flag`, `action`, `action_chance`, `inverse_formation_angle`, `wpguid`) VALUES
(250120, '1', '1293.19', '1092.66', '212.62', '0', '0', '0', '0', '100', '0', '0'),
(250120, '2', '1292.32', '1093.15', '212.62', '0', '0', '0', '0', '100', '0', '0'),
(250120, '3', '1295.13', '1089.71', '212.451', '0', '0', '0', '0', '100', '0', '0'),
(250120, '4', '1297.43', '1086.89', '212.374', '0', '0', '0', '0', '100', '0', '0'),
(250120, '5', '1303.92', '1078.93', '212.478', '0', '0', '0', '0', '100', '0', '0'),
(250120, '6', '1303.92', '1078.93', '212.478', '0', '0', '0', '0', '100', '0', '0');


INSERT INTO `creature` (`guid`, `id`, `map`, `zone`, `area`, `spawnMask`, `phaseMask`, `modelid`, `equipment_id`, `position_x`, `position_y`, `position_z`, `orientation`, `spawntimesecs`, `spawndist`, `currentwaypoint`, `curhealth`, `curmana`, `MovementType`, `npcflag`, `unit_flags`, `dynamicflags`) VALUES (250121, '42428', '725', '0', '0', '3', '1', '37235', '1', '1275.86', '1094.04', '213.688', '2.9923', '7200', '0', '0', '10736', '0', '0', '0', '0', '0');

INSERT INTO `creature` (`guid`, `id`, `map`, `zone`, `area`, `spawnMask`, `phaseMask`, `modelid`, `equipment_id`, `position_x`, `position_y`, `position_z`, `orientation`, `spawntimesecs`, `spawndist`, `currentwaypoint`, `curhealth`, `curmana`, `MovementType`, `npcflag`, `unit_flags`, `dynamicflags`) VALUES (250122, '42428', '725', '0', '0', '3', '1', '37235', '1', '1393.23', '1068.27', '212.694', '5.99294', '7200', '0', '0', '10736', '0', '2', '0', '0', '0');
DELETE FROM `creature_addon` WHERE `guid` = 250122;
INSERT INTO `creature_addon` (`guid`, `path_id`, `mount`, `bytes1`, `bytes2`, `emote`, `auras`) VALUES (250122, '250122', '0', '0', '1', '0', '0');

DELETE FROM `waypoint_data` WHERE `id` = 250122;
INSERT INTO `waypoint_data` (`id`, `point`, `position_x`, `position_y`, `position_z`, `orientation`, `delay`, `move_flag`, `action`, `action_chance`, `inverse_formation_angle`, `wpguid`) VALUES
(250122, '1', '1384.19', '1070.88', '213.023', '0', '0', '0', '0', '100', '0', '0'),
(250122, '2', '1385.17', '1070.68', '213.023', '0', '0', '0', '0', '100', '0', '0'),
(250122, '3', '1393.66', '1068.15', '212.677', '0', '0', '0', '0', '100', '0', '0'),
(250122, '4', '1398.51', '1066.7', '212.641', '0', '0', '0', '0', '100', '0', '0'),
(250122, '5', '1400.67', '1066.05', '212.495', '0', '0', '0', '0', '100', '0', '0'),
(250122, '6', '1400.67', '1066.05', '212.495', '0', '0', '0', '0', '100', '0', '0');


INSERT INTO `creature` (`guid`, `id`, `map`, `zone`, `area`, `spawnMask`, `phaseMask`, `modelid`, `equipment_id`, `position_x`, `position_y`, `position_z`, `orientation`, `spawntimesecs`, `spawndist`, `currentwaypoint`, `curhealth`, `curmana`, `MovementType`, `npcflag`, `unit_flags`, `dynamicflags`) VALUES (250123, '42428', '725', '0', '0', '3', '1', '37238', '1', '1391.14', '1077.75', '212.98', '5.8068', '7200', '0', '0', '10736', '0', '2', '0', '0', '0');
DELETE FROM `creature_addon` WHERE `guid` = 250123;
INSERT INTO `creature_addon` (`guid`, `path_id`, `mount`, `bytes1`, `bytes2`, `emote`, `auras`) VALUES (250123, '250123', '0', '0', '1', '0', '0');

DELETE FROM `waypoint_data` WHERE `id` = 250123;
INSERT INTO `waypoint_data` (`id`, `point`, `position_x`, `position_y`, `position_z`, `orientation`, `delay`, `move_flag`, `action`, `action_chance`, `inverse_formation_angle`, `wpguid`) VALUES
(250123, '1', '1355.68', '1095.87', '214.321', '0', '0', '0', '0', '100', '0', '0'),
(250123, '2', '1354.88', '1096.47', '214.321', '0', '0', '0', '0', '100', '0', '0'),
(250123, '3', '1364.89', '1091.3', '214.372', '0', '0', '0', '0', '100', '0', '0'),
(250123, '4', '1378.98', '1084.03', '214.217', '0', '0', '0', '0', '100', '0', '0'),
(250123, '5', '1383.42', '1081.74', '213.935', '0', '0', '0', '0', '100', '0', '0'),
(250123, '6', '1385.38', '1080.73', '213.142', '0', '0', '0', '0', '100', '0', '0'),
(250123, '7', '1388.43', '1079.15', '212.999', '0', '0', '0', '0', '100', '0', '0'),
(250123, '8', '1400', '1073.18', '212.921', '0', '0', '0', '0', '100', '0', '0'),
(250123, '9', '1401.7', '1072.3', '212.841', '0', '0', '0', '0', '100', '0', '0'),
(250123, '10', '1406.75', '1069.7', '212.518', '0', '0', '0', '0', '100', '0', '0'),
(250123, '11', '1406.75', '1069.7', '212.518', '0', '0', '0', '0', '100', '0', '0');


INSERT INTO `creature` (`guid`, `id`, `map`, `zone`, `area`, `spawnMask`, `phaseMask`, `modelid`, `equipment_id`, `position_x`, `position_y`, `position_z`, `orientation`, `spawntimesecs`, `spawndist`, `currentwaypoint`, `curhealth`, `curmana`, `MovementType`, `npcflag`, `unit_flags`, `dynamicflags`) VALUES (250124, '42428', '725', '0', '0', '3', '1', '37238', '1', '1309.43', '1088.6', '212.99', '6.13994', '7200', '0', '0', '10736', '0', '2', '0', '0', '0');
DELETE FROM `creature_addon` WHERE `guid` = 250124;
INSERT INTO `creature_addon` (`guid`, `path_id`, `mount`, `bytes1`, `bytes2`, `emote`, `auras`) VALUES (250124, '250124', '0', '0', '1', '0', '0');

DELETE FROM `waypoint_data` WHERE `id` = 250124;
INSERT INTO `waypoint_data` (`id`, `point`, `position_x`, `position_y`, `position_z`, `orientation`, `delay`, `move_flag`, `action`, `action_chance`, `inverse_formation_angle`, `wpguid`) VALUES
(250124, '1', '1303.7', '1089.54', '212.827', '0', '0', '0', '0', '100', '0', '0'),
(250124, '2', '1304.67', '1089.28', '212.827', '0', '0', '0', '0', '100', '0', '0'),
(250124, '3', '1324.6', '1086.41', '213.509', '0', '0', '0', '0', '100', '0', '0'),
(250124, '4', '1324.6', '1086.41', '213.509', '0', '0', '0', '0', '100', '0', '0');


INSERT INTO `creature` (`guid`, `id`, `map`, `zone`, `area`, `spawnMask`, `phaseMask`, `modelid`, `equipment_id`, `position_x`, `position_y`, `position_z`, `orientation`, `spawntimesecs`, `spawndist`, `currentwaypoint`, `curhealth`, `curmana`, `MovementType`, `npcflag`, `unit_flags`, `dynamicflags`) VALUES (250125, '42428', '725', '0', '0', '3', '1', '37235', '1', '1357.36', '1076.79', '213.491', '6.03376', '7200', '0', '0', '10736', '0', '2', '0', '0', '0');
DELETE FROM `creature_addon` WHERE `guid` = 250125;
INSERT INTO `creature_addon` (`guid`, `path_id`, `mount`, `bytes1`, `bytes2`, `emote`, `auras`) VALUES (250125, '250125', '0', '0', '1', '0', '0');

DELETE FROM `waypoint_data` WHERE `id` = 250125;
INSERT INTO `waypoint_data` (`id`, `point`, `position_x`, `position_y`, `position_z`, `orientation`, `delay`, `move_flag`, `action`, `action_chance`, `inverse_formation_angle`, `wpguid`) VALUES
(250125, '1', '1347.3', '1079.82', '213.967', '0', '0', '0', '0', '100', '0', '0'),
(250125, '2', '1348.05', '1079.16', '213.967', '0', '0', '0', '0', '100', '0', '0'),
(250125, '3', '1354.89', '1077.42', '213.452', '0', '0', '0', '0', '100', '0', '0'),
(250125, '4', '1360.79', '1075.91', '213.544', '0', '0', '0', '0', '100', '0', '0'),
(250125, '5', '1372.11', '1073.03', '213.272', '0', '0', '0', '0', '100', '0', '0'),
(250125, '6', '1378.92', '1071.29', '213.283', '0', '0', '0', '0', '100', '0', '0'),
(250125, '7', '1394.67', '1067.28', '212.641', '0', '0', '0', '0', '100', '0', '0'),
(250125, '8', '1397.09', '1066.67', '212.632', '0', '0', '0', '0', '100', '0', '0'),
(250125, '9', '1400.93', '1065.69', '212.484', '0', '0', '0', '0', '100', '0', '0'),
(250125, '10', '1400.93', '1065.69', '212.484', '0', '0', '0', '0', '100', '0', '0');


INSERT INTO `creature` (`guid`, `id`, `map`, `zone`, `area`, `spawnMask`, `phaseMask`, `modelid`, `equipment_id`, `position_x`, `position_y`, `position_z`, `orientation`, `spawntimesecs`, `spawndist`, `currentwaypoint`, `curhealth`, `curmana`, `MovementType`, `npcflag`, `unit_flags`, `dynamicflags`) VALUES (250126, '42428', '725', '0', '0', '3', '1', '37238', '1', '1349.71', '1093.42', '214.176', '0.813433', '7200', '0', '0', '10736', '0', '2', '0', '0', '0');
DELETE FROM `creature_addon` WHERE `guid` = 250126;
INSERT INTO `creature_addon` (`guid`, `path_id`, `mount`, `bytes1`, `bytes2`, `emote`, `auras`) VALUES (250126, '250126', '0', '0', '1', '0', '0');

DELETE FROM `waypoint_data` WHERE `id` = 250126;
INSERT INTO `waypoint_data` (`id`, `point`, `position_x`, `position_y`, `position_z`, `orientation`, `delay`, `move_flag`, `action`, `action_chance`, `inverse_formation_angle`, `wpguid`) VALUES
(250126, '1', '1342.85', '1087.39', '214.048', '0', '0', '0', '0', '100', '0', '0'),
(250126, '2', '1343.09', '1086.42', '214.048', '0', '0', '0', '0', '100', '0', '0'),
(250126, '3', '1346.94', '1090.48', '214.057', '0', '0', '0', '0', '100', '0', '0'),
(250126, '4', '1349.9', '1093.62', '214.184', '0', '0', '0', '0', '100', '0', '0'),
(250126, '5', '1358.49', '1102.71', '214.421', '0', '0', '0', '0', '100', '0', '0'),
(250126, '6', '1366.03', '1110.68', '214.428', '0', '0', '0', '0', '100', '0', '0'),
(250126, '7', '1367.44', '1112.18', '213.681', '0', '0', '0', '0', '100', '0', '0'),
(250126, '8', '1368.71', '1113.52', '213.587', '0', '0', '0', '0', '100', '0', '0'),
(250126, '9', '1368.71', '1113.52', '213.587', '0', '0', '0', '0', '100', '0', '0');


INSERT INTO `creature` (`guid`, `id`, `map`, `zone`, `area`, `spawnMask`, `phaseMask`, `modelid`, `equipment_id`, `position_x`, `position_y`, `position_z`, `orientation`, `spawntimesecs`, `spawndist`, `currentwaypoint`, `curhealth`, `curmana`, `MovementType`, `npcflag`, `unit_flags`, `dynamicflags`) VALUES (250127, '42428', '725', '0', '0', '3', '1', '37235', '1', '1299.84', '1100.52', '213.106', '5.74971', '7200', '0', '0', '10736', '0', '2', '0', '0', '0');
DELETE FROM `creature_addon` WHERE `guid` = 250127;
INSERT INTO `creature_addon` (`guid`, `path_id`, `mount`, `bytes1`, `bytes2`, `emote`, `auras`) VALUES (250127, '250127', '0', '0', '1', '0', '0');

DELETE FROM `waypoint_data` WHERE `id` = 250127;
INSERT INTO `waypoint_data` (`id`, `point`, `position_x`, `position_y`, `position_z`, `orientation`, `delay`, `move_flag`, `action`, `action_chance`, `inverse_formation_angle`, `wpguid`) VALUES
(250127, '1', '1296.93', '1102.27', '213.092', '0', '0', '0', '0', '100', '0', '0'),
(250127, '2', '1297.78', '1101.74', '213.092', '0', '0', '0', '0', '100', '0', '0'),
(250127, '3', '1306.42', '1096.64', '213.15', '0', '0', '0', '0', '100', '0', '0'),
(250127, '4', '1309.59', '1094.76', '212.998', '0', '0', '0', '0', '100', '0', '0'),
(250127, '5', '1312.15', '1093.25', '213.152', '0', '0', '0', '0', '100', '0', '0'),
(250127, '6', '1324.96', '1085.68', '213.509', '0', '0', '0', '0', '100', '0', '0'),
(250127, '7', '1325.26', '1085.51', '213.546', '0', '0', '0', '0', '100', '0', '0'),
(250127, '8', '1325.26', '1085.51', '213.546', '0', '0', '0', '0', '100', '0', '0');


INSERT INTO `creature` (`guid`, `id`, `map`, `zone`, `area`, `spawnMask`, `phaseMask`, `modelid`, `equipment_id`, `position_x`, `position_y`, `position_z`, `orientation`, `spawntimesecs`, `spawndist`, `currentwaypoint`, `curhealth`, `curmana`, `MovementType`, `npcflag`, `unit_flags`, `dynamicflags`) VALUES (250128, '42428', '725', '0', '0', '3', '1', '37235', '1', '1304.77', '1081.31', '212.602', '0.442649', '7200', '0', '0', '10736', '0', '2', '0', '0', '0');
DELETE FROM `creature_addon` WHERE `guid` = 250128;
INSERT INTO `creature_addon` (`guid`, `path_id`, `mount`, `bytes1`, `bytes2`, `emote`, `auras`) VALUES (250128, '250128', '0', '0', '1', '0', '0');

DELETE FROM `waypoint_data` WHERE `id` = 250128;
INSERT INTO `waypoint_data` (`id`, `point`, `position_x`, `position_y`, `position_z`, `orientation`, `delay`, `move_flag`, `action`, `action_chance`, `inverse_formation_angle`, `wpguid`) VALUES
(250128, '1', '1302.7', '1080.66', '212.536', '0', '0', '0', '0', '100', '0', '0'),
(250128, '2', '1303.69', '1080.8', '212.536', '0', '0', '0', '0', '100', '0', '0'),
(250128, '3', '1310.04', '1083.82', '212.926', '0', '0', '0', '0', '100', '0', '0'),
(250128, '4', '1322.86', '1089.89', '213.508', '0', '0', '0', '0', '100', '0', '0'),
(250128, '5', '1324.04', '1090.45', '214.169', '0', '0', '0', '0', '100', '0', '0'),
(250128, '6', '1326.44', '1091.59', '214.163', '0', '0', '0', '0', '100', '0', '0'),
(250128, '7', '1343.98', '1099.9', '214.298', '0', '0', '0', '0', '100', '0', '0'),
(250128, '8', '1343.98', '1099.9', '214.298', '0', '0', '0', '0', '100', '0', '0');


INSERT INTO `creature` (`guid`, `id`, `map`, `zone`, `area`, `spawnMask`, `phaseMask`, `modelid`, `equipment_id`, `position_x`, `position_y`, `position_z`, `orientation`, `spawntimesecs`, `spawndist`, `currentwaypoint`, `curhealth`, `curmana`, `MovementType`, `npcflag`, `unit_flags`, `dynamicflags`) VALUES (250129, '42428', '725', '0', '0', '3', '1', '37237', '1', '1302.49', '1089.51', '212.751', '1.41432', '7200', '0', '0', '10736', '0', '2', '0', '0', '0');
DELETE FROM `creature_addon` WHERE `guid` = 250129;
INSERT INTO `creature_addon` (`guid`, `path_id`, `mount`, `bytes1`, `bytes2`, `emote`, `auras`) VALUES (250129, '250129', '0', '0', '1', '0', '0');

DELETE FROM `waypoint_data` WHERE `id` = 250129;
INSERT INTO `waypoint_data` (`id`, `point`, `position_x`, `position_y`, `position_z`, `orientation`, `delay`, `move_flag`, `action`, `action_chance`, `inverse_formation_angle`, `wpguid`) VALUES
(250129, '1', '1303.31', '1088.26', '212.723', '0', '0', '0', '0', '100', '0', '0'),
(250129, '2', '1302.31', '1088.33', '212.723', '0', '0', '0', '0', '100', '0', '0'),
(250129, '3', '1302.9', '1092.1', '212.814', '0', '0', '0', '0', '100', '0', '0'),
(250129, '4', '1303.35', '1094.95', '212.941', '0', '0', '0', '0', '100', '0', '0'),
(250129, '5', '1303.35', '1094.95', '212.941', '0', '0', '0', '0', '100', '0', '0');

INSERT INTO `creature` (`guid`, `id`, `map`, `zone`, `area`, `spawnMask`, `phaseMask`, `modelid`, `equipment_id`, `position_x`, `position_y`, `position_z`, `orientation`, `spawntimesecs`, `spawndist`, `currentwaypoint`, `curhealth`, `curmana`, `MovementType`, `npcflag`, `unit_flags`, `dynamicflags`) VALUES (250130, '42428', '725', '0', '0', '3', '1', '37237', '1', '1379.64', '1072.02', '213.249', '6.03643', '7200', '0', '0', '10736', '0', '2', '0', '0', '0');
DELETE FROM `creature_addon` WHERE `guid` = 250130;
INSERT INTO `creature_addon` (`guid`, `path_id`, `mount`, `bytes1`, `bytes2`, `emote`, `auras`) VALUES (250130, '250130', '0', '0', '1', '0', '0');

DELETE FROM `waypoint_data` WHERE `id` = 250130;
INSERT INTO `waypoint_data` (`id`, `point`, `position_x`, `position_y`, `position_z`, `orientation`, `delay`, `move_flag`, `action`, `action_chance`, `inverse_formation_angle`, `wpguid`) VALUES
(250130, '1', '1356.04', '1077.88', '213.745', '0', '0', '0', '0', '100', '0', '0'),
(250130, '2', '1355.09', '1078.2', '213.745', '0', '0', '0', '0', '100', '0', '0'),
(250130, '3', '1358.03', '1077.46', '213.512', '0', '0', '0', '0', '100', '0', '0'),
(250130, '4', '1362.27', '1076.39', '213.588', '0', '0', '0', '0', '100', '0', '0'),
(250130, '5', '1373.65', '1073.53', '213.32', '0', '0', '0', '0', '100', '0', '0'),
(250130, '6', '1377.75', '1072.49', '213.327', '0', '0', '0', '0', '100', '0', '0'),
(250130, '7', '1393.1', '1068.63', '212.696', '0', '0', '0', '0', '100', '0', '0'),
(250130, '8', '1398.63', '1067.24', '212.667', '0', '0', '0', '0', '100', '0', '0'),
(250130, '9', '1400.89', '1066.67', '212.556', '0', '0', '0', '0', '100', '0', '0'),
(250130, '10', '1402.64', '1066.22', '212.454', '0', '0', '0', '0', '100', '0', '0'),
(250130, '11', '1402.64', '1066.22', '212.454', '0', '0', '0', '0', '100', '0', '0');


INSERT INTO `creature` (`guid`, `id`, `map`, `zone`, `area`, `spawnMask`, `phaseMask`, `modelid`, `equipment_id`, `position_x`, `position_y`, `position_z`, `orientation`, `spawntimesecs`, `spawndist`, `currentwaypoint`, `curhealth`, `curmana`, `MovementType`, `npcflag`, `unit_flags`, `dynamicflags`) VALUES (250131, '42692', '725', '0', '0', '3', '1', '20856', '1', '1306.66', '1076.85', '212.526', '5.8217', '7200', '0', '0', '590491', '0', '2', '0', '0', '0');
DELETE FROM `creature_addon` WHERE `guid` = 250131;
INSERT INTO `creature_addon` (`guid`, `path_id`, `mount`, `bytes1`, `bytes2`, `emote`, `auras`) VALUES (250131, '250131', '0', '0', '1', '0', '80222');

DELETE FROM `waypoint_data` WHERE `id` = 250131;
INSERT INTO `waypoint_data` (`id`, `point`, `position_x`, `position_y`, `position_z`, `orientation`, `delay`, `move_flag`, `action`, `action_chance`, `inverse_formation_angle`, `wpguid`) VALUES
(250131, '1', '1297.95', '1080.11', '212.301', '0', '0', '0', '0', '100', '0', '0'),
(250131, '2', '1298.94', '1079.99', '212.301', '0', '0', '0', '0', '100', '0', '0'),
(250131, '3', '1299.54', '1079.92', '212.283', '0', '0', '0', '0', '100', '0', '0'),
(250131, '4', '1300.79', '1079.77', '212.37', '0', '0', '0', '0', '100', '0', '0'),
(250131, '5', '1309.33', '1075.52', '212.596', '0', '0', '0', '0', '100', '0', '0'),
(250131, '6', '1317.95', '1071.24', '212.438', '0', '0', '0', '0', '100', '0', '0'),
(250131, '7', '1322.95', '1068.75', '212.378', '0', '0', '0', '0', '100', '0', '0'),
(250131, '8', '1322.95', '1068.75', '212.378', '0', '0', '0', '0', '100', '0', '0');


INSERT INTO `creature` (`guid`, `id`, `map`, `zone`, `area`, `spawnMask`, `phaseMask`, `modelid`, `equipment_id`, `position_x`, `position_y`, `position_z`, `orientation`, `spawntimesecs`, `spawndist`, `currentwaypoint`, `curhealth`, `curmana`, `MovementType`, `npcflag`, `unit_flags`, `dynamicflags`) VALUES (250132, '42428', '725', '0', '0', '3', '1', '37235', '1', '1328.93', '1103.54', '213.518', '0.174103', '7200', '0', '0', '10736', '0', '2', '0', '0', '0');
DELETE FROM `creature_addon` WHERE `guid` = 250132;
INSERT INTO `creature_addon` (`guid`, `path_id`, `mount`, `bytes1`, `bytes2`, `emote`, `auras`) VALUES (250132, '250132', '0', '0', '1', '0', '0');

DELETE FROM `waypoint_data` WHERE `id` = 250132;
INSERT INTO `waypoint_data` (`id`, `point`, `position_x`, `position_y`, `position_z`, `orientation`, `delay`, `move_flag`, `action`, `action_chance`, `inverse_formation_angle`, `wpguid`) VALUES
(250132, '1', '1319.27', '1101.68', '212.743', '0', '0', '0', '0', '100', '0', '0'),
(250132, '2', '1318.27', '1101.66', '212.743', '0', '0', '0', '0', '100', '0', '0'),
(250132, '3', '1331.41', '1103.98', '213.699', '0', '0', '0', '0', '100', '0', '0'),
(250132, '4', '1334.09', '1104.45', '214.417', '0', '0', '0', '0', '100', '0', '0'),
(250132, '5', '1349.91', '1107.23', '214.405', '0', '0', '0', '0', '100', '0', '0'),
(250132, '6', '1354.12', '1107.97', '214.429', '0', '0', '0', '0', '100', '0', '0'),
(250132, '7', '1367.11', '1110.26', '214.426', '0', '0', '0', '0', '100', '0', '0'),
(250132, '8', '1369.39', '1110.66', '213.959', '0', '0', '0', '0', '100', '0', '0'),
(250132, '9', '1369.39', '1110.66', '213.959', '0', '0', '0', '0', '100', '0', '0');


INSERT INTO `creature` (`guid`, `id`, `map`, `zone`, `area`, `spawnMask`, `phaseMask`, `modelid`, `equipment_id`, `position_x`, `position_y`, `position_z`, `orientation`, `spawntimesecs`, `spawndist`, `currentwaypoint`, `curhealth`, `curmana`, `MovementType`, `npcflag`, `unit_flags`, `dynamicflags`) VALUES (250133, '42428', '725', '0', '0', '3', '1', '37235', '1', '1371.52', '1084.81', '214.283', '3.1539', '7200', '0', '0', '10736', '0', '0', '0', '0', '0');

INSERT INTO `creature` (`guid`, `id`, `map`, `zone`, `area`, `spawnMask`, `phaseMask`, `modelid`, `equipment_id`, `position_x`, `position_y`, `position_z`, `orientation`, `spawntimesecs`, `spawndist`, `currentwaypoint`, `curhealth`, `curmana`, `MovementType`, `npcflag`, `unit_flags`, `dynamicflags`) VALUES (250134, '42428', '725', '0', '0', '3', '1', '37235', '1', '1306.97', '1093.45', '213', '0.135638', '7200', '0', '0', '10736', '0', '2', '0', '0', '0');
DELETE FROM `creature_addon` WHERE `guid` = 250134;
INSERT INTO `creature_addon` (`guid`, `path_id`, `mount`, `bytes1`, `bytes2`, `emote`, `auras`) VALUES (250134, '250134', '0', '0', '1', '0', '0');

DELETE FROM `waypoint_data` WHERE `id` = 250134;
INSERT INTO `waypoint_data` (`id`, `point`, `position_x`, `position_y`, `position_z`, `orientation`, `delay`, `move_flag`, `action`, `action_chance`, `inverse_formation_angle`, `wpguid`) VALUES
(250134, '1', '1298.43', '1092.24', '212.563', '0', '0', '0', '0', '100', '0', '0'),
(250134, '2', '1297.44', '1092.15', '212.563', '0', '0', '0', '0', '100', '0', '0'),
(250134, '3', '1307.5', '1093.53', '213.024', '0', '0', '0', '0', '100', '0', '0'),
(250134, '4', '1308.94', '1093.72', '213.066', '0', '0', '0', '0', '100', '0', '0'),
(250134, '5', '1320.61', '1095.31', '213.207', '0', '0', '0', '0', '100', '0', '0'),
(250134, '6', '1325.12', '1095.93', '213.542', '0', '0', '0', '0', '100', '0', '0'),
(250134, '7', '1327.39', '1096.24', '214.206', '0', '0', '0', '0', '100', '0', '0'),
(250134, '8', '1348.47', '1099.12', '214.264', '0', '0', '0', '0', '100', '0', '0'),
(250134, '9', '1360.16', '1100.71', '214.419', '0', '0', '0', '0', '100', '0', '0'),
(250134, '10', '1369.16', '1101.94', '214.383', '0', '0', '0', '0', '100', '0', '0'),
(250134, '11', '1369.16', '1101.94', '214.383', '0', '0', '0', '0', '100', '0', '0');


INSERT INTO `creature` (`guid`, `id`, `map`, `zone`, `area`, `spawnMask`, `phaseMask`, `modelid`, `equipment_id`, `position_x`, `position_y`, `position_z`, `orientation`, `spawntimesecs`, `spawndist`, `currentwaypoint`, `curhealth`, `curmana`, `MovementType`, `npcflag`, `unit_flags`, `dynamicflags`) VALUES (250135, '42428', '725', '0', '0', '3', '1', '37238', '1', '1328.96', '1093.16', '214.161', '6.09693', '7200', '0', '0', '10736', '0', '2', '0', '0', '0');
DELETE FROM `creature_addon` WHERE `guid` = 250135;
INSERT INTO `creature_addon` (`guid`, `path_id`, `mount`, `bytes1`, `bytes2`, `emote`, `auras`) VALUES (250135, '250135', '0', '0', '1', '0', '0');

DELETE FROM `waypoint_data` WHERE `id` = 250135;
INSERT INTO `waypoint_data` (`id`, `point`, `position_x`, `position_y`, `position_z`, `orientation`, `delay`, `move_flag`, `action`, `action_chance`, `inverse_formation_angle`, `wpguid`) VALUES
(250135, '1', '1318.64', '1095.09', '213.21', '0', '0', '0', '0', '100', '0', '0'),
(250135, '2', '1319.62', '1094.92', '213.21', '0', '0', '0', '0', '100', '0', '0'),
(250135, '3', '1320.84', '1094.69', '213.252', '0', '0', '0', '0', '100', '0', '0'),
(250135, '4', '1323.72', '1094.15', '213.507', '0', '0', '0', '0', '100', '0', '0'),
(250135, '5', '1325.42', '1093.82', '214.144', '0', '0', '0', '0', '100', '0', '0'),
(250135, '6', '1335.47', '1091.93', '214.192', '0', '0', '0', '0', '100', '0', '0'),
(250135, '7', '1338.91', '1091.28', '214.18', '0', '0', '0', '0', '100', '0', '0'),
(250135, '8', '1346.81', '1089.79', '214.048', '0', '0', '0', '0', '100', '0', '0'),
(250135, '9', '1355.76', '1088.11', '214.208', '0', '0', '0', '0', '100', '0', '0'),
(250135, '10', '1355.76', '1088.11', '214.208', '0', '0', '0', '0', '100', '0', '0');


INSERT INTO `creature` (`guid`, `id`, `map`, `zone`, `area`, `spawnMask`, `phaseMask`, `modelid`, `equipment_id`, `position_x`, `position_y`, `position_z`, `orientation`, `spawntimesecs`, `spawndist`, `currentwaypoint`, `curhealth`, `curmana`, `MovementType`, `npcflag`, `unit_flags`, `dynamicflags`) VALUES (250136, '42428', '725', '0', '0', '3', '1', '37238', '1', '1335.05', '1094.98', '214.265', '0.0381536', '7200', '0', '0', '10736', '0', '2', '0', '0', '0');
DELETE FROM `creature_addon` WHERE `guid` = 250136;
INSERT INTO `creature_addon` (`guid`, `path_id`, `mount`, `bytes1`, `bytes2`, `emote`, `auras`) VALUES (250136, '250136', '0', '0', '1', '0', '0');

DELETE FROM `waypoint_data` WHERE `id` = 250136;
INSERT INTO `waypoint_data` (`id`, `point`, `position_x`, `position_y`, `position_z`, `orientation`, `delay`, `move_flag`, `action`, `action_chance`, `inverse_formation_angle`, `wpguid`) VALUES
(250136, '1', '1307.16', '1097.3', '213.15', '0', '0', '0', '0', '100', '0', '0'),
(250136, '2', '1306.41', '1096.64', '213.15', '0', '0', '0', '0', '100', '0', '0'),
(250136, '3', '1311.33', '1096.14', '212.947', '0', '0', '0', '0', '100', '0', '0'),
(250136, '4', '1320.66', '1095.19', '213.216', '0', '0', '0', '0', '100', '0', '0'),
(250136, '5', '1324.25', '1094.82', '213.52', '0', '0', '0', '0', '100', '0', '0'),
(250136, '6', '1326.08', '1094.64', '214.285', '0', '0', '0', '0', '100', '0', '0'),
(250136, '7', '1347.82', '1095.46', '214.238', '0', '0', '0', '0', '100', '0', '0'),
(250136, '8', '1359.72', '1091.2', '214.318', '0', '0', '0', '0', '100', '0', '0'),
(250136, '9', '1359.72', '1091.2', '214.318', '0', '0', '0', '0', '100', '0', '0');


INSERT INTO `creature` (`guid`, `id`, `map`, `zone`, `area`, `spawnMask`, `phaseMask`, `modelid`, `equipment_id`, `position_x`, `position_y`, `position_z`, `orientation`, `spawntimesecs`, `spawndist`, `currentwaypoint`, `curhealth`, `curmana`, `MovementType`, `npcflag`, `unit_flags`, `dynamicflags`) VALUES (250137, '42428', '725', '0', '0', '3', '1', '37235', '1', '1338.95', '1099.56', '214.291', '6.04563', '7200', '0', '0', '10736', '0', '2', '0', '0', '0');
DELETE FROM `creature_addon` WHERE `guid` = 250137;
INSERT INTO `creature_addon` (`guid`, `path_id`, `mount`, `bytes1`, `bytes2`, `emote`, `auras`) VALUES (250137, '250137', '0', '0', '1', '0', '0');

DELETE FROM `waypoint_data` WHERE `id` = 250137;
INSERT INTO `waypoint_data` (`id`, `point`, `position_x`, `position_y`, `position_z`, `orientation`, `delay`, `move_flag`, `action`, `action_chance`, `inverse_formation_angle`, `wpguid`) VALUES
(250137, '1', '1330.67', '1101.47', '213.611', '0', '0', '0', '0', '100', '0', '0'),
(250137, '2', '1329.73', '1101.8', '213.611', '0', '0', '0', '0', '100', '0', '0'),
(250137, '3', '1331.56', '1101.35', '214.337', '0', '0', '0', '0', '100', '0', '0'),
(250137, '4', '1348.15', '1097.33', '214.233', '0', '0', '0', '0', '100', '0', '0'),
(250137, '5', '1357.11', '1095.17', '214.331', '0', '0', '0', '0', '100', '0', '0'),
(250137, '6', '1357.11', '1095.17', '214.331', '0', '0', '0', '0', '100', '0', '0');


INSERT INTO `creature` (`guid`, `id`, `map`, `zone`, `area`, `spawnMask`, `phaseMask`, `modelid`, `equipment_id`, `position_x`, `position_y`, `position_z`, `orientation`, `spawntimesecs`, `spawndist`, `currentwaypoint`, `curhealth`, `curmana`, `MovementType`, `npcflag`, `unit_flags`, `dynamicflags`) VALUES (250138, '42428', '725', '0', '0', '3', '1', '37236', '1', '1293.16', '1096.76', '212.672', '0.0314647', '7200', '0', '0', '10736', '0', '2', '0', '0', '0');
DELETE FROM `creature_addon` WHERE `guid` = 250138;
INSERT INTO `creature_addon` (`guid`, `path_id`, `mount`, `bytes1`, `bytes2`, `emote`, `auras`) VALUES (250138, '250138', '0', '0', '1', '0', '0');

DELETE FROM `waypoint_data` WHERE `id` = 250138;
INSERT INTO `waypoint_data` (`id`, `point`, `position_x`, `position_y`, `position_z`, `orientation`, `delay`, `move_flag`, `action`, `action_chance`, `inverse_formation_angle`, `wpguid`) VALUES
(250138, '1', '1288.12', '1096.83', '212.866', '0', '0', '0', '0', '100', '0', '0'),
(250138, '2', '1287.16', '1096.57', '212.866', '0', '0', '0', '0', '100', '0', '0'),
(250138, '3', '1293.95', '1096.79', '212.646', '0', '0', '0', '0', '100', '0', '0'),
(250138, '4', '1306.04', '1097.17', '213.164', '0', '0', '0', '0', '100', '0', '0'),
(250138, '5', '1312.89', '1097.38', '212.901', '0', '0', '0', '0', '100', '0', '0'),
(250138, '6', '1319.77', '1097.6', '213.04', '0', '0', '0', '0', '100', '0', '0'),
(250138, '7', '1321.07', '1097.64', '213.143', '0', '0', '0', '0', '100', '0', '0'),
(250138, '8', '1321.07', '1097.64', '213.143', '0', '0', '0', '0', '100', '0', '0');


INSERT INTO `creature` (`guid`, `id`, `map`, `zone`, `area`, `spawnMask`, `phaseMask`, `modelid`, `equipment_id`, `position_x`, `position_y`, `position_z`, `orientation`, `spawntimesecs`, `spawndist`, `currentwaypoint`, `curhealth`, `curmana`, `MovementType`, `npcflag`, `unit_flags`, `dynamicflags`) VALUES (250139, '42428', '725', '0', '0', '3', '1', '37236', '1', '1397.29', '1082.5', '212.965', '6.19345', '7200', '0', '0', '10736', '0', '2', '0', '0', '0');
DELETE FROM `creature_addon` WHERE `guid` = 250139;
INSERT INTO `creature_addon` (`guid`, `path_id`, `mount`, `bytes1`, `bytes2`, `emote`, `auras`) VALUES (250139, '250139', '0', '0', '1', '0', '0');

DELETE FROM `waypoint_data` WHERE `id` = 250139;
INSERT INTO `waypoint_data` (`id`, `point`, `position_x`, `position_y`, `position_z`, `orientation`, `delay`, `move_flag`, `action`, `action_chance`, `inverse_formation_angle`, `wpguid`) VALUES
(250139, '1', '1388.05', '1082.73', '213.162', '0', '0', '0', '0', '100', '0', '0'),
(250139, '2', '1388.91', '1083.26', '213.162', '0', '0', '0', '0', '100', '0', '0'),
(250139, '3', '1393.66', '1082.83', '212.988', '0', '0', '0', '0', '100', '0', '0'),
(250139, '4', '1399.16', '1082.33', '212.954', '0', '0', '0', '0', '100', '0', '0'),
(250139, '5', '1399.16', '1082.33', '212.954', '0', '0', '0', '0', '100', '0', '0');


INSERT INTO `creature` (`guid`, `id`, `map`, `zone`, `area`, `spawnMask`, `phaseMask`, `modelid`, `equipment_id`, `position_x`, `position_y`, `position_z`, `orientation`, `spawntimesecs`, `spawndist`, `currentwaypoint`, `curhealth`, `curmana`, `MovementType`, `npcflag`, `unit_flags`, `dynamicflags`) VALUES (250140, '42428', '725', '0', '0', '3', '1', '37238', '1', '1382.52', '1082.54', '214.005', '5.95528', '7200', '0', '0', '10736', '0', '2', '0', '0', '0');
DELETE FROM `creature_addon` WHERE `guid` = 250140;
INSERT INTO `creature_addon` (`guid`, `path_id`, `mount`, `bytes1`, `bytes2`, `emote`, `auras`) VALUES (250140, '250140', '0', '0', '1', '0', '0');

DELETE FROM `waypoint_data` WHERE `id` = 250140;
INSERT INTO `waypoint_data` (`id`, `point`, `position_x`, `position_y`, `position_z`, `orientation`, `delay`, `move_flag`, `action`, `action_chance`, `inverse_formation_angle`, `wpguid`) VALUES
(250140, '1', '1370.21', '1086.79', '214.304', '0', '0', '0', '0', '100', '0', '0'),
(250140, '2', '1371.13', '1086.41', '214.304', '0', '0', '0', '0', '100', '0', '0'),
(250140, '3', '1378.89', '1083.77', '214.215', '0', '0', '0', '0', '100', '0', '0'),
(250140, '4', '1383.54', '1082.19', '213.947', '0', '0', '0', '0', '100', '0', '0'),
(250140, '5', '1385.57', '1081.5', '213.173', '0', '0', '0', '0', '100', '0', '0'),
(250140, '6', '1389.74', '1080.08', '212.996', '0', '0', '0', '0', '100', '0', '0'),
(250140, '7', '1401.23', '1076.17', '212.924', '0', '0', '0', '0', '100', '0', '0'),
(250140, '8', '1404.06', '1075.21', '212.755', '0', '0', '0', '0', '100', '0', '0'),
(250140, '9', '1408.83', '1073.59', '212.539', '0', '0', '0', '0', '100', '0', '0'),
(250140, '10', '1408.83', '1073.59', '212.539', '0', '0', '0', '0', '100', '0', '0');


INSERT INTO `creature` (`guid`, `id`, `map`, `zone`, `area`, `spawnMask`, `phaseMask`, `modelid`, `equipment_id`, `position_x`, `position_y`, `position_z`, `orientation`, `spawntimesecs`, `spawndist`, `currentwaypoint`, `curhealth`, `curmana`, `MovementType`, `npcflag`, `unit_flags`, `dynamicflags`) VALUES (250141, '42428', '725', '0', '0', '3', '1', '37236', '1', '1318.26', '1100.58', '212.814', '0.351917', '7200', '0', '0', '10736', '0', '0', '0', '0', '0');

INSERT INTO `creature` (`guid`, `id`, `map`, `zone`, `area`, `spawnMask`, `phaseMask`, `modelid`, `equipment_id`, `position_x`, `position_y`, `position_z`, `orientation`, `spawntimesecs`, `spawndist`, `currentwaypoint`, `curhealth`, `curmana`, `MovementType`, `npcflag`, `unit_flags`, `dynamicflags`) VALUES (250142, '42428', '725', '0', '0', '3', '1', '37238', '1', '1325', '1098.65', '213.415', '0.175718', '7200', '0', '0', '10736', '0', '2', '0', '0', '0');
DELETE FROM `creature_addon` WHERE `guid` = 250142;
INSERT INTO `creature_addon` (`guid`, `path_id`, `mount`, `bytes1`, `bytes2`, `emote`, `auras`) VALUES (250142, '250142', '0', '0', '1', '0', '0');

DELETE FROM `waypoint_data` WHERE `id` = 250142;
INSERT INTO `waypoint_data` (`id`, `point`, `position_x`, `position_y`, `position_z`, `orientation`, `delay`, `move_flag`, `action`, `action_chance`, `inverse_formation_angle`, `wpguid`) VALUES
(250142, '1', '1308.21', '1095.6', '213.086', '0', '0', '0', '0', '100', '0', '0'),
(250142, '2', '1307.22', '1095.49', '213.086', '0', '0', '0', '0', '100', '0', '0'),
(250142, '3', '1311.46', '1096.25', '212.943', '0', '0', '0', '0', '100', '0', '0'),
(250142, '4', '1319.72', '1097.71', '213.032', '0', '0', '0', '0', '100', '0', '0'),
(250142, '5', '1327.61', '1099.11', '213.604', '0', '0', '0', '0', '100', '0', '0'),
(250142, '6', '1330.1', '1099.56', '214.291', '0', '0', '0', '0', '100', '0', '0'),
(250142, '7', '1341.34', '1101.55', '214.341', '0', '0', '0', '0', '100', '0', '0'),
(250142, '8', '1341.34', '1101.55', '214.341', '0', '0', '0', '0', '100', '0', '0');


INSERT INTO `creature` (`guid`, `id`, `map`, `zone`, `area`, `spawnMask`, `phaseMask`, `modelid`, `equipment_id`, `position_x`, `position_y`, `position_z`, `orientation`, `spawntimesecs`, `spawndist`, `currentwaypoint`, `curhealth`, `curmana`, `MovementType`, `npcflag`, `unit_flags`, `dynamicflags`) VALUES (250143, '42428', '725', '0', '0', '3', '1', '37238', '1', '1322.7', '1099.14', '213.208', '6.08944', '7200', '0', '0', '10736', '0', '2', '0', '0', '0');
DELETE FROM `creature_addon` WHERE `guid` = 250143;
INSERT INTO `creature_addon` (`guid`, `path_id`, `mount`, `bytes1`, `bytes2`, `emote`, `auras`) VALUES (250143, '250143', '0', '0', '1', '0', '0');

DELETE FROM `waypoint_data` WHERE `id` = 250143;
INSERT INTO `waypoint_data` (`id`, `point`, `position_x`, `position_y`, `position_z`, `orientation`, `delay`, `move_flag`, `action`, `action_chance`, `inverse_formation_angle`, `wpguid`) VALUES
(250143, '1', '1321.71', '1098.96', '213.208', '0', '0', '0', '0', '100', '0', '0'),
(250143, '2', '1322.7', '1099.14', '213.208', '0', '0', '0', '0', '100', '0', '0'),
(250143, '3', '1326.97', '1098.3', '213.588', '0', '0', '0', '0', '100', '0', '0'),
(250143, '4', '1328.78', '1097.94', '214.25', '0', '0', '0', '0', '100', '0', '0'),
(250143, '5', '1338.83', '1095.97', '214.251', '0', '0', '0', '0', '100', '0', '0'),
(250143, '6', '1338.83', '1095.97', '214.251', '0', '0', '0', '0', '100', '0', '0');


INSERT INTO `creature` (`guid`, `id`, `map`, `zone`, `area`, `spawnMask`, `phaseMask`, `modelid`, `equipment_id`, `position_x`, `position_y`, `position_z`, `orientation`, `spawntimesecs`, `spawndist`, `currentwaypoint`, `curhealth`, `curmana`, `MovementType`, `npcflag`, `unit_flags`, `dynamicflags`) VALUES (250144, '42428', '725', '0', '0', '3', '1', '37235', '1', '1372.7', '1100.46', '214.376', '5.69734', '7200', '0', '0', '10736', '0', '2', '0', '0', '0');
DELETE FROM `creature_addon` WHERE `guid` = 250144;
INSERT INTO `creature_addon` (`guid`, `path_id`, `mount`, `bytes1`, `bytes2`, `emote`, `auras`) VALUES (250144, '250144', '0', '0', '1', '0', '0');

DELETE FROM `waypoint_data` WHERE `id` = 250144;
INSERT INTO `waypoint_data` (`id`, `point`, `position_x`, `position_y`, `position_z`, `orientation`, `delay`, `move_flag`, `action`, `action_chance`, `inverse_formation_angle`, `wpguid`) VALUES
(250144, '1', '1367.69', '1103.05', '214.389', '0', '0', '0', '0', '100', '0', '0'),
(250144, '2', '1368.69', '1103.12', '214.389', '0', '0', '0', '0', '100', '0', '0'),
(250144, '3', '1380.16', '1095.51', '214.352', '0', '0', '0', '0', '100', '0', '0'),
(250144, '4', '1383.61', '1093.22', '213.698', '0', '0', '0', '0', '100', '0', '0'),
(250144, '5', '1389.27', '1089.46', '213.124', '0', '0', '0', '0', '100', '0', '0'),
(250144, '6', '1396.14', '1084.91', '212.997', '0', '0', '0', '0', '100', '0', '0'),
(250144, '7', '1402.95', '1080.38', '212.929', '0', '0', '0', '0', '100', '0', '0'),
(250144, '8', '1406.95', '1077.73', '212.658', '0', '0', '0', '0', '100', '0', '0'),
(250144, '9', '1406.95', '1077.73', '212.658', '0', '0', '0', '0', '100', '0', '0');


INSERT INTO `creature` (`guid`, `id`, `map`, `zone`, `area`, `spawnMask`, `phaseMask`, `modelid`, `equipment_id`, `position_x`, `position_y`, `position_z`, `orientation`, `spawntimesecs`, `spawndist`, `currentwaypoint`, `curhealth`, `curmana`, `MovementType`, `npcflag`, `unit_flags`, `dynamicflags`) VALUES (250145, '42428', '725', '0', '0', '3', '1', '37235', '1', '1316.98', '1096.28', '213.07', '0.466837', '7200', '0', '0', '10736', '0', '2', '0', '0', '0');
DELETE FROM `creature_addon` WHERE `guid` = 250145;
INSERT INTO `creature_addon` (`guid`, `path_id`, `mount`, `bytes1`, `bytes2`, `emote`, `auras`) VALUES (250145, '250145', '0', '0', '1', '0', '0');

DELETE FROM `waypoint_data` WHERE `id` = 250145;
INSERT INTO `waypoint_data` (`id`, `point`, `position_x`, `position_y`, `position_z`, `orientation`, `delay`, `move_flag`, `action`, `action_chance`, `inverse_formation_angle`, `wpguid`) VALUES
(250145, '1', '1308.29', '1091.3', '212.962', '0', '0', '0', '0', '100', '0', '0'),
(250145, '2', '1307.29', '1091.39', '212.962', '0', '0', '0', '0', '100', '0', '0'),
(250145, '3', '1311.24', '1093.38', '213.144', '0', '0', '0', '0', '100', '0', '0'),
(250145, '4', '1319.74', '1097.67', '213.035', '0', '0', '0', '0', '100', '0', '0'),
(250145, '5', '1325.2', '1100.42', '213.354', '0', '0', '0', '0', '100', '0', '0'),
(250145, '6', '1325.2', '1100.42', '213.354', '0', '0', '0', '0', '100', '0', '0');


INSERT INTO `creature` (`guid`, `id`, `map`, `zone`, `area`, `spawnMask`, `phaseMask`, `modelid`, `equipment_id`, `position_x`, `position_y`, `position_z`, `orientation`, `spawntimesecs`, `spawndist`, `currentwaypoint`, `curhealth`, `curmana`, `MovementType`, `npcflag`, `unit_flags`, `dynamicflags`) VALUES (250146, '42428', '725', '0', '0', '3', '1', '37238', '1', '1305.67', '1096.83', '213.132', '5.85346', '7200', '0', '0', '10736', '0', '2', '0', '0', '0');
DELETE FROM `creature_addon` WHERE `guid` = 250146;
INSERT INTO `creature_addon` (`guid`, `path_id`, `mount`, `bytes1`, `bytes2`, `emote`, `auras`) VALUES (250146, '250146', '0', '0', '1', '0', '0');

DELETE FROM `waypoint_data` WHERE `id` = 250146;
INSERT INTO `waypoint_data` (`id`, `point`, `position_x`, `position_y`, `position_z`, `orientation`, `delay`, `move_flag`, `action`, `action_chance`, `inverse_formation_angle`, `wpguid`) VALUES
(250146, '1', '1302.52', '1098.05', '213.102', '0', '0', '0', '0', '100', '0', '0'),
(250146, '2', '1303.5', '1097.83', '213.102', '0', '0', '0', '0', '100', '0', '0'),
(250146, '3', '1306.57', '1096.42', '213.144', '0', '0', '0', '0', '100', '0', '0'),
(250146, '4', '1309.81', '1094.93', '212.992', '0', '0', '0', '0', '100', '0', '0'),
(250146, '5', '1314.12', '1092.96', '213.215', '0', '0', '0', '0', '100', '0', '0'),
(250146, '6', '1323.47', '1088.68', '213.508', '0', '0', '0', '0', '100', '0', '0'),
(250146, '7', '1323.94', '1088.46', '213.634', '0', '0', '0', '0', '100', '0', '0'),
(250146, '8', '1323.94', '1088.46', '213.634', '0', '0', '0', '0', '100', '0', '0');


INSERT INTO `creature` (`guid`, `id`, `map`, `zone`, `area`, `spawnMask`, `phaseMask`, `modelid`, `equipment_id`, `position_x`, `position_y`, `position_z`, `orientation`, `spawntimesecs`, `spawndist`, `currentwaypoint`, `curhealth`, `curmana`, `MovementType`, `npcflag`, `unit_flags`, `dynamicflags`) VALUES (250147, '42428', '725', '0', '0', '3', '1', '37238', '1', '1330.27', '1096.71', '214.224', '0.319977', '7200', '0', '0', '10736', '0', '2', '0', '0', '0');
DELETE FROM `creature_addon` WHERE `guid` = 250147;
INSERT INTO `creature_addon` (`guid`, `path_id`, `mount`, `bytes1`, `bytes2`, `emote`, `auras`) VALUES (250147, '250147', '0', '0', '1', '0', '0');

DELETE FROM `waypoint_data` WHERE `id` = 250147;
INSERT INTO `waypoint_data` (`id`, `point`, `position_x`, `position_y`, `position_z`, `orientation`, `delay`, `move_flag`, `action`, `action_chance`, `inverse_formation_angle`, `wpguid`) VALUES
(250147, '1', '1320.8', '1094.62', '213.324', '0', '0', '0', '0', '100', '0', '0'),
(250147, '2', '1321.21', '1093.7', '213.324', '0', '0', '0', '0', '100', '0', '0'),
(250147, '3', '1324.14', '1094.68', '213.518', '0', '0', '0', '0', '100', '0', '0'),
(250147, '4', '1326.85', '1095.57', '214.189', '0', '0', '0', '0', '100', '0', '0'),
(250147, '5', '1339.28', '1099.69', '214.316', '0', '0', '0', '0', '100', '0', '0'),
(250147, '6', '1339.28', '1099.69', '214.316', '0', '0', '0', '0', '100', '0', '0');


INSERT INTO `creature` (`guid`, `id`, `map`, `zone`, `area`, `spawnMask`, `phaseMask`, `modelid`, `equipment_id`, `position_x`, `position_y`, `position_z`, `orientation`, `spawntimesecs`, `spawndist`, `currentwaypoint`, `curhealth`, `curmana`, `MovementType`, `npcflag`, `unit_flags`, `dynamicflags`) VALUES (250148, '42428', '725', '0', '0', '3', '1', '37235', '1', '1319.17', '1092.94', '213.328', '6.04468', '7200', '0', '0', '10736', '0', '2', '0', '0', '0');
DELETE FROM `creature_addon` WHERE `guid` = 250148;
INSERT INTO `creature_addon` (`guid`, `path_id`, `mount`, `bytes1`, `bytes2`, `emote`, `auras`) VALUES (250148, '250148', '0', '0', '1', '0', '0');

DELETE FROM `waypoint_data` WHERE `id` = 250148;
INSERT INTO `waypoint_data` (`id`, `point`, `position_x`, `position_y`, `position_z`, `orientation`, `delay`, `move_flag`, `action`, `action_chance`, `inverse_formation_angle`, `wpguid`) VALUES
(250148, '1', '1307.63', '1095.48', '213.037', '0', '0', '0', '0', '100', '0', '0'),
(250148, '2', '1308.63', '1095.51', '213.037', '0', '0', '0', '0', '100', '0', '0'),
(250148, '3', '1310.09', '1095.15', '212.984', '0', '0', '0', '0', '100', '0', '0'),
(250148, '4', '1321.72', '1092.32', '213.425', '0', '0', '0', '0', '100', '0', '0'),
(250148, '5', '1323.78', '1091.82', '214.092', '0', '0', '0', '0', '100', '0', '0'),
(250148, '6', '1324.96', '1091.53', '214.233', '0', '0', '0', '0', '100', '0', '0'),
(250148, '7', '1336.13', '1088.82', '214.194', '0', '0', '0', '0', '100', '0', '0'),
(250148, '8', '1346.2', '1086.37', '214.005', '0', '0', '0', '0', '100', '0', '0'),
(250148, '9', '1351.32', '1085.12', '214.098', '0', '0', '0', '0', '100', '0', '0'),
(250148, '10', '1351.32', '1085.12', '214.098', '0', '0', '0', '0', '100', '0', '0');


INSERT INTO `creature` (`guid`, `id`, `map`, `zone`, `area`, `spawnMask`, `phaseMask`, `modelid`, `equipment_id`, `position_x`, `position_y`, `position_z`, `orientation`, `spawntimesecs`, `spawndist`, `currentwaypoint`, `curhealth`, `curmana`, `MovementType`, `npcflag`, `unit_flags`, `dynamicflags`) VALUES (250149, '42428', '725', '0', '0', '3', '1', '37237', '1', '1394.5', '1086.55', '213.012', '5.73944', '7200', '0', '0', '10736', '0', '2', '0', '0', '0');
DELETE FROM `creature_addon` WHERE `guid` = 250149;
INSERT INTO `creature_addon` (`guid`, `path_id`, `mount`, `bytes1`, `bytes2`, `emote`, `auras`) VALUES (250149, '250149', '0', '0', '1', '0', '0');

DELETE FROM `waypoint_data` WHERE `id` = 250149;
INSERT INTO `waypoint_data` (`id`, `point`, `position_x`, `position_y`, `position_z`, `orientation`, `delay`, `move_flag`, `action`, `action_chance`, `inverse_formation_angle`, `wpguid`) VALUES
(250149, '1', '1368.01', '1101.74', '214.386', '0', '0', '0', '0', '100', '0', '0'),
(250149, '2', '1367.77', '1102.71', '214.386', '0', '0', '0', '0', '100', '0', '0'),
(250149, '3', '1380.44', '1095.05', '214.35', '0', '0', '0', '0', '100', '0', '0'),
(250149, '4', '1383.54', '1093.18', '213.729', '0', '0', '0', '0', '100', '0', '0'),
(250149, '5', '1389.39', '1089.64', '213.115', '0', '0', '0', '0', '100', '0', '0'),
(250149, '6', '1396.47', '1085.36', '212.973', '0', '0', '0', '0', '100', '0', '0'),
(250149, '7', '1403.3', '1081.23', '212.93', '0', '0', '0', '0', '100', '0', '0'),
(250149, '8', '1408.59', '1078.03', '212.576', '0', '0', '0', '0', '100', '0', '0'),
(250149, '9', '1409.33', '1077.58', '212.633', '0', '0', '0', '0', '100', '0', '0'),
(250149, '10', '1409.33', '1077.58', '212.633', '0', '0', '0', '0', '100', '0', '0');


INSERT INTO `creature` (`guid`, `id`, `map`, `zone`, `area`, `spawnMask`, `phaseMask`, `modelid`, `equipment_id`, `position_x`, `position_y`, `position_z`, `orientation`, `spawntimesecs`, `spawndist`, `currentwaypoint`, `curhealth`, `curmana`, `MovementType`, `npcflag`, `unit_flags`, `dynamicflags`) VALUES (250150, '42428', '725', '0', '0', '3', '1', '37235', '1', '1366.15', '1079.08', '214.24', '5.84927', '7200', '0', '0', '10736', '0', '2', '0', '0', '0');
DELETE FROM `creature_addon` WHERE `guid` = 250150;
INSERT INTO `creature_addon` (`guid`, `path_id`, `mount`, `bytes1`, `bytes2`, `emote`, `auras`) VALUES (250150, '250150', '0', '0', '1', '0', '0');

DELETE FROM `waypoint_data` WHERE `id` = 250150;
INSERT INTO `waypoint_data` (`id`, `point`, `position_x`, `position_y`, `position_z`, `orientation`, `delay`, `move_flag`, `action`, `action_chance`, `inverse_formation_angle`, `wpguid`) VALUES
(250150, '1', '1324.6', '1098.97', '213.298', '0', '0', '0', '0', '100', '0', '0'),
(250150, '2', '1323.62', '1098.79', '213.298', '0', '0', '0', '0', '100', '0', '0'),
(250150, '3', '1326.36', '1097.52', '213.573', '0', '0', '0', '0', '100', '0', '0'),
(250150, '4', '1327.87', '1096.82', '214.221', '0', '0', '0', '0', '100', '0', '0'),
(250150, '5', '1338.2', '1092.04', '214.182', '0', '0', '0', '0', '100', '0', '0'),
(250150, '6', '1339.22', '1091.56', '214.178', '0', '0', '0', '0', '100', '0', '0'),
(250150, '7', '1346.53', '1088.18', '214.028', '0', '0', '0', '0', '100', '0', '0'),
(250150, '8', '1365.91', '1079.2', '214.259', '0', '0', '0', '0', '100', '0', '0'),
(250150, '9', '1370.98', '1076.85', '213.865', '0', '0', '0', '0', '100', '0', '0'),
(250150, '10', '1370.98', '1076.85', '213.865', '0', '0', '0', '0', '100', '0', '0');


INSERT INTO `creature` (`guid`, `id`, `map`, `zone`, `area`, `spawnMask`, `phaseMask`, `modelid`, `equipment_id`, `position_x`, `position_y`, `position_z`, `orientation`, `spawntimesecs`, `spawndist`, `currentwaypoint`, `curhealth`, `curmana`, `MovementType`, `npcflag`, `unit_flags`, `dynamicflags`) VALUES (250151, '42428', '725', '0', '0', '3', '1', '37235', '1', '1347.48', '1098.36', '214.255', '0.400902', '7200', '0', '0', '10736', '0', '2', '0', '0', '0');
DELETE FROM `creature_addon` WHERE `guid` = 250151;
INSERT INTO `creature_addon` (`guid`, `path_id`, `mount`, `bytes1`, `bytes2`, `emote`, `auras`) VALUES (250151, '250151', '0', '0', '1', '0', '0');

DELETE FROM `waypoint_data` WHERE `id` = 250151;
INSERT INTO `waypoint_data` (`id`, `point`, `position_x`, `position_y`, `position_z`, `orientation`, `delay`, `move_flag`, `action`, `action_chance`, `inverse_formation_angle`, `wpguid`) VALUES
(250151, '1', '1339.58', '1094.33', '214.227', '0', '0', '0', '0', '100', '0', '0'),
(250151, '2', '1338.62', '1094.6', '214.227', '0', '0', '0', '0', '100', '0', '0'),
(250151, '3', '1348.4', '1098.75', '214.257', '0', '0', '0', '0', '100', '0', '0'),
(250151, '4', '1354.56', '1101.36', '214.367', '0', '0', '0', '0', '100', '0', '0'),
(250151, '5', '1354.56', '1101.36', '214.367', '0', '0', '0', '0', '100', '0', '0');


INSERT INTO `creature` (`guid`, `id`, `map`, `zone`, `area`, `spawnMask`, `phaseMask`, `modelid`, `equipment_id`, `position_x`, `position_y`, `position_z`, `orientation`, `spawntimesecs`, `spawndist`, `currentwaypoint`, `curhealth`, `curmana`, `MovementType`, `npcflag`, `unit_flags`, `dynamicflags`) VALUES (250152, '43357', '725', '0', '0', '3', '1', '11686', '0', '1219.36', '1138.91', '260.191', '0', '7200', '0', '0', '5971', '0', '0', '0', '0', '0');
DELETE FROM `creature_addon` WHERE `guid` = 250152;
INSERT INTO `creature_addon` (`guid`, `path_id`, `mount`, `bytes1`, `bytes2`, `emote`, `auras`) VALUES (250152, '0', '0', '33554432', '1', '0', '81027');

INSERT INTO `creature` (`guid`, `id`, `map`, `zone`, `area`, `spawnMask`, `phaseMask`, `modelid`, `equipment_id`, `position_x`, `position_y`, `position_z`, `orientation`, `spawntimesecs`, `spawndist`, `currentwaypoint`, `curhealth`, `curmana`, `MovementType`, `npcflag`, `unit_flags`, `dynamicflags`) VALUES (250153, '42808', '725', '0', '0', '3', '1', '21392', '0', '1095.49', '1060.31', '268.698', '2.00713', '7200', '0', '0', '312753', '0', '0', '0', '0', '0');

INSERT INTO `creature` (`guid`, `id`, `map`, `zone`, `area`, `spawnMask`, `phaseMask`, `modelid`, `equipment_id`, `position_x`, `position_y`, `position_z`, `orientation`, `spawntimesecs`, `spawndist`, `currentwaypoint`, `curhealth`, `curmana`, `MovementType`, `npcflag`, `unit_flags`, `dynamicflags`) VALUES (250154, '42808', '725', '0', '0', '3', '1', '21392', '0', '1097.81', '1066.22', '268.649', '3.12414', '7200', '0', '0', '312753', '0', '0', '0', '0', '0');
DELETE FROM `creature_addon` WHERE `guid` = 250154;
INSERT INTO `creature_addon` (`guid`, `path_id`, `mount`, `bytes1`, `bytes2`, `emote`, `auras`) VALUES (250154, '0', '0', '0', '1', '438', '0');

INSERT INTO `creature` (`guid`, `id`, `map`, `zone`, `area`, `spawnMask`, `phaseMask`, `modelid`, `equipment_id`, `position_x`, `position_y`, `position_z`, `orientation`, `spawntimesecs`, `spawndist`, `currentwaypoint`, `curhealth`, `curmana`, `MovementType`, `npcflag`, `unit_flags`, `dynamicflags`) VALUES (250155, '42810', '725', '0', '0', '3', '1', '19688', '0', '1186.97', '1064.88', '263.543', '5.01415', '7200', '0', '0', '536810', '0', '2', '0', '0', '0');
DELETE FROM `creature_addon` WHERE `guid` = 250155;
INSERT INTO `creature_addon` (`guid`, `path_id`, `mount`, `bytes1`, `bytes2`, `emote`, `auras`) VALUES (250155, '250155', '0', '0', '1', '0', '0');

DELETE FROM `waypoint_data` WHERE `id` = 250155;
INSERT INTO `waypoint_data` (`id`, `point`, `position_x`, `position_y`, `position_z`, `orientation`, `delay`, `move_flag`, `action`, `action_chance`, `inverse_formation_angle`, `wpguid`) VALUES
(250155, '1', '1183.14', '1078.44', '263.881', '0', '0', '0', '0', '100', '0', '0'),
(250155, '2', '1183.06', '1077.44', '263.881', '0', '0', '0', '0', '100', '0', '0'),
(250155, '3', '1184.12', '1074.01', '263.511', '0', '0', '0', '0', '100', '0', '0'),
(250155, '4', '1185.62', '1069.2', '264.023', '0', '0', '0', '0', '100', '0', '0'),
(250155, '5', '1185.99', '1068.02', '264.089', '0', '0', '0', '0', '100', '0', '0'),
(250155, '6', '1186.41', '1066.67', '263.896', '0', '0', '0', '0', '100', '0', '0'),
(250155, '7', '1187.2', '1064.15', '263.398', '0', '0', '0', '0', '100', '0', '0'),
(250155, '8', '1187.34', '1063.68', '263.367', '0', '0', '0', '0', '100', '0', '0'),
(250155, '9', '1187.34', '1063.68', '263.367', '0', '0', '0', '0', '100', '0', '0');


INSERT INTO `creature` (`guid`, `id`, `map`, `zone`, `area`, `spawnMask`, `phaseMask`, `modelid`, `equipment_id`, `position_x`, `position_y`, `position_z`, `orientation`, `spawntimesecs`, `spawndist`, `currentwaypoint`, `curhealth`, `curmana`, `MovementType`, `npcflag`, `unit_flags`, `dynamicflags`) VALUES (250156, '42810', '725', '0', '0', '3', '1', '19688', '0', '1077.18', '974.287', '261.679', '0.907739', '7200', '0', '0', '536810', '0', '2', '0', '0', '0');
DELETE FROM `creature_addon` WHERE `guid` = 250156;
INSERT INTO `creature_addon` (`guid`, `path_id`, `mount`, `bytes1`, `bytes2`, `emote`, `auras`) VALUES (250156, '250156', '0', '0', '1', '0', '0');

DELETE FROM `waypoint_data` WHERE `id` = 250156;
INSERT INTO `waypoint_data` (`id`, `point`, `position_x`, `position_y`, `position_z`, `orientation`, `delay`, `move_flag`, `action`, `action_chance`, `inverse_formation_angle`, `wpguid`) VALUES
(250156, '1', '1069.71', '964.722', '260.119', '0', '0', '0', '0', '100', '0', '0'),
(250156, '2', '1069.09', '963.934', '260.119', '0', '0', '0', '0', '100', '0', '0'),
(250156, '3', '1069.99', '965.081', '260.153', '0', '0', '0', '0', '100', '0', '0'),
(250156, '4', '1073.97', '970.174', '260.947', '0', '0', '0', '0', '100', '0', '0'),
(250156, '5', '1074.71', '971.126', '260.997', '0', '0', '0', '0', '100', '0', '0'),
(250156, '6', '1075.33', '971.917', '261.259', '0', '0', '0', '0', '100', '0', '0'),
(250156, '7', '1078.81', '976.372', '262.048', '0', '0', '0', '0', '100', '0', '0'),
(250156, '8', '1082.35', '980.906', '263.385', '0', '0', '0', '0', '100', '0', '0'),
(250156, '9', '1083.35', '982.196', '263.644', '0', '0', '0', '0', '100', '0', '0'),
(250156, '10', '1087.14', '987.039', '264.167', '0', '0', '0', '0', '100', '0', '0'),
(250156, '11', '1088.03', '988.184', '264.375', '0', '0', '0', '0', '100', '0', '0'),
(250156, '12', '1090.34', '991.143', '264.167', '0', '0', '0', '0', '100', '0', '0'),
(250156, '13', '1091.63', '992.785', '264.373', '0', '0', '0', '0', '100', '0', '0'),
(250156, '14', '1091.63', '992.785', '264.373', '0', '0', '0', '0', '100', '0', '0');


INSERT INTO `creature` (`guid`, `id`, `map`, `zone`, `area`, `spawnMask`, `phaseMask`, `modelid`, `equipment_id`, `position_x`, `position_y`, `position_z`, `orientation`, `spawntimesecs`, `spawndist`, `currentwaypoint`, `curhealth`, `curmana`, `MovementType`, `npcflag`, `unit_flags`, `dynamicflags`) VALUES (250157, '43357', '725', '0', '0', '3', '1', '11686', '0', '1218.25', '1167.77', '253.583', '0', '7200', '0', '0', '5971', '0', '0', '0', '0', '0');
DELETE FROM `creature_addon` WHERE `guid` = 250157;
INSERT INTO `creature_addon` (`guid`, `path_id`, `mount`, `bytes1`, `bytes2`, `emote`, `auras`) VALUES (250157, '0', '0', '33554432', '1', '0', '81027');

INSERT INTO `creature` (`guid`, `id`, `map`, `zone`, `area`, `spawnMask`, `phaseMask`, `modelid`, `equipment_id`, `position_x`, `position_y`, `position_z`, `orientation`, `spawntimesecs`, `spawndist`, `currentwaypoint`, `curhealth`, `curmana`, `MovementType`, `npcflag`, `unit_flags`, `dynamicflags`) VALUES (250158, '42808', '725', '0', '0', '3', '1', '21392', '0', '1209.56', '1039.46', '259.72', '0.0349066', '7200', '0', '0', '312753', '0', '0', '0', '0', '0');
DELETE FROM `creature_addon` WHERE `guid` = 250158;
INSERT INTO `creature_addon` (`guid`, `path_id`, `mount`, `bytes1`, `bytes2`, `emote`, `auras`) VALUES (250158, '0', '0', '0', '1', '438', '0');

INSERT INTO `creature` (`guid`, `id`, `map`, `zone`, `area`, `spawnMask`, `phaseMask`, `modelid`, `equipment_id`, `position_x`, `position_y`, `position_z`, `orientation`, `spawntimesecs`, `spawndist`, `currentwaypoint`, `curhealth`, `curmana`, `MovementType`, `npcflag`, `unit_flags`, `dynamicflags`) VALUES (250159, '42808', '725', '0', '0', '3', '1', '21392', '0', '1212.76', '1046.98', '260.061', '5.63741', '7200', '0', '0', '312753', '0', '0', '0', '0', '0');

INSERT INTO `creature` (`guid`, `id`, `map`, `zone`, `area`, `spawnMask`, `phaseMask`, `modelid`, `equipment_id`, `position_x`, `position_y`, `position_z`, `orientation`, `spawntimesecs`, `spawndist`, `currentwaypoint`, `curhealth`, `curmana`, `MovementType`, `npcflag`, `unit_flags`, `dynamicflags`) VALUES (250160, '42808', '725', '0', '0', '3', '1', '21392', '0', '1124.59', '1091.95', '260.654', '1.6057', '7200', '0', '0', '312753', '0', '0', '0', '0', '0');
DELETE FROM `creature_addon` WHERE `guid` = 250160;
INSERT INTO `creature_addon` (`guid`, `path_id`, `mount`, `bytes1`, `bytes2`, `emote`, `auras`) VALUES (250160, '0', '0', '0', '1', '438', '0');

INSERT INTO `creature` (`guid`, `id`, `map`, `zone`, `area`, `spawnMask`, `phaseMask`, `modelid`, `equipment_id`, `position_x`, `position_y`, `position_z`, `orientation`, `spawntimesecs`, `spawndist`, `currentwaypoint`, `curhealth`, `curmana`, `MovementType`, `npcflag`, `unit_flags`, `dynamicflags`) VALUES (250161, '42808', '725', '0', '0', '3', '1', '21392', '0', '1131.7', '1097.41', '262.375', '3.68265', '7200', '0', '0', '312753', '0', '0', '0', '0', '0');

INSERT INTO `creature` (`guid`, `id`, `map`, `zone`, `area`, `spawnMask`, `phaseMask`, `modelid`, `equipment_id`, `position_x`, `position_y`, `position_z`, `orientation`, `spawntimesecs`, `spawndist`, `currentwaypoint`, `curhealth`, `curmana`, `MovementType`, `npcflag`, `unit_flags`, `dynamicflags`) VALUES (250162, '42808', '725', '0', '0', '3', '1', '21392', '0', '1175.86', '1020.06', '270.911', '6.03884', '7200', '0', '0', '312753', '0', '0', '0', '0', '0');

INSERT INTO `creature` (`guid`, `id`, `map`, `zone`, `area`, `spawnMask`, `phaseMask`, `modelid`, `equipment_id`, `position_x`, `position_y`, `position_z`, `orientation`, `spawntimesecs`, `spawndist`, `currentwaypoint`, `curhealth`, `curmana`, `MovementType`, `npcflag`, `unit_flags`, `dynamicflags`) VALUES (250163, '42808', '725', '0', '0', '3', '1', '21392', '0', '1182.13', '1014.27', '272.226', '1.95477', '7200', '0', '0', '312753', '0', '0', '0', '0', '0');
DELETE FROM `creature_addon` WHERE `guid` = 250163;
INSERT INTO `creature_addon` (`guid`, `path_id`, `mount`, `bytes1`, `bytes2`, `emote`, `auras`) VALUES (250163, '0', '0', '0', '1', '438', '0');

INSERT INTO `creature` (`guid`, `id`, `map`, `zone`, `area`, `spawnMask`, `phaseMask`, `modelid`, `equipment_id`, `position_x`, `position_y`, `position_z`, `orientation`, `spawntimesecs`, `spawndist`, `currentwaypoint`, `curhealth`, `curmana`, `MovementType`, `npcflag`, `unit_flags`, `dynamicflags`) VALUES (250164, '42808', '725', '0', '0', '3', '1', '21392', '0', '1128.04', '966.894', '284.703', '1.71042', '7200', '0', '0', '312753', '0', '0', '0', '0', '0');
DELETE FROM `creature_addon` WHERE `guid` = 250164;
INSERT INTO `creature_addon` (`guid`, `path_id`, `mount`, `bytes1`, `bytes2`, `emote`, `auras`) VALUES (250164, '0', '0', '0', '1', '438', '0');

INSERT INTO `creature` (`guid`, `id`, `map`, `zone`, `area`, `spawnMask`, `phaseMask`, `modelid`, `equipment_id`, `position_x`, `position_y`, `position_z`, `orientation`, `spawntimesecs`, `spawndist`, `currentwaypoint`, `curhealth`, `curmana`, `MovementType`, `npcflag`, `unit_flags`, `dynamicflags`) VALUES (250165, '42808', '725', '0', '0', '3', '1', '21392', '0', '1134.26', '970.01', '284.254', '2.67035', '7200', '0', '0', '312753', '0', '0', '0', '0', '0');

INSERT INTO `creature` (`guid`, `id`, `map`, `zone`, `area`, `spawnMask`, `phaseMask`, `modelid`, `equipment_id`, `position_x`, `position_y`, `position_z`, `orientation`, `spawntimesecs`, `spawndist`, `currentwaypoint`, `curhealth`, `curmana`, `MovementType`, `npcflag`, `unit_flags`, `dynamicflags`) VALUES (250166, '42808', '725', '0', '0', '3', '1', '21392', '0', '1157.27', '1062.51', '265.341', '0.872665', '7200', '0', '0', '312753', '0', '0', '0', '0', '0');

INSERT INTO `creature` (`guid`, `id`, `map`, `zone`, `area`, `spawnMask`, `phaseMask`, `modelid`, `equipment_id`, `position_x`, `position_y`, `position_z`, `orientation`, `spawntimesecs`, `spawndist`, `currentwaypoint`, `curhealth`, `curmana`, `MovementType`, `npcflag`, `unit_flags`, `dynamicflags`) VALUES (250167, '42808', '725', '0', '0', '3', '1', '21392', '0', '1167.02', '1065.92', '265.619', '3.07178', '7200', '0', '0', '312753', '0', '0', '0', '0', '0');
DELETE FROM `creature_addon` WHERE `guid` = 250167;
INSERT INTO `creature_addon` (`guid`, `path_id`, `mount`, `bytes1`, `bytes2`, `emote`, `auras`) VALUES (250167, '0', '0', '0', '1', '438', '0');

INSERT INTO `creature` (`guid`, `id`, `map`, `zone`, `area`, `spawnMask`, `phaseMask`, `modelid`, `equipment_id`, `position_x`, `position_y`, `position_z`, `orientation`, `spawntimesecs`, `spawndist`, `currentwaypoint`, `curhealth`, `curmana`, `MovementType`, `npcflag`, `unit_flags`, `dynamicflags`) VALUES (250168, '42808', '725', '0', '0', '3', '1', '21392', '0', '1162.46', '1062.5', '265.152', '1.88496', '7200', '0', '0', '312753', '0', '0', '0', '0', '0');

INSERT INTO `creature` (`guid`, `id`, `map`, `zone`, `area`, `spawnMask`, `phaseMask`, `modelid`, `equipment_id`, `position_x`, `position_y`, `position_z`, `orientation`, `spawntimesecs`, `spawndist`, `currentwaypoint`, `curhealth`, `curmana`, `MovementType`, `npcflag`, `unit_flags`, `dynamicflags`) VALUES (250169, '42692', '725', '0', '0', '3', '1', '20856', '1', '1537.42', '1084.76', '215.99', '0.339769', '7200', '0', '0', '590491', '0', '2', '0', '0', '0');
DELETE FROM `creature_addon` WHERE `guid` = 250169;
INSERT INTO `creature_addon` (`guid`, `path_id`, `mount`, `bytes1`, `bytes2`, `emote`, `auras`) VALUES (250169, '250169', '0', '0', '1', '0', '80222');

DELETE FROM `waypoint_data` WHERE `id` = 250169;
INSERT INTO `waypoint_data` (`id`, `point`, `position_x`, `position_y`, `position_z`, `orientation`, `delay`, `move_flag`, `action`, `action_chance`, `inverse_formation_angle`, `wpguid`) VALUES
(250169, '1', '1518.89', '1078.74', '216.566', '0', '0', '0', '0', '100', '0', '0'),
(250169, '2', '1518', '1078.3', '216.566', '0', '0', '0', '0', '100', '0', '0'),
(250169, '3', '1521.67', '1079.19', '216.333', '0', '0', '0', '0', '100', '0', '0'),
(250169, '4', '1523.09', '1079.69', '216.237', '0', '0', '0', '0', '100', '0', '0'),
(250169, '5', '1531.63', '1082.71', '216.066', '0', '0', '0', '0', '100', '0', '0'),
(250169, '6', '1540.13', '1085.72', '215.954', '0', '0', '0', '0', '100', '0', '0'),
(250169, '7', '1540.13', '1085.72', '215.954', '0', '0', '0', '0', '100', '0', '0');


INSERT INTO `creature` (`guid`, `id`, `map`, `zone`, `area`, `spawnMask`, `phaseMask`, `modelid`, `equipment_id`, `position_x`, `position_y`, `position_z`, `orientation`, `spawntimesecs`, `spawndist`, `currentwaypoint`, `curhealth`, `curmana`, `MovementType`, `npcflag`, `unit_flags`, `dynamicflags`) VALUES (250170, '42696', '725', '0', '0', '3', '1', '37219', '1', '1568.07', '1132.3', '215.8', '5.34071', '7200', '0', '0', '312753', '0', '0', '0', '0', '0');

INSERT INTO `creature` (`guid`, `id`, `map`, `zone`, `area`, `spawnMask`, `phaseMask`, `modelid`, `equipment_id`, `position_x`, `position_y`, `position_z`, `orientation`, `spawntimesecs`, `spawndist`, `currentwaypoint`, `curhealth`, `curmana`, `MovementType`, `npcflag`, `unit_flags`, `dynamicflags`) VALUES (250171, '42696', '725', '0', '0', '3', '1', '37220', '1', '1556.93', '1130.29', '215.8', '1.41372', '7200', '0', '0', '312753', '0', '0', '0', '0', '0');

INSERT INTO `creature` (`guid`, `id`, `map`, `zone`, `area`, `spawnMask`, `phaseMask`, `modelid`, `equipment_id`, `position_x`, `position_y`, `position_z`, `orientation`, `spawntimesecs`, `spawndist`, `currentwaypoint`, `curhealth`, `curmana`, `MovementType`, `npcflag`, `unit_flags`, `dynamicflags`) VALUES (250172, '42696', '725', '0', '0', '3', '1', '37221', '1', '1557.37', '1134.91', '215.8', '4.5204', '7200', '0', '0', '312753', '0', '0', '0', '0', '0');

INSERT INTO `creature` (`guid`, `id`, `map`, `zone`, `area`, `spawnMask`, `phaseMask`, `modelid`, `equipment_id`, `position_x`, `position_y`, `position_z`, `orientation`, `spawntimesecs`, `spawndist`, `currentwaypoint`, `curhealth`, `curmana`, `MovementType`, `npcflag`, `unit_flags`, `dynamicflags`) VALUES (250173, '42691', '725', '0', '0', '3', '1', '37226', '1', '1570.68', '1129.42', '215.8', '2.3911', '7200', '0', '0', '312753', '16676', '0', '0', '0', '0');

INSERT INTO `creature` (`guid`, `id`, `map`, `zone`, `area`, `spawnMask`, `phaseMask`, `modelid`, `equipment_id`, `position_x`, `position_y`, `position_z`, `orientation`, `spawntimesecs`, `spawndist`, `currentwaypoint`, `curhealth`, `curmana`, `MovementType`, `npcflag`, `unit_flags`, `dynamicflags`) VALUES (250174, '42696', '725', '0', '0', '3', '1', '37220', '1', '1597.99', '1111.74', '216.348', '2.26893', '7200', '0', '0', '312753', '0', '0', '0', '0', '0');

INSERT INTO `creature` (`guid`, `id`, `map`, `zone`, `area`, `spawnMask`, `phaseMask`, `modelid`, `equipment_id`, `position_x`, `position_y`, `position_z`, `orientation`, `spawntimesecs`, `spawndist`, `currentwaypoint`, `curhealth`, `curmana`, `MovementType`, `npcflag`, `unit_flags`, `dynamicflags`) VALUES (250175, '42691', '725', '0', '0', '3', '1', '37226', '1', '1594.29', '1116.47', '216.274', '5.39307', '7200', '0', '0', '312753', '16676', '0', '0', '0', '0');

INSERT INTO `creature` (`guid`, `id`, `map`, `zone`, `area`, `spawnMask`, `phaseMask`, `modelid`, `equipment_id`, `position_x`, `position_y`, `position_z`, `orientation`, `spawntimesecs`, `spawndist`, `currentwaypoint`, `curhealth`, `curmana`, `MovementType`, `npcflag`, `unit_flags`, `dynamicflags`) VALUES (250176, '42789', '725', '0', '0', '3', '1', '1070', '1', '1597.9', '1115.89', '216.228', '3.89208', '7200', '0', '0', '312753', '25014', '0', '0', '0', '0');

INSERT INTO `creature` (`guid`, `id`, `map`, `zone`, `area`, `spawnMask`, `phaseMask`, `modelid`, `equipment_id`, `position_x`, `position_y`, `position_z`, `orientation`, `spawntimesecs`, `spawndist`, `currentwaypoint`, `curhealth`, `curmana`, `MovementType`, `npcflag`, `unit_flags`, `dynamicflags`) VALUES (250177, '42789', '725', '0', '0', '3', '1', '1070', '1', '1593.72', '1112.56', '216.309', '0.715585', '7200', '0', '0', '312753', '25014', '0', '0', '0', '0');

INSERT INTO `creature` (`guid`, `id`, `map`, `zone`, `area`, `spawnMask`, `phaseMask`, `modelid`, `equipment_id`, `position_x`, `position_y`, `position_z`, `orientation`, `spawntimesecs`, `spawndist`, `currentwaypoint`, `curhealth`, `curmana`, `MovementType`, `npcflag`, `unit_flags`, `dynamicflags`) VALUES (250178, '42696', '725', '0', '0', '3', '1', '37221', '1', '1598.28', '1098.11', '217.24', '1.6057', '7200', '0', '0', '312753', '0', '0', '0', '0', '0');

INSERT INTO `creature` (`guid`, `id`, `map`, `zone`, `area`, `spawnMask`, `phaseMask`, `modelid`, `equipment_id`, `position_x`, `position_y`, `position_z`, `orientation`, `spawntimesecs`, `spawndist`, `currentwaypoint`, `curhealth`, `curmana`, `MovementType`, `npcflag`, `unit_flags`, `dynamicflags`) VALUES (250179, '42696', '725', '0', '0', '3', '1', '37221', '1', '1597.07', '1100.38', '217.081', '5.77704', '7200', '0', '0', '312753', '0', '0', '0', '0', '0');

INSERT INTO `creature` (`guid`, `id`, `map`, `zone`, `area`, `spawnMask`, `phaseMask`, `modelid`, `equipment_id`, `position_x`, `position_y`, `position_z`, `orientation`, `spawntimesecs`, `spawndist`, `currentwaypoint`, `curhealth`, `curmana`, `MovementType`, `npcflag`, `unit_flags`, `dynamicflags`) VALUES (250180, '42696', '725', '0', '0', '3', '1', '37220', '1', '1599.76', '1100.73', '217.096', '3.68265', '7200', '0', '0', '312753', '0', '0', '0', '0', '0');

INSERT INTO `creature` (`guid`, `id`, `map`, `zone`, `area`, `spawnMask`, `phaseMask`, `modelid`, `equipment_id`, `position_x`, `position_y`, `position_z`, `orientation`, `spawntimesecs`, `spawndist`, `currentwaypoint`, `curhealth`, `curmana`, `MovementType`, `npcflag`, `unit_flags`, `dynamicflags`) VALUES (250181, '42691', '725', '0', '0', '3', '1', '37227', '1', '1600.82', '1097.99', '217.283', '4.04916', '7200', '0', '0', '312753', '16676', '0', '0', '0', '0');

INSERT INTO `creature` (`guid`, `id`, `map`, `zone`, `area`, `spawnMask`, `phaseMask`, `modelid`, `equipment_id`, `position_x`, `position_y`, `position_z`, `orientation`, `spawntimesecs`, `spawndist`, `currentwaypoint`, `curhealth`, `curmana`, `MovementType`, `npcflag`, `unit_flags`, `dynamicflags`) VALUES (250182, '42692', '725', '0', '0', '3', '1', '20856', '1', '1587.82', '1098.63', '216.865', '3.89208', '7200', '0', '0', '590491', '0', '0', '0', '0', '0');
DELETE FROM `creature_addon` WHERE `guid` = 250182;
INSERT INTO `creature_addon` (`guid`, `path_id`, `mount`, `bytes1`, `bytes2`, `emote`, `auras`) VALUES (250182, '0', '0', '3', '1', '0', '80222');

INSERT INTO `creature` (`guid`, `id`, `map`, `zone`, `area`, `spawnMask`, `phaseMask`, `modelid`, `equipment_id`, `position_x`, `position_y`, `position_z`, `orientation`, `spawntimesecs`, `spawndist`, `currentwaypoint`, `curhealth`, `curmana`, `MovementType`, `npcflag`, `unit_flags`, `dynamicflags`) VALUES (250183, '42692', '725', '0', '0', '3', '1', '20856', '1', '1594.81', '1173.98', '218.372', '3.10669', '7200', '0', '0', '590491', '0', '0', '0', '0', '0');
DELETE FROM `creature_addon` WHERE `guid` = 250183;
INSERT INTO `creature_addon` (`guid`, `path_id`, `mount`, `bytes1`, `bytes2`, `emote`, `auras`) VALUES (250183, '0', '0', '1', '1', '0', '80222');

INSERT INTO `creature` (`guid`, `id`, `map`, `zone`, `area`, `spawnMask`, `phaseMask`, `modelid`, `equipment_id`, `position_x`, `position_y`, `position_z`, `orientation`, `spawntimesecs`, `spawndist`, `currentwaypoint`, `curhealth`, `curmana`, `MovementType`, `npcflag`, `unit_flags`, `dynamicflags`) VALUES (250184, '42696', '725', '0', '0', '3', '1', '37219', '1', '1537.54', '1131.78', '216.416', '2.46091', '7200', '0', '0', '312753', '0', '0', '0', '0', '0');

INSERT INTO `creature` (`guid`, `id`, `map`, `zone`, `area`, `spawnMask`, `phaseMask`, `modelid`, `equipment_id`, `position_x`, `position_y`, `position_z`, `orientation`, `spawntimesecs`, `spawndist`, `currentwaypoint`, `curhealth`, `curmana`, `MovementType`, `npcflag`, `unit_flags`, `dynamicflags`) VALUES (250185, '42691', '725', '0', '0', '3', '1', '37228', '1', '1533.55', '1135.27', '216.416', '5.37561', '7200', '0', '0', '312753', '16676', '0', '0', '0', '0');

INSERT INTO `creature` (`guid`, `id`, `map`, `zone`, `area`, `spawnMask`, `phaseMask`, `modelid`, `equipment_id`, `position_x`, `position_y`, `position_z`, `orientation`, `spawntimesecs`, `spawndist`, `currentwaypoint`, `curhealth`, `curmana`, `MovementType`, `npcflag`, `unit_flags`, `dynamicflags`) VALUES (250186, '42789', '725', '0', '0', '3', '1', '1070', '1', '1538.15', '1135.76', '216.416', '3.64774', '7200', '0', '0', '312753', '25014', '0', '0', '0', '0');

INSERT INTO `creature` (`guid`, `id`, `map`, `zone`, `area`, `spawnMask`, `phaseMask`, `modelid`, `equipment_id`, `position_x`, `position_y`, `position_z`, `orientation`, `spawntimesecs`, `spawndist`, `currentwaypoint`, `curhealth`, `curmana`, `MovementType`, `npcflag`, `unit_flags`, `dynamicflags`) VALUES (250187, '42789', '725', '0', '0', '3', '1', '1070', '1', '1533.13', '1130.91', '216.416', '0.925025', '7200', '0', '0', '312753', '25014', '0', '0', '0', '0');

INSERT INTO `creature` (`guid`, `id`, `map`, `zone`, `area`, `spawnMask`, `phaseMask`, `modelid`, `equipment_id`, `position_x`, `position_y`, `position_z`, `orientation`, `spawntimesecs`, `spawndist`, `currentwaypoint`, `curhealth`, `curmana`, `MovementType`, `npcflag`, `unit_flags`, `dynamicflags`) VALUES (250188, '42696', '725', '0', '0', '3', '1', '37220', '1', '1589.44', '1087.16', '217.721', '2.26893', '7200', '0', '0', '312753', '0', '0', '0', '0', '0');

INSERT INTO `creature` (`guid`, `id`, `map`, `zone`, `area`, `spawnMask`, `phaseMask`, `modelid`, `equipment_id`, `position_x`, `position_y`, `position_z`, `orientation`, `spawntimesecs`, `spawndist`, `currentwaypoint`, `curhealth`, `curmana`, `MovementType`, `npcflag`, `unit_flags`, `dynamicflags`) VALUES (250189, '42691', '725', '0', '0', '3', '1', '37226', '1', '1586.43', '1090.5', '217.375', '4.95674', '7200', '0', '0', '312753', '16676', '0', '0', '0', '0');

INSERT INTO `creature` (`guid`, `id`, `map`, `zone`, `area`, `spawnMask`, `phaseMask`, `modelid`, `equipment_id`, `position_x`, `position_y`, `position_z`, `orientation`, `spawntimesecs`, `spawndist`, `currentwaypoint`, `curhealth`, `curmana`, `MovementType`, `npcflag`, `unit_flags`, `dynamicflags`) VALUES (250190, '42789', '725', '0', '0', '3', '1', '1070', '1', '1589.4', '1090.07', '217.518', '3.89208', '7200', '0', '0', '312753', '25014', '0', '0', '0', '0');

INSERT INTO `creature` (`guid`, `id`, `map`, `zone`, `area`, `spawnMask`, `phaseMask`, `modelid`, `equipment_id`, `position_x`, `position_y`, `position_z`, `orientation`, `spawntimesecs`, `spawndist`, `currentwaypoint`, `curhealth`, `curmana`, `MovementType`, `npcflag`, `unit_flags`, `dynamicflags`) VALUES (250191, '42789', '725', '0', '0', '3', '1', '1070', '1', '1585.98', '1087.46', '217.558', '0.715585', '7200', '0', '0', '312753', '25014', '0', '0', '0', '0');

INSERT INTO `creature` (`guid`, `id`, `map`, `zone`, `area`, `spawnMask`, `phaseMask`, `modelid`, `equipment_id`, `position_x`, `position_y`, `position_z`, `orientation`, `spawntimesecs`, `spawndist`, `currentwaypoint`, `curhealth`, `curmana`, `MovementType`, `npcflag`, `unit_flags`, `dynamicflags`) VALUES (250192, '42696', '725', '0', '0', '3', '1', '37220', '1', '1449.36', '1223.75', '232.047', '2.33874', '7200', '0', '0', '312753', '0', '0', '0', '0', '0');

INSERT INTO `creature` (`guid`, `id`, `map`, `zone`, `area`, `spawnMask`, `phaseMask`, `modelid`, `equipment_id`, `position_x`, `position_y`, `position_z`, `orientation`, `spawntimesecs`, `spawndist`, `currentwaypoint`, `curhealth`, `curmana`, `MovementType`, `npcflag`, `unit_flags`, `dynamicflags`) VALUES (250193, '42691', '725', '0', '0', '3', '1', '37228', '1', '1445.65', '1223.67', '231.58', '0.628318', '7200', '0', '0', '312753', '16676', '0', '0', '0', '0');

INSERT INTO `creature` (`guid`, `id`, `map`, `zone`, `area`, `spawnMask`, `phaseMask`, `modelid`, `equipment_id`, `position_x`, `position_y`, `position_z`, `orientation`, `spawntimesecs`, `spawndist`, `currentwaypoint`, `curhealth`, `curmana`, `MovementType`, `npcflag`, `unit_flags`, `dynamicflags`) VALUES (250194, '42691', '725', '0', '0', '3', '1', '37226', '1', '1447.82', '1226.98', '232.323', '4.45059', '7200', '0', '0', '312753', '16676', '0', '0', '0', '0');

INSERT INTO `creature` (`guid`, `id`, `map`, `zone`, `area`, `spawnMask`, `phaseMask`, `modelid`, `equipment_id`, `position_x`, `position_y`, `position_z`, `orientation`, `spawntimesecs`, `spawndist`, `currentwaypoint`, `curhealth`, `curmana`, `MovementType`, `npcflag`, `unit_flags`, `dynamicflags`) VALUES (250195, '42789', '725', '0', '0', '3', '1', '1070', '1', '1444.83', '1227.64', '231.968', '0.733038', '7200', '0', '0', '312753', '25014', '0', '0', '0', '0');

INSERT INTO `creature` (`guid`, `id`, `map`, `zone`, `area`, `spawnMask`, `phaseMask`, `modelid`, `equipment_id`, `position_x`, `position_y`, `position_z`, `orientation`, `spawntimesecs`, `spawndist`, `currentwaypoint`, `curhealth`, `curmana`, `MovementType`, `npcflag`, `unit_flags`, `dynamicflags`) VALUES (250196, '42696', '725', '0', '0', '3', '1', '37221', '1', '1543.37', '1183.95', '218.907', '2.46091', '7200', '0', '0', '312753', '0', '0', '0', '0', '0');

INSERT INTO `creature` (`guid`, `id`, `map`, `zone`, `area`, `spawnMask`, `phaseMask`, `modelid`, `equipment_id`, `position_x`, `position_y`, `position_z`, `orientation`, `spawntimesecs`, `spawndist`, `currentwaypoint`, `curhealth`, `curmana`, `MovementType`, `npcflag`, `unit_flags`, `dynamicflags`) VALUES (250197, '42696', '725', '0', '0', '3', '1', '37221', '1', '1539.38', '1187.44', '219.521', '5.37561', '7200', '0', '0', '312753', '0', '0', '0', '0', '0');

INSERT INTO `creature` (`guid`, `id`, `map`, `zone`, `area`, `spawnMask`, `phaseMask`, `modelid`, `equipment_id`, `position_x`, `position_y`, `position_z`, `orientation`, `spawntimesecs`, `spawndist`, `currentwaypoint`, `curhealth`, `curmana`, `MovementType`, `npcflag`, `unit_flags`, `dynamicflags`) VALUES (250198, '42691', '725', '0', '0', '3', '1', '37227', '1', '1543.04', '1187.62', '219.551', '3.64774', '7200', '0', '0', '312753', '16676', '0', '0', '0', '0');

INSERT INTO `creature` (`guid`, `id`, `map`, `zone`, `area`, `spawnMask`, `phaseMask`, `modelid`, `equipment_id`, `position_x`, `position_y`, `position_z`, `orientation`, `spawntimesecs`, `spawndist`, `currentwaypoint`, `curhealth`, `curmana`, `MovementType`, `npcflag`, `unit_flags`, `dynamicflags`) VALUES (250199, '42789', '725', '0', '0', '3', '1', '1070', '1', '1539.75', '1184.05', '219.153', '0.925025', '7200', '0', '0', '312753', '25014', '0', '0', '0', '0');

INSERT INTO `creature` (`guid`, `id`, `map`, `zone`, `area`, `spawnMask`, `phaseMask`, `modelid`, `equipment_id`, `position_x`, `position_y`, `position_z`, `orientation`, `spawntimesecs`, `spawndist`, `currentwaypoint`, `curhealth`, `curmana`, `MovementType`, `npcflag`, `unit_flags`, `dynamicflags`) VALUES (250200, '43662', '725', '0', '0', '3', '1', '8109', '0', '1005.2', '858.209', '300.711', '2.85561', '7200', '0', '0', '4044', '0', '2', '0', '0', '0');
DELETE FROM `creature_addon` WHERE `guid` = 250200;
INSERT INTO `creature_addon` (`guid`, `path_id`, `mount`, `bytes1`, `bytes2`, `emote`, `auras`) VALUES (250200, '250200', '0', '0', '1', '0', '81710');

DELETE FROM `waypoint_data` WHERE `id` = 250200;
INSERT INTO `waypoint_data` (`id`, `point`, `position_x`, `position_y`, `position_z`, `orientation`, `delay`, `move_flag`, `action`, `action_chance`, `inverse_formation_angle`, `wpguid`) VALUES
(250200, '1', '1030.5', '853.965', '297.986', '0', '0', '0', '0', '100', '0', '0'),
(250200, '2', '1030.24', '853.001', '297.986', '0', '0', '0', '0', '100', '0', '0'),
(250200, '3', '1029.69', '851.008', '298.018', '0', '0', '0', '0', '100', '0', '0'),
(250200, '4', '1028.02', '851.5', '298.247', '0', '0', '0', '0', '100', '0', '0'),
(250200, '5', '1026.56', '851.928', '298.447', '0', '0', '0', '0', '100', '0', '0'),
(250200, '6', '1023.95', '852.695', '298.804', '0', '0', '0', '0', '100', '0', '0'),
(250200, '7', '1020.51', '853.707', '299.276', '0', '0', '0', '0', '100', '0', '0'),
(250200, '8', '1016.49', '854.889', '299.636', '0', '0', '0', '0', '100', '0', '0'),
(250200, '9', '1012.92', '855.939', '299.924', '0', '0', '0', '0', '100', '0', '0'),
(250200, '10', '1008.44', '857.256', '300.353', '0', '0', '0', '0', '100', '0', '0'),
(250200, '11', '996.43', '860.788', '301.681', '0', '0', '0', '0', '100', '0', '0'),
(250200, '12', '994.264', '861.425', '301.936', '0', '0', '0', '0', '100', '0', '0'),
(250200, '13', '994.264', '861.425', '301.936', '0', '0', '0', '0', '100', '0', '0');


INSERT INTO `creature` (`guid`, `id`, `map`, `zone`, `area`, `spawnMask`, `phaseMask`, `modelid`, `equipment_id`, `position_x`, `position_y`, `position_z`, `orientation`, `spawntimesecs`, `spawndist`, `currentwaypoint`, `curhealth`, `curmana`, `MovementType`, `npcflag`, `unit_flags`, `dynamicflags`) VALUES (250201, '43662', '725', '0', '0', '3', '1', '8109', '0', '1017.31', '854.634', '299.569', '2.85191', '7200', '0', '0', '4044', '0', '2', '0', '0', '0');
DELETE FROM `creature_addon` WHERE `guid` = 250201;
INSERT INTO `creature_addon` (`guid`, `path_id`, `mount`, `bytes1`, `bytes2`, `emote`, `auras`) VALUES (250201, '250201', '0', '0', '1', '0', '81710');

DELETE FROM `waypoint_data` WHERE `id` = 250201;
INSERT INTO `waypoint_data` (`id`, `point`, `position_x`, `position_y`, `position_z`, `orientation`, `delay`, `move_flag`, `action`, `action_chance`, `inverse_formation_angle`, `wpguid`) VALUES
(250201, '1', '1019.42', '853.994', '299.476', '0', '0', '0', '0', '100', '0', '0'),
(250201, '2', '1018.47', '854.289', '299.476', '0', '0', '0', '0', '100', '0', '0'),
(250201, '3', '1016.5', '854.874', '299.635', '0', '0', '0', '0', '100', '0', '0'),
(250201, '4', '1013.72', '855.704', '299.86', '0', '0', '0', '0', '100', '0', '0'),
(250201, '5', '1013.72', '855.704', '299.86', '0', '0', '0', '0', '100', '0', '0');


INSERT INTO `creature` (`guid`, `id`, `map`, `zone`, `area`, `spawnMask`, `phaseMask`, `modelid`, `equipment_id`, `position_x`, `position_y`, `position_z`, `orientation`, `spawntimesecs`, `spawndist`, `currentwaypoint`, `curhealth`, `curmana`, `MovementType`, `npcflag`, `unit_flags`, `dynamicflags`) VALUES (250202, '43662', '725', '0', '0', '3', '1', '8109', '0', '1004.36', '855.331', '300.607', '2.85574', '7200', '0', '0', '4044', '0', '2', '0', '0', '0');
DELETE FROM `creature_addon` WHERE `guid` = 250202;
INSERT INTO `creature_addon` (`guid`, `path_id`, `mount`, `bytes1`, `bytes2`, `emote`, `auras`) VALUES (250202, '250202', '0', '0', '1', '0', '81710');

DELETE FROM `waypoint_data` WHERE `id` = 250202;
INSERT INTO `waypoint_data` (`id`, `point`, `position_x`, `position_y`, `position_z`, `orientation`, `delay`, `move_flag`, `action`, `action_chance`, `inverse_formation_angle`, `wpguid`) VALUES
(250202, '1', '1007.62', '854.372', '300.394', '0', '0', '0', '0', '100', '0', '0'),
(250202, '2', '1006.66', '854.654', '300.394', '0', '0', '0', '0', '100', '0', '0'),
(250202, '3', '1003.84', '855.482', '300.655', '0', '0', '0', '0', '100', '0', '0'),
(250202, '4', '1001.93', '856.043', '300.91', '0', '0', '0', '0', '100', '0', '0'),
(250202, '5', '1001.93', '856.043', '300.91', '0', '0', '0', '0', '100', '0', '0');


INSERT INTO `creature` (`guid`, `id`, `map`, `zone`, `area`, `spawnMask`, `phaseMask`, `modelid`, `equipment_id`, `position_x`, `position_y`, `position_z`, `orientation`, `spawntimesecs`, `spawndist`, `currentwaypoint`, `curhealth`, `curmana`, `MovementType`, `npcflag`, `unit_flags`, `dynamicflags`) VALUES (250203, '43662', '725', '0', '0', '3', '1', '8109', '0', '1008.08', '857.362', '300.396', '2.85572', '7200', '0', '0', '4044', '0', '2', '0', '0', '0');
DELETE FROM `creature_addon` WHERE `guid` = 250203;
INSERT INTO `creature_addon` (`guid`, `path_id`, `mount`, `bytes1`, `bytes2`, `emote`, `auras`) VALUES (250203, '250203', '0', '0', '1', '0', '81710');

DELETE FROM `waypoint_data` WHERE `id` = 250203;
INSERT INTO `waypoint_data` (`id`, `point`, `position_x`, `position_y`, `position_z`, `orientation`, `delay`, `move_flag`, `action`, `action_chance`, `inverse_formation_angle`, `wpguid`) VALUES
(250203, '1', '1011.34', '856.404', '300.173', '0', '0', '0', '0', '100', '0', '0'),
(250203, '2', '1010.38', '856.686', '300.173', '0', '0', '0', '0', '100', '0', '0'),
(250203, '3', '1008.44', '857.256', '300.353', '0', '0', '0', '0', '100', '0', '0'),
(250203, '4', '1005.66', '858.075', '300.687', '0', '0', '0', '0', '100', '0', '0'),
(250203, '5', '1005.66', '858.075', '300.687', '0', '0', '0', '0', '100', '0', '0');


INSERT INTO `creature` (`guid`, `id`, `map`, `zone`, `area`, `spawnMask`, `phaseMask`, `modelid`, `equipment_id`, `position_x`, `position_y`, `position_z`, `orientation`, `spawntimesecs`, `spawndist`, `currentwaypoint`, `curhealth`, `curmana`, `MovementType`, `npcflag`, `unit_flags`, `dynamicflags`) VALUES (250204, '43662', '725', '0', '0', '3', '1', '8109', '0', '1006.07', '861.082', '300.729', '2.85563', '7200', '0', '0', '4044', '0', '2', '0', '0', '0');
DELETE FROM `creature_addon` WHERE `guid` = 250204;
INSERT INTO `creature_addon` (`guid`, `path_id`, `mount`, `bytes1`, `bytes2`, `emote`, `auras`) VALUES (250204, '250204', '0', '0', '1', '0', '81710');

DELETE FROM `waypoint_data` WHERE `id` = 250204;
INSERT INTO `waypoint_data` (`id`, `point`, `position_x`, `position_y`, `position_z`, `orientation`, `delay`, `move_flag`, `action`, `action_chance`, `inverse_formation_angle`, `wpguid`) VALUES
(250204, '1', '1009.31', '860.128', '300.575', '0', '0', '0', '0', '100', '0', '0'),
(250204, '2', '1008.35', '860.41', '300.575', '0', '0', '0', '0', '100', '0', '0'),
(250204, '3', '1006.5', '860.954', '300.774', '0', '0', '0', '0', '100', '0', '0'),
(250204, '4', '1005.01', '861.393', '300.621', '0', '0', '0', '0', '100', '0', '0'),
(250204, '5', '1003.63', '861.799', '300.59', '0', '0', '0', '0', '100', '0', '0'),
(250204, '6', '1003.63', '861.799', '300.59', '0', '0', '0', '0', '100', '0', '0');


INSERT INTO `creature` (`guid`, `id`, `map`, `zone`, `area`, `spawnMask`, `phaseMask`, `modelid`, `equipment_id`, `position_x`, `position_y`, `position_z`, `orientation`, `spawntimesecs`, `spawndist`, `currentwaypoint`, `curhealth`, `curmana`, `MovementType`, `npcflag`, `unit_flags`, `dynamicflags`) VALUES (250205, '43662', '725', '0', '0', '3', '1', '8109', '0', '1067.01', '886.171', '294.955', '1.66191', '7200', '0', '0', '4044', '0', '2', '0', '0', '0');
DELETE FROM `creature_addon` WHERE `guid` = 250205;
INSERT INTO `creature_addon` (`guid`, `path_id`, `mount`, `bytes1`, `bytes2`, `emote`, `auras`) VALUES (250205, '250205', '0', '0', '1', '0', '81710');

DELETE FROM `waypoint_data` WHERE `id` = 250205;
INSERT INTO `waypoint_data` (`id`, `point`, `position_x`, `position_y`, `position_z`, `orientation`, `delay`, `move_flag`, `action`, `action_chance`, `inverse_formation_angle`, `wpguid`) VALUES
(250205, '1', '1068.32', '869.659', '292.95', '0', '0', '0', '0', '100', '0', '0'),
(250205, '2', '1067.88', '868.76', '292.95', '0', '0', '0', '0', '100', '0', '0'),
(250205, '3', '1067.48', '872.737', '292.992', '0', '0', '0', '0', '100', '0', '0'),
(250205, '4', '1067.36', '876.313', '292.992', '0', '0', '0', '0', '100', '0', '0'),
(250205, '5', '1067.27', '879.213', '292.991', '0', '0', '0', '0', '100', '0', '0'),
(250205, '6', '1067.8', '881.961', '293.828', '0', '0', '0', '0', '100', '0', '0'),
(250205, '7', '1067.83', '884.46', '294.729', '0', '0', '0', '0', '100', '0', '0'),
(250205, '8', '1067.4', '884.904', '294.823', '0', '0', '0', '0', '100', '0', '0'),
(250205, '9', '1067.1', '885.222', '294.895', '0', '0', '0', '0', '100', '0', '0'),
(250205, '10', '1066.67', '889.916', '295.19', '0', '0', '0', '0', '100', '0', '0'),
(250205, '11', '1060.49', '896.154', '296.628', '0', '0', '0', '0', '100', '0', '0'),
(250205, '12', '1055.95', '897.386', '297.806', '0', '0', '0', '0', '100', '0', '0'),
(250205, '13', '1055.95', '897.386', '297.806', '0', '0', '0', '0', '100', '0', '0');


INSERT INTO `creature` (`guid`, `id`, `map`, `zone`, `area`, `spawnMask`, `phaseMask`, `modelid`, `equipment_id`, `position_x`, `position_y`, `position_z`, `orientation`, `spawntimesecs`, `spawndist`, `currentwaypoint`, `curhealth`, `curmana`, `MovementType`, `npcflag`, `unit_flags`, `dynamicflags`) VALUES (250206, '43662', '725', '0', '0', '3', '1', '8109', '0', '1036.18', '884.674', '297.702', '6.17442', '7200', '0', '0', '4044', '0', '2', '0', '0', '0');
DELETE FROM `creature_addon` WHERE `guid` = 250206;
INSERT INTO `creature_addon` (`guid`, `path_id`, `mount`, `bytes1`, `bytes2`, `emote`, `auras`) VALUES (250206, '250206', '0', '0', '1', '0', '81710');

DELETE FROM `waypoint_data` WHERE `id` = 250206;
INSERT INTO `waypoint_data` (`id`, `point`, `position_x`, `position_y`, `position_z`, `orientation`, `delay`, `move_flag`, `action`, `action_chance`, `inverse_formation_angle`, `wpguid`) VALUES
(250206, '1', '1033.64', '885.089', '298.337', '0', '0', '0', '0', '100', '0', '0'),
(250206, '2', '1032.64', '885.06', '298.337', '0', '0', '0', '0', '100', '0', '0'),
(250206, '3', '1034.02', '884.91', '298.076', '0', '0', '0', '0', '100', '0', '0'),
(250206, '4', '1036.82', '884.604', '297.591', '0', '0', '0', '0', '100', '0', '0'),
(250206, '5', '1038', '884.475', '297.446', '0', '0', '0', '0', '100', '0', '0'),
(250206, '6', '1054.21', '882.705', '296.388', '0', '0', '0', '0', '100', '0', '0'),
(250206, '7', '1057.2', '882.378', '295.724', '0', '0', '0', '0', '100', '0', '0'),
(250206, '8', '1057.2', '882.378', '295.724', '0', '0', '0', '0', '100', '0', '0');


INSERT INTO `creature` (`guid`, `id`, `map`, `zone`, `area`, `spawnMask`, `phaseMask`, `modelid`, `equipment_id`, `position_x`, `position_y`, `position_z`, `orientation`, `spawntimesecs`, `spawndist`, `currentwaypoint`, `curhealth`, `curmana`, `MovementType`, `npcflag`, `unit_flags`, `dynamicflags`) VALUES (250207, '43391', '725', '0', '0', '3', '1', '37234', '0', '970.142', '909.282', '309.061', '2.20018', '7200', '0', '0', '386505', '186560', '2', '0', '0', '0');
DELETE FROM `creature_addon` WHERE `guid` = 250207;
INSERT INTO `creature_addon` (`guid`, `path_id`, `mount`, `bytes1`, `bytes2`, `emote`, `auras`) VALUES (250207, '250207', '0', '0', '1', '0', '0');

DELETE FROM `waypoint_data` WHERE `id` = 250207;
INSERT INTO `waypoint_data` (`id`, `point`, `position_x`, `position_y`, `position_z`, `orientation`, `delay`, `move_flag`, `action`, `action_chance`, `inverse_formation_angle`, `wpguid`) VALUES
(250207, '1', '972.46', '905.857', '308.52', '0', '0', '0', '0', '100', '0', '0'),
(250207, '2', '971.992', '906.74', '308.52', '0', '0', '0', '0', '100', '0', '0'),
(250207, '3', '970.586', '908.672', '308.931', '0', '0', '0', '0', '100', '0', '0'),
(250207, '4', '969.44', '910.246', '309.266', '0', '0', '0', '0', '100', '0', '0'),
(250207, '5', '967.771', '912.538', '309.753', '0', '0', '0', '0', '100', '0', '0'),
(250207, '6', '966.543', '914.224', '310.112', '0', '0', '0', '0', '100', '0', '0'),
(250207, '7', '957.568', '926.549', '313.232', '0', '0', '0', '0', '100', '0', '0'),
(250207, '8', '954.604', '930.62', '314.132', '0', '0', '0', '0', '100', '0', '0'),
(250207, '9', '951.562', '934.798', '314.604', '0', '0', '0', '0', '100', '0', '0'),
(250207, '10', '951.562', '934.798', '314.604', '0', '0', '0', '0', '100', '0', '0');


INSERT INTO `creature` (`guid`, `id`, `map`, `zone`, `area`, `spawnMask`, `phaseMask`, `modelid`, `equipment_id`, `position_x`, `position_y`, `position_z`, `orientation`, `spawntimesecs`, `spawndist`, `currentwaypoint`, `curhealth`, `curmana`, `MovementType`, `npcflag`, `unit_flags`, `dynamicflags`) VALUES (250208, '43662', '725', '0', '0', '3', '1', '8109', '0', '1044.38', '865.934', '295.284', '6.06645', '7200', '0', '0', '4044', '0', '2', '0', '0', '0');
DELETE FROM `creature_addon` WHERE `guid` = 250208;
INSERT INTO `creature_addon` (`guid`, `path_id`, `mount`, `bytes1`, `bytes2`, `emote`, `auras`) VALUES (250208, '250208', '0', '0', '1', '0', '81710');

DELETE FROM `waypoint_data` WHERE `id` = 250208;
INSERT INTO `waypoint_data` (`id`, `point`, `position_x`, `position_y`, `position_z`, `orientation`, `delay`, `move_flag`, `action`, `action_chance`, `inverse_formation_angle`, `wpguid`) VALUES
(250208, '1', '1032.96', '867.834', '296.562', '0', '0', '0', '0', '100', '0', '0'),
(250208, '2', '1033.87', '868.248', '296.562', '0', '0', '0', '0', '100', '0', '0'),
(250208, '3', '1049.73', '864.758', '294.634', '0', '0', '0', '0', '100', '0', '0'),
(250208, '4', '1057.96', '862.944', '293.668', '0', '0', '0', '0', '100', '0', '0'),
(250208, '5', '1062.36', '861.977', '293.233', '0', '0', '0', '0', '100', '0', '0'),
(250208, '6', '1062.36', '861.977', '293.233', '0', '0', '0', '0', '100', '0', '0');


INSERT INTO `creature` (`guid`, `id`, `map`, `zone`, `area`, `spawnMask`, `phaseMask`, `modelid`, `equipment_id`, `position_x`, `position_y`, `position_z`, `orientation`, `spawntimesecs`, `spawndist`, `currentwaypoint`, `curhealth`, `curmana`, `MovementType`, `npcflag`, `unit_flags`, `dynamicflags`) VALUES (250209, '43662', '725', '0', '0', '3', '1', '8109', '0', '1018.28', '864.346', '298.16', '2.84182', '7200', '0', '0', '4044', '0', '2', '0', '0', '0');
DELETE FROM `creature_addon` WHERE `guid` = 250209;
INSERT INTO `creature_addon` (`guid`, `path_id`, `mount`, `bytes1`, `bytes2`, `emote`, `auras`) VALUES (250209, '250209', '0', '0', '1', '0', '81710');

DELETE FROM `waypoint_data` WHERE `id` = 250209;
INSERT INTO `waypoint_data` (`id`, `point`, `position_x`, `position_y`, `position_z`, `orientation`, `delay`, `move_flag`, `action`, `action_chance`, `inverse_formation_angle`, `wpguid`) VALUES
(250209, '1', '1057.89', '850.111', '293.664', '0', '0', '0', '0', '100', '0', '0'),
(250209, '2', '1058.85', '849.842', '293.664', '0', '0', '0', '0', '100', '0', '0'),
(250209, '3', '1054.46', '851.151', '293.591', '0', '0', '0', '0', '100', '0', '0'),
(250209, '4', '1037.14', '858.516', '295.822', '0', '0', '0', '0', '100', '0', '0'),
(250209, '5', '1018.01', '864.43', '298.193', '0', '0', '0', '0', '100', '0', '0'),
(250209, '6', '1013.54', '866.329', '299.018', '0', '0', '0', '0', '100', '0', '0'),
(250209, '7', '1007.41', '867.286', '299.877', '0', '0', '0', '0', '100', '0', '0'),
(250209, '8', '1004.85', '869.129', '300.474', '0', '0', '0', '0', '100', '0', '0'),
(250209, '9', '1003.66', '869.794', '300.721', '0', '0', '0', '0', '100', '0', '0'),
(250209, '10', '1003.22', '869.756', '300.778', '0', '0', '0', '0', '100', '0', '0'),
(250209, '11', '1000.23', '869.499', '301.052', '0', '0', '0', '0', '100', '0', '0'),
(250209, '12', '994.513', '869.008', '301.482', '0', '0', '0', '0', '100', '0', '0'),
(250209, '13', '994.513', '869.008', '301.482', '0', '0', '0', '0', '100', '0', '0');


INSERT INTO `creature` (`guid`, `id`, `map`, `zone`, `area`, `spawnMask`, `phaseMask`, `modelid`, `equipment_id`, `position_x`, `position_y`, `position_z`, `orientation`, `spawntimesecs`, `spawndist`, `currentwaypoint`, `curhealth`, `curmana`, `MovementType`, `npcflag`, `unit_flags`, `dynamicflags`) VALUES (250210, '22515', '725', '0', '0', '3', '1', '16925', '0', '853.125', '987.646', '317.296', '0', '7200', '0', '0', '4120', '0', '0', '0', '0', '0');


INSERT INTO `creature` (`guid`, `id`, `map`, `zone`, `area`, `spawnMask`, `phaseMask`, `modelid`, `equipment_id`, `position_x`, `position_y`, `position_z`, `orientation`, `spawntimesecs`, `spawndist`, `currentwaypoint`, `curhealth`, `curmana`, `MovementType`, `npcflag`, `unit_flags`, `dynamicflags`) VALUES (250211, '22515', '725', '0', '0', '3', '1', '16925', '0', '1154.21', '917.316', '284.38', '4.79965', '7200', '0', '0', '4120', '0', '0', '0', '0', '0');

INSERT INTO `creature` (`guid`, `id`, `map`, `zone`, `area`, `spawnMask`, `phaseMask`, `modelid`, `equipment_id`, `position_x`, `position_y`, `position_z`, `orientation`, `spawntimesecs`, `spawndist`, `currentwaypoint`, `curhealth`, `curmana`, `MovementType`, `npcflag`, `unit_flags`, `dynamicflags`) VALUES (250212, '40350', '725', '0', '0', '3', '1', '11686', '0', '1103.9', '864.733', '287.98', '0', '7200', '0', '0', '4979', '0', '0', '0', '0', '0');

INSERT INTO `creature` (`guid`, `id`, `map`, `zone`, `area`, `spawnMask`, `phaseMask`, `modelid`, `equipment_id`, `position_x`, `position_y`, `position_z`, `orientation`, `spawntimesecs`, `spawndist`, `currentwaypoint`, `curhealth`, `curmana`, `MovementType`, `npcflag`, `unit_flags`, `dynamicflags`) VALUES (250213, '49857', '725', '0', '0', '3', '1', '36603', '0', '1106.44', '848.122', '290.728', '0.417539', '7200', '0', '0', '1', '0', '0', '0', '0', '0');

INSERT INTO `creature` (`guid`, `id`, `map`, `zone`, `area`, `spawnMask`, `phaseMask`, `modelid`, `equipment_id`, `position_x`, `position_y`, `position_z`, `orientation`, `spawntimesecs`, `spawndist`, `currentwaypoint`, `curhealth`, `curmana`, `MovementType`, `npcflag`, `unit_flags`, `dynamicflags`) VALUES (250214, '49857', '725', '0', '0', '3', '1', '36603', '0', '1213.57', '1181.75', '251.596', '4.57459', '7200', '0', '0', '1', '0', '2', '0', '0', '0');
DELETE FROM `creature_addon` WHERE `guid` = 250214;
INSERT INTO `creature_addon` (`guid`, `path_id`, `mount`, `bytes1`, `bytes2`, `emote`, `auras`) VALUES (250214, '250214', '0', '0', '1', '0', '0');

DELETE FROM `waypoint_data` WHERE `id` = 250214;
INSERT INTO `waypoint_data` (`id`, `point`, `position_x`, `position_y`, `position_z`, `orientation`, `delay`, `move_flag`, `action`, `action_chance`, `inverse_formation_angle`, `wpguid`) VALUES
(250214, '1', '1212.57', '1181.67', '251.596', '0', '0', '0', '0', '100', '0', '0'),
(250214, '2', '1213.57', '1181.75', '251.596', '0', '0', '0', '0', '100', '0', '0'),
(250214, '3', '1213.1', '1178.34', '251.98', '0', '0', '0', '0', '100', '0', '0'),
(250214, '4', '1213.1', '1178.34', '251.98', '0', '0', '0', '0', '100', '0', '0');


INSERT INTO `creature` (`guid`, `id`, `map`, `zone`, `area`, `spawnMask`, `phaseMask`, `modelid`, `equipment_id`, `position_x`, `position_y`, `position_z`, `orientation`, `spawntimesecs`, `spawndist`, `currentwaypoint`, `curhealth`, `curmana`, `MovementType`, `npcflag`, `unit_flags`, `dynamicflags`) VALUES (250215, '49929', '725', '0', '0', '3', '1', '36605', '0', '941.711', '1020.22', '321.609', '3.40901', '7200', '0', '0', '1', '0', '2', '0', '0', '0');
DELETE FROM `creature_addon` WHERE `guid` = 250215;
INSERT INTO `creature_addon` (`guid`, `path_id`, `mount`, `bytes1`, `bytes2`, `emote`, `auras`) VALUES (250215, '250215', '0', '0', '1', '0', '0');

DELETE FROM `waypoint_data` WHERE `id` = 250215;
INSERT INTO `waypoint_data` (`id`, `point`, `position_x`, `position_y`, `position_z`, `orientation`, `delay`, `move_flag`, `action`, `action_chance`, `inverse_formation_angle`, `wpguid`) VALUES
(250215, '1', '942.221', '1019.36', '321.609', '0', '0', '0', '0', '100', '0', '0'),
(250215, '2', '941.711', '1020.22', '321.609', '0', '0', '0', '0', '100', '0', '0'),
(250215, '3', '940.054', '1019.77', '321.422', '0', '0', '0', '0', '100', '0', '0'),
(250215, '4', '938.74', '1019.41', '320.978', '0', '0', '0', '0', '100', '0', '0'),
(250215, '5', '938.74', '1019.41', '320.978', '0', '0', '0', '0', '100', '0', '0');


INSERT INTO `creature` (`guid`, `id`, `map`, `zone`, `area`, `spawnMask`, `phaseMask`, `modelid`, `equipment_id`, `position_x`, `position_y`, `position_z`, `orientation`, `spawntimesecs`, `spawndist`, `currentwaypoint`, `curhealth`, `curmana`, `MovementType`, `npcflag`, `unit_flags`, `dynamicflags`) VALUES (250216, '49857', '725', '0', '0', '3', '1', '36603', '0', '1415.84', '1087.26', '213.023', '6.24445', '7200', '0', '0', '1', '0', '0', '0', '0', '0');

INSERT INTO `creature` (`guid`, `id`, `map`, `zone`, `area`, `spawnMask`, `phaseMask`, `modelid`, `equipment_id`, `position_x`, `position_y`, `position_z`, `orientation`, `spawntimesecs`, `spawndist`, `currentwaypoint`, `curhealth`, `curmana`, `MovementType`, `npcflag`, `unit_flags`, `dynamicflags`) VALUES (250217, '49859', '725', '0', '0', '3', '1', '36648', '0', '1320.8', '1032.98', '210.471', '0.488692', '7200', '0', '0', '1', '0', '0', '0', '0', '0');

INSERT INTO `creature` (`guid`, `id`, `map`, `zone`, `area`, `spawnMask`, `phaseMask`, `modelid`, `equipment_id`, `position_x`, `position_y`, `position_z`, `orientation`, `spawntimesecs`, `spawndist`, `currentwaypoint`, `curhealth`, `curmana`, `MovementType`, `npcflag`, `unit_flags`, `dynamicflags`) VALUES (250218, '49857', '725', '0', '0', '3', '1', '36603', '0', '1063.2', '1018.92', '265.383', '5.2745', '7200', '0', '0', '1', '0', '0', '0', '0', '0');


INSERT INTO `creature` (`guid`, `id`, `map`, `zone`, `area`, `spawnMask`, `phaseMask`, `modelid`, `equipment_id`, `position_x`, `position_y`, `position_z`, `orientation`, `spawntimesecs`, `spawndist`, `currentwaypoint`, `curhealth`, `curmana`, `MovementType`, `npcflag`, `unit_flags`, `dynamicflags`) VALUES (250219, '49857', '725', '0', '0', '3', '1', '36603', '0', '1271.81', '1094.39', '213.736', '5.41544', '7200', '0', '0', '1', '0', '0', '0', '0', '0');

INSERT INTO `creature` (`guid`, `id`, `map`, `zone`, `area`, `spawnMask`, `phaseMask`, `modelid`, `equipment_id`, `position_x`, `position_y`, `position_z`, `orientation`, `spawntimesecs`, `spawndist`, `currentwaypoint`, `curhealth`, `curmana`, `MovementType`, `npcflag`, `unit_flags`, `dynamicflags`) VALUES (250220, '49857', '725', '0', '0', '3', '1', '36603', '0', '1208.1', '1171.06', '252.908', '4.50831', '7200', '0', '0', '1', '0', '2', '0', '0', '0');
DELETE FROM `creature_addon` WHERE `guid` = 250220;
INSERT INTO `creature_addon` (`guid`, `path_id`, `mount`, `bytes1`, `bytes2`, `emote`, `auras`) VALUES (250220, '250220', '0', '0', '1', '0', '0');

DELETE FROM `waypoint_data` WHERE `id` = 250220;
INSERT INTO `waypoint_data` (`id`, `point`, `position_x`, `position_y`, `position_z`, `orientation`, `delay`, `move_flag`, `action`, `action_chance`, `inverse_formation_angle`, `wpguid`) VALUES
(250220, '1', '1207.62', '1172.53', '252.595', '0', '0', '0', '0', '100', '0', '0'),
(250220, '2', '1208.51', '1173', '252.595', '0', '0', '0', '0', '100', '0', '0'),
(250220, '3', '1208.18', '1171.42', '252.848', '0', '0', '0', '0', '100', '0', '0'),
(250220, '4', '1207.57', '1168.48', '253.329', '0', '0', '0', '0', '100', '0', '0'),
(250220, '5', '1207.57', '1168.48', '253.329', '0', '0', '0', '0', '100', '0', '0');


INSERT INTO `creature` (`guid`, `id`, `map`, `zone`, `area`, `spawnMask`, `phaseMask`, `modelid`, `equipment_id`, `position_x`, `position_y`, `position_z`, `orientation`, `spawntimesecs`, `spawndist`, `currentwaypoint`, `curhealth`, `curmana`, `MovementType`, `npcflag`, `unit_flags`, `dynamicflags`) VALUES (250221, '49929', '725', '0', '0', '3', '1', '36605', '0', '928.199', '1028.24', '318.665', '4.76063', '7200', '0', '0', '1', '0', '2', '0', '0', '0');
DELETE FROM `creature_addon` WHERE `guid` = 250221;
INSERT INTO `creature_addon` (`guid`, `path_id`, `mount`, `bytes1`, `bytes2`, `emote`, `auras`) VALUES (250221, '250221', '0', '0', '1', '0', '0');

DELETE FROM `waypoint_data` WHERE `id` = 250221;
INSERT INTO `waypoint_data` (`id`, `point`, `position_x`, `position_y`, `position_z`, `orientation`, `delay`, `move_flag`, `action`, `action_chance`, `inverse_formation_angle`, `wpguid`) VALUES
(250221, '1', '928.15', '1029.23', '318.583', '0', '0', '0', '0', '100', '0', '0'),
(250221, '2', '928.199', '1028.24', '318.583', '0', '0', '0', '0', '100', '0', '0'),
(250221, '3', '928.294', '1026.27', '318.116', '0', '0', '0', '0', '100', '0', '0'),
(250221, '4', '928.338', '1025.34', '317.895', '0', '0', '0', '0', '100', '0', '0'),
(250221, '5', '928.338', '1025.34', '317.895', '0', '0', '0', '0', '100', '0', '0');


INSERT INTO `creature` (`guid`, `id`, `map`, `zone`, `area`, `spawnMask`, `phaseMask`, `modelid`, `equipment_id`, `position_x`, `position_y`, `position_z`, `orientation`, `spawntimesecs`, `spawndist`, `currentwaypoint`, `curhealth`, `curmana`, `MovementType`, `npcflag`, `unit_flags`, `dynamicflags`) VALUES (250222, '49857', '725', '0', '0', '3', '1', '36603', '0', '1207.6', '1107.79', '265.75', '1.80401', '7200', '0', '0', '1', '0', '0', '0', '0', '0');

INSERT INTO `creature` (`guid`, `id`, `map`, `zone`, `area`, `spawnMask`, `phaseMask`, `modelid`, `equipment_id`, `position_x`, `position_y`, `position_z`, `orientation`, `spawntimesecs`, `spawndist`, `currentwaypoint`, `curhealth`, `curmana`, `MovementType`, `npcflag`, `unit_flags`, `dynamicflags`) VALUES (250223, '42810', '725', '0', '0', '3', '1', '19688', '0', '1163.29', '1017.35', '269.881', '1.89053', '7200', '0', '0', '536810', '0', '0', '0', '0', '0');

INSERT INTO `creature` (`guid`, `id`, `map`, `zone`, `area`, `spawnMask`, `phaseMask`, `modelid`, `equipment_id`, `position_x`, `position_y`, `position_z`, `orientation`, `spawntimesecs`, `spawndist`, `currentwaypoint`, `curhealth`, `curmana`, `MovementType`, `npcflag`, `unit_flags`, `dynamicflags`) VALUES (250224, '42808', '725', '0', '0', '3', '1', '21392', '0', '1055.38', '959.151', '262.15', '5.37561', '7200', '0', '0', '312753', '0', '0', '0', '0', '0');
DELETE FROM `creature_addon` WHERE `guid` = 250224;
INSERT INTO `creature_addon` (`guid`, `path_id`, `mount`, `bytes1`, `bytes2`, `emote`, `auras`) VALUES (250224, '0', '0', '0', '1', '438', '0');

INSERT INTO `creature` (`guid`, `id`, `map`, `zone`, `area`, `spawnMask`, `phaseMask`, `modelid`, `equipment_id`, `position_x`, `position_y`, `position_z`, `orientation`, `spawntimesecs`, `spawndist`, `currentwaypoint`, `curhealth`, `curmana`, `MovementType`, `npcflag`, `unit_flags`, `dynamicflags`) VALUES (250225, '42808', '725', '0', '0', '3', '1', '21392', '0', '1061.07', '947.17', '260.027', '2.54818', '7200', '0', '0', '312753', '0', '0', '0', '0', '0');

INSERT INTO `creature` (`guid`, `id`, `map`, `zone`, `area`, `spawnMask`, `phaseMask`, `modelid`, `equipment_id`, `position_x`, `position_y`, `position_z`, `orientation`, `spawntimesecs`, `spawndist`, `currentwaypoint`, `curhealth`, `curmana`, `MovementType`, `npcflag`, `unit_flags`, `dynamicflags`) VALUES (250226, '42808', '725', '0', '0', '3', '1', '21392', '0', '1065.85', '1029.04', '266.363', '2.00713', '7200', '0', '0', '312753', '0', '0', '0', '0', '0');

INSERT INTO `creature` (`guid`, `id`, `map`, `zone`, `area`, `spawnMask`, `phaseMask`, `modelid`, `equipment_id`, `position_x`, `position_y`, `position_z`, `orientation`, `spawntimesecs`, `spawndist`, `currentwaypoint`, `curhealth`, `curmana`, `MovementType`, `npcflag`, `unit_flags`, `dynamicflags`) VALUES (250227, '42808', '725', '0', '0', '3', '1', '21392', '0', '1061.98', '1021.41', '265.175', '3.15905', '7200', '0', '0', '312753', '0', '0', '0', '0', '0');
DELETE FROM `creature_addon` WHERE `guid` = 250227;
INSERT INTO `creature_addon` (`guid`, `path_id`, `mount`, `bytes1`, `bytes2`, `emote`, `auras`) VALUES (250227, '0', '0', '0', '1', '438', '0');

INSERT INTO `creature` (`guid`, `id`, `map`, `zone`, `area`, `spawnMask`, `phaseMask`, `modelid`, `equipment_id`, `position_x`, `position_y`, `position_z`, `orientation`, `spawntimesecs`, `spawndist`, `currentwaypoint`, `curhealth`, `curmana`, `MovementType`, `npcflag`, `unit_flags`, `dynamicflags`) VALUES (250228, '43357', '725', '0', '0', '3', '1', '11686', '0', '1196.64', '1116.21', '264.159', '0', '7200', '0', '0', '5971', '0', '0', '0', '0', '0');
DELETE FROM `creature_addon` WHERE `guid` = 250228;
INSERT INTO `creature_addon` (`guid`, `path_id`, `mount`, `bytes1`, `bytes2`, `emote`, `auras`) VALUES (250228, '0', '0', '33554432', '1', '0', '81027');

INSERT INTO `creature` (`guid`, `id`, `map`, `zone`, `area`, `spawnMask`, `phaseMask`, `modelid`, `equipment_id`, `position_x`, `position_y`, `position_z`, `orientation`, `spawntimesecs`, `spawndist`, `currentwaypoint`, `curhealth`, `curmana`, `MovementType`, `npcflag`, `unit_flags`, `dynamicflags`) VALUES (250229, '43357', '725', '0', '0', '3', '1', '11686', '0', '1164.76', '1114.6', '264.453', '0', '7200', '0', '0', '5971', '0', '0', '0', '0', '0');
DELETE FROM `creature_addon` WHERE `guid` = 250229;
INSERT INTO `creature_addon` (`guid`, `path_id`, `mount`, `bytes1`, `bytes2`, `emote`, `auras`) VALUES (250229, '0', '0', '33554432', '1', '0', '81027');

INSERT INTO `creature` (`guid`, `id`, `map`, `zone`, `area`, `spawnMask`, `phaseMask`, `modelid`, `equipment_id`, `position_x`, `position_y`, `position_z`, `orientation`, `spawntimesecs`, `spawndist`, `currentwaypoint`, `curhealth`, `curmana`, `MovementType`, `npcflag`, `unit_flags`, `dynamicflags`) VALUES (250230, '42695', '725', '0', '0', '3', '1', '37222', '1', '1558.86', '1082.38', '216.161', '1.45067', '7200', '0', '0', '6702', '0', '0', '0', '0', '0');

INSERT INTO `creature` (`guid`, `id`, `map`, `zone`, `area`, `spawnMask`, `phaseMask`, `modelid`, `equipment_id`, `position_x`, `position_y`, `position_z`, `orientation`, `spawntimesecs`, `spawndist`, `currentwaypoint`, `curhealth`, `curmana`, `MovementType`, `npcflag`, `unit_flags`, `dynamicflags`) VALUES (250231, '42695', '725', '0', '0', '3', '1', '37223', '1', '1581.37', '1116.76', '215.894', '2.96469', '7200', '0', '0', '6702', '0', '2', '0', '0', '0');
DELETE FROM `creature_addon` WHERE `guid` = 250231;
INSERT INTO `creature_addon` (`guid`, `path_id`, `mount`, `bytes1`, `bytes2`, `emote`, `auras`) VALUES (250231, '250231', '0', '0', '1', '0', '0');

DELETE FROM `waypoint_data` WHERE `id` = 250231;
INSERT INTO `waypoint_data` (`id`, `point`, `position_x`, `position_y`, `position_z`, `orientation`, `delay`, `move_flag`, `action`, `action_chance`, `inverse_formation_angle`, `wpguid`) VALUES
(250231, '1', '1591.07', '1115.65', '216.227', '0', '0', '0', '0', '100', '0', '0'),
(250231, '2', '1592.05', '1115.46', '216.227', '0', '0', '0', '0', '100', '0', '0'),
(250231, '3', '1586.71', '1115.81', '216.299', '0', '0', '0', '0', '100', '0', '0'),
(250231, '4', '1582.8', '1116.51', '216.348', '0', '0', '0', '0', '100', '0', '0'),
(250231, '5', '1580.87', '1116.85', '215.733', '0', '0', '0', '0', '100', '0', '0'),
(250231, '6', '1574.88', '1117.93', '215.732', '0', '0', '0', '0', '100', '0', '0'),
(250231, '7', '1574.88', '1117.93', '215.732', '0', '0', '0', '0', '100', '0', '0');


INSERT INTO `creature` (`guid`, `id`, `map`, `zone`, `area`, `spawnMask`, `phaseMask`, `modelid`, `equipment_id`, `position_x`, `position_y`, `position_z`, `orientation`, `spawntimesecs`, `spawndist`, `currentwaypoint`, `curhealth`, `curmana`, `MovementType`, `npcflag`, `unit_flags`, `dynamicflags`) VALUES (250232, '42789', '725', '0', '0', '3', '1', '1070', '1', '1589.06', '1175.06', '218.468', '5.11935', '7200', '0', '0', '312753', '25014', '2', '0', '0', '0');
DELETE FROM `creature_addon` WHERE `guid` = 250232;
INSERT INTO `creature_addon` (`guid`, `path_id`, `mount`, `bytes1`, `bytes2`, `emote`, `auras`) VALUES (250232, '250232', '0', '0', '0', '0', '0');

DELETE FROM `waypoint_data` WHERE `id` = 250232;
INSERT INTO `waypoint_data` (`id`, `point`, `position_x`, `position_y`, `position_z`, `orientation`, `delay`, `move_flag`, `action`, `action_chance`, `inverse_formation_angle`, `wpguid`) VALUES
(250232, '1', '1582.09', '1181.84', '219.178', '0', '0', '0', '0', '100', '0', '0'),
(250232, '2', '1583.03', '1181.51', '219.178', '0', '0', '0', '0', '100', '0', '0'),
(250232, '3', '1586.86', '1180.17', '219.017', '0', '0', '0', '0', '100', '0', '0'),
(250232, '4', '1589.57', '1173.9', '218.343', '0', '0', '0', '0', '100', '0', '0'),
(250232, '5', '1589.84', '1173.27', '218.303', '0', '0', '0', '0', '100', '0', '0'),
(250232, '6', '1589.84', '1173.27', '218.303', '0', '0', '0', '0', '100', '0', '0');


INSERT INTO `creature` (`guid`, `id`, `map`, `zone`, `area`, `spawnMask`, `phaseMask`, `modelid`, `equipment_id`, `position_x`, `position_y`, `position_z`, `orientation`, `spawntimesecs`, `spawndist`, `currentwaypoint`, `curhealth`, `curmana`, `MovementType`, `npcflag`, `unit_flags`, `dynamicflags`) VALUES (250233, '42696', '725', '0', '0', '3', '1', '37220', '1', '1602.92', '1111.89', '216.446', '2.15293', '7200', '0', '0', '312753', '0', '0', '0', '0', '0');


INSERT INTO `creature` (`guid`, `id`, `map`, `zone`, `area`, `spawnMask`, `phaseMask`, `modelid`, `equipment_id`, `position_x`, `position_y`, `position_z`, `orientation`, `spawntimesecs`, `spawndist`, `currentwaypoint`, `curhealth`, `curmana`, `MovementType`, `npcflag`, `unit_flags`, `dynamicflags`) VALUES (250234, '42696', '725', '0', '0', '3', '1', '37220', '1', '1590.14', '1165.46', '217.829', '1.43117', '7200', '0', '0', '312753', '0', '0', '0', '0', '0');

INSERT INTO `creature` (`guid`, `id`, `map`, `zone`, `area`, `spawnMask`, `phaseMask`, `modelid`, `equipment_id`, `position_x`, `position_y`, `position_z`, `orientation`, `spawntimesecs`, `spawndist`, `currentwaypoint`, `curhealth`, `curmana`, `MovementType`, `npcflag`, `unit_flags`, `dynamicflags`) VALUES (250235, '42696', '725', '0', '0', '3', '1', '37221', '1', '1588.36', '1168.33', '218.031', '5.77704', '7200', '0', '0', '312753', '0', '0', '0', '0', '0');


INSERT INTO `creature` (`guid`, `id`, `map`, `zone`, `area`, `spawnMask`, `phaseMask`, `modelid`, `equipment_id`, `position_x`, `position_y`, `position_z`, `orientation`, `spawntimesecs`, `spawndist`, `currentwaypoint`, `curhealth`, `curmana`, `MovementType`, `npcflag`, `unit_flags`, `dynamicflags`) VALUES (250236, '42696', '725', '0', '0', '3', '1', '37219', '1', '1591.32', '1167.91', '218.004', '3.76991', '7200', '0', '0', '312753', '0', '0', '0', '0', '0');

INSERT INTO `creature` (`guid`, `id`, `map`, `zone`, `area`, `spawnMask`, `phaseMask`, `modelid`, `equipment_id`, `position_x`, `position_y`, `position_z`, `orientation`, `spawntimesecs`, `spawndist`, `currentwaypoint`, `curhealth`, `curmana`, `MovementType`, `npcflag`, `unit_flags`, `dynamicflags`) VALUES (250237, '42691', '725', '0', '0', '3', '1', '37228', '1', '1592.5', '1165.97', '217.866', '2.77507', '7200', '0', '0', '312753', '16676', '0', '0', '0', '0');

INSERT INTO `creature` (`guid`, `id`, `map`, `zone`, `area`, `spawnMask`, `phaseMask`, `modelid`, `equipment_id`, `position_x`, `position_y`, `position_z`, `orientation`, `spawntimesecs`, `spawndist`, `currentwaypoint`, `curhealth`, `curmana`, `MovementType`, `npcflag`, `unit_flags`, `dynamicflags`) VALUES (250238, '42695', '725', '0', '0', '3', '1', '37222', '1', '1536.03', '1186.43', '219.624', '2.87979', '7200', '0', '0', '6702', '0', '0', '0', '0', '0');


INSERT INTO `creature` (`guid`, `id`, `map`, `zone`, `area`, `spawnMask`, `phaseMask`, `modelid`, `equipment_id`, `position_x`, `position_y`, `position_z`, `orientation`, `spawntimesecs`, `spawndist`, `currentwaypoint`, `curhealth`, `curmana`, `MovementType`, `npcflag`, `unit_flags`, `dynamicflags`) VALUES (250239, '22515', '725', '0', '0', '3', '1', '16925', '0', '1535.25', '1133.85', '216.416', '2.19912', '7200', '0', '0', '4120', '0', '0', '0', '0', '0');

INSERT INTO `creature` (`guid`, `id`, `map`, `zone`, `area`, `spawnMask`, `phaseMask`, `modelid`, `equipment_id`, `position_x`, `position_y`, `position_z`, `orientation`, `spawntimesecs`, `spawndist`, `currentwaypoint`, `curhealth`, `curmana`, `MovementType`, `npcflag`, `unit_flags`, `dynamicflags`) VALUES (250240, '42695', '725', '0', '0', '3', '1', '37222', '1', '1546.7', '1154.52', '216.645', '4.78536', '7200', '0', '0', '6702', '0', '2', '0', '0', '0');
DELETE FROM `creature_addon` WHERE `guid` = 250240;
INSERT INTO `creature_addon` (`guid`, `path_id`, `mount`, `bytes1`, `bytes2`, `emote`, `auras`) VALUES (250240, '250240', '0', '0', '1', '0', '0');

DELETE FROM `waypoint_data` WHERE `id` = 250240;
INSERT INTO `waypoint_data` (`id`, `point`, `position_x`, `position_y`, `position_z`, `orientation`, `delay`, `move_flag`, `action`, `action_chance`, `inverse_formation_angle`, `wpguid`) VALUES
(250240, '1', '1546.42', '1158.32', '216.794', '0', '0', '0', '0', '100', '0', '0'),
(250240, '2', '1546.34', '1159.32', '216.794', '0', '0', '0', '0', '100', '0', '0'),
(250240, '3', '1547.22', '1147.32', '216.423', '0', '0', '0', '0', '100', '0', '0'),
(250240, '4', '1547.22', '1147.32', '216.423', '0', '0', '0', '0', '100', '0', '0');


INSERT INTO `creature` (`guid`, `id`, `map`, `zone`, `area`, `spawnMask`, `phaseMask`, `modelid`, `equipment_id`, `position_x`, `position_y`, `position_z`, `orientation`, `spawntimesecs`, `spawndist`, `currentwaypoint`, `curhealth`, `curmana`, `MovementType`, `npcflag`, `unit_flags`, `dynamicflags`) VALUES (250241, '42695', '725', '0', '0', '3', '1', '37223', '1', '1443.1', '1192.87', '230.638', '4.52598', '7200', '0', '0', '6702', '0', '0', '0', '0', '0');

INSERT INTO `creature` (`guid`, `id`, `map`, `zone`, `area`, `spawnMask`, `phaseMask`, `modelid`, `equipment_id`, `position_x`, `position_y`, `position_z`, `orientation`, `spawntimesecs`, `spawndist`, `currentwaypoint`, `curhealth`, `curmana`, `MovementType`, `npcflag`, `unit_flags`, `dynamicflags`) VALUES (250242, '42789', '725', '0', '0', '3', '1', '1070', '1', '1585.13', '1081.38', '217.813', '5.37561', '7200', '0', '0', '312753', '25014', '0', '0', '0', '0');
DELETE FROM `creature_addon` WHERE `guid` = 250242;
INSERT INTO `creature_addon` (`guid`, `path_id`, `mount`, `bytes1`, `bytes2`, `emote`, `auras`) VALUES (250242, '0', '0', '0', '0', '69', '0');

INSERT INTO `creature` (`guid`, `id`, `map`, `zone`, `area`, `spawnMask`, `phaseMask`, `modelid`, `equipment_id`, `position_x`, `position_y`, `position_z`, `orientation`, `spawntimesecs`, `spawndist`, `currentwaypoint`, `curhealth`, `curmana`, `MovementType`, `npcflag`, `unit_flags`, `dynamicflags`) VALUES (250243, '43430', '725', '0', '0', '3', '1', '37213', '1', '1058.95', '869.467', '293.794', '3.85718', '7200', '0', '0', '312753', '19394', '0', '0', '0', '0');

INSERT INTO `creature` (`guid`, `id`, `map`, `zone`, `area`, `spawnMask`, `phaseMask`, `modelid`, `equipment_id`, `position_x`, `position_y`, `position_z`, `orientation`, `spawntimesecs`, `spawndist`, `currentwaypoint`, `curhealth`, `curmana`, `MovementType`, `npcflag`, `unit_flags`, `dynamicflags`) VALUES (250244, '43537', '725', '0', '0', '3', '1', '37216', '1', '1054.48', '869.726', '294.381', '5.55015', '7200', '0', '0', '250201', '18320', '0', '0', '0', '0');

INSERT INTO `creature` (`guid`, `id`, `map`, `zone`, `area`, `spawnMask`, `phaseMask`, `modelid`, `equipment_id`, `position_x`, `position_y`, `position_z`, `orientation`, `spawntimesecs`, `spawndist`, `currentwaypoint`, `curhealth`, `curmana`, `MovementType`, `npcflag`, `unit_flags`, `dynamicflags`) VALUES (250245, '42696', '725', '0', '0', '3', '1', '37220', '1', '1054.68', '866.424', '294.129', '0.645772', '7200', '0', '0', '312753', '0', '0', '0', '0', '0');

INSERT INTO `creature` (`guid`, `id`, `map`, `zone`, `area`, `spawnMask`, `phaseMask`, `modelid`, `equipment_id`, `position_x`, `position_y`, `position_z`, `orientation`, `spawntimesecs`, `spawndist`, `currentwaypoint`, `curhealth`, `curmana`, `MovementType`, `npcflag`, `unit_flags`, `dynamicflags`) VALUES (250246, '42696', '725', '0', '0', '3', '1', '37221', '1', '1058.08', '865.589', '293.802', '2.09439', '7200', '0', '0', '312753', '0', '0', '0', '0', '0');

INSERT INTO `creature` (`guid`, `id`, `map`, `zone`, `area`, `spawnMask`, `phaseMask`, `modelid`, `equipment_id`, `position_x`, `position_y`, `position_z`, `orientation`, `spawntimesecs`, `spawndist`, `currentwaypoint`, `curhealth`, `curmana`, `MovementType`, `npcflag`, `unit_flags`, `dynamicflags`) VALUES (250247, '43537', '725', '0', '0', '3', '1', '37218', '1', '900.745', '992.83', '317.915', '3.27121', '7200', '0', '0', '250201', '18320', '0', '0', '0', '0');

INSERT INTO `creature` (`guid`, `id`, `map`, `zone`, `area`, `spawnMask`, `phaseMask`, `modelid`, `equipment_id`, `position_x`, `position_y`, `position_z`, `orientation`, `spawntimesecs`, `spawndist`, `currentwaypoint`, `curhealth`, `curmana`, `MovementType`, `npcflag`, `unit_flags`, `dynamicflags`) VALUES (250248, '43537', '725', '0', '0', '3', '1', '37217', '1', '899.091', '981.829', '316.865', '3.11179', '7200', '0', '0', '250201', '18320', '0', '0', '0', '0');

INSERT INTO `creature` (`guid`, `id`, `map`, `zone`, `area`, `spawnMask`, `phaseMask`, `modelid`, `equipment_id`, `position_x`, `position_y`, `position_z`, `orientation`, `spawntimesecs`, `spawndist`, `currentwaypoint`, `curhealth`, `curmana`, `MovementType`, `npcflag`, `unit_flags`, `dynamicflags`) VALUES (250249, '42696', '725', '0', '0', '3', '1', '37220', '1', '900.359', '995.599', '318.208', '3.40284', '7200', '0', '0', '312753', '0', '0', '0', '0', '0');

INSERT INTO `creature` (`guid`, `id`, `map`, `zone`, `area`, `spawnMask`, `phaseMask`, `modelid`, `equipment_id`, `position_x`, `position_y`, `position_z`, `orientation`, `spawntimesecs`, `spawndist`, `currentwaypoint`, `curhealth`, `curmana`, `MovementType`, `npcflag`, `unit_flags`, `dynamicflags`) VALUES (250250, '42696', '725', '0', '0', '3', '1', '37221', '1', '898.368', '978.704', '316.927', '2.9764', '7200', '0', '0', '312753', '0', '0', '0', '0', '0');

INSERT INTO `creature` (`guid`, `id`, `map`, `zone`, `area`, `spawnMask`, `phaseMask`, `modelid`, `equipment_id`, `position_x`, `position_y`, `position_z`, `orientation`, `spawntimesecs`, `spawndist`, `currentwaypoint`, `curhealth`, `curmana`, `MovementType`, `npcflag`, `unit_flags`, `dynamicflags`) VALUES (250251, '42808', '725', '0', '0', '3', '1', '21392', '0', '923.74', '946.99', '318.309', '4.93928', '7200', '0', '0', '312753', '0', '0', '0', '0', '0');
DELETE FROM `creature_addon` WHERE `guid` = 250251;
INSERT INTO `creature_addon` (`guid`, `path_id`, `mount`, `bytes1`, `bytes2`, `emote`, `auras`) VALUES (250251, '0', '0', '0', '1', '438', '0');

INSERT INTO `creature` (`guid`, `id`, `map`, `zone`, `area`, `spawnMask`, `phaseMask`, `modelid`, `equipment_id`, `position_x`, `position_y`, `position_z`, `orientation`, `spawntimesecs`, `spawndist`, `currentwaypoint`, `curhealth`, `curmana`, `MovementType`, `npcflag`, `unit_flags`, `dynamicflags`) VALUES (250252, '42808', '725', '0', '0', '3', '1', '21392', '0', '918.432', '944.87', '318.575', '5.34071', '7200', '0', '0', '312753', '0', '0', '0', '0', '0');

INSERT INTO `creature` (`guid`, `id`, `map`, `zone`, `area`, `spawnMask`, `phaseMask`, `modelid`, `equipment_id`, `position_x`, `position_y`, `position_z`, `orientation`, `spawntimesecs`, `spawndist`, `currentwaypoint`, `curhealth`, `curmana`, `MovementType`, `npcflag`, `unit_flags`, `dynamicflags`) VALUES (250253, '42808', '725', '0', '0', '3', '1', '21392', '0', '962.151', '1041.56', '320.844', '4.11898', '7200', '0', '0', '312753', '0', '0', '0', '0', '0');
DELETE FROM `creature_addon` WHERE `guid` = 250253;
INSERT INTO `creature_addon` (`guid`, `path_id`, `mount`, `bytes1`, `bytes2`, `emote`, `auras`) VALUES (250253, '0', '0', '0', '1', '438', '0');

INSERT INTO `creature` (`guid`, `id`, `map`, `zone`, `area`, `spawnMask`, `phaseMask`, `modelid`, `equipment_id`, `position_x`, `position_y`, `position_z`, `orientation`, `spawntimesecs`, `spawndist`, `currentwaypoint`, `curhealth`, `curmana`, `MovementType`, `npcflag`, `unit_flags`, `dynamicflags`) VALUES (250254, '42808', '725', '0', '0', '3', '1', '21392', '0', '956.198', '1040.6', '321.027', '5.51524', '7200', '0', '0', '312753', '0', '0', '0', '0', '0');

INSERT INTO `creature` (`guid`, `id`, `map`, `zone`, `area`, `spawnMask`, `phaseMask`, `modelid`, `equipment_id`, `position_x`, `position_y`, `position_z`, `orientation`, `spawntimesecs`, `spawndist`, `currentwaypoint`, `curhealth`, `curmana`, `MovementType`, `npcflag`, `unit_flags`, `dynamicflags`) VALUES (250255, '43430', '725', '0', '0', '3', '1', '37213', '1', '982.464', '887.2', '304.444', '1.06465', '7200', '0', '0', '312753', '19394', '0', '0', '0', '0');

INSERT INTO `creature` (`guid`, `id`, `map`, `zone`, `area`, `spawnMask`, `phaseMask`, `modelid`, `equipment_id`, `position_x`, `position_y`, `position_z`, `orientation`, `spawntimesecs`, `spawndist`, `currentwaypoint`, `curhealth`, `curmana`, `MovementType`, `npcflag`, `unit_flags`, `dynamicflags`) VALUES (250256, '43537', '725', '0', '0', '3', '1', '37216', '1', '980.774', '891.762', '305.379', '5.77704', '7200', '0', '0', '250201', '18320', '0', '0', '0', '0');

INSERT INTO `creature` (`guid`, `id`, `map`, `zone`, `area`, `spawnMask`, `phaseMask`, `modelid`, `equipment_id`, `position_x`, `position_y`, `position_z`, `orientation`, `spawntimesecs`, `spawndist`, `currentwaypoint`, `curhealth`, `curmana`, `MovementType`, `npcflag`, `unit_flags`, `dynamicflags`) VALUES (250257, '42696', '725', '0', '0', '3', '1', '37219', '1', '972.897', '926.711', '312.474', '2.66251', '7200', '0', '0', '312753', '0', '0', '0', '0', '0');

INSERT INTO `creature` (`guid`, `id`, `map`, `zone`, `area`, `spawnMask`, `phaseMask`, `modelid`, `equipment_id`, `position_x`, `position_y`, `position_z`, `orientation`, `spawntimesecs`, `spawndist`, `currentwaypoint`, `curhealth`, `curmana`, `MovementType`, `npcflag`, `unit_flags`, `dynamicflags`) VALUES (250258, '49857', '725', '0', '0', '3', '1', '36603', '0', '1522.38', '1175.51', '220.296', '4.60456', '7200', '0', '0', '1', '0', '0', '0', '0', '0');

INSERT INTO `creature` (`guid`, `id`, `map`, `zone`, `area`, `spawnMask`, `phaseMask`, `modelid`, `equipment_id`, `position_x`, `position_y`, `position_z`, `orientation`, `spawntimesecs`, `spawndist`, `currentwaypoint`, `curhealth`, `curmana`, `MovementType`, `npcflag`, `unit_flags`, `dynamicflags`) VALUES (250259, '49857', '725', '0', '0', '3', '1', '36603', '0', '1027.44', '847.471', '298.276', '0.518966', '7200', '0', '0', '1', '0', '0', '0', '0', '0');

INSERT INTO `creature` (`guid`, `id`, `map`, `zone`, `area`, `spawnMask`, `phaseMask`, `modelid`, `equipment_id`, `position_x`, `position_y`, `position_z`, `orientation`, `spawntimesecs`, `spawndist`, `currentwaypoint`, `curhealth`, `curmana`, `MovementType`, `npcflag`, `unit_flags`, `dynamicflags`) VALUES (250260, '49857', '725', '0', '0', '3', '1', '36603', '0', '987.332', '863.188', '302.918', '2.62317', '7200', '0', '0', '1', '0', '0', '0', '0', '0');

INSERT INTO `creature` (`guid`, `id`, `map`, `zone`, `area`, `spawnMask`, `phaseMask`, `modelid`, `equipment_id`, `position_x`, `position_y`, `position_z`, `orientation`, `spawntimesecs`, `spawndist`, `currentwaypoint`, `curhealth`, `curmana`, `MovementType`, `npcflag`, `unit_flags`, `dynamicflags`) VALUES (250261, '49929', '725', '0', '0', '3', '1', '36605', '0', '1164.47', '1046.22', '266.375', '3.0233', '7200', '0', '0', '1', '0', '2', '0', '0', '0');
DELETE FROM `creature_addon` WHERE `guid` = 250261;
INSERT INTO `creature_addon` (`guid`, `path_id`, `mount`, `bytes1`, `bytes2`, `emote`, `auras`) VALUES (250261, '250261', '0', '0', '1', '0', '0');

DELETE FROM `waypoint_data` WHERE `id` = 250261;
INSERT INTO `waypoint_data` (`id`, `point`, `position_x`, `position_y`, `position_z`, `orientation`, `delay`, `move_flag`, `action`, `action_chance`, `inverse_formation_angle`, `wpguid`) VALUES
(250261, '1', '1165.57', '1045.52', '266.578', '0', '0', '0', '0', '100', '0', '0'),
(250261, '2', '1166.45', '1045.99', '266.578', '0', '0', '0', '0', '100', '0', '0'),
(250261, '3', '1164.85', '1046.18', '266.415', '0', '0', '0', '0', '100', '0', '0'),
(250261, '4', '1160.32', '1046.71', '265.93', '0', '0', '0', '0', '100', '0', '0'),
(250261, '5', '1159.97', '1046.76', '265.891', '0', '0', '0', '0', '100', '0', '0'),
(250261, '6', '1159.97', '1046.76', '265.891', '0', '0', '0', '0', '100', '0', '0');

DELETE FROM  creature_questrelation WHERE id=42333 AND quest=28814;

INSERT INTO `creature` (`guid`, `id`, `map`, `zone`, `area`, `spawnMask`, `phaseMask`, `modelid`, `equipment_id`, `position_x`, `position_y`, `position_z`, `orientation`, `spawntimesecs`, `spawndist`, `currentwaypoint`, `curhealth`, `curmana`, `MovementType`, `npcflag`, `unit_flags`, `dynamicflags`) VALUES (250262, '49859', '725', '0', '0', '3', '1', '36648', '0', '1361.59', '1030.94', '210.959', '3.73907', '7200', '0', '0', '1', '0', '2', '0', '0', '0');
DELETE FROM `creature_addon` WHERE `guid` = 250262;
INSERT INTO `creature_addon` (`guid`, `path_id`, `mount`, `bytes1`, `bytes2`, `emote`, `auras`) VALUES (250262, '250262', '0', '0', '1', '0', '0');

DELETE FROM `waypoint_data` WHERE `id` = 250262;
INSERT INTO `waypoint_data` (`id`, `point`, `position_x`, `position_y`, `position_z`, `orientation`, `delay`, `move_flag`, `action`, `action_chance`, `inverse_formation_angle`, `wpguid`) VALUES
(250262, '1', '1362.37', '1031.59', '210.935', '0', '0', '0', '0', '100', '0', '0'),
(250262, '2', '1363.25', '1032.06', '210.935', '0', '0', '0', '0', '100', '0', '0'),
(250262, '3', '1361.62', '1030.96', '210.961', '0', '0', '0', '0', '100', '0', '0'),
(250262, '4', '1360.6', '1030.26', '210.885', '0', '0', '0', '0', '100', '0', '0'),
(250262, '5', '1360.6', '1030.26', '210.885', '0', '0', '0', '0', '100', '0', '0');


INSERT INTO `creature` (`guid`, `id`, `map`, `zone`, `area`, `spawnMask`, `phaseMask`, `modelid`, `equipment_id`, `position_x`, `position_y`, `position_z`, `orientation`, `spawntimesecs`, `spawndist`, `currentwaypoint`, `curhealth`, `curmana`, `MovementType`, `npcflag`, `unit_flags`, `dynamicflags`) VALUES (250263, '49929', '725', '0', '0', '3', '1', '36605', '0', '1084.21', '998.626', '266.733', '1.73484', '7200', '0', '0', '1', '0', '2', '0', '0', '0');
DELETE FROM `creature_addon` WHERE `guid` = 250263;
INSERT INTO `creature_addon` (`guid`, `path_id`, `mount`, `bytes1`, `bytes2`, `emote`, `auras`) VALUES (250263, '250263', '0', '0', '1', '0', '0');

DELETE FROM `waypoint_data` WHERE `id` = 250263;
INSERT INTO `waypoint_data` (`id`, `point`, `position_x`, `position_y`, `position_z`, `orientation`, `delay`, `move_flag`, `action`, `action_chance`, `inverse_formation_angle`, `wpguid`) VALUES
(250263, '1', '1085.53', '996.773', '266.319', '0', '0', '0', '0', '100', '0', '0'),
(250263, '2', '1084.53', '996.694', '266.319', '0', '0', '0', '0', '100', '0', '0'),
(250263, '3', '1084.31', '998.032', '266.665', '0', '0', '0', '0', '100', '0', '0'),
(250263, '4', '1084.1', '999.27', '266.807', '0', '0', '0', '0', '100', '0', '0'),
(250263, '5', '1083.97', '1000.04', '267.064', '0', '0', '0', '0', '100', '0', '0'),
(250263, '6', '1083.97', '1000.04', '267.064', '0', '0', '0', '0', '100', '0', '0');


INSERT INTO `creature` (`guid`, `id`, `map`, `zone`, `area`, `spawnMask`, `phaseMask`, `modelid`, `equipment_id`, `position_x`, `position_y`, `position_z`, `orientation`, `spawntimesecs`, `spawndist`, `currentwaypoint`, `curhealth`, `curmana`, `MovementType`, `npcflag`, `unit_flags`, `dynamicflags`) VALUES (250264, '49859', '725', '0', '0', '3', '1', '36648', '0', '1383.74', '1002.01', '208.786', '0.488692', '7200', '0', '0', '1', '0', '0', '0', '0', '0');

INSERT INTO `creature` (`guid`, `id`, `map`, `zone`, `area`, `spawnMask`, `phaseMask`, `modelid`, `equipment_id`, `position_x`, `position_y`, `position_z`, `orientation`, `spawntimesecs`, `spawndist`, `currentwaypoint`, `curhealth`, `curmana`, `MovementType`, `npcflag`, `unit_flags`, `dynamicflags`) VALUES (250265, '49929', '725', '0', '0', '3', '1', '36605', '0', '1165.81', '1043.37', '267.04', '0.488692', '7200', '0', '0', '1', '0', '0', '0', '0', '0');

INSERT INTO `creature` (`guid`, `id`, `map`, `zone`, `area`, `spawnMask`, `phaseMask`, `modelid`, `equipment_id`, `position_x`, `position_y`, `position_z`, `orientation`, `spawntimesecs`, `spawndist`, `currentwaypoint`, `curhealth`, `curmana`, `MovementType`, `npcflag`, `unit_flags`, `dynamicflags`) VALUES (250266, '49857', '725', '0', '0', '3', '1', '36603', '0', '1444.84', '1034.58', '216.541', '3.2757', '7200', '0', '0', '1', '0', '0', '0', '0', '0');

INSERT INTO `creature` (`guid`, `id`, `map`, `zone`, `area`, `spawnMask`, `phaseMask`, `modelid`, `equipment_id`, `position_x`, `position_y`, `position_z`, `orientation`, `spawntimesecs`, `spawndist`, `currentwaypoint`, `curhealth`, `curmana`, `MovementType`, `npcflag`, `unit_flags`, `dynamicflags`) VALUES (250267, '49857', '725', '0', '0', '3', '1', '36603', '0', '1269.26', '1117.64', '213.005', '2.25794', '7200', '0', '0', '1', '0', '0', '0', '0', '0');

INSERT INTO `creature` (`guid`, `id`, `map`, `zone`, `area`, `spawnMask`, `phaseMask`, `modelid`, `equipment_id`, `position_x`, `position_y`, `position_z`, `orientation`, `spawntimesecs`, `spawndist`, `currentwaypoint`, `curhealth`, `curmana`, `MovementType`, `npcflag`, `unit_flags`, `dynamicflags`) VALUES (250268, '42692', '725', '0', '0', '3', '1', '20856', '1', '1554.5', '1069.16', '217.882', '5.35773', '7200', '0', '0', '590491', '0', '0', '0', '0', '0');
DELETE FROM `creature_addon` WHERE `guid` = 250268;
INSERT INTO `creature_addon` (`guid`, `path_id`, `mount`, `bytes1`, `bytes2`, `emote`, `auras`) VALUES (250268, '0', '0', '1', '1', '0', '80222');

INSERT INTO `creature` (`guid`, `id`, `map`, `zone`, `area`, `spawnMask`, `phaseMask`, `modelid`, `equipment_id`, `position_x`, `position_y`, `position_z`, `orientation`, `spawntimesecs`, `spawndist`, `currentwaypoint`, `curhealth`, `curmana`, `MovementType`, `npcflag`, `unit_flags`, `dynamicflags`) VALUES (250269, '22515', '725', '0', '0', '3', '1', '16925', '0', '1596.12', '1114.08', '216.264', '2.19912', '7200', '0', '0', '4120', '0', '0', '0', '0', '0');

INSERT INTO `creature` (`guid`, `id`, `map`, `zone`, `area`, `spawnMask`, `phaseMask`, `modelid`, `equipment_id`, `position_x`, `position_y`, `position_z`, `orientation`, `spawntimesecs`, `spawndist`, `currentwaypoint`, `curhealth`, `curmana`, `MovementType`, `npcflag`, `unit_flags`, `dynamicflags`) VALUES (250270, '42696', '725', '0', '0', '3', '1', '37221', '1', '1529.6', '1103.38', '216.501', '2.28638', '7200', '0', '0', '312753', '0', '0', '0', '0', '0');

INSERT INTO `creature` (`guid`, `id`, `map`, `zone`, `area`, `spawnMask`, `phaseMask`, `modelid`, `equipment_id`, `position_x`, `position_y`, `position_z`, `orientation`, `spawntimesecs`, `spawndist`, `currentwaypoint`, `curhealth`, `curmana`, `MovementType`, `npcflag`, `unit_flags`, `dynamicflags`) VALUES (250271, '42691', '725', '0', '0', '3', '1', '37227', '1', '1526.94', '1104.66', '216.507', '0.0698132', '7200', '0', '0', '312753', '16676', '0', '0', '0', '0');

INSERT INTO `creature` (`guid`, `id`, `map`, `zone`, `area`, `spawnMask`, `phaseMask`, `modelid`, `equipment_id`, `position_x`, `position_y`, `position_z`, `orientation`, `spawntimesecs`, `spawndist`, `currentwaypoint`, `curhealth`, `curmana`, `MovementType`, `npcflag`, `unit_flags`, `dynamicflags`) VALUES (316943, '42691', '725', '0', '0', '3', '1', '37227', '1', '1529.56', '1106.3', '216.473', '4.03171', '7200', '0', '0', '312753', '16676', '0', '0', '0', '0');

INSERT INTO `creature` (`guid`, `id`, `map`, `zone`, `area`, `spawnMask`, `phaseMask`, `modelid`, `equipment_id`, `position_x`, `position_y`, `position_z`, `orientation`, `spawntimesecs`, `spawndist`, `currentwaypoint`, `curhealth`, `curmana`, `MovementType`, `npcflag`, `unit_flags`, `dynamicflags`) VALUES (316944, '42789', '725', '0', '0', '3', '1', '1070', '1', '1525.85', '1107.56', '216.514', '5.96903', '7200', '0', '0', '312753', '25014', '0', '0', '0', '0');

INSERT INTO `creature` (`guid`, `id`, `map`, `zone`, `area`, `spawnMask`, `phaseMask`, `modelid`, `equipment_id`, `position_x`, `position_y`, `position_z`, `orientation`, `spawntimesecs`, `spawndist`, `currentwaypoint`, `curhealth`, `curmana`, `MovementType`, `npcflag`, `unit_flags`, `dynamicflags`) VALUES (316945, '42696', '725', '0', '0', '3', '1', '37220', '1', '1580.62', '1185.56', '219.699', '2.26893', '7200', '0', '0', '312753', '0', '0', '0', '0', '0');

INSERT INTO `creature` (`guid`, `id`, `map`, `zone`, `area`, `spawnMask`, `phaseMask`, `modelid`, `equipment_id`, `position_x`, `position_y`, `position_z`, `orientation`, `spawntimesecs`, `spawndist`, `currentwaypoint`, `curhealth`, `curmana`, `MovementType`, `npcflag`, `unit_flags`, `dynamicflags`) VALUES (316946, '42691', '725', '0', '0', '3', '1', '37226', '1', '1577.61', '1188.9', '220.066', '4.95674', '7200', '0', '0', '312753', '16676', '0', '0', '0', '0');

INSERT INTO `creature` (`guid`, `id`, `map`, `zone`, `area`, `spawnMask`, `phaseMask`, `modelid`, `equipment_id`, `position_x`, `position_y`, `position_z`, `orientation`, `spawntimesecs`, `spawndist`, `currentwaypoint`, `curhealth`, `curmana`, `MovementType`, `npcflag`, `unit_flags`, `dynamicflags`) VALUES (316947, '42691', '725', '0', '0', '3', '1', '37228', '1', '1580.58', '1188.48', '220.007', '3.89208', '7200', '0', '0', '312753', '16676', '0', '0', '0', '0');

INSERT INTO `creature` (`guid`, `id`, `map`, `zone`, `area`, `spawnMask`, `phaseMask`, `modelid`, `equipment_id`, `position_x`, `position_y`, `position_z`, `orientation`, `spawntimesecs`, `spawndist`, `currentwaypoint`, `curhealth`, `curmana`, `MovementType`, `npcflag`, `unit_flags`, `dynamicflags`) VALUES (316948, '42789', '725', '0', '0', '3', '1', '1070', '1', '1576.87', '1185.43', '219.704', '0.715585', '7200', '0', '0', '312753', '25014', '0', '0', '0', '0');

INSERT INTO `creature` (`guid`, `id`, `map`, `zone`, `area`, `spawnMask`, `phaseMask`, `modelid`, `equipment_id`, `position_x`, `position_y`, `position_z`, `orientation`, `spawntimesecs`, `spawndist`, `currentwaypoint`, `curhealth`, `curmana`, `MovementType`, `npcflag`, `unit_flags`, `dynamicflags`) VALUES (316949, '22515', '725', '0', '0', '3', '1', '16925', '0', '1558.36', '1062.4', '218.438', '2.19912', '7200', '0', '0', '4120', '0', '0', '0', '0', '0');

INSERT INTO `creature` (`guid`, `id`, `map`, `zone`, `area`, `spawnMask`, `phaseMask`, `modelid`, `equipment_id`, `position_x`, `position_y`, `position_z`, `orientation`, `spawntimesecs`, `spawndist`, `currentwaypoint`, `curhealth`, `curmana`, `MovementType`, `npcflag`, `unit_flags`, `dynamicflags`) VALUES (316950, '42696', '725', '0', '0', '3', '1', '37221', '1', '1545.3', '1215.27', '223.352', '2.14675', '7200', '0', '0', '312753', '0', '0', '0', '0', '0');

INSERT INTO `creature` (`guid`, `id`, `map`, `zone`, `area`, `spawnMask`, `phaseMask`, `modelid`, `equipment_id`, `position_x`, `position_y`, `position_z`, `orientation`, `spawntimesecs`, `spawndist`, `currentwaypoint`, `curhealth`, `curmana`, `MovementType`, `npcflag`, `unit_flags`, `dynamicflags`) VALUES (316951, '42691', '725', '0', '0', '3', '1', '37227', '1', '1541.7', '1216.2', '223.54', '0.436332', '7200', '0', '0', '312753', '16676', '0', '0', '0', '0');

INSERT INTO `creature` (`guid`, `id`, `map`, `zone`, `area`, `spawnMask`, `phaseMask`, `modelid`, `equipment_id`, `position_x`, `position_y`, `position_z`, `orientation`, `spawntimesecs`, `spawndist`, `currentwaypoint`, `curhealth`, `curmana`, `MovementType`, `npcflag`, `unit_flags`, `dynamicflags`) VALUES (316952, '42691', '725', '0', '0', '3', '1', '37228', '1', '1544.7', '1218.8', '223.538', '4.2586', '7200', '0', '0', '312753', '16676', '0', '0', '0', '0');

INSERT INTO `creature` (`guid`, `id`, `map`, `zone`, `area`, `spawnMask`, `phaseMask`, `modelid`, `equipment_id`, `position_x`, `position_y`, `position_z`, `orientation`, `spawntimesecs`, `spawndist`, `currentwaypoint`, `curhealth`, `curmana`, `MovementType`, `npcflag`, `unit_flags`, `dynamicflags`) VALUES (316953, '42789', '725', '0', '0', '3', '1', '1070', '1', '1541.99', '1220.24', '223.712', '0.541052', '7200', '0', '0', '312753', '25014', '0', '0', '0', '0');

INSERT INTO `creature` (`guid`, `id`, `map`, `zone`, `area`, `spawnMask`, `phaseMask`, `modelid`, `equipment_id`, `position_x`, `position_y`, `position_z`, `orientation`, `spawntimesecs`, `spawndist`, `currentwaypoint`, `curhealth`, `curmana`, `MovementType`, `npcflag`, `unit_flags`, `dynamicflags`) VALUES (316954, '42808', '725', '0', '0', '3', '1', '21392', '0', '1407.7', '1167.13', '231.619', '5.68977', '7200', '0', '0', '312753', '0', '0', '0', '0', '0');

INSERT INTO `creature` (`guid`, `id`, `map`, `zone`, `area`, `spawnMask`, `phaseMask`, `modelid`, `equipment_id`, `position_x`, `position_y`, `position_z`, `orientation`, `spawntimesecs`, `spawndist`, `currentwaypoint`, `curhealth`, `curmana`, `MovementType`, `npcflag`, `unit_flags`, `dynamicflags`) VALUES (316955, '42808', '725', '0', '0', '3', '1', '21392', '0', '1408.92', '1169.67', '231.529', '0.14025', '7200', '0', '0', '312753', '0', '0', '0', '0', '0');

INSERT INTO `creature` (`guid`, `id`, `map`, `zone`, `area`, `spawnMask`, `phaseMask`, `modelid`, `equipment_id`, `position_x`, `position_y`, `position_z`, `orientation`, `spawntimesecs`, `spawndist`, `currentwaypoint`, `curhealth`, `curmana`, `MovementType`, `npcflag`, `unit_flags`, `dynamicflags`) VALUES (316956, '42789', '725', '0', '0', '3', '1', '1070', '1', '1521.39', '1145.04', '216.598', '2.6504', '7200', '0', '0', '312753', '25014', '0', '0', '0', '0');
DELETE FROM `creature_addon` WHERE `guid` = 316956;
INSERT INTO `creature_addon` (`guid`, `path_id`, `mount`, `bytes1`, `bytes2`, `emote`, `auras`) VALUES (316956, '0', '0', '0', '0', '69', '0');

INSERT INTO `creature` (`guid`, `id`, `map`, `zone`, `area`, `spawnMask`, `phaseMask`, `modelid`, `equipment_id`, `position_x`, `position_y`, `position_z`, `orientation`, `spawntimesecs`, `spawndist`, `currentwaypoint`, `curhealth`, `curmana`, `MovementType`, `npcflag`, `unit_flags`, `dynamicflags`) VALUES (316957, '49857', '725', '0', '0', '3', '1', '36603', '0', '1222.37', '1153.76', '256.611', '2.11591', '7200', '0', '0', '1', '0', '0', '0', '0', '0');

INSERT INTO `creature` (`guid`, `id`, `map`, `zone`, `area`, `spawnMask`, `phaseMask`, `modelid`, `equipment_id`, `position_x`, `position_y`, `position_z`, `orientation`, `spawntimesecs`, `spawndist`, `currentwaypoint`, `curhealth`, `curmana`, `MovementType`, `npcflag`, `unit_flags`, `dynamicflags`) VALUES (316958, '49859', '725', '0', '0', '3', '1', '36648', '0', '1448.52', '1067.88', '216.073', '4.62417', '7200', '0', '0', '1', '0', '2', '0', '0', '0');
DELETE FROM `creature_addon` WHERE `guid` = 316958;
INSERT INTO `creature_addon` (`guid`, `path_id`, `mount`, `bytes1`, `bytes2`, `emote`, `auras`) VALUES (316958, '316958', '0', '0', '1', '0', '0');

DELETE FROM `waypoint_data` WHERE `id` = 316958;
INSERT INTO `waypoint_data` (`id`, `point`, `position_x`, `position_y`, `position_z`, `orientation`, `delay`, `move_flag`, `action`, `action_chance`, `inverse_formation_angle`, `wpguid`) VALUES
(316958, '1', '1447.93', '1070.36', '216.18', '0', '0', '0', '0', '100', '0', '0'),
(316958, '2', '1448.79', '1070.88', '216.18', '0', '0', '0', '0', '100', '0', '0'),
(316958, '3', '1448.41', '1066.67', '216.03', '0', '0', '0', '0', '100', '0', '0'),
(316958, '4', '1446.25', '1066.36', '215.876', '0', '0', '0', '0', '100', '0', '0'),
(316958, '5', '1446.25', '1066.36', '215.876', '0', '0', '0', '0', '100', '0', '0');


INSERT INTO `creature` (`guid`, `id`, `map`, `zone`, `area`, `spawnMask`, `phaseMask`, `modelid`, `equipment_id`, `position_x`, `position_y`, `position_z`, `orientation`, `spawntimesecs`, `spawndist`, `currentwaypoint`, `curhealth`, `curmana`, `MovementType`, `npcflag`, `unit_flags`, `dynamicflags`) VALUES (316959, '49857', '725', '0', '0', '3', '1', '36603', '0', '1434.81', '1197.29', '230.299', '0.488692', '7200', '0', '0', '1', '0', '0', '0', '0', '0');

INSERT INTO `creature` (`guid`, `id`, `map`, `zone`, `area`, `spawnMask`, `phaseMask`, `modelid`, `equipment_id`, `position_x`, `position_y`, `position_z`, `orientation`, `spawntimesecs`, `spawndist`, `currentwaypoint`, `curhealth`, `curmana`, `MovementType`, `npcflag`, `unit_flags`, `dynamicflags`) VALUES (316960, '49859', '725', '0', '0', '3', '1', '36648', '0', '1328.76', '1034.36', '210.565', '1.01397', '7200', '0', '0', '1', '0', '0', '0', '0', '0');

INSERT INTO `creature` (`guid`, `id`, `map`, `zone`, `area`, `spawnMask`, `phaseMask`, `modelid`, `equipment_id`, `position_x`, `position_y`, `position_z`, `orientation`, `spawntimesecs`, `spawndist`, `currentwaypoint`, `curhealth`, `curmana`, `MovementType`, `npcflag`, `unit_flags`, `dynamicflags`) VALUES (316961, '49857', '725', '0', '0', '3', '1', '36603', '0', '1451.63', '1041.05', '216.642', '3.75822', '7200', '0', '0', '1', '0', '0', '0', '0', '0');

INSERT INTO `creature` (`guid`, `id`, `map`, `zone`, `area`, `spawnMask`, `phaseMask`, `modelid`, `equipment_id`, `position_x`, `position_y`, `position_z`, `orientation`, `spawntimesecs`, `spawndist`, `currentwaypoint`, `curhealth`, `curmana`, `MovementType`, `npcflag`, `unit_flags`, `dynamicflags`) VALUES (316962, '49857', '725', '0', '0', '3', '1', '36603', '0', '1077.85', '912.422', '294.099', '6.03904', '7200', '0', '0', '1', '0', '0', '0', '0', '0');

INSERT INTO `creature` (`guid`, `id`, `map`, `zone`, `area`, `spawnMask`, `phaseMask`, `modelid`, `equipment_id`, `position_x`, `position_y`, `position_z`, `orientation`, `spawntimesecs`, `spawndist`, `currentwaypoint`, `curhealth`, `curmana`, `MovementType`, `npcflag`, `unit_flags`, `dynamicflags`) VALUES (316963, '49857', '725', '0', '0', '3', '1', '36603', '0', '1463.17', '1218.13', '232.245', '0.967939', '7200', '0', '0', '1', '0', '2', '0', '0', '0');
DELETE FROM `creature_addon` WHERE `guid` = 316963;
INSERT INTO `creature_addon` (`guid`, `path_id`, `mount`, `bytes1`, `bytes2`, `emote`, `auras`) VALUES (316963, '316963', '0', '0', '1', '0', '0');

DELETE FROM `waypoint_data` WHERE `id` = 316963;
INSERT INTO `waypoint_data` (`id`, `point`, `position_x`, `position_y`, `position_z`, `orientation`, `delay`, `move_flag`, `action`, `action_chance`, `inverse_formation_angle`, `wpguid`) VALUES
(316963, '1', '1461.08', '1216.74', '231.778', '0', '0', '0', '0', '100', '0', '0'),
(316963, '2', '1462.06', '1216.53', '231.778', '0', '0', '0', '0', '100', '0', '0'),
(316963, '3', '1462.94', '1217.8', '232.148', '0', '0', '0', '0', '100', '0', '0'),
(316963, '4', '1463.29', '1218.31', '232.298', '0', '0', '0', '0', '100', '0', '0'),
(316963, '5', '1463.29', '1218.31', '232.298', '0', '0', '0', '0', '100', '0', '0');


INSERT INTO `creature` (`guid`, `id`, `map`, `zone`, `area`, `spawnMask`, `phaseMask`, `modelid`, `equipment_id`, `position_x`, `position_y`, `position_z`, `orientation`, `spawntimesecs`, `spawndist`, `currentwaypoint`, `curhealth`, `curmana`, `MovementType`, `npcflag`, `unit_flags`, `dynamicflags`) VALUES (316964, '49857', '725', '0', '0', '3', '1', '36603', '0', '963.908', '955.575', '317.408', '0.488692', '7200', '0', '0', '1', '0', '0', '0', '0', '0');

INSERT INTO `creature` (`guid`, `id`, `map`, `zone`, `area`, `spawnMask`, `phaseMask`, `modelid`, `equipment_id`, `position_x`, `position_y`, `position_z`, `orientation`, `spawntimesecs`, `spawndist`, `currentwaypoint`, `curhealth`, `curmana`, `MovementType`, `npcflag`, `unit_flags`, `dynamicflags`) VALUES (316965, '49929', '725', '0', '0', '3', '1', '36605', '0', '947.434', '1054.96', '318.583', '0.488692', '7200', '0', '0', '1', '0', '0', '0', '0', '0');

INSERT INTO `creature` (`guid`, `id`, `map`, `zone`, `area`, `spawnMask`, `phaseMask`, `modelid`, `equipment_id`, `position_x`, `position_y`, `position_z`, `orientation`, `spawntimesecs`, `spawndist`, `currentwaypoint`, `curhealth`, `curmana`, `MovementType`, `npcflag`, `unit_flags`, `dynamicflags`) VALUES (316966, '49857', '725', '0', '0', '3', '1', '36603', '0', '998.965', '907.453', '307.163', '5.46005', '7200', '0', '0', '1', '0', '2', '0', '0', '0');
DELETE FROM `creature_addon` WHERE `guid` = 316966;
INSERT INTO `creature_addon` (`guid`, `path_id`, `mount`, `bytes1`, `bytes2`, `emote`, `auras`) VALUES (316966, '316966', '0', '0', '1', '0', '0');

DELETE FROM `waypoint_data` WHERE `id` = 316966;
INSERT INTO `waypoint_data` (`id`, `point`, `position_x`, `position_y`, `position_z`, `orientation`, `delay`, `move_flag`, `action`, `action_chance`, `inverse_formation_angle`, `wpguid`) VALUES
(316966, '1', '998.273', '908.791', '307.571', '0', '0', '0', '0', '100', '0', '0'),
(316966, '2', '997.355', '909.189', '307.571', '0', '0', '0', '0', '100', '0', '0'),
(316966, '3', '998.796', '907.635', '307.226', '0', '0', '0', '0', '100', '0', '0'),
(316966, '4', '999.399', '906.984', '307', '0', '0', '0', '0', '100', '0', '0'),
(316966, '5', '999.399', '906.984', '307', '0', '0', '0', '0', '100', '0', '0');


INSERT INTO `creature` (`guid`, `id`, `map`, `zone`, `area`, `spawnMask`, `phaseMask`, `modelid`, `equipment_id`, `position_x`, `position_y`, `position_z`, `orientation`, `spawntimesecs`, `spawndist`, `currentwaypoint`, `curhealth`, `curmana`, `MovementType`, `npcflag`, `unit_flags`, `dynamicflags`) VALUES (316967, '49857', '725', '0', '0', '3', '1', '36603', '0', '1374.81', '1193.86', '236.663', '4.73603', '7200', '0', '0', '1', '0', '0', '0', '0', '0');

INSERT INTO `creature` (`guid`, `id`, `map`, `zone`, `area`, `spawnMask`, `phaseMask`, `modelid`, `equipment_id`, `position_x`, `position_y`, `position_z`, `orientation`, `spawntimesecs`, `spawndist`, `currentwaypoint`, `curhealth`, `curmana`, `MovementType`, `npcflag`, `unit_flags`, `dynamicflags`) VALUES (316968, '49857', '725', '0', '0', '3', '1', '36603', '0', '844.577', '962.202', '317.837', '4.26043', '7200', '0', '0', '1', '0', '2', '0', '0', '0');
DELETE FROM `creature_addon` WHERE `guid` = 316968;
INSERT INTO `creature_addon` (`guid`, `path_id`, `mount`, `bytes1`, `bytes2`, `emote`, `auras`) VALUES (316968, '316968', '0', '0', '1', '0', '0');

DELETE FROM `waypoint_data` WHERE `id` = 316968;
INSERT INTO `waypoint_data` (`id`, `point`, `position_x`, `position_y`, `position_z`, `orientation`, `delay`, `move_flag`, `action`, `action_chance`, `inverse_formation_angle`, `wpguid`) VALUES
(316968, '1', '844.143', '962.657', '317.789', '0', '0', '0', '0', '100', '0', '0'),
(316968, '2', '845.026', '963.127', '317.789', '0', '0', '0', '0', '100', '0', '0'),
(316968, '3', '844.341', '961.715', '317.862', '0', '0', '0', '0', '100', '0', '0'),
(316968, '4', '843.665', '960.323', '317.928', '0', '0', '0', '0', '100', '0', '0'),
(316968, '5', '843.665', '960.323', '317.928', '0', '0', '0', '0', '100', '0', '0');


INSERT INTO `creature` (`guid`, `id`, `map`, `zone`, `area`, `spawnMask`, `phaseMask`, `modelid`, `equipment_id`, `position_x`, `position_y`, `position_z`, `orientation`, `spawntimesecs`, `spawndist`, `currentwaypoint`, `curhealth`, `curmana`, `MovementType`, `npcflag`, `unit_flags`, `dynamicflags`) VALUES (316969, '49859', '725', '0', '0', '3', '1', '36648', '0', '1415.03', '1168.19', '231.506', '3.02988', '7200', '0', '0', '1', '0', '0', '0', '0', '0');

INSERT INTO `creature` (`guid`, `id`, `map`, `zone`, `area`, `spawnMask`, `phaseMask`, `modelid`, `equipment_id`, `position_x`, `position_y`, `position_z`, `orientation`, `spawntimesecs`, `spawndist`, `currentwaypoint`, `curhealth`, `curmana`, `MovementType`, `npcflag`, `unit_flags`, `dynamicflags`) VALUES (316970, '49857', '725', '0', '0', '3', '1', '36603', '0', '1496.44', '1207.18', '228.866', '5.03174', '7200', '0', '0', '1', '0', '0', '0', '0', '0');

INSERT INTO `creature` (`guid`, `id`, `map`, `zone`, `area`, `spawnMask`, `phaseMask`, `modelid`, `equipment_id`, `position_x`, `position_y`, `position_z`, `orientation`, `spawntimesecs`, `spawndist`, `currentwaypoint`, `curhealth`, `curmana`, `MovementType`, `npcflag`, `unit_flags`, `dynamicflags`) VALUES (316971, '49859', '725', '0', '0', '3', '1', '36648', '0', '972.801', '865.001', '304.533', '0.330937', '7200', '0', '0', '1', '0', '0', '0', '0', '0');

INSERT INTO `creature` (`guid`, `id`, `map`, `zone`, `area`, `spawnMask`, `phaseMask`, `modelid`, `equipment_id`, `position_x`, `position_y`, `position_z`, `orientation`, `spawntimesecs`, `spawndist`, `currentwaypoint`, `curhealth`, `curmana`, `MovementType`, `npcflag`, `unit_flags`, `dynamicflags`) VALUES (316972, '49857', '725', '0', '0', '3', '1', '36603', '0', '1332.9', '1129.27', '213.933', '5.79963', '7200', '0', '0', '1', '0', '0', '0', '0', '0');

INSERT INTO `creature` (`guid`, `id`, `map`, `zone`, `area`, `spawnMask`, `phaseMask`, `modelid`, `equipment_id`, `position_x`, `position_y`, `position_z`, `orientation`, `spawntimesecs`, `spawndist`, `currentwaypoint`, `curhealth`, `curmana`, `MovementType`, `npcflag`, `unit_flags`, `dynamicflags`) VALUES (316973, '49857', '725', '0', '0', '3', '1', '36603', '0', '1445.74', '1177.86', '232.163', '4.971', '7200', '0', '0', '1', '0', '0', '0', '0', '0');

INSERT INTO `creature` (`guid`, `id`, `map`, `zone`, `area`, `spawnMask`, `phaseMask`, `modelid`, `equipment_id`, `position_x`, `position_y`, `position_z`, `orientation`, `spawntimesecs`, `spawndist`, `currentwaypoint`, `curhealth`, `curmana`, `MovementType`, `npcflag`, `unit_flags`, `dynamicflags`) VALUES (316974, '49859', '725', '0', '0', '3', '1', '36648', '0', '1123.99', '1087.97', '261.722', '4.11105', '7200', '0', '0', '1', '0', '2', '0', '0', '0');
DELETE FROM `creature_addon` WHERE `guid` = 316974;
INSERT INTO `creature_addon` (`guid`, `path_id`, `mount`, `bytes1`, `bytes2`, `emote`, `auras`) VALUES (316974, '316974', '0', '0', '1', '0', '0');

DELETE FROM `waypoint_data` WHERE `id` = 316974;
INSERT INTO `waypoint_data` (`id`, `point`, `position_x`, `position_y`, `position_z`, `orientation`, `delay`, `move_flag`, `action`, `action_chance`, `inverse_formation_angle`, `wpguid`) VALUES
(316974, '1', '1125.3', '1091.65', '260.591', '0', '0', '0', '0', '100', '0', '0'),
(316974, '2', '1126.17', '1091.14', '260.591', '0', '0', '0', '0', '100', '0', '0'),
(316974, '3', '1124.58', '1088.82', '261.358', '0', '0', '0', '0', '100', '0', '0'),
(316974, '4', '1123.75', '1087.62', '261.871', '0', '0', '0', '0', '100', '0', '0'),
(316974, '5', '1122.6', '1085.94', '262.981', '0', '0', '0', '0', '100', '0', '0'),
(316974, '6', '1122.6', '1085.94', '262.981', '0', '0', '0', '0', '100', '0', '0');


INSERT INTO `creature` (`guid`, `id`, `map`, `zone`, `area`, `spawnMask`, `phaseMask`, `modelid`, `equipment_id`, `position_x`, `position_y`, `position_z`, `orientation`, `spawntimesecs`, `spawndist`, `currentwaypoint`, `curhealth`, `curmana`, `MovementType`, `npcflag`, `unit_flags`, `dynamicflags`) VALUES (316975, '49859', '725', '0', '0', '3', '1', '36648', '0', '1386.56', '1021.39', '211.698', '3.23091', '7200', '0', '0', '1', '0', '0', '0', '0', '0');

INSERT INTO `creature` (`guid`, `id`, `map`, `zone`, `area`, `spawnMask`, `phaseMask`, `modelid`, `equipment_id`, `position_x`, `position_y`, `position_z`, `orientation`, `spawntimesecs`, `spawndist`, `currentwaypoint`, `curhealth`, `curmana`, `MovementType`, `npcflag`, `unit_flags`, `dynamicflags`) VALUES (316976, '49859', '725', '0', '0', '3', '1', '36648', '0', '847.365', '951.241', '318.601', '1.90744', '7200', '0', '0', '1', '0', '0', '0', '0', '0');

INSERT INTO `creature` (`guid`, `id`, `map`, `zone`, `area`, `spawnMask`, `phaseMask`, `modelid`, `equipment_id`, `position_x`, `position_y`, `position_z`, `orientation`, `spawntimesecs`, `spawndist`, `currentwaypoint`, `curhealth`, `curmana`, `MovementType`, `npcflag`, `unit_flags`, `dynamicflags`) VALUES (316977, '49857', '725', '0', '0', '3', '1', '36603', '0', '1342.03', '1156.93', '212.953', '2.1335', '7200', '0', '0', '1', '0', '0', '0', '0', '0');

INSERT INTO `creature` (`guid`, `id`, `map`, `zone`, `area`, `spawnMask`, `phaseMask`, `modelid`, `equipment_id`, `position_x`, `position_y`, `position_z`, `orientation`, `spawntimesecs`, `spawndist`, `currentwaypoint`, `curhealth`, `curmana`, `MovementType`, `npcflag`, `unit_flags`, `dynamicflags`) VALUES (316978, '49857', '725', '0', '0', '3', '1', '36603', '0', '1177.69', '881.996', '284.832', '3.16864', '7200', '0', '0', '1', '0', '0', '0', '0', '0');

INSERT INTO `creature` (`guid`, `id`, `map`, `zone`, `area`, `spawnMask`, `phaseMask`, `modelid`, `equipment_id`, `position_x`, `position_y`, `position_z`, `orientation`, `spawntimesecs`, `spawndist`, `currentwaypoint`, `curhealth`, `curmana`, `MovementType`, `npcflag`, `unit_flags`, `dynamicflags`) VALUES (316979, '49857', '725', '0', '0', '3', '1', '36603', '0', '1459.46', '1229.99', '233.441', '0.547284', '7200', '0', '0', '1', '0', '0', '0', '0', '0');

INSERT INTO `creature` (`guid`, `id`, `map`, `zone`, `area`, `spawnMask`, `phaseMask`, `modelid`, `equipment_id`, `position_x`, `position_y`, `position_z`, `orientation`, `spawntimesecs`, `spawndist`, `currentwaypoint`, `curhealth`, `curmana`, `MovementType`, `npcflag`, `unit_flags`, `dynamicflags`) VALUES (316980, '49857', '725', '0', '0', '3', '1', '36603', '0', '1268.54', '1091.64', '213.623', '2.97081', '7200', '0', '0', '1', '0', '0', '0', '0', '0');

INSERT INTO `creature` (`guid`, `id`, `map`, `zone`, `area`, `spawnMask`, `phaseMask`, `modelid`, `equipment_id`, `position_x`, `position_y`, `position_z`, `orientation`, `spawntimesecs`, `spawndist`, `currentwaypoint`, `curhealth`, `curmana`, `MovementType`, `npcflag`, `unit_flags`, `dynamicflags`) VALUES (316981, '49929', '725', '0', '0', '3', '1', '36605', '0', '1214.35', '1039.1', '259.134', '3.11009', '7200', '0', '0', '1', '0', '2', '0', '0', '0');
DELETE FROM `creature_addon` WHERE `guid` = 316981;
INSERT INTO `creature_addon` (`guid`, `path_id`, `mount`, `bytes1`, `bytes2`, `emote`, `auras`) VALUES (316981, '316981', '0', '0', '1', '0', '0');

DELETE FROM `waypoint_data` WHERE `id` = 316981;
INSERT INTO `waypoint_data` (`id`, `point`, `position_x`, `position_y`, `position_z`, `orientation`, `delay`, `move_flag`, `action`, `action_chance`, `inverse_formation_angle`, `wpguid`) VALUES
(316981, '1', '1213.46', '1038.63', '259.134', '0', '0', '0', '0', '100', '0', '0'),
(316981, '2', '1214.35', '1039.1', '259.134', '0', '0', '0', '0', '100', '0', '0'),
(316981, '3', '1213.03', '1039.14', '259.281', '0', '0', '0', '0', '100', '0', '0'),
(316981, '4', '1213.03', '1039.14', '259.281', '0', '0', '0', '0', '100', '0', '0');


INSERT INTO `creature` (`guid`, `id`, `map`, `zone`, `area`, `spawnMask`, `phaseMask`, `modelid`, `equipment_id`, `position_x`, `position_y`, `position_z`, `orientation`, `spawntimesecs`, `spawndist`, `currentwaypoint`, `curhealth`, `curmana`, `MovementType`, `npcflag`, `unit_flags`, `dynamicflags`) VALUES (316982, '49859', '725', '0', '0', '3', '1', '36648', '0', '1385.61', '1043.45', '212.688', '5.78796', '7200', '0', '0', '1', '0', '2', '0', '0', '0');
DELETE FROM `creature_addon` WHERE `guid` = 316982;
INSERT INTO `creature_addon` (`guid`, `path_id`, `mount`, `bytes1`, `bytes2`, `emote`, `auras`) VALUES (316982, '316982', '0', '0', '1', '0', '0');

DELETE FROM `waypoint_data` WHERE `id` = 316982;
INSERT INTO `waypoint_data` (`id`, `point`, `position_x`, `position_y`, `position_z`, `orientation`, `delay`, `move_flag`, `action`, `action_chance`, `inverse_formation_angle`, `wpguid`) VALUES
(316982, '1', '1386.18', '1042.63', '212.688', '0', '0', '0', '0', '100', '0', '0'),
(316982, '2', '1385.61', '1043.45', '212.688', '0', '0', '0', '0', '100', '0', '0'),
(316982, '3', '1391.42', '1040.31', '212.677', '0', '0', '0', '0', '100', '0', '0'),
(316982, '4', '1391.42', '1040.31', '212.677', '0', '0', '0', '0', '100', '0', '0');


INSERT INTO `creature` (`guid`, `id`, `map`, `zone`, `area`, `spawnMask`, `phaseMask`, `modelid`, `equipment_id`, `position_x`, `position_y`, `position_z`, `orientation`, `spawntimesecs`, `spawndist`, `currentwaypoint`, `curhealth`, `curmana`, `MovementType`, `npcflag`, `unit_flags`, `dynamicflags`) VALUES (316983, '49859', '725', '0', '0', '3', '1', '36648', '0', '1384.86', '1006.98', '209.513', '0.488692', '7200', '0', '0', '1', '0', '0', '0', '0', '0');

INSERT INTO `creature` (`guid`, `id`, `map`, `zone`, `area`, `spawnMask`, `phaseMask`, `modelid`, `equipment_id`, `position_x`, `position_y`, `position_z`, `orientation`, `spawntimesecs`, `spawndist`, `currentwaypoint`, `curhealth`, `curmana`, `MovementType`, `npcflag`, `unit_flags`, `dynamicflags`) VALUES (316984, '49859', '725', '0', '0', '3', '1', '36648', '0', '1315.81', '1065.48', '212.594', '3.17269', '7200', '0', '0', '1', '0', '0', '0', '0', '0');

INSERT INTO `creature` (`guid`, `id`, `map`, `zone`, `area`, `spawnMask`, `phaseMask`, `modelid`, `equipment_id`, `position_x`, `position_y`, `position_z`, `orientation`, `spawntimesecs`, `spawndist`, `currentwaypoint`, `curhealth`, `curmana`, `MovementType`, `npcflag`, `unit_flags`, `dynamicflags`) VALUES (316985, '49857', '725', '0', '0', '3', '1', '36603', '0', '1165.6', '1068.69', '266.709', '0.488692', '7200', '0', '0', '1', '0', '0', '0', '0', '0');

INSERT INTO `creature` (`guid`, `id`, `map`, `zone`, `area`, `spawnMask`, `phaseMask`, `modelid`, `equipment_id`, `position_x`, `position_y`, `position_z`, `orientation`, `spawntimesecs`, `spawndist`, `currentwaypoint`, `curhealth`, `curmana`, `MovementType`, `npcflag`, `unit_flags`, `dynamicflags`) VALUES (316986, '49859', '725', '0', '0', '3', '1', '36648', '0', '1172.41', '849.776', '287.699', '2.3319', '7200', '0', '0', '1', '0', '0', '0', '0', '0');

INSERT INTO `creature` (`guid`, `id`, `map`, `zone`, `area`, `spawnMask`, `phaseMask`, `modelid`, `equipment_id`, `position_x`, `position_y`, `position_z`, `orientation`, `spawntimesecs`, `spawndist`, `currentwaypoint`, `curhealth`, `curmana`, `MovementType`, `npcflag`, `unit_flags`, `dynamicflags`) VALUES (316987, '49857', '725', '0', '0', '3', '1', '36603', '0', '1063.46', '942.928', '260.91', '5.98239', '7200', '0', '0', '1', '0', '0', '0', '0', '0');

INSERT INTO `creature` (`guid`, `id`, `map`, `zone`, `area`, `spawnMask`, `phaseMask`, `modelid`, `equipment_id`, `position_x`, `position_y`, `position_z`, `orientation`, `spawntimesecs`, `spawndist`, `currentwaypoint`, `curhealth`, `curmana`, `MovementType`, `npcflag`, `unit_flags`, `dynamicflags`) VALUES (316988, '49859', '725', '0', '0', '3', '1', '36648', '0', '853.585', '1019.47', '319.766', '4.68538', '7200', '0', '0', '1', '0', '2', '0', '0', '0');
DELETE FROM `creature_addon` WHERE `guid` = 316988;
INSERT INTO `creature_addon` (`guid`, `path_id`, `mount`, `bytes1`, `bytes2`, `emote`, `auras`) VALUES (316988, '316988', '0', '0', '1', '0', '0');

DELETE FROM `waypoint_data` WHERE `id` = 316988;
INSERT INTO `waypoint_data` (`id`, `point`, `position_x`, `position_y`, `position_z`, `orientation`, `delay`, `move_flag`, `action`, `action_chance`, `inverse_formation_angle`, `wpguid`) VALUES
(316988, '1', '853.825', '1018.5', '319.766', '0', '0', '0', '0', '100', '0', '0'),
(316988, '2', '853.585', '1019.47', '319.766', '0', '0', '0', '0', '100', '0', '0'),
(316988, '3', '853.505', '1016.48', '319.577', '0', '0', '0', '0', '100', '0', '0'),
(316988, '4', '853.505', '1016.48', '319.577', '0', '0', '0', '0', '100', '0', '0');


INSERT INTO `creature` (`guid`, `id`, `map`, `zone`, `area`, `spawnMask`, `phaseMask`, `modelid`, `equipment_id`, `position_x`, `position_y`, `position_z`, `orientation`, `spawntimesecs`, `spawndist`, `currentwaypoint`, `curhealth`, `curmana`, `MovementType`, `npcflag`, `unit_flags`, `dynamicflags`) VALUES (316989, '49859', '725', '0', '0', '3', '1', '36648', '0', '1592.59', '1076.79', '218.333', '3.19162', '7200', '0', '0', '1', '0', '0', '0', '0', '0');


INSERT INTO `creature` (`guid`, `id`, `map`, `zone`, `area`, `spawnMask`, `phaseMask`, `modelid`, `equipment_id`, `position_x`, `position_y`, `position_z`, `orientation`, `spawntimesecs`, `spawndist`, `currentwaypoint`, `curhealth`, `curmana`, `MovementType`, `npcflag`, `unit_flags`, `dynamicflags`) VALUES (316990, '49857', '725', '0', '0', '3', '1', '36603', '0', '1443.78', '1177.65', '232.076', '3.37701', '7200', '0', '0', '1', '0', '0', '0', '0', '0');

INSERT INTO `creature` (`guid`, `id`, `map`, `zone`, `area`, `spawnMask`, `phaseMask`, `modelid`, `equipment_id`, `position_x`, `position_y`, `position_z`, `orientation`, `spawntimesecs`, `spawndist`, `currentwaypoint`, `curhealth`, `curmana`, `MovementType`, `npcflag`, `unit_flags`, `dynamicflags`) VALUES (316991, '49857', '725', '0', '0', '3', '1', '36603', '0', '1225.67', '1148.14', '258.328', '6.25056', '7200', '0', '0', '1', '0', '0', '0', '0', '0');

INSERT INTO `creature` (`guid`, `id`, `map`, `zone`, `area`, `spawnMask`, `phaseMask`, `modelid`, `equipment_id`, `position_x`, `position_y`, `position_z`, `orientation`, `spawntimesecs`, `spawndist`, `currentwaypoint`, `curhealth`, `curmana`, `MovementType`, `npcflag`, `unit_flags`, `dynamicflags`) VALUES (316992, '49857', '725', '0', '0', '3', '1', '36603', '0', '1196.59', '884.983', '284.207', '4.36431', '7200', '0', '0', '1', '0', '2', '0', '0', '0');
DELETE FROM `creature_addon` WHERE `guid` = 316992;
INSERT INTO `creature_addon` (`guid`, `path_id`, `mount`, `bytes1`, `bytes2`, `emote`, `auras`) VALUES (316992, '316992', '0', '0', '1', '0', '0');

DELETE FROM `waypoint_data` WHERE `id` = 316992;
INSERT INTO `waypoint_data` (`id`, `point`, `position_x`, `position_y`, `position_z`, `orientation`, `delay`, `move_flag`, `action`, `action_chance`, `inverse_formation_angle`, `wpguid`) VALUES
(316992, '1', '1195.59', '885.101', '284.207', '0', '0', '0', '0', '100', '0', '0'),
(316992, '2', '1196.59', '884.983', '284.207', '0', '0', '0', '0', '100', '0', '0'),
(316992, '3', '1194.6', '879.505', '284.315', '0', '0', '0', '0', '100', '0', '0'),
(316992, '4', '1194.6', '879.505', '284.315', '0', '0', '0', '0', '100', '0', '0');


INSERT INTO `creature` (`guid`, `id`, `map`, `zone`, `area`, `spawnMask`, `phaseMask`, `modelid`, `equipment_id`, `position_x`, `position_y`, `position_z`, `orientation`, `spawntimesecs`, `spawndist`, `currentwaypoint`, `curhealth`, `curmana`, `MovementType`, `npcflag`, `unit_flags`, `dynamicflags`) VALUES (316993, '49857', '725', '0', '0', '3', '1', '36603', '0', '1530.41', '1061.97', '218.077', '0.488692', '7200', '0', '0', '1', '0', '0', '0', '0', '0');

INSERT INTO `creature` (`guid`, `id`, `map`, `zone`, `area`, `spawnMask`, `phaseMask`, `modelid`, `equipment_id`, `position_x`, `position_y`, `position_z`, `orientation`, `spawntimesecs`, `spawndist`, `currentwaypoint`, `curhealth`, `curmana`, `MovementType`, `npcflag`, `unit_flags`, `dynamicflags`) VALUES (316994, '49857', '725', '0', '0', '3', '1', '36603', '0', '949.739', '970.137', '316.945', '4.72578', '7200', '0', '0', '1', '0', '0', '0', '0', '0');

INSERT INTO `creature` (`guid`, `id`, `map`, `zone`, `area`, `spawnMask`, `phaseMask`, `modelid`, `equipment_id`, `position_x`, `position_y`, `position_z`, `orientation`, `spawntimesecs`, `spawndist`, `currentwaypoint`, `curhealth`, `curmana`, `MovementType`, `npcflag`, `unit_flags`, `dynamicflags`) VALUES (316995, '49857', '725', '0', '0', '3', '1', '36603', '0', '1215.68', '1113.17', '265.911', '0.488692', '7200', '0', '0', '1', '0', '0', '0', '0', '0');

INSERT INTO `creature` (`guid`, `id`, `map`, `zone`, `area`, `spawnMask`, `phaseMask`, `modelid`, `equipment_id`, `position_x`, `position_y`, `position_z`, `orientation`, `spawntimesecs`, `spawndist`, `currentwaypoint`, `curhealth`, `curmana`, `MovementType`, `npcflag`, `unit_flags`, `dynamicflags`) VALUES (316996, '49857', '725', '0', '0', '3', '1', '36603', '0', '1003.33', '851.963', '300.557', '0.709757', '7200', '0', '0', '1', '0', '0', '0', '0', '0');

INSERT INTO `creature` (`guid`, `id`, `map`, `zone`, `area`, `spawnMask`, `phaseMask`, `modelid`, `equipment_id`, `position_x`, `position_y`, `position_z`, `orientation`, `spawntimesecs`, `spawndist`, `currentwaypoint`, `curhealth`, `curmana`, `MovementType`, `npcflag`, `unit_flags`, `dynamicflags`) VALUES (316997, '49857', '725', '0', '0', '3', '1', '36603', '0', '1404.81', '1164.37', '231.77', '3.71688', '7200', '0', '0', '1', '0', '0', '0', '0', '0');

INSERT INTO `creature` (`guid`, `id`, `map`, `zone`, `area`, `spawnMask`, `phaseMask`, `modelid`, `equipment_id`, `position_x`, `position_y`, `position_z`, `orientation`, `spawntimesecs`, `spawndist`, `currentwaypoint`, `curhealth`, `curmana`, `MovementType`, `npcflag`, `unit_flags`, `dynamicflags`) VALUES (316998, '49857', '725', '0', '0', '3', '1', '36603', '0', '1055.14', '838.647', '295.448', '0.877805', '7200', '0', '0', '1', '0', '0', '0', '0', '0');

INSERT INTO `creature` (`guid`, `id`, `map`, `zone`, `area`, `spawnMask`, `phaseMask`, `modelid`, `equipment_id`, `position_x`, `position_y`, `position_z`, `orientation`, `spawntimesecs`, `spawndist`, `currentwaypoint`, `curhealth`, `curmana`, `MovementType`, `npcflag`, `unit_flags`, `dynamicflags`) VALUES (316999, '49857', '725', '0', '0', '3', '1', '36603', '0', '1190.32', '891.349', '284.477', '2.17243', '7200', '0', '0', '1', '0', '2', '0', '0', '0');
DELETE FROM `creature_addon` WHERE `guid` = 316999;
INSERT INTO `creature_addon` (`guid`, `path_id`, `mount`, `bytes1`, `bytes2`, `emote`, `auras`) VALUES (316999, '316999', '0', '0', '1', '0', '0');

DELETE FROM `waypoint_data` WHERE `id` = 316999;
INSERT INTO `waypoint_data` (`id`, `point`, `position_x`, `position_y`, `position_z`, `orientation`, `delay`, `move_flag`, `action`, `action_chance`, `inverse_formation_angle`, `wpguid`) VALUES
(316999, '1', '1192.61', '888.045', '284.398', '0', '0', '0', '0', '100', '0', '0'),
(316999, '2', '1193.16', '887.211', '284.398', '0', '0', '0', '0', '100', '0', '0'),
(316999, '3', '1190.12', '891.638', '284.483', '0', '0', '0', '0', '100', '0', '0'),
(316999, '4', '1189.67', '892.299', '284.397', '0', '0', '0', '0', '100', '0', '0'),
(316999, '5', '1189.67', '892.299', '284.397', '0', '0', '0', '0', '100', '0', '0');


INSERT INTO `creature` (`guid`, `id`, `map`, `zone`, `area`, `spawnMask`, `phaseMask`, `modelid`, `equipment_id`, `position_x`, `position_y`, `position_z`, `orientation`, `spawntimesecs`, `spawndist`, `currentwaypoint`, `curhealth`, `curmana`, `MovementType`, `npcflag`, `unit_flags`, `dynamicflags`) VALUES (317000, '49857', '725', '0', '0', '3', '1', '36603', '0', '1058.37', '1022.6', '265.18', '0.795194', '7200', '0', '0', '1', '0', '2', '0', '0', '0');
DELETE FROM `creature_addon` WHERE `guid` = 317000;
INSERT INTO `creature_addon` (`guid`, `path_id`, `mount`, `bytes1`, `bytes2`, `emote`, `auras`) VALUES (317000, '317000', '0', '0', '1', '0', '0');

DELETE FROM `waypoint_data` WHERE `id` = 317000;
INSERT INTO `waypoint_data` (`id`, `point`, `position_x`, `position_y`, `position_z`, `orientation`, `delay`, `move_flag`, `action`, `action_chance`, `inverse_formation_angle`, `wpguid`) VALUES
(317000, '1', '1056.78', '1021.35', '265.397', '0', '0', '0', '0', '100', '0', '0'),
(317000, '2', '1056.29', '1020.47', '265.397', '0', '0', '0', '0', '100', '0', '0'),
(317000, '3', '1057.76', '1021.98', '265.067', '0', '0', '0', '0', '100', '0', '0'),
(317000, '4', '1059.51', '1023.76', '265.394', '0', '0', '0', '0', '100', '0', '0'),
(317000, '5', '1060.27', '1024.53', '265.478', '0', '0', '0', '0', '100', '0', '0'),
(317000, '6', '1060.27', '1024.53', '265.478', '0', '0', '0', '0', '100', '0', '0');


INSERT INTO `creature` (`guid`, `id`, `map`, `zone`, `area`, `spawnMask`, `phaseMask`, `modelid`, `equipment_id`, `position_x`, `position_y`, `position_z`, `orientation`, `spawntimesecs`, `spawndist`, `currentwaypoint`, `curhealth`, `curmana`, `MovementType`, `npcflag`, `unit_flags`, `dynamicflags`) VALUES (317001, '49857', '725', '0', '0', '3', '1', '36603', '0', '1457.95', '1222.39', '232.218', '0.488692', '7200', '0', '0', '1', '0', '0', '0', '0', '0');

INSERT INTO `creature` (`guid`, `id`, `map`, `zone`, `area`, `spawnMask`, `phaseMask`, `modelid`, `equipment_id`, `position_x`, `position_y`, `position_z`, `orientation`, `spawntimesecs`, `spawndist`, `currentwaypoint`, `curhealth`, `curmana`, `MovementType`, `npcflag`, `unit_flags`, `dynamicflags`) VALUES (317002, '49857', '725', '0', '0', '3', '1', '36603', '0', '855.955', '1031.01', '320.197', '5.90222', '7200', '0', '0', '1', '0', '0', '0', '0', '0');

INSERT INTO `creature` (`guid`, `id`, `map`, `zone`, `area`, `spawnMask`, `phaseMask`, `modelid`, `equipment_id`, `position_x`, `position_y`, `position_z`, `orientation`, `spawntimesecs`, `spawndist`, `currentwaypoint`, `curhealth`, `curmana`, `MovementType`, `npcflag`, `unit_flags`, `dynamicflags`) VALUES (317003, '49857', '725', '0', '0', '3', '1', '36603', '0', '1292.83', '1061.58', '212.53', '5.97189', '7200', '0', '0', '1', '0', '2', '0', '0', '0');
DELETE FROM `creature_addon` WHERE `guid` = 317003;
INSERT INTO `creature_addon` (`guid`, `path_id`, `mount`, `bytes1`, `bytes2`, `emote`, `auras`) VALUES (317003, '317003', '0', '0', '1', '0', '0');

DELETE FROM `waypoint_data` WHERE `id` = 317003;
INSERT INTO `waypoint_data` (`id`, `point`, `position_x`, `position_y`, `position_z`, `orientation`, `delay`, `move_flag`, `action`, `action_chance`, `inverse_formation_angle`, `wpguid`) VALUES
(317003, '1', '1292.6', '1061.17', '212.343', '0', '0', '0', '0', '100', '0', '0'),
(317003, '2', '1291.9', '1061.88', '212.343', '0', '0', '0', '0', '100', '0', '0'),
(317003, '3', '1293.44', '1061.39', '212.651', '0', '0', '0', '0', '100', '0', '0'),
(317003, '4', '1293.44', '1061.39', '212.651', '0', '0', '0', '0', '100', '0', '0');


INSERT INTO `creature` (`guid`, `id`, `map`, `zone`, `area`, `spawnMask`, `phaseMask`, `modelid`, `equipment_id`, `position_x`, `position_y`, `position_z`, `orientation`, `spawntimesecs`, `spawndist`, `currentwaypoint`, `curhealth`, `curmana`, `MovementType`, `npcflag`, `unit_flags`, `dynamicflags`) VALUES (317004, '49857', '725', '0', '0', '3', '1', '36603', '0', '1058.42', '935.888', '263.79', '4.15432', '7200', '0', '0', '1', '0', '0', '0', '0', '0');

INSERT INTO `creature` (`guid`, `id`, `map`, `zone`, `area`, `spawnMask`, `phaseMask`, `modelid`, `equipment_id`, `position_x`, `position_y`, `position_z`, `orientation`, `spawntimesecs`, `spawndist`, `currentwaypoint`, `curhealth`, `curmana`, `MovementType`, `npcflag`, `unit_flags`, `dynamicflags`) VALUES (317005, '49857', '725', '0', '0', '3', '1', '36603', '0', '944.738', '998.897', '318.857', '2.25365', '7200', '0', '0', '1', '0', '0', '0', '0', '0');

INSERT INTO `creature` (`guid`, `id`, `map`, `zone`, `area`, `spawnMask`, `phaseMask`, `modelid`, `equipment_id`, `position_x`, `position_y`, `position_z`, `orientation`, `spawntimesecs`, `spawndist`, `currentwaypoint`, `curhealth`, `curmana`, `MovementType`, `npcflag`, `unit_flags`, `dynamicflags`) VALUES (317006, '49859', '725', '0', '0', '3', '1', '36648', '0', '1510.71', '1175.56', '223.079', '4.86803', '7200', '0', '0', '1', '0', '0', '0', '0', '0');

INSERT INTO `creature` (`guid`, `id`, `map`, `zone`, `area`, `spawnMask`, `phaseMask`, `modelid`, `equipment_id`, `position_x`, `position_y`, `position_z`, `orientation`, `spawntimesecs`, `spawndist`, `currentwaypoint`, `curhealth`, `curmana`, `MovementType`, `npcflag`, `unit_flags`, `dynamicflags`) VALUES (317007, '49857', '725', '0', '0', '3', '1', '36603', '0', '1177.09', '1020.61', '271.504', '0.488692', '7200', '0', '0', '1', '0', '0', '0', '0', '0');

INSERT INTO `creature` (`guid`, `id`, `map`, `zone`, `area`, `spawnMask`, `phaseMask`, `modelid`, `equipment_id`, `position_x`, `position_y`, `position_z`, `orientation`, `spawntimesecs`, `spawndist`, `currentwaypoint`, `curhealth`, `curmana`, `MovementType`, `npcflag`, `unit_flags`, `dynamicflags`) VALUES (317008, '49857', '725', '0', '0', '3', '1', '36603', '0', '1186.7', '896.643', '285.836', '3.41968', '7200', '0', '0', '1', '0', '2', '0', '0', '0');
DELETE FROM `creature_addon` WHERE `guid` = 317008;
INSERT INTO `creature_addon` (`guid`, `path_id`, `mount`, `bytes1`, `bytes2`, `emote`, `auras`) VALUES (317008, '317008', '0', '0', '1', '0', '0');

DELETE FROM `waypoint_data` WHERE `id` = 317008;
INSERT INTO `waypoint_data` (`id`, `point`, `position_x`, `position_y`, `position_z`, `orientation`, `delay`, `move_flag`, `action`, `action_chance`, `inverse_formation_angle`, `wpguid`) VALUES
(317008, '1', '1186.64', '896.895', '286.074', '0', '0', '0', '0', '100', '0', '0'),
(317008, '2', '1187.64', '896.91', '286.074', '0', '0', '0', '0', '100', '0', '0'),
(317008, '3', '1186.03', '896.451', '285.665', '0', '0', '0', '0', '100', '0', '0'),
(317008, '4', '1182.26', '896.683', '284.304', '0', '0', '0', '0', '100', '0', '0'),
(317008, '5', '1182.26', '896.683', '284.304', '0', '0', '0', '0', '100', '0', '0');


INSERT INTO `creature` (`guid`, `id`, `map`, `zone`, `area`, `spawnMask`, `phaseMask`, `modelid`, `equipment_id`, `position_x`, `position_y`, `position_z`, `orientation`, `spawntimesecs`, `spawndist`, `currentwaypoint`, `curhealth`, `curmana`, `MovementType`, `npcflag`, `unit_flags`, `dynamicflags`) VALUES (317009, '49857', '725', '0', '0', '3', '1', '36603', '0', '1464.37', '1039.39', '217.236', '0.850583', '7200', '0', '0', '1', '0', '2', '0', '0', '0');
DELETE FROM `creature_addon` WHERE `guid` = 317009;
INSERT INTO `creature_addon` (`guid`, `path_id`, `mount`, `bytes1`, `bytes2`, `emote`, `auras`) VALUES (317009, '317009', '0', '0', '1', '0', '0');

DELETE FROM `waypoint_data` WHERE `id` = 317009;
INSERT INTO `waypoint_data` (`id`, `point`, `position_x`, `position_y`, `position_z`, `orientation`, `delay`, `move_flag`, `action`, `action_chance`, `inverse_formation_angle`, `wpguid`) VALUES
(317009, '1', '1461.5', '1036.66', '217.254', '0', '0', '0', '0', '100', '0', '0'),
(317009, '2', '1462.38', '1037.13', '217.254', '0', '0', '0', '0', '100', '0', '0'),
(317009, '3', '1464.94', '1040.05', '217.231', '0', '0', '0', '0', '100', '0', '0'),
(317009, '4', '1464.94', '1040.05', '217.231', '0', '0', '0', '0', '100', '0', '0');


INSERT INTO `creature` (`guid`, `id`, `map`, `zone`, `area`, `spawnMask`, `phaseMask`, `modelid`, `equipment_id`, `position_x`, `position_y`, `position_z`, `orientation`, `spawntimesecs`, `spawndist`, `currentwaypoint`, `curhealth`, `curmana`, `MovementType`, `npcflag`, `unit_flags`, `dynamicflags`) VALUES (317010, '49857', '725', '0', '0', '3', '1', '36603', '0', '1269.8', '1109', '213.527', '0.488692', '7200', '0', '0', '1', '0', '0', '0', '0', '0');

INSERT INTO `creature` (`guid`, `id`, `map`, `zone`, `area`, `spawnMask`, `phaseMask`, `modelid`, `equipment_id`, `position_x`, `position_y`, `position_z`, `orientation`, `spawntimesecs`, `spawndist`, `currentwaypoint`, `curhealth`, `curmana`, `MovementType`, `npcflag`, `unit_flags`, `dynamicflags`) VALUES (317011, '49857', '725', '0', '0', '3', '1', '36603', '0', '1135.8', '965.601', '284.055', '5.05974', '7200', '0', '0', '1', '0', '2', '0', '0', '0');
DELETE FROM `creature_addon` WHERE `guid` = 317011;
INSERT INTO `creature_addon` (`guid`, `path_id`, `mount`, `bytes1`, `bytes2`, `emote`, `auras`) VALUES (317011, '317011', '0', '0', '1', '0', '0');

DELETE FROM `waypoint_data` WHERE `id` = 317011;
INSERT INTO `waypoint_data` (`id`, `point`, `position_x`, `position_y`, `position_z`, `orientation`, `delay`, `move_flag`, `action`, `action_chance`, `inverse_formation_angle`, `wpguid`) VALUES
(317011, '1', '1134.54', '966.941', '284.078', '0', '0', '0', '0', '100', '0', '0'),
(317011, '2', '1135.46', '966.543', '284.078', '0', '0', '0', '0', '100', '0', '0'),
(317011, '3', '1136.18', '964.534', '284.028', '0', '0', '0', '0', '100', '0', '0'),
(317011, '4', '1136.72', '963.045', '284.196', '0', '0', '0', '0', '100', '0', '0'),
(317011, '5', '1136.72', '963.045', '284.196', '0', '0', '0', '0', '100', '0', '0');


INSERT INTO `creature` (`guid`, `id`, `map`, `zone`, `area`, `spawnMask`, `phaseMask`, `modelid`, `equipment_id`, `position_x`, `position_y`, `position_z`, `orientation`, `spawntimesecs`, `spawndist`, `currentwaypoint`, `curhealth`, `curmana`, `MovementType`, `npcflag`, `unit_flags`, `dynamicflags`) VALUES (317012, '49859', '725', '0', '0', '3', '1', '36648', '0', '1313.36', '1065.81', '212.5', '5.98209', '7200', '0', '0', '1', '0', '0', '0', '0', '0');

INSERT INTO `creature` (`guid`, `id`, `map`, `zone`, `area`, `spawnMask`, `phaseMask`, `modelid`, `equipment_id`, `position_x`, `position_y`, `position_z`, `orientation`, `spawntimesecs`, `spawndist`, `currentwaypoint`, `curhealth`, `curmana`, `MovementType`, `npcflag`, `unit_flags`, `dynamicflags`) VALUES (317013, '49857', '725', '0', '0', '3', '1', '36603', '0', '1422.35', '1076.17', '213.808', '1.26073', '7200', '0', '0', '1', '0', '0', '0', '0', '0');

INSERT INTO `creature` (`guid`, `id`, `map`, `zone`, `area`, `spawnMask`, `phaseMask`, `modelid`, `equipment_id`, `position_x`, `position_y`, `position_z`, `orientation`, `spawntimesecs`, `spawndist`, `currentwaypoint`, `curhealth`, `curmana`, `MovementType`, `npcflag`, `unit_flags`, `dynamicflags`) VALUES (317014, '49857', '725', '0', '0', '3', '1', '36603', '0', '1449.91', '1231.34', '233.121', '3.48302', '7200', '0', '0', '1', '0', '0', '0', '0', '0');

INSERT INTO `creature` (`guid`, `id`, `map`, `zone`, `area`, `spawnMask`, `phaseMask`, `modelid`, `equipment_id`, `position_x`, `position_y`, `position_z`, `orientation`, `spawntimesecs`, `spawndist`, `currentwaypoint`, `curhealth`, `curmana`, `MovementType`, `npcflag`, `unit_flags`, `dynamicflags`) VALUES (317015, '49929', '725', '0', '0', '3', '1', '36605', '0', '1138.85', '948.792', '285.18', '0.488692', '7200', '0', '0', '1', '0', '0', '0', '0', '0');

INSERT INTO `creature` (`guid`, `id`, `map`, `zone`, `area`, `spawnMask`, `phaseMask`, `modelid`, `equipment_id`, `position_x`, `position_y`, `position_z`, `orientation`, `spawntimesecs`, `spawndist`, `currentwaypoint`, `curhealth`, `curmana`, `MovementType`, `npcflag`, `unit_flags`, `dynamicflags`) VALUES (317016, '49929', '725', '0', '0', '3', '1', '36605', '0', '935.62', '1026.82', '319.168', '0.488692', '7200', '0', '0', '1', '0', '0', '0', '0', '0');

INSERT INTO `creature` (`guid`, `id`, `map`, `zone`, `area`, `spawnMask`, `phaseMask`, `modelid`, `equipment_id`, `position_x`, `position_y`, `position_z`, `orientation`, `spawntimesecs`, `spawndist`, `currentwaypoint`, `curhealth`, `curmana`, `MovementType`, `npcflag`, `unit_flags`, `dynamicflags`) VALUES (317017, '49857', '725', '0', '0', '3', '1', '36603', '0', '1161.5', '1100.93', '267.129', '2.28473', '7200', '0', '0', '1', '0', '0', '0', '0', '0');

INSERT INTO `creature` (`guid`, `id`, `map`, `zone`, `area`, `spawnMask`, `phaseMask`, `modelid`, `equipment_id`, `position_x`, `position_y`, `position_z`, `orientation`, `spawntimesecs`, `spawndist`, `currentwaypoint`, `curhealth`, `curmana`, `MovementType`, `npcflag`, `unit_flags`, `dynamicflags`) VALUES (317018, '49857', '725', '0', '0', '3', '1', '36603', '0', '1335.61', '1054.09', '212.138', '0.488692', '7200', '0', '0', '1', '0', '0', '0', '0', '0');

INSERT INTO `creature` (`guid`, `id`, `map`, `zone`, `area`, `spawnMask`, `phaseMask`, `modelid`, `equipment_id`, `position_x`, `position_y`, `position_z`, `orientation`, `spawntimesecs`, `spawndist`, `currentwaypoint`, `curhealth`, `curmana`, `MovementType`, `npcflag`, `unit_flags`, `dynamicflags`) VALUES (317019, '49857', '725', '0', '0', '3', '1', '36603', '0', '1066.57', '913.71', '296.334', '0.188274', '7200', '0', '0', '1', '0', '0', '0', '0', '0');

INSERT INTO `creature` (`guid`, `id`, `map`, `zone`, `area`, `spawnMask`, `phaseMask`, `modelid`, `equipment_id`, `position_x`, `position_y`, `position_z`, `orientation`, `spawntimesecs`, `spawndist`, `currentwaypoint`, `curhealth`, `curmana`, `MovementType`, `npcflag`, `unit_flags`, `dynamicflags`) VALUES (317020, '49929', '725', '0', '0', '3', '1', '36605', '0', '957.948', '1043.64', '320.345', '2.56015', '7200', '0', '0', '1', '0', '0', '0', '0', '0');

INSERT INTO `creature` (`guid`, `id`, `map`, `zone`, `area`, `spawnMask`, `phaseMask`, `modelid`, `equipment_id`, `position_x`, `position_y`, `position_z`, `orientation`, `spawntimesecs`, `spawndist`, `currentwaypoint`, `curhealth`, `curmana`, `MovementType`, `npcflag`, `unit_flags`, `dynamicflags`) VALUES (317021, '49857', '725', '0', '0', '3', '1', '36603', '0', '1212.98', '863.347', '282.839', '0.846729', '7200', '0', '0', '1', '0', '0', '0', '0', '0');

INSERT INTO `creature` (`guid`, `id`, `map`, `zone`, `area`, `spawnMask`, `phaseMask`, `modelid`, `equipment_id`, `position_x`, `position_y`, `position_z`, `orientation`, `spawntimesecs`, `spawndist`, `currentwaypoint`, `curhealth`, `curmana`, `MovementType`, `npcflag`, `unit_flags`, `dynamicflags`) VALUES (317022, '49857', '725', '0', '0', '3', '1', '36603', '0', '1180.95', '1123.44', '261.577', '4.29481', '7200', '0', '0', '1', '0', '2', '0', '0', '0');
DELETE FROM `creature_addon` WHERE `guid` = 317022;
INSERT INTO `creature_addon` (`guid`, `path_id`, `mount`, `bytes1`, `bytes2`, `emote`, `auras`) VALUES (317022, '317022', '0', '0', '1', '0', '0');

DELETE FROM `waypoint_data` WHERE `id` = 317022;
INSERT INTO `waypoint_data` (`id`, `point`, `position_x`, `position_y`, `position_z`, `orientation`, `delay`, `move_flag`, `action`, `action_chance`, `inverse_formation_angle`, `wpguid`) VALUES
(317022, '1', '1182.09', '1127.25', '261.214', '0', '0', '0', '0', '100', '0', '0'),
(317022, '2', '1182.36', '1128.21', '261.214', '0', '0', '0', '0', '100', '0', '0'),
(317022, '3', '1182.07', '1126.98', '261.201', '0', '0', '0', '0', '100', '0', '0'),
(317022, '4', '1181.57', '1124.84', '261.414', '0', '0', '0', '0', '100', '0', '0'),
(317022, '5', '1180.78', '1123.06', '261.622', '0', '0', '0', '0', '100', '0', '0'),
(317022, '6', '1180.06', '1122.14', '261.819', '0', '0', '0', '0', '100', '0', '0'),
(317022, '7', '1180.06', '1122.14', '261.819', '0', '0', '0', '0', '100', '0', '0');


INSERT INTO `creature` (`guid`, `id`, `map`, `zone`, `area`, `spawnMask`, `phaseMask`, `modelid`, `equipment_id`, `position_x`, `position_y`, `position_z`, `orientation`, `spawntimesecs`, `spawndist`, `currentwaypoint`, `curhealth`, `curmana`, `MovementType`, `npcflag`, `unit_flags`, `dynamicflags`) VALUES (317023, '49859', '725', '0', '0', '3', '1', '36648', '0', '918.122', '945.538', '318.546', '2.65733', '7200', '0', '0', '1', '0', '0', '0', '0', '0');
DELETE FROM `creature_addon` WHERE `guid` = 317023;
INSERT INTO `creature_addon` (`guid`, `path_id`, `mount`, `bytes1`, `bytes2`, `emote`, `auras`) VALUES (317023, '0', '0', '0', '1', '0', '0');

INSERT INTO `creature` (`guid`, `id`, `map`, `zone`, `area`, `spawnMask`, `phaseMask`, `modelid`, `equipment_id`, `position_x`, `position_y`, `position_z`, `orientation`, `spawntimesecs`, `spawndist`, `currentwaypoint`, `curhealth`, `curmana`, `MovementType`, `npcflag`, `unit_flags`, `dynamicflags`) VALUES (317024, '49929', '725', '0', '0', '3', '1', '36605', '0', '1180.73', '1011.25', '272.403', '5.71171', '7200', '0', '0', '1', '0', '2', '0', '0', '0');
DELETE FROM `creature_addon` WHERE `guid` = 317024;
INSERT INTO `creature_addon` (`guid`, `path_id`, `mount`, `bytes1`, `bytes2`, `emote`, `auras`) VALUES (317024, '317024', '0', '0', '1', '0', '0');

DELETE FROM `waypoint_data` WHERE `id` = 317024;
INSERT INTO `waypoint_data` (`id`, `point`, `position_x`, `position_y`, `position_z`, `orientation`, `delay`, `move_flag`, `action`, `action_chance`, `inverse_formation_angle`, `wpguid`) VALUES
(317024, '1', '1177.73', '1011.99', '271.677', '0', '0', '0', '0', '100', '0', '0'),
(317024, '2', '1178.28', '1012.83', '271.677', '0', '0', '0', '0', '100', '0', '0'),
(317024, '3', '1180.27', '1011.55', '272.244', '0', '0', '0', '0', '100', '0', '0'),
(317024, '4', '1183.11', '1009.72', '273.214', '0', '0', '0', '0', '100', '0', '0'),
(317024, '5', '1183.59', '1009.41', '273.38', '0', '0', '0', '0', '100', '0', '0'),
(317024, '6', '1183.59', '1009.41', '273.38', '0', '0', '0', '0', '100', '0', '0');


INSERT INTO `creature` (`guid`, `id`, `map`, `zone`, `area`, `spawnMask`, `phaseMask`, `modelid`, `equipment_id`, `position_x`, `position_y`, `position_z`, `orientation`, `spawntimesecs`, `spawndist`, `currentwaypoint`, `curhealth`, `curmana`, `MovementType`, `npcflag`, `unit_flags`, `dynamicflags`) VALUES (317025, '49857', '725', '0', '0', '3', '1', '36603', '0', '1441.06', '1233.22', '233.744', '5.93662', '7200', '0', '0', '1', '0', '0', '0', '0', '0');

INSERT INTO `creature` (`guid`, `id`, `map`, `zone`, `area`, `spawnMask`, `phaseMask`, `modelid`, `equipment_id`, `position_x`, `position_y`, `position_z`, `orientation`, `spawntimesecs`, `spawndist`, `currentwaypoint`, `curhealth`, `curmana`, `MovementType`, `npcflag`, `unit_flags`, `dynamicflags`) VALUES (317026, '49929', '725', '0', '0', '3', '1', '36605', '0', '942.625', '1040.41', '319.014', '5.39627', '7200', '0', '0', '1', '0', '0', '0', '0', '0');

INSERT INTO `creature` (`guid`, `id`, `map`, `zone`, `area`, `spawnMask`, `phaseMask`, `modelid`, `equipment_id`, `position_x`, `position_y`, `position_z`, `orientation`, `spawntimesecs`, `spawndist`, `currentwaypoint`, `curhealth`, `curmana`, `MovementType`, `npcflag`, `unit_flags`, `dynamicflags`) VALUES (317027, '49859', '725', '0', '0', '3', '1', '36648', '0', '1088.08', '974.903', '263.665', '4.05161', '7200', '0', '0', '1', '0', '0', '0', '0', '0');

INSERT INTO `creature` (`guid`, `id`, `map`, `zone`, `area`, `spawnMask`, `phaseMask`, `modelid`, `equipment_id`, `position_x`, `position_y`, `position_z`, `orientation`, `spawntimesecs`, `spawndist`, `currentwaypoint`, `curhealth`, `curmana`, `MovementType`, `npcflag`, `unit_flags`, `dynamicflags`) VALUES (317028, '49859', '725', '0', '0', '3', '1', '36648', '0', '1096.88', '1066.76', '268.667', '3.22646', '7200', '0', '0', '1', '0', '0', '0', '0', '0');

INSERT INTO `creature` (`guid`, `id`, `map`, `zone`, `area`, `spawnMask`, `phaseMask`, `modelid`, `equipment_id`, `position_x`, `position_y`, `position_z`, `orientation`, `spawntimesecs`, `spawndist`, `currentwaypoint`, `curhealth`, `curmana`, `MovementType`, `npcflag`, `unit_flags`, `dynamicflags`) VALUES (317029, '49857', '725', '0', '0', '3', '1', '36603', '0', '1153.5', '1117.36', '265.799', '0.326257', '7200', '0', '0', '1', '0', '0', '0', '0', '0');

INSERT INTO `creature` (`guid`, `id`, `map`, `zone`, `area`, `spawnMask`, `phaseMask`, `modelid`, `equipment_id`, `position_x`, `position_y`, `position_z`, `orientation`, `spawntimesecs`, `spawndist`, `currentwaypoint`, `curhealth`, `curmana`, `MovementType`, `npcflag`, `unit_flags`, `dynamicflags`) VALUES (317030, '49859', '725', '0', '0', '3', '1', '36648', '0', '1186.11', '1081.58', '263.726', '1.63046', '7200', '0', '0', '1', '0', '2', '0', '0', '0');
DELETE FROM `creature_addon` WHERE `guid` = 317030;
INSERT INTO `creature_addon` (`guid`, `path_id`, `mount`, `bytes1`, `bytes2`, `emote`, `auras`) VALUES (317030, '317030', '0', '0', '1', '0', '0');

DELETE FROM `waypoint_data` WHERE `id` = 317030;
INSERT INTO `waypoint_data` (`id`, `point`, `position_x`, `position_y`, `position_z`, `orientation`, `delay`, `move_flag`, `action`, `action_chance`, `inverse_formation_angle`, `wpguid`) VALUES
(317030, '1', '1187.28', '1078.67', '263.555', '0', '0', '0', '0', '100', '0', '0'),
(317030, '2', '1186.29', '1078.59', '263.555', '0', '0', '0', '0', '100', '0', '0'),
(317030, '3', '1186.15', '1080.86', '263.599', '0', '0', '0', '0', '100', '0', '0'),
(317030, '4', '1186.03', '1082.93', '263.966', '0', '0', '0', '0', '100', '0', '0'),
(317030, '5', '1185.93', '1084.54', '264.048', '0', '0', '0', '0', '100', '0', '0'),
(317030, '6', '1185.93', '1084.54', '264.048', '0', '0', '0', '0', '100', '0', '0');


INSERT INTO `creature` (`guid`, `id`, `map`, `zone`, `area`, `spawnMask`, `phaseMask`, `modelid`, `equipment_id`, `position_x`, `position_y`, `position_z`, `orientation`, `spawntimesecs`, `spawndist`, `currentwaypoint`, `curhealth`, `curmana`, `MovementType`, `npcflag`, `unit_flags`, `dynamicflags`) VALUES (317031, '49857', '725', '0', '0', '3', '1', '36603', '0', '967.865', '965.792', '318.029', '0.488692', '7200', '0', '0', '1', '0', '0', '0', '0', '0');

INSERT INTO `creature` (`guid`, `id`, `map`, `zone`, `area`, `spawnMask`, `phaseMask`, `modelid`, `equipment_id`, `position_x`, `position_y`, `position_z`, `orientation`, `spawntimesecs`, `spawndist`, `currentwaypoint`, `curhealth`, `curmana`, `MovementType`, `npcflag`, `unit_flags`, `dynamicflags`) VALUES (317032, '49857', '725', '0', '0', '3', '1', '36603', '0', '1499.09', '1204.68', '227.719', '2.5436', '7200', '0', '0', '1', '0', '0', '0', '0', '0');

INSERT INTO `creature` (`guid`, `id`, `map`, `zone`, `area`, `spawnMask`, `phaseMask`, `modelid`, `equipment_id`, `position_x`, `position_y`, `position_z`, `orientation`, `spawntimesecs`, `spawndist`, `currentwaypoint`, `curhealth`, `curmana`, `MovementType`, `npcflag`, `unit_flags`, `dynamicflags`) VALUES (317033, '49857', '725', '0', '0', '3', '1', '36603', '0', '1518.92', '1177.44', '220.971', '5.76371', '7200', '0', '0', '1', '0', '0', '0', '0', '0');

INSERT INTO `creature` (`guid`, `id`, `map`, `zone`, `area`, `spawnMask`, `phaseMask`, `modelid`, `equipment_id`, `position_x`, `position_y`, `position_z`, `orientation`, `spawntimesecs`, `spawndist`, `currentwaypoint`, `curhealth`, `curmana`, `MovementType`, `npcflag`, `unit_flags`, `dynamicflags`) VALUES (317034, '49929', '725', '0', '0', '3', '1', '36605', '0', '1086.29', '997.922', '265.844', '0.488692', '7200', '0', '0', '1', '0', '0', '0', '0', '0');

INSERT INTO `creature` (`guid`, `id`, `map`, `zone`, `area`, `spawnMask`, `phaseMask`, `modelid`, `equipment_id`, `position_x`, `position_y`, `position_z`, `orientation`, `spawntimesecs`, `spawndist`, `currentwaypoint`, `curhealth`, `curmana`, `MovementType`, `npcflag`, `unit_flags`, `dynamicflags`) VALUES (317035, '49857', '725', '0', '0', '3', '1', '36603', '0', '1100.34', '1058.26', '267.786', '6.06185', '7200', '0', '0', '1', '0', '0', '0', '0', '0');

INSERT INTO `creature` (`guid`, `id`, `map`, `zone`, `area`, `spawnMask`, `phaseMask`, `modelid`, `equipment_id`, `position_x`, `position_y`, `position_z`, `orientation`, `spawntimesecs`, `spawndist`, `currentwaypoint`, `curhealth`, `curmana`, `MovementType`, `npcflag`, `unit_flags`, `dynamicflags`) VALUES (317036, '49859', '725', '0', '0', '3', '1', '36648', '0', '1368.84', '1204.08', '238.118', '0.488692', '7200', '0', '0', '1', '0', '0', '0', '0', '0');

INSERT INTO `creature` (`guid`, `id`, `map`, `zone`, `area`, `spawnMask`, `phaseMask`, `modelid`, `equipment_id`, `position_x`, `position_y`, `position_z`, `orientation`, `spawntimesecs`, `spawndist`, `currentwaypoint`, `curhealth`, `curmana`, `MovementType`, `npcflag`, `unit_flags`, `dynamicflags`) VALUES (317037, '49857', '725', '0', '0', '3', '1', '36603', '0', '1207.49', '1169.45', '253.174', '1.488', '7200', '0', '0', '1', '0', '0', '0', '0', '0');

INSERT INTO `creature` (`guid`, `id`, `map`, `zone`, `area`, `spawnMask`, `phaseMask`, `modelid`, `equipment_id`, `position_x`, `position_y`, `position_z`, `orientation`, `spawntimesecs`, `spawndist`, `currentwaypoint`, `curhealth`, `curmana`, `MovementType`, `npcflag`, `unit_flags`, `dynamicflags`) VALUES (317038, '49929', '725', '0', '0', '3', '1', '36605', '0', '953.661', '1044.89', '320.01', '0.0878519', '7200', '0', '0', '1', '0', '0', '0', '0', '0');

INSERT INTO `creature` (`guid`, `id`, `map`, `zone`, `area`, `spawnMask`, `phaseMask`, `modelid`, `equipment_id`, `position_x`, `position_y`, `position_z`, `orientation`, `spawntimesecs`, `spawndist`, `currentwaypoint`, `curhealth`, `curmana`, `MovementType`, `npcflag`, `unit_flags`, `dynamicflags`) VALUES (317039, '49857', '725', '0', '0', '3', '1', '36603', '0', '1164.24', '1103.99', '266.32', '2.17726', '7200', '0', '0', '1', '0', '2', '0', '0', '0');
DELETE FROM `creature_addon` WHERE `guid` = 317039;
INSERT INTO `creature_addon` (`guid`, `path_id`, `mount`, `bytes1`, `bytes2`, `emote`, `auras`) VALUES (317039, '317039', '0', '0', '1', '0', '0');

DELETE FROM `waypoint_data` WHERE `id` = 317039;
INSERT INTO `waypoint_data` (`id`, `point`, `position_x`, `position_y`, `position_z`, `orientation`, `delay`, `move_flag`, `action`, `action_chance`, `inverse_formation_angle`, `wpguid`) VALUES
(317039, '1', '1163.41', '1105.19', '266.265', '0', '0', '0', '0', '100', '0', '0'),
(317039, '2', '1162.84', '1106.01', '266.265', '0', '0', '0', '0', '100', '0', '0'),
(317039, '3', '1164.91', '1103.02', '266.333', '0', '0', '0', '0', '100', '0', '0'),
(317039, '4', '1160.96', '1108.72', '266.259', '0', '0', '0', '0', '100', '0', '0'),
(317039, '5', '1160.96', '1108.72', '266.259', '0', '0', '0', '0', '100', '0', '0');


INSERT INTO `creature` (`guid`, `id`, `map`, `zone`, `area`, `spawnMask`, `phaseMask`, `modelid`, `equipment_id`, `position_x`, `position_y`, `position_z`, `orientation`, `spawntimesecs`, `spawndist`, `currentwaypoint`, `curhealth`, `curmana`, `MovementType`, `npcflag`, `unit_flags`, `dynamicflags`) VALUES (317040, '49859', '725', '0', '0', '3', '1', '36648', '0', '1458.8', '1219.41', '231.892', '4.51557', '7200', '0', '0', '1', '0', '2', '0', '0', '0');
DELETE FROM `creature_addon` WHERE `guid` = 317040;
INSERT INTO `creature_addon` (`guid`, `path_id`, `mount`, `bytes1`, `bytes2`, `emote`, `auras`) VALUES (317040, '317040', '0', '0', '1', '0', '0');

DELETE FROM `waypoint_data` WHERE `id` = 317040;
INSERT INTO `waypoint_data` (`id`, `point`, `position_x`, `position_y`, `position_z`, `orientation`, `delay`, `move_flag`, `action`, `action_chance`, `inverse_formation_angle`, `wpguid`) VALUES
(317040, '1', '1459.29', '1219.42', '232.082', '0', '0', '0', '0', '100', '0', '0'),
(317040, '2', '1458.99', '1220.37', '232.082', '0', '0', '0', '0', '100', '0', '0'),
(317040, '3', '1458.61', '1218.48', '231.708', '0', '0', '0', '0', '100', '0', '0'),
(317040, '4', '1458.61', '1218.48', '231.708', '0', '0', '0', '0', '100', '0', '0');


INSERT INTO `creature` (`guid`, `id`, `map`, `zone`, `area`, `spawnMask`, `phaseMask`, `modelid`, `equipment_id`, `position_x`, `position_y`, `position_z`, `orientation`, `spawntimesecs`, `spawndist`, `currentwaypoint`, `curhealth`, `curmana`, `MovementType`, `npcflag`, `unit_flags`, `dynamicflags`) VALUES (317041, '49859', '725', '0', '0', '3', '1', '36648', '0', '1528.07', '1063.41', '217.86', '2.67687', '7200', '0', '0', '1', '0', '0', '0', '0', '0');

INSERT INTO `creature` (`guid`, `id`, `map`, `zone`, `area`, `spawnMask`, `phaseMask`, `modelid`, `equipment_id`, `position_x`, `position_y`, `position_z`, `orientation`, `spawntimesecs`, `spawndist`, `currentwaypoint`, `curhealth`, `curmana`, `MovementType`, `npcflag`, `unit_flags`, `dynamicflags`) VALUES (317042, '49857', '725', '0', '0', '3', '1', '36603', '0', '1057.44', '948.701', '259.733', '6.17878', '7200', '0', '0', '1', '0', '2', '0', '0', '0');
DELETE FROM `creature_addon` WHERE `guid` = 317042;
INSERT INTO `creature_addon` (`guid`, `path_id`, `mount`, `bytes1`, `bytes2`, `emote`, `auras`) VALUES (317042, '317042', '0', '0', '1', '0', '0');

DELETE FROM `waypoint_data` WHERE `id` = 317042;
INSERT INTO `waypoint_data` (`id`, `point`, `position_x`, `position_y`, `position_z`, `orientation`, `delay`, `move_flag`, `action`, `action_chance`, `inverse_formation_angle`, `wpguid`) VALUES
(317042, '1', '1056.55', '948.232', '259.733', '0', '0', '0', '0', '100', '0', '0'),
(317042, '2', '1057.44', '948.701', '259.733', '0', '0', '0', '0', '100', '0', '0'),
(317042, '3', '1058.51', '948.589', '259.545', '0', '0', '0', '0', '100', '0', '0'),
(317042, '4', '1062.75', '948.145', '259.908', '0', '0', '0', '0', '100', '0', '0'),
(317042, '5', '1064.64', '947.946', '260.215', '0', '0', '0', '0', '100', '0', '0'),
(317042, '6', '1064.64', '947.946', '260.215', '0', '0', '0', '0', '100', '0', '0');


INSERT INTO `creature` (`guid`, `id`, `map`, `zone`, `area`, `spawnMask`, `phaseMask`, `modelid`, `equipment_id`, `position_x`, `position_y`, `position_z`, `orientation`, `spawntimesecs`, `spawndist`, `currentwaypoint`, `curhealth`, `curmana`, `MovementType`, `npcflag`, `unit_flags`, `dynamicflags`) VALUES (317043, '49857', '725', '0', '0', '3', '1', '36603', '0', '1437.29', '1166.39', '233.145', '4.503', '7200', '0', '0', '1', '0', '0', '0', '0', '0');

INSERT INTO `creature` (`guid`, `id`, `map`, `zone`, `area`, `spawnMask`, `phaseMask`, `modelid`, `equipment_id`, `position_x`, `position_y`, `position_z`, `orientation`, `spawntimesecs`, `spawndist`, `currentwaypoint`, `curhealth`, `curmana`, `MovementType`, `npcflag`, `unit_flags`, `dynamicflags`) VALUES (317044, '49859', '725', '0', '0', '3', '1', '36648', '0', '1209.76', '1110.19', '265.599', '3.93213', '7200', '0', '0', '1', '0', '0', '0', '0', '0');

INSERT INTO `creature` (`guid`, `id`, `map`, `zone`, `area`, `spawnMask`, `phaseMask`, `modelid`, `equipment_id`, `position_x`, `position_y`, `position_z`, `orientation`, `spawntimesecs`, `spawndist`, `currentwaypoint`, `curhealth`, `curmana`, `MovementType`, `npcflag`, `unit_flags`, `dynamicflags`) VALUES (317045, '49859', '725', '0', '0', '3', '1', '36648', '0', '1214.93', '1044.2', '259.523', '4.60642', '7200', '0', '0', '1', '0', '0', '0', '0', '0');

INSERT INTO `creature` (`guid`, `id`, `map`, `zone`, `area`, `spawnMask`, `phaseMask`, `modelid`, `equipment_id`, `position_x`, `position_y`, `position_z`, `orientation`, `spawntimesecs`, `spawndist`, `currentwaypoint`, `curhealth`, `curmana`, `MovementType`, `npcflag`, `unit_flags`, `dynamicflags`) VALUES (317046, '49859', '725', '0', '0', '3', '1', '36648', '0', '905.981', '1030.61', '320.035', '4.26884', '7200', '0', '0', '1', '0', '0', '0', '0', '0');

INSERT INTO `creature` (`guid`, `id`, `map`, `zone`, `area`, `spawnMask`, `phaseMask`, `modelid`, `equipment_id`, `position_x`, `position_y`, `position_z`, `orientation`, `spawntimesecs`, `spawndist`, `currentwaypoint`, `curhealth`, `curmana`, `MovementType`, `npcflag`, `unit_flags`, `dynamicflags`) VALUES (317047, '49857', '725', '0', '0', '3', '1', '36603', '0', '1014.32', '846.061', '299.333', '1.17532', '7200', '0', '0', '1', '0', '0', '0', '0', '0');

INSERT INTO `creature` (`guid`, `id`, `map`, `zone`, `area`, `spawnMask`, `phaseMask`, `modelid`, `equipment_id`, `position_x`, `position_y`, `position_z`, `orientation`, `spawntimesecs`, `spawndist`, `currentwaypoint`, `curhealth`, `curmana`, `MovementType`, `npcflag`, `unit_flags`, `dynamicflags`) VALUES (317048, '49857', '725', '0', '0', '3', '1', '36603', '0', '1080.98', '900.438', '293.001', '3.90272', '7200', '0', '0', '1', '0', '0', '0', '0', '0');

INSERT INTO `creature` (`guid`, `id`, `map`, `zone`, `area`, `spawnMask`, `phaseMask`, `modelid`, `equipment_id`, `position_x`, `position_y`, `position_z`, `orientation`, `spawntimesecs`, `spawndist`, `currentwaypoint`, `curhealth`, `curmana`, `MovementType`, `npcflag`, `unit_flags`, `dynamicflags`) VALUES (317049, '49857', '725', '0', '0', '3', '1', '36603', '0', '1450.96', '1037.82', '216.81', '0.488692', '7200', '0', '0', '1', '0', '0', '0', '0', '0');

INSERT INTO `creature` (`guid`, `id`, `map`, `zone`, `area`, `spawnMask`, `phaseMask`, `modelid`, `equipment_id`, `position_x`, `position_y`, `position_z`, `orientation`, `spawntimesecs`, `spawndist`, `currentwaypoint`, `curhealth`, `curmana`, `MovementType`, `npcflag`, `unit_flags`, `dynamicflags`) VALUES (317050, '49857', '725', '0', '0', '3', '1', '36603', '0', '1154.14', '1121.19', '264.765', '4.91089', '7200', '0', '0', '1', '0', '0', '0', '0', '0');

INSERT INTO `creature` (`guid`, `id`, `map`, `zone`, `area`, `spawnMask`, `phaseMask`, `modelid`, `equipment_id`, `position_x`, `position_y`, `position_z`, `orientation`, `spawntimesecs`, `spawndist`, `currentwaypoint`, `curhealth`, `curmana`, `MovementType`, `npcflag`, `unit_flags`, `dynamicflags`) VALUES (317051, '49929', '725', '0', '0', '3', '1', '36605', '0', '1110.36', '1033.83', '266.431', '1.26484', '7200', '0', '0', '1', '0', '2', '0', '0', '0');
DELETE FROM `creature_addon` WHERE `guid` = 317051;
INSERT INTO `creature_addon` (`guid`, `path_id`, `mount`, `bytes1`, `bytes2`, `emote`, `auras`) VALUES (317051, '317051', '0', '0', '1', '0', '0');

DELETE FROM `waypoint_data` WHERE `id` = 317051;
INSERT INTO `waypoint_data` (`id`, `point`, `position_x`, `position_y`, `position_z`, `orientation`, `delay`, `move_flag`, `action`, `action_chance`, `inverse_formation_angle`, `wpguid`) VALUES
(317051, '1', '1110.99', '1032.52', '266.461', '0', '0', '0', '0', '100', '0', '0'),
(317051, '2', '1110.06', '1032.88', '266.461', '0', '0', '0', '0', '100', '0', '0'),
(317051, '3', '1110.69', '1034.88', '266.399', '0', '0', '0', '0', '100', '0', '0'),
(317051, '4', '1110.69', '1034.88', '266.399', '0', '0', '0', '0', '100', '0', '0');


INSERT INTO `creature` (`guid`, `id`, `map`, `zone`, `area`, `spawnMask`, `phaseMask`, `modelid`, `equipment_id`, `position_x`, `position_y`, `position_z`, `orientation`, `spawntimesecs`, `spawndist`, `currentwaypoint`, `curhealth`, `curmana`, `MovementType`, `npcflag`, `unit_flags`, `dynamicflags`) VALUES (317052, '49857', '725', '0', '0', '3', '1', '36603', '0', '1154.67', '995.196', '273.884', '3.54869', '7200', '0', '0', '1', '0', '0', '0', '0', '0');

INSERT INTO `creature` (`guid`, `id`, `map`, `zone`, `area`, `spawnMask`, `phaseMask`, `modelid`, `equipment_id`, `position_x`, `position_y`, `position_z`, `orientation`, `spawntimesecs`, `spawndist`, `currentwaypoint`, `curhealth`, `curmana`, `MovementType`, `npcflag`, `unit_flags`, `dynamicflags`) VALUES (317053, '49857', '725', '0', '0', '3', '1', '36603', '0', '1172.89', '1121.75', '263.481', '5.73805', '7200', '0', '0', '1', '0', '0', '0', '0', '0');

INSERT INTO `creature` (`guid`, `id`, `map`, `zone`, `area`, `spawnMask`, `phaseMask`, `modelid`, `equipment_id`, `position_x`, `position_y`, `position_z`, `orientation`, `spawntimesecs`, `spawndist`, `currentwaypoint`, `curhealth`, `curmana`, `MovementType`, `npcflag`, `unit_flags`, `dynamicflags`) VALUES (317054, '49857', '725', '0', '0', '3', '1', '36603', '0', '1456.93', '1181.59', '232.945', '0.488692', '7200', '0', '0', '1', '0', '0', '0', '0', '0');

INSERT INTO `creature` (`guid`, `id`, `map`, `zone`, `area`, `spawnMask`, `phaseMask`, `modelid`, `equipment_id`, `position_x`, `position_y`, `position_z`, `orientation`, `spawntimesecs`, `spawndist`, `currentwaypoint`, `curhealth`, `curmana`, `MovementType`, `npcflag`, `unit_flags`, `dynamicflags`) VALUES (317055, '49929', '725', '0', '0', '3', '1', '36605', '0', '1129.23', '1047.06', '265.722', '1.67364', '7200', '0', '0', '1', '0', '0', '0', '0', '0');

INSERT INTO `creature` (`guid`, `id`, `map`, `zone`, `area`, `spawnMask`, `phaseMask`, `modelid`, `equipment_id`, `position_x`, `position_y`, `position_z`, `orientation`, `spawntimesecs`, `spawndist`, `currentwaypoint`, `curhealth`, `curmana`, `MovementType`, `npcflag`, `unit_flags`, `dynamicflags`) VALUES (317056, '49857', '725', '0', '0', '3', '1', '36603', '0', '1201.46', '1095.12', '267.301', '3.10469', '7200', '0', '0', '1', '0', '2', '0', '0', '0');
DELETE FROM `creature_addon` WHERE `guid` = 317056;
INSERT INTO `creature_addon` (`guid`, `path_id`, `mount`, `bytes1`, `bytes2`, `emote`, `auras`) VALUES (317056, '317056', '0', '0', '1', '0', '0');

DELETE FROM `waypoint_data` WHERE `id` = 317056;
INSERT INTO `waypoint_data` (`id`, `point`, `position_x`, `position_y`, `position_z`, `orientation`, `delay`, `move_flag`, `action`, `action_chance`, `inverse_formation_angle`, `wpguid`) VALUES
(317056, '1', '1203.15', '1095.79', '267.409', '0', '0', '0', '0', '100', '0', '0'),
(317056, '2', '1202.45', '1095.08', '267.409', '0', '0', '0', '0', '100', '0', '0'),
(317056, '3', '1201.26', '1095.12', '267.279', '0', '0', '0', '0', '100', '0', '0'),
(317056, '4', '1199.64', '1095.18', '267.111', '0', '0', '0', '0', '100', '0', '0'),
(317056, '5', '1198.52', '1095.22', '266.964', '0', '0', '0', '0', '100', '0', '0'),
(317056, '6', '1198.14', '1095.24', '267.162', '0', '0', '0', '0', '100', '0', '0'),
(317056, '7', '1198.14', '1095.24', '267.162', '0', '0', '0', '0', '100', '0', '0');


INSERT INTO `creature` (`guid`, `id`, `map`, `zone`, `area`, `spawnMask`, `phaseMask`, `modelid`, `equipment_id`, `position_x`, `position_y`, `position_z`, `orientation`, `spawntimesecs`, `spawndist`, `currentwaypoint`, `curhealth`, `curmana`, `MovementType`, `npcflag`, `unit_flags`, `dynamicflags`) VALUES (317057, '49857', '725', '0', '0', '3', '1', '36603', '0', '1133.53', '1091.07', '261.52', '1.06975', '7200', '0', '0', '1', '0', '2', '0', '0', '0');
DELETE FROM `creature_addon` WHERE `guid` = 317057;
INSERT INTO `creature_addon` (`guid`, `path_id`, `mount`, `bytes1`, `bytes2`, `emote`, `auras`) VALUES (317057, '317057', '0', '0', '1', '0', '0');

DELETE FROM `waypoint_data` WHERE `id` = 317057;
INSERT INTO `waypoint_data` (`id`, `point`, `position_x`, `position_y`, `position_z`, `orientation`, `delay`, `move_flag`, `action`, `action_chance`, `inverse_formation_angle`, `wpguid`) VALUES
(317057, '1', '1133.29', '1091.17', '261.404', '0', '0', '0', '0', '100', '0', '0'),
(317057, '2', '1133.05', '1090.19', '261.404', '0', '0', '0', '0', '100', '0', '0'),
(317057, '3', '1133.86', '1091.67', '261.601', '0', '0', '0', '0', '100', '0', '0'),
(317057, '4', '1134.77', '1093.34', '261.982', '0', '0', '0', '0', '100', '0', '0'),
(317057, '5', '1135.52', '1094.7', '262.732', '0', '0', '0', '0', '100', '0', '0'),
(317057, '6', '1135.52', '1094.7', '262.732', '0', '0', '0', '0', '100', '0', '0');


INSERT INTO `creature` (`guid`, `id`, `map`, `zone`, `area`, `spawnMask`, `phaseMask`, `modelid`, `equipment_id`, `position_x`, `position_y`, `position_z`, `orientation`, `spawntimesecs`, `spawndist`, `currentwaypoint`, `curhealth`, `curmana`, `MovementType`, `npcflag`, `unit_flags`, `dynamicflags`) VALUES (317058, '49859', '725', '0', '0', '3', '1', '36648', '0', '877.979', '950.783', '319.005', '3.70654', '7200', '0', '0', '1', '0', '0', '0', '0', '0');

INSERT INTO `creature` (`guid`, `id`, `map`, `zone`, `area`, `spawnMask`, `phaseMask`, `modelid`, `equipment_id`, `position_x`, `position_y`, `position_z`, `orientation`, `spawntimesecs`, `spawndist`, `currentwaypoint`, `curhealth`, `curmana`, `MovementType`, `npcflag`, `unit_flags`, `dynamicflags`) VALUES (317059, '49857', '725', '0', '0', '3', '1', '36603', '0', '1409.72', '1160.91', '231.794', '0.488692', '7200', '0', '0', '1', '0', '0', '0', '0', '0');

INSERT INTO `creature` (`guid`, `id`, `map`, `zone`, `area`, `spawnMask`, `phaseMask`, `modelid`, `equipment_id`, `position_x`, `position_y`, `position_z`, `orientation`, `spawntimesecs`, `spawndist`, `currentwaypoint`, `curhealth`, `curmana`, `MovementType`, `npcflag`, `unit_flags`, `dynamicflags`) VALUES (317060, '49857', '725', '0', '0', '3', '1', '36603', '0', '1150.77', '1000.86', '272.312', '4.08607', '7200', '0', '0', '1', '0', '0', '0', '0', '0');

INSERT INTO `creature` (`guid`, `id`, `map`, `zone`, `area`, `spawnMask`, `phaseMask`, `modelid`, `equipment_id`, `position_x`, `position_y`, `position_z`, `orientation`, `spawntimesecs`, `spawndist`, `currentwaypoint`, `curhealth`, `curmana`, `MovementType`, `npcflag`, `unit_flags`, `dynamicflags`) VALUES (317061, '49857', '725', '0', '0', '3', '1', '36603', '0', '1329.92', '1130.02', '213.93', '0.606583', '7200', '0', '0', '1', '0', '2', '0', '0', '0');
DELETE FROM `creature_addon` WHERE `guid` = 317061;
INSERT INTO `creature_addon` (`guid`, `path_id`, `mount`, `bytes1`, `bytes2`, `emote`, `auras`) VALUES (317061, '317061', '0', '0', '1', '0', '0');

DELETE FROM `waypoint_data` WHERE `id` = 317061;
INSERT INTO `waypoint_data` (`id`, `point`, `position_x`, `position_y`, `position_z`, `orientation`, `delay`, `move_flag`, `action`, `action_chance`, `inverse_formation_angle`, `wpguid`) VALUES
(317061, '1', '1324.62', '1126.88', '213.672', '0', '0', '0', '0', '100', '0', '0'),
(317061, '2', '1324.13', '1126', '213.672', '0', '0', '0', '0', '100', '0', '0'),
(317061, '3', '1330.86', '1130.67', '213.972', '0', '0', '0', '0', '100', '0', '0'),
(317061, '4', '1331.7', '1131.25', '214.008', '0', '0', '0', '0', '100', '0', '0'),
(317061, '5', '1332.13', '1131.55', '214.436', '0', '0', '0', '0', '100', '0', '0'),
(317061, '6', '1332.13', '1131.55', '214.436', '0', '0', '0', '0', '100', '0', '0');


INSERT INTO `creature` (`guid`, `id`, `map`, `zone`, `area`, `spawnMask`, `phaseMask`, `modelid`, `equipment_id`, `position_x`, `position_y`, `position_z`, `orientation`, `spawntimesecs`, `spawndist`, `currentwaypoint`, `curhealth`, `curmana`, `MovementType`, `npcflag`, `unit_flags`, `dynamicflags`) VALUES (317062, '42845', '725', '0', '0', '3', '1', '33863', '0', '1138.81', '966.983', '284.101', '3.22492', '7200', '0', '0', '5000', '0', '0', '0', '0', '0');

INSERT INTO `creature` (`guid`, `id`, `map`, `zone`, `area`, `spawnMask`, `phaseMask`, `modelid`, `equipment_id`, `position_x`, `position_y`, `position_z`, `orientation`, `spawntimesecs`, `spawndist`, `currentwaypoint`, `curhealth`, `curmana`, `MovementType`, `npcflag`, `unit_flags`, `dynamicflags`) VALUES (317063, '42845', '725', '0', '0', '3', '1', '33863', '0', '1145.8', '967.482', '284.446', '3.2129', '7200', '0', '0', '5000', '0', '2', '0', '0', '0');
DELETE FROM `creature_addon` WHERE `guid` = 317063;
INSERT INTO `creature_addon` (`guid`, `path_id`, `mount`, `bytes1`, `bytes2`, `emote`, `auras`) VALUES (317063, '317063', '0', '0', '1', '0', '0');

DELETE FROM `waypoint_data` WHERE `id` = 317063;
INSERT INTO `waypoint_data` (`id`, `point`, `position_x`, `position_y`, `position_z`, `orientation`, `delay`, `move_flag`, `action`, `action_chance`, `inverse_formation_angle`, `wpguid`) VALUES
(317063, '1', '1152.83', '968.983', '283.096', '0', '0', '0', '0', '100', '0', '0'),
(317063, '2', '1152.81', '967.983', '283.096', '0', '0', '0', '0', '100', '0', '0'),
(317063, '3', '1149.27', '967.73', '283.987', '0', '0', '0', '0', '100', '0', '0'),
(317063, '4', '1146.49', '967.532', '284.434', '0', '0', '0', '0', '100', '0', '0'),
(317063, '5', '1143.19', '967.296', '284.49', '0', '0', '0', '0', '100', '0', '0'),
(317063, '6', '1140.08', '967.073', '284.146', '0', '0', '0', '0', '100', '0', '0'),
(317063, '7', '1136.73', '966.834', '284.027', '0', '0', '0', '0', '100', '0', '0'),
(317063, '8', '1133.98', '966.638', '284.143', '0', '0', '0', '0', '100', '0', '0'),
(317063, '9', '1132.89', '966.56', '284.234', '0', '0', '0', '0', '100', '0', '0'),
(317063, '10', '1131.32', '966.448', '284.479', '0', '0', '0', '0', '100', '0', '0'),
(317063, '11', '1131.32', '966.448', '284.479', '0', '0', '0', '0', '100', '0', '0');


INSERT INTO `creature` (`guid`, `id`, `map`, `zone`, `area`, `spawnMask`, `phaseMask`, `modelid`, `equipment_id`, `position_x`, `position_y`, `position_z`, `orientation`, `spawntimesecs`, `spawndist`, `currentwaypoint`, `curhealth`, `curmana`, `MovementType`, `npcflag`, `unit_flags`, `dynamicflags`) VALUES (317064, '42845', '725', '0', '0', '3', '1', '33863', '0', '1148.93', '966.755', '283.901', '3.11911', '7200', '0', '0', '5000', '0', '2', '0', '0', '0');
DELETE FROM `creature_addon` WHERE `guid` = 317064;
INSERT INTO `creature_addon` (`guid`, `path_id`, `mount`, `bytes1`, `bytes2`, `emote`, `auras`) VALUES (317064, '317064', '0', '0', '1', '0', '0');

DELETE FROM `waypoint_data` WHERE `id` = 317064;
INSERT INTO `waypoint_data` (`id`, `point`, `position_x`, `position_y`, `position_z`, `orientation`, `delay`, `move_flag`, `action`, `action_chance`, `inverse_formation_angle`, `wpguid`) VALUES
(317064, '1', '1156.25', '967.546', '282.356', '0', '0', '0', '0', '100', '0', '0'),
(317064, '2', '1155.93', '966.598', '282.356', '0', '0', '0', '0', '100', '0', '0'),
(317064, '3', '1153.86', '966.644', '282.647', '0', '0', '0', '0', '100', '0', '0'),
(317064, '4', '1149.01', '966.753', '283.887', '0', '0', '0', '0', '100', '0', '0'),
(317064, '5', '1146.61', '966.807', '284.308', '0', '0', '0', '0', '100', '0', '0'),
(317064, '6', '1142.86', '966.892', '284.431', '0', '0', '0', '0', '100', '0', '0'),
(317064, '7', '1140.06', '966.954', '284.137', '0', '0', '0', '0', '100', '0', '0'),
(317064, '8', '1136.59', '967.033', '284.036', '0', '0', '0', '0', '100', '0', '0'),
(317064, '9', '1134.45', '967.081', '284.128', '0', '0', '0', '0', '100', '0', '0'),
(317064, '10', '1134.45', '967.081', '284.128', '0', '0', '0', '0', '100', '0', '0');


INSERT INTO `creature` (`guid`, `id`, `map`, `zone`, `area`, `spawnMask`, `phaseMask`, `modelid`, `equipment_id`, `position_x`, `position_y`, `position_z`, `orientation`, `spawntimesecs`, `spawndist`, `currentwaypoint`, `curhealth`, `curmana`, `MovementType`, `npcflag`, `unit_flags`, `dynamicflags`) VALUES (317065, '42845', '725', '0', '0', '3', '1', '33863', '0', '1146.26', '968.071', '284.533', '3.28654', '7200', '0', '0', '5000', '0', '2', '0', '0', '0');
DELETE FROM `creature_addon` WHERE `guid` = 317065;
INSERT INTO `creature_addon` (`guid`, `path_id`, `mount`, `bytes1`, `bytes2`, `emote`, `auras`) VALUES (317065, '317065', '0', '0', '1', '0', '0');

DELETE FROM `waypoint_data` WHERE `id` = 317065;
INSERT INTO `waypoint_data` (`id`, `point`, `position_x`, `position_y`, `position_z`, `orientation`, `delay`, `move_flag`, `action`, `action_chance`, `inverse_formation_angle`, `wpguid`) VALUES
(317065, '1', '1153.66', '969.9', '282.855', '0', '0', '0', '0', '100', '0', '0'),
(317065, '2', '1153.1', '969.07', '282.855', '0', '0', '0', '0', '100', '0', '0'),
(317065, '3', '1152.1', '968.924', '283.449', '0', '0', '0', '0', '100', '0', '0'),
(317065, '4', '1149.48', '968.541', '284.07', '0', '0', '0', '0', '100', '0', '0'),
(317065, '5', '1146.41', '968.092', '284.532', '0', '0', '0', '0', '100', '0', '0'),
(317065, '6', '1143.5', '967.668', '284.544', '0', '0', '0', '0', '100', '0', '0'),
(317065, '7', '1140.09', '967.17', '284.152', '0', '0', '0', '0', '100', '0', '0'),
(317065, '8', '1136.84', '966.695', '284.021', '0', '0', '0', '0', '100', '0', '0'),
(317065, '9', '1133.96', '966.274', '284.14', '0', '0', '0', '0', '100', '0', '0'),
(317065, '10', '1131.81', '965.961', '284.451', '0', '0', '0', '0', '100', '0', '0'),
(317065, '11', '1131.81', '965.961', '284.451', '0', '0', '0', '0', '100', '0', '0');


INSERT INTO `creature` (`guid`, `id`, `map`, `zone`, `area`, `spawnMask`, `phaseMask`, `modelid`, `equipment_id`, `position_x`, `position_y`, `position_z`, `orientation`, `spawntimesecs`, `spawndist`, `currentwaypoint`, `curhealth`, `curmana`, `MovementType`, `npcflag`, `unit_flags`, `dynamicflags`) VALUES (317066, '42845', '725', '0', '0', '3', '1', '33863', '0', '1144.72', '967.421', '284.467', '3.21557', '7200', '0', '0', '5000', '0', '2', '0', '0', '0');
DELETE FROM `creature_addon` WHERE `guid` = 317066;
INSERT INTO `creature_addon` (`guid`, `path_id`, `mount`, `bytes1`, `bytes2`, `emote`, `auras`) VALUES (317066, '317066', '0', '0', '1', '0', '0');

DELETE FROM `waypoint_data` WHERE `id` = 317066;
INSERT INTO `waypoint_data` (`id`, `point`, `position_x`, `position_y`, `position_z`, `orientation`, `delay`, `move_flag`, `action`, `action_chance`, `inverse_formation_angle`, `wpguid`) VALUES
(317066, '1', '1151.81', '968.718', '283.502', '0', '0', '0', '0', '100', '0', '0'),
(317066, '2', '1151.23', '967.903', '283.502', '0', '0', '0', '0', '100', '0', '0'),
(317066, '3', '1149.28', '967.758', '283.99', '0', '0', '0', '0', '100', '0', '0'),
(317066, '4', '1146.49', '967.552', '284.438', '0', '0', '0', '0', '100', '0', '0'),
(317066, '5', '1143.2', '967.308', '284.492', '0', '0', '0', '0', '100', '0', '0'),
(317066, '6', '1140.08', '967.077', '284.146', '0', '0', '0', '0', '100', '0', '0'),
(317066, '7', '1136.74', '966.829', '284.027', '0', '0', '0', '0', '100', '0', '0'),
(317066, '8', '1133.98', '966.625', '284.143', '0', '0', '0', '0', '100', '0', '0'),
(317066, '9', '1132.9', '966.545', '284.233', '0', '0', '0', '0', '100', '0', '0'),
(317066, '10', '1129.72', '966.309', '284.704', '0', '0', '0', '0', '100', '0', '0'),
(317066, '11', '1129.72', '966.309', '284.704', '0', '0', '0', '0', '100', '0', '0');


INSERT INTO `creature` (`guid`, `id`, `map`, `zone`, `area`, `spawnMask`, `phaseMask`, `modelid`, `equipment_id`, `position_x`, `position_y`, `position_z`, `orientation`, `spawntimesecs`, `spawndist`, `currentwaypoint`, `curhealth`, `curmana`, `MovementType`, `npcflag`, `unit_flags`, `dynamicflags`) VALUES (317067, '42845', '725', '0', '0', '3', '1', '33863', '0', '1143.91', '967.985', '284.586', '3.33574', '7200', '0', '0', '5000', '0', '2', '0', '0', '0');
DELETE FROM `creature_addon` WHERE `guid` = 317067;
INSERT INTO `creature_addon` (`guid`, `path_id`, `mount`, `bytes1`, `bytes2`, `emote`, `auras`) VALUES (317067, '317067', '0', '0', '1', '0', '0');

DELETE FROM `waypoint_data` WHERE `id` = 317067;
INSERT INTO `waypoint_data` (`id`, `point`, `position_x`, `position_y`, `position_z`, `orientation`, `delay`, `move_flag`, `action`, `action_chance`, `inverse_formation_angle`, `wpguid`) VALUES
(317067, '1', '1150.34', '969.819', '284.128', '0', '0', '0', '0', '100', '0', '0'),
(317067, '2', '1149.64', '969.112', '284.128', '0', '0', '0', '0', '100', '0', '0'),
(317067, '3', '1146.35', '968.465', '284.597', '0', '0', '0', '0', '100', '0', '0'),
(317067, '4', '1143.74', '967.953', '284.586', '0', '0', '0', '0', '100', '0', '0'),
(317067, '5', '1140.1', '967.236', '284.157', '0', '0', '0', '0', '100', '0', '0'),
(317067, '6', '1136.9', '966.608', '284.017', '0', '0', '0', '0', '100', '0', '0'),
(317067, '7', '1133.94', '966.026', '284.137', '0', '0', '0', '0', '100', '0', '0'),
(317067, '8', '1128.44', '964.945', '284.979', '0', '0', '0', '0', '100', '0', '0'),
(317067, '9', '1128.44', '964.945', '284.979', '0', '0', '0', '0', '100', '0', '0');


INSERT INTO `creature` (`guid`, `id`, `map`, `zone`, `area`, `spawnMask`, `phaseMask`, `modelid`, `equipment_id`, `position_x`, `position_y`, `position_z`, `orientation`, `spawntimesecs`, `spawndist`, `currentwaypoint`, `curhealth`, `curmana`, `MovementType`, `npcflag`, `unit_flags`, `dynamicflags`) VALUES (317068, '42845', '725', '0', '0', '3', '1', '33863', '0', '1143.89', '966.101', '284.266', '2.96994', '7200', '0', '0', '5000', '0', '2', '0', '0', '0');
DELETE FROM `creature_addon` WHERE `guid` = 317068;
INSERT INTO `creature_addon` (`guid`, `path_id`, `mount`, `bytes1`, `bytes2`, `emote`, `auras`) VALUES (317068, '317068', '0', '0', '1', '0', '0');

DELETE FROM `waypoint_data` WHERE `id` = 317068;
INSERT INTO `waypoint_data` (`id`, `point`, `position_x`, `position_y`, `position_z`, `orientation`, `delay`, `move_flag`, `action`, `action_chance`, `inverse_formation_angle`, `wpguid`) VALUES
(317068, '1', '1150.04', '965.987', '283.471', '0', '0', '0', '0', '100', '0', '0'),
(317068, '2', '1149.53', '965.123', '283.471', '0', '0', '0', '0', '100', '0', '0'),
(317068, '3', '1146.8', '965.598', '284.097', '0', '0', '0', '0', '100', '0', '0'),
(317068, '4', '1142.41', '966.358', '284.353', '0', '0', '0', '0', '100', '0', '0'),
(317068, '5', '1140.04', '966.769', '284.124', '0', '0', '0', '0', '100', '0', '0'),
(317068, '6', '1138.81', '966.983', '284.101', '0', '0', '0', '0', '100', '0', '0'),
(317068, '7', '1138.81', '966.983', '284.101', '0', '0', '0', '0', '100', '0', '0');


INSERT INTO `creature` (`guid`, `id`, `map`, `zone`, `area`, `spawnMask`, `phaseMask`, `modelid`, `equipment_id`, `position_x`, `position_y`, `position_z`, `orientation`, `spawntimesecs`, `spawndist`, `currentwaypoint`, `curhealth`, `curmana`, `MovementType`, `npcflag`, `unit_flags`, `dynamicflags`) VALUES (317069, '42845', '725', '0', '0', '3', '1', '33863', '0', '1148.98', '968.287', '284.119', '3.26914', '7200', '0', '0', '5000', '0', '2', '0', '0', '0');
DELETE FROM `creature_addon` WHERE `guid` = 317069;
INSERT INTO `creature_addon` (`guid`, `path_id`, `mount`, `bytes1`, `bytes2`, `emote`, `auras`) VALUES (317069, '317069', '0', '0', '1', '0', '0');

DELETE FROM `waypoint_data` WHERE `id` = 317069;
INSERT INTO `waypoint_data` (`id`, `point`, `position_x`, `position_y`, `position_z`, `orientation`, `delay`, `move_flag`, `action`, `action_chance`, `inverse_formation_angle`, `wpguid`) VALUES
(317069, '1', '1156.3', '969.954', '281.959', '0', '0', '0', '0', '100', '0', '0'),
(317069, '2', '1155.7', '969.15', '281.959', '0', '0', '0', '0', '100', '0', '0'),
(317069, '3', '1153.39', '968.852', '282.704', '0', '0', '0', '0', '100', '0', '0'),
(317069, '4', '1152.26', '968.708', '283.371', '0', '0', '0', '0', '100', '0', '0'),
(317069, '5', '1149.43', '968.345', '284.05', '0', '0', '0', '0', '100', '0', '0'),
(317069, '6', '1146.43', '967.96', '284.509', '0', '0', '0', '0', '100', '0', '0'),
(317069, '7', '1143.43', '967.575', '284.531', '0', '0', '0', '0', '100', '0', '0'),
(317069, '8', '1140.09', '967.147', '284.151', '0', '0', '0', '0', '100', '0', '0'),
(317069, '9', '1136.81', '966.727', '284.023', '0', '0', '0', '0', '100', '0', '0'),
(317069, '10', '1134.45', '966.424', '284.12', '0', '0', '0', '0', '100', '0', '0'),
(317069, '11', '1134.45', '966.424', '284.12', '0', '0', '0', '0', '100', '0', '0');


INSERT INTO `creature` (`guid`, `id`, `map`, `zone`, `area`, `spawnMask`, `phaseMask`, `modelid`, `equipment_id`, `position_x`, `position_y`, `position_z`, `orientation`, `spawntimesecs`, `spawndist`, `currentwaypoint`, `curhealth`, `curmana`, `MovementType`, `npcflag`, `unit_flags`, `dynamicflags`) VALUES (317070, '49857', '725', '0', '0', '3', '1', '36603', '0', '950.911', '976.563', '318.384', '0.879272', '7200', '0', '0', '1', '0', '0', '0', '0', '0');

INSERT INTO `creature` (`guid`, `id`, `map`, `zone`, `area`, `spawnMask`, `phaseMask`, `modelid`, `equipment_id`, `position_x`, `position_y`, `position_z`, `orientation`, `spawntimesecs`, `spawndist`, `currentwaypoint`, `curhealth`, `curmana`, `MovementType`, `npcflag`, `unit_flags`, `dynamicflags`) VALUES (317071, '42845', '725', '0', '0', '3', '1', '33863', '0', '1153.74', '960.045', '283.363', '2.70674', '7200', '0', '0', '5000', '0', '2', '0', '0', '0');
DELETE FROM `creature_addon` WHERE `guid` = 317071;
INSERT INTO `creature_addon` (`guid`, `path_id`, `mount`, `bytes1`, `bytes2`, `emote`, `auras`) VALUES (317071, '317071', '0', '0', '1', '0', '0');

DELETE FROM `waypoint_data` WHERE `id` = 317071;
INSERT INTO `waypoint_data` (`id`, `point`, `position_x`, `position_y`, `position_z`, `orientation`, `delay`, `move_flag`, `action`, `action_chance`, `inverse_formation_angle`, `wpguid`) VALUES
(317071, '1', '1160.41', '958.023', '283.759', '0', '0', '0', '0', '100', '0', '0'),
(317071, '2', '1160.2', '957.045', '283.759', '0', '0', '0', '0', '100', '0', '0'),
(317071, '3', '1156.28', '958.867', '283.472', '0', '0', '0', '0', '100', '0', '0'),
(317071, '4', '1148.89', '962.298', '283.154', '0', '0', '0', '0', '100', '0', '0'),
(317071, '5', '1147.96', '962.733', '283.474', '0', '0', '0', '0', '100', '0', '0'),
(317071, '6', '1141.78', '965.602', '284.243', '0', '0', '0', '0', '100', '0', '0'),
(317071, '7', '1140.61', '966.143', '284.15', '0', '0', '0', '0', '100', '0', '0'),
(317071, '8', '1140.61', '966.143', '284.15', '0', '0', '0', '0', '100', '0', '0');


INSERT INTO `creature` (`guid`, `id`, `map`, `zone`, `area`, `spawnMask`, `phaseMask`, `modelid`, `equipment_id`, `position_x`, `position_y`, `position_z`, `orientation`, `spawntimesecs`, `spawndist`, `currentwaypoint`, `curhealth`, `curmana`, `MovementType`, `npcflag`, `unit_flags`, `dynamicflags`) VALUES (317072, '42845', '725', '0', '0', '3', '1', '33863', '0', '1149.64', '963.989', '283.249', '2.87192', '7200', '0', '0', '5000', '0', '2', '0', '0', '0');
DELETE FROM `creature_addon` WHERE `guid` = 317072;
INSERT INTO `creature_addon` (`guid`, `path_id`, `mount`, `bytes1`, `bytes2`, `emote`, `auras`) VALUES (317072, '317072', '0', '0', '1', '0', '0');

DELETE FROM `waypoint_data` WHERE `id` = 317072;
INSERT INTO `waypoint_data` (`id`, `point`, `position_x`, `position_y`, `position_z`, `orientation`, `delay`, `move_flag`, `action`, `action_chance`, `inverse_formation_angle`, `wpguid`) VALUES
(317072, '1', '1156.9', '963.002', '283.125', '0', '0', '0', '0', '100', '0', '0'),
(317072, '2', '1156.47', '962.101', '283.125', '0', '0', '0', '0', '100', '0', '0'),
(317072, '3', '1150.48', '963.755', '282.987', '0', '0', '0', '0', '100', '0', '0'),
(317072, '4', '1148.38', '964.338', '283.639', '0', '0', '0', '0', '100', '0', '0'),
(317072, '5', '1146.93', '964.737', '283.946', '0', '0', '0', '0', '100', '0', '0'),
(317072, '6', '1142.16', '966.056', '284.309', '0', '0', '0', '0', '100', '0', '0'),
(317072, '7', '1140.03', '966.645', '284.116', '0', '0', '0', '0', '100', '0', '0'),
(317072, '8', '1136.06', '967.742', '284.066', '0', '0', '0', '0', '100', '0', '0'),
(317072, '9', '1135.68', '967.847', '284.084', '0', '0', '0', '0', '100', '0', '0'),
(317072, '10', '1135.68', '967.847', '284.084', '0', '0', '0', '0', '100', '0', '0');


INSERT INTO `creature` (`guid`, `id`, `map`, `zone`, `area`, `spawnMask`, `phaseMask`, `modelid`, `equipment_id`, `position_x`, `position_y`, `position_z`, `orientation`, `spawntimesecs`, `spawndist`, `currentwaypoint`, `curhealth`, `curmana`, `MovementType`, `npcflag`, `unit_flags`, `dynamicflags`) VALUES (317073, '42845', '725', '0', '0', '3', '1', '33863', '0', '1148.35', '970.284', '284.505', '3.48384', '7200', '0', '0', '5000', '0', '2', '0', '0', '0');
DELETE FROM `creature_addon` WHERE `guid` = 317073;
INSERT INTO `creature_addon` (`guid`, `path_id`, `mount`, `bytes1`, `bytes2`, `emote`, `auras`) VALUES (317073, '317073', '0', '0', '1', '0', '0');

DELETE FROM `waypoint_data` WHERE `id` = 317073;
INSERT INTO `waypoint_data` (`id`, `point`, `position_x`, `position_y`, `position_z`, `orientation`, `delay`, `move_flag`, `action`, `action_chance`, `inverse_formation_angle`, `wpguid`) VALUES
(317073, '1', '1155.36', '973.166', '282.23', '0', '0', '0', '0', '100', '0', '0'),
(317073, '2', '1154.6', '972.513', '282.23', '0', '0', '0', '0', '100', '0', '0'),
(317073, '3', '1152.91', '971.909', '282.786', '0', '0', '0', '0', '100', '0', '0'),
(317073, '4', '1150.53', '971.063', '284.227', '0', '0', '0', '0', '100', '0', '0'),
(317073, '5', '1146.23', '969.531', '284.774', '0', '0', '0', '0', '100', '0', '0'),
(317073, '6', '1144.69', '968.981', '284.733', '0', '0', '0', '0', '100', '0', '0'),
(317073, '7', '1140.11', '967.35', '284.165', '0', '0', '0', '0', '100', '0', '0'),
(317073, '8', '1137.14', '966.29', '284.004', '0', '0', '0', '0', '100', '0', '0'),
(317073, '9', '1137.14', '966.29', '284.004', '0', '0', '0', '0', '100', '0', '0');


INSERT INTO `creature` (`guid`, `id`, `map`, `zone`, `area`, `spawnMask`, `phaseMask`, `modelid`, `equipment_id`, `position_x`, `position_y`, `position_z`, `orientation`, `spawntimesecs`, `spawndist`, `currentwaypoint`, `curhealth`, `curmana`, `MovementType`, `npcflag`, `unit_flags`, `dynamicflags`) VALUES (317074, '42845', '725', '0', '0', '3', '1', '33863', '0', '1155.11', '965.473', '282.733', '3.02523', '7200', '0', '0', '5000', '0', '2', '0', '0', '0');
DELETE FROM `creature_addon` WHERE `guid` = 317074;
INSERT INTO `creature_addon` (`guid`, `path_id`, `mount`, `bytes1`, `bytes2`, `emote`, `auras`) VALUES (317074, '317074', '0', '0', '1', '0', '0');

DELETE FROM `waypoint_data` WHERE `id` = 317074;
INSERT INTO `waypoint_data` (`id`, `point`, `position_x`, `position_y`, `position_z`, `orientation`, `delay`, `move_flag`, `action`, `action_chance`, `inverse_formation_angle`, `wpguid`) VALUES
(317074, '1', '1162.24', '965.646', '281.968', '0', '0', '0', '0', '100', '0', '0'),
(317074, '2', '1162.14', '964.651', '281.968', '0', '0', '0', '0', '100', '0', '0'),
(317074, '3', '1156.31', '965.332', '282.64', '0', '0', '0', '0', '100', '0', '0'),
(317074, '4', '1154.64', '965.527', '282.769', '0', '0', '0', '0', '100', '0', '0'),
(317074, '5', '1152.67', '965.757', '282.758', '0', '0', '0', '0', '100', '0', '0'),
(317074, '6', '1148.87', '966.202', '283.83', '0', '0', '0', '0', '100', '0', '0'),
(317074, '7', '1146.66', '966.46', '284.247', '0', '0', '0', '0', '100', '0', '0'),
(317074, '8', '1142.87', '966.903', '284.433', '0', '0', '0', '0', '100', '0', '0'),
(317074, '9', '1141.12', '967.107', '284.259', '0', '0', '0', '0', '100', '0', '0'),
(317074, '10', '1141.12', '967.107', '284.259', '0', '0', '0', '0', '100', '0', '0');


INSERT INTO `creature` (`guid`, `id`, `map`, `zone`, `area`, `spawnMask`, `phaseMask`, `modelid`, `equipment_id`, `position_x`, `position_y`, `position_z`, `orientation`, `spawntimesecs`, `spawndist`, `currentwaypoint`, `curhealth`, `curmana`, `MovementType`, `npcflag`, `unit_flags`, `dynamicflags`) VALUES (317075, '42845', '725', '0', '0', '3', '1', '33863', '0', '1071.59', '953.937', '261.535', '1.00071', '7200', '0', '0', '5000', '0', '2', '0', '0', '0');
DELETE FROM `creature_addon` WHERE `guid` = 317075;
INSERT INTO `creature_addon` (`guid`, `path_id`, `mount`, `bytes1`, `bytes2`, `emote`, `auras`) VALUES (317075, '317075', '0', '0', '1', '0', '0');

DELETE FROM `waypoint_data` WHERE `id` = 317075;
INSERT INTO `waypoint_data` (`id`, `point`, `position_x`, `position_y`, `position_z`, `orientation`, `delay`, `move_flag`, `action`, `action_chance`, `inverse_formation_angle`, `wpguid`) VALUES
(317075, '1', '1070.6', '954.044', '261.535', '0', '0', '0', '0', '100', '0', '0'),
(317075, '2', '1071.59', '953.937', '261.535', '0', '0', '0', '0', '100', '0', '0'),
(317075, '3', '1072.83', '955.861', '261.531', '0', '0', '0', '0', '100', '0', '0'),
(317075, '4', '1075.6', '960.188', '261.812', '0', '0', '0', '0', '100', '0', '0'),
(317075, '5', '1076.53', '961.636', '262.005', '0', '0', '0', '0', '100', '0', '0'),
(317075, '6', '1077.6', '963.313', '262.178', '0', '0', '0', '0', '100', '0', '0'),
(317075, '7', '1078.68', '964.996', '262.222', '0', '0', '0', '0', '100', '0', '0'),
(317075, '8', '1079.9', '966.898', '262.482', '0', '0', '0', '0', '100', '0', '0'),
(317075, '9', '1081.16', '968.852', '262.209', '0', '0', '0', '0', '100', '0', '0'),
(317075, '10', '1083.01', '971.747', '262.842', '0', '0', '0', '0', '100', '0', '0'),
(317075, '11', '1085.23', '975.201', '263.427', '0', '0', '0', '0', '100', '0', '0'),
(317075, '12', '1086.58', '977.317', '263.418', '0', '0', '0', '0', '100', '0', '0'),
(317075, '13', '1087.4', '978.597', '263.487', '0', '0', '0', '0', '100', '0', '0'),
(317075, '14', '1088.47', '980.265', '263.747', '0', '0', '0', '0', '100', '0', '0'),
(317075, '15', '1090.15', '982.876', '263.876', '0', '0', '0', '0', '100', '0', '0'),
(317075, '16', '1090.15', '982.876', '263.876', '0', '0', '0', '0', '100', '0', '0');


INSERT INTO `creature` (`guid`, `id`, `map`, `zone`, `area`, `spawnMask`, `phaseMask`, `modelid`, `equipment_id`, `position_x`, `position_y`, `position_z`, `orientation`, `spawntimesecs`, `spawndist`, `currentwaypoint`, `curhealth`, `curmana`, `MovementType`, `npcflag`, `unit_flags`, `dynamicflags`) VALUES (317076, '42845', '725', '0', '0', '3', '1', '33863', '0', '1146.74', '962.574', '283.584', '2.63419', '7200', '0', '0', '5000', '0', '2', '0', '0', '0');
DELETE FROM `creature_addon` WHERE `guid` = 317076;
INSERT INTO `creature_addon` (`guid`, `path_id`, `mount`, `bytes1`, `bytes2`, `emote`, `auras`) VALUES (317076, '317076', '0', '0', '1', '0', '0');

DELETE FROM `waypoint_data` WHERE `id` = 317076;
INSERT INTO `waypoint_data` (`id`, `point`, `position_x`, `position_y`, `position_z`, `orientation`, `delay`, `move_flag`, `action`, `action_chance`, `inverse_formation_angle`, `wpguid`) VALUES
(317076, '1', '1153.39', '960.02', '283.543', '0', '0', '0', '0', '100', '0', '0'),
(317076, '2', '1152.92', '959.138', '283.543', '0', '0', '0', '0', '100', '0', '0'),
(317076, '3', '1151.11', '960.14', '283.371', '0', '0', '0', '0', '100', '0', '0'),
(317076, '4', '1148.27', '961.724', '283.22', '0', '0', '0', '0', '100', '0', '0'),
(317076, '5', '1147.32', '962.251', '283.513', '0', '0', '0', '0', '100', '0', '0'),
(317076, '6', '1141.63', '965.416', '284.216', '0', '0', '0', '0', '100', '0', '0'),
(317076, '7', '1139.99', '966.325', '284.094', '0', '0', '0', '0', '100', '0', '0'),
(317076, '8', '1135.09', '969.049', '284.123', '0', '0', '0', '0', '100', '0', '0'),
(317076, '9', '1134.18', '969.557', '284.168', '0', '0', '0', '0', '100', '0', '0'),
(317076, '10', '1134.18', '969.557', '284.168', '0', '0', '0', '0', '100', '0', '0');


INSERT INTO `creature` (`guid`, `id`, `map`, `zone`, `area`, `spawnMask`, `phaseMask`, `modelid`, `equipment_id`, `position_x`, `position_y`, `position_z`, `orientation`, `spawntimesecs`, `spawndist`, `currentwaypoint`, `curhealth`, `curmana`, `MovementType`, `npcflag`, `unit_flags`, `dynamicflags`) VALUES (317077, '42845', '725', '0', '0', '3', '1', '33863', '0', '1138.32', '963.017', '284.013', '3.07506', '7200', '0', '0', '5000', '0', '0', '0', '0', '0');

INSERT INTO `creature` (`guid`, `id`, `map`, `zone`, `area`, `spawnMask`, `phaseMask`, `modelid`, `equipment_id`, `position_x`, `position_y`, `position_z`, `orientation`, `spawntimesecs`, `spawndist`, `currentwaypoint`, `curhealth`, `curmana`, `MovementType`, `npcflag`, `unit_flags`, `dynamicflags`) VALUES (317078, '42845', '725', '0', '0', '3', '1', '33863', '0', '1152.01', '957.363', '283.787', '2.76384', '7200', '0', '0', '5000', '0', '2', '0', '0', '0');
DELETE FROM `creature_addon` WHERE `guid` = 317078;
INSERT INTO `creature_addon` (`guid`, `path_id`, `mount`, `bytes1`, `bytes2`, `emote`, `auras`) VALUES (317078, '317078', '0', '0', '1', '0', '0');

DELETE FROM `waypoint_data` WHERE `id` = 317078;
INSERT INTO `waypoint_data` (`id`, `point`, `position_x`, `position_y`, `position_z`, `orientation`, `delay`, `move_flag`, `action`, `action_chance`, `inverse_formation_angle`, `wpguid`) VALUES
(317078, '1', '1158.71', '955.727', '284.388', '0', '0', '0', '0', '100', '0', '0'),
(317078, '2', '1158.65', '954.729', '284.388', '0', '0', '0', '0', '100', '0', '0'),
(317078, '3', '1147.46', '959.165', '283.376', '0', '0', '0', '0', '100', '0', '0'),
(317078, '4', '1145.08', '960.112', '283.656', '0', '0', '0', '0', '100', '0', '0'),
(317078, '5', '1139.34', '962.389', '283.958', '0', '0', '0', '0', '100', '0', '0'),
(317078, '6', '1137.57', '963.092', '284.089', '0', '0', '0', '0', '100', '0', '0'),
(317078, '7', '1137.57', '963.092', '284.089', '0', '0', '0', '0', '100', '0', '0');


INSERT INTO `creature` (`guid`, `id`, `map`, `zone`, `area`, `spawnMask`, `phaseMask`, `modelid`, `equipment_id`, `position_x`, `position_y`, `position_z`, `orientation`, `spawntimesecs`, `spawndist`, `currentwaypoint`, `curhealth`, `curmana`, `MovementType`, `npcflag`, `unit_flags`, `dynamicflags`) VALUES (317079, '42845', '725', '0', '0', '3', '1', '33863', '0', '1149.04', '958.574', '283.517', '2.74884', '7200', '0', '0', '5000', '0', '2', '0', '0', '0');
DELETE FROM `creature_addon` WHERE `guid` = 317079;
INSERT INTO `creature_addon` (`guid`, `path_id`, `mount`, `bytes1`, `bytes2`, `emote`, `auras`) VALUES (317079, '317079', '0', '0', '1', '0', '0');

DELETE FROM `waypoint_data` WHERE `id` = 317079;
INSERT INTO `waypoint_data` (`id`, `point`, `position_x`, `position_y`, `position_z`, `orientation`, `delay`, `move_flag`, `action`, `action_chance`, `inverse_formation_angle`, `wpguid`) VALUES
(317079, '1', '1155.97', '956.785', '284.121', '0', '0', '0', '0', '100', '0', '0'),
(317079, '2', '1155.65', '955.837', '284.121', '0', '0', '0', '0', '100', '0', '0'),
(317079, '3', '1147.47', '959.227', '283.373', '0', '0', '0', '0', '100', '0', '0'),
(317079, '4', '1145.21', '960.162', '283.637', '0', '0', '0', '0', '100', '0', '0'),
(317079, '5', '1139.42', '962.563', '283.929', '0', '0', '0', '0', '100', '0', '0'),
(317079, '6', '1135.7', '964.104', '284.152', '0', '0', '0', '0', '100', '0', '0'),
(317079, '7', '1135.7', '964.104', '284.152', '0', '0', '0', '0', '100', '0', '0');


INSERT INTO `creature` (`guid`, `id`, `map`, `zone`, `area`, `spawnMask`, `phaseMask`, `modelid`, `equipment_id`, `position_x`, `position_y`, `position_z`, `orientation`, `spawntimesecs`, `spawndist`, `currentwaypoint`, `curhealth`, `curmana`, `MovementType`, `npcflag`, `unit_flags`, `dynamicflags`) VALUES (317080, '43438', '725', '0', '0', '2', '1', '0', '0', '1151.44', '895.607', '285.004', '4.85608', '70000', '0', '0', '2904790', '0', '0', '0', '0', '0');

INSERT INTO `creature` (`guid`, `id`, `map`, `zone`, `area`, `spawnMask`, `phaseMask`, `modelid`, `equipment_id`, `position_x`, `position_y`, `position_z`, `orientation`, `spawntimesecs`, `spawndist`, `currentwaypoint`, `curhealth`, `curmana`, `MovementType`, `npcflag`, `unit_flags`, `dynamicflags`) VALUES (317081, '42845', '725', '0', '0', '3', '1', '33863', '0', '1069.51', '966.899', '260.664', '3.93233', '7200', '0', '0', '5000', '0', '2', '0', '0', '0');
DELETE FROM `creature_addon` WHERE `guid` = 317081;
INSERT INTO `creature_addon` (`guid`, `path_id`, `mount`, `bytes1`, `bytes2`, `emote`, `auras`) VALUES (317081, '317081', '0', '0', '1', '0', '0');

DELETE FROM `waypoint_data` WHERE `id` = 317081;
INSERT INTO `waypoint_data` (`id`, `point`, `position_x`, `position_y`, `position_z`, `orientation`, `delay`, `move_flag`, `action`, `action_chance`, `inverse_formation_angle`, `wpguid`) VALUES
(317081, '1', '1080.14', '977.916', '262.35', '0', '0', '0', '0', '100', '0', '0'),
(317081, '2', '1079.45', '977.191', '262.35', '0', '0', '0', '0', '100', '0', '0'),
(317081, '3', '1078.74', '976.444', '262.134', '0', '0', '0', '0', '100', '0', '0'),
(317081, '4', '1075.07', '972.582', '261.408', '0', '0', '0', '0', '100', '0', '0'),
(317081, '5', '1074.2', '971.662', '261.133', '0', '0', '0', '0', '100', '0', '0'),
(317081, '6', '1073.59', '971.016', '261.112', '0', '0', '0', '0', '100', '0', '0'),
(317081, '7', '1069.49', '966.872', '260.661', '0', '0', '0', '0', '100', '0', '0'),
(317081, '8', '1066.67', '964.022', '260.388', '0', '0', '0', '0', '100', '0', '0'),
(317081, '9', '1062.77', '960.087', '260.127', '0', '0', '0', '0', '100', '0', '0'),
(317081, '10', '1059.02', '956.292', '260.023', '0', '0', '0', '0', '100', '0', '0'),
(317081, '11', '1059.02', '956.292', '260.023', '0', '0', '0', '0', '100', '0', '0');


INSERT INTO `creature` (`guid`, `id`, `map`, `zone`, `area`, `spawnMask`, `phaseMask`, `modelid`, `equipment_id`, `position_x`, `position_y`, `position_z`, `orientation`, `spawntimesecs`, `spawndist`, `currentwaypoint`, `curhealth`, `curmana`, `MovementType`, `npcflag`, `unit_flags`, `dynamicflags`) VALUES (317082, '42845', '725', '0', '0', '3', '1', '33863', '0', '1082', '977.604', '262.448', '4.12926', '7200', '0', '0', '5000', '0', '2', '0', '0', '0');
DELETE FROM `creature_addon` WHERE `guid` = 317082;
INSERT INTO `creature_addon` (`guid`, `path_id`, `mount`, `bytes1`, `bytes2`, `emote`, `auras`) VALUES (317082, '317082', '0', '0', '1', '0', '0');

DELETE FROM `waypoint_data` WHERE `id` = 317082;
INSERT INTO `waypoint_data` (`id`, `point`, `position_x`, `position_y`, `position_z`, `orientation`, `delay`, `move_flag`, `action`, `action_chance`, `inverse_formation_angle`, `wpguid`) VALUES
(317082, '1', '1082.55', '978.439', '262.463', '0', '0', '0', '0', '100', '0', '0'),
(317082, '2', '1082', '977.604', '262.463', '0', '0', '0', '0', '100', '0', '0'),
(317082, '3', '1079.59', '975.539', '261.883', '0', '0', '0', '0', '100', '0', '0'),
(317082, '4', '1075.34', '971.891', '261.223', '0', '0', '0', '0', '100', '0', '0'),
(317082, '5', '1073.5', '970.313', '261.022', '0', '0', '0', '0', '100', '0', '0'),
(317082, '6', '1069.51', '966.899', '260.664', '0', '0', '0', '0', '100', '0', '0'),
(317082, '7', '1069.51', '966.899', '260.664', '0', '0', '0', '0', '100', '0', '0');


INSERT INTO `creature` (`guid`, `id`, `map`, `zone`, `area`, `spawnMask`, `phaseMask`, `modelid`, `equipment_id`, `position_x`, `position_y`, `position_z`, `orientation`, `spawntimesecs`, `spawndist`, `currentwaypoint`, `curhealth`, `curmana`, `MovementType`, `npcflag`, `unit_flags`, `dynamicflags`) VALUES (317083, '42845', '725', '0', '0', '3', '1', '33863', '0', '1075.85', '973.329', '261.547', '3.73683', '7200', '0', '0', '5000', '0', '2', '0', '0', '0');
DELETE FROM `creature_addon` WHERE `guid` = 317083;
INSERT INTO `creature_addon` (`guid`, `path_id`, `mount`, `bytes1`, `bytes2`, `emote`, `auras`) VALUES (317083, '317083', '0', '0', '1', '0', '0');

DELETE FROM `waypoint_data` WHERE `id` = 317083;
INSERT INTO `waypoint_data` (`id`, `point`, `position_x`, `position_y`, `position_z`, `orientation`, `delay`, `move_flag`, `action`, `action_chance`, `inverse_formation_angle`, `wpguid`) VALUES
(317083, '1', '1076.68', '973.89', '261.531', '0', '0', '0', '0', '100', '0', '0'),
(317083, '2', '1075.85', '973.329', '261.531', '0', '0', '0', '0', '100', '0', '0'),
(317083, '3', '1075.08', '972.554', '261.4', '0', '0', '0', '0', '100', '0', '0'),
(317083, '4', '1074.2', '971.659', '261.132', '0', '0', '0', '0', '100', '0', '0'),
(317083, '5', '1073.02', '970.454', '261.098', '0', '0', '0', '0', '100', '0', '0'),
(317083, '6', '1069.51', '966.899', '260.664', '0', '0', '0', '0', '100', '0', '0'),
(317083, '7', '1069.51', '966.899', '260.664', '0', '0', '0', '0', '100', '0', '0');


INSERT INTO `creature` (`guid`, `id`, `map`, `zone`, `area`, `spawnMask`, `phaseMask`, `modelid`, `equipment_id`, `position_x`, `position_y`, `position_z`, `orientation`, `spawntimesecs`, `spawndist`, `currentwaypoint`, `curhealth`, `curmana`, `MovementType`, `npcflag`, `unit_flags`, `dynamicflags`) VALUES (317084, '42845', '725', '0', '0', '3', '1', '33863', '0', '1073.27', '974.832', '261.985', '3.84486', '7200', '0', '0', '5000', '0', '2', '0', '0', '0');
DELETE FROM `creature_addon` WHERE `guid` = 317084;
INSERT INTO `creature_addon` (`guid`, `path_id`, `mount`, `bytes1`, `bytes2`, `emote`, `auras`) VALUES (317084, '317084', '0', '0', '1', '0', '0');

DELETE FROM `waypoint_data` WHERE `id` = 317084;
INSERT INTO `waypoint_data` (`id`, `point`, `position_x`, `position_y`, `position_z`, `orientation`, `delay`, `move_flag`, `action`, `action_chance`, `inverse_formation_angle`, `wpguid`) VALUES
(317084, '1', '1074.03', '975.479', '262.028', '0', '0', '0', '0', '100', '0', '0'),
(317084, '2', '1073.27', '974.832', '262.028', '0', '0', '0', '0', '100', '0', '0'),
(317084, '3', '1072.27', '973.691', '261.646', '0', '0', '0', '0', '100', '0', '0'),
(317084, '4', '1070.18', '971.287', '261.546', '0', '0', '0', '0', '100', '0', '0'),
(317084, '5', '1068.32', '969.148', '261.262', '0', '0', '0', '0', '100', '0', '0'),
(317084, '6', '1067.17', '967.827', '260.764', '0', '0', '0', '0', '100', '0', '0'),
(317084, '7', '1061.59', '961.414', '260.349', '0', '0', '0', '0', '100', '0', '0'),
(317084, '8', '1059.43', '958.931', '260.253', '0', '0', '0', '0', '100', '0', '0'),
(317084, '9', '1059.43', '958.931', '260.253', '0', '0', '0', '0', '100', '0', '0');


INSERT INTO `creature` (`guid`, `id`, `map`, `zone`, `area`, `spawnMask`, `phaseMask`, `modelid`, `equipment_id`, `position_x`, `position_y`, `position_z`, `orientation`, `spawntimesecs`, `spawndist`, `currentwaypoint`, `curhealth`, `curmana`, `MovementType`, `npcflag`, `unit_flags`, `dynamicflags`) VALUES (317085, '49473', '725', '0', '0', '3', '1', '11686', '0', '1146.12', '935.68', '284.932', '4.85797', '7200', '0', '0', '44679', '0', '0', '0', '0', '0');
DELETE FROM `creature_addon` WHERE `guid` = 317085;
INSERT INTO `creature_addon` (`guid`, `path_id`, `mount`, `bytes1`, `bytes2`, `emote`, `auras`) VALUES (317085, '0', '0', '0', '1', '0', '80919');

INSERT INTO `creature` (`guid`, `id`, `map`, `zone`, `area`, `spawnMask`, `phaseMask`, `modelid`, `equipment_id`, `position_x`, `position_y`, `position_z`, `orientation`, `spawntimesecs`, `spawndist`, `currentwaypoint`, `curhealth`, `curmana`, `MovementType`, `npcflag`, `unit_flags`, `dynamicflags`) VALUES (317086, '43286', '725', '0', '0', '3', '1', '33330', '0', '1146.12', '935.68', '285.015', '4.85797', '7200', '0', '0', '5000', '0', '0', '0', '0', '0');

INSERT INTO `creature` (`guid`, `id`, `map`, `zone`, `area`, `spawnMask`, `phaseMask`, `modelid`, `equipment_id`, `position_x`, `position_y`, `position_z`, `orientation`, `spawntimesecs`, `spawndist`, `currentwaypoint`, `curhealth`, `curmana`, `MovementType`, `npcflag`, `unit_flags`, `dynamicflags`) VALUES (317087, '49473', '725', '0', '0', '3', '1', '11686', '0', '1145.95', '905.942', '285.538', '1.20823', '7200', '0', '0', '44679', '0', '0', '0', '0', '0');
DELETE FROM `creature_addon` WHERE `guid` = 317087;
INSERT INTO `creature_addon` (`guid`, `path_id`, `mount`, `bytes1`, `bytes2`, `emote`, `auras`) VALUES (317087, '0', '0', '0', '1', '0', '80919');

INSERT INTO `creature` (`guid`, `id`, `map`, `zone`, `area`, `spawnMask`, `phaseMask`, `modelid`, `equipment_id`, `position_x`, `position_y`, `position_z`, `orientation`, `spawntimesecs`, `spawndist`, `currentwaypoint`, `curhealth`, `curmana`, `MovementType`, `npcflag`, `unit_flags`, `dynamicflags`) VALUES (317088, '43286', '725', '0', '0', '3', '1', '33330', '0', '1145.95', '905.942', '285.621', '1.20823', '7200', '0', '0', '5000', '0', '0', '0', '0', '0');

INSERT INTO `creature` (`guid`, `id`, `map`, `zone`, `area`, `spawnMask`, `phaseMask`, `modelid`, `equipment_id`, `position_x`, `position_y`, `position_z`, `orientation`, `spawntimesecs`, `spawndist`, `currentwaypoint`, `curhealth`, `curmana`, `MovementType`, `npcflag`, `unit_flags`, `dynamicflags`) VALUES (317089, '49473', '725', '0', '0', '3', '1', '11686', '0', '1150.27', '928.862', '284.883', '1.20823', '7200', '0', '0', '44679', '0', '0', '0', '0', '0');
DELETE FROM `creature_addon` WHERE `guid` = 317089;
INSERT INTO `creature_addon` (`guid`, `path_id`, `mount`, `bytes1`, `bytes2`, `emote`, `auras`) VALUES (317089, '0', '0', '0', '1', '0', '80919');

INSERT INTO `creature` (`guid`, `id`, `map`, `zone`, `area`, `spawnMask`, `phaseMask`, `modelid`, `equipment_id`, `position_x`, `position_y`, `position_z`, `orientation`, `spawntimesecs`, `spawndist`, `currentwaypoint`, `curhealth`, `curmana`, `MovementType`, `npcflag`, `unit_flags`, `dynamicflags`) VALUES (317090, '43286', '725', '0', '0', '3', '1', '33330', '0', '1150.27', '928.862', '284.966', '1.20823', '7200', '0', '0', '5000', '0', '0', '0', '0', '0');

INSERT INTO `creature` (`guid`, `id`, `map`, `zone`, `area`, `spawnMask`, `phaseMask`, `modelid`, `equipment_id`, `position_x`, `position_y`, `position_z`, `orientation`, `spawntimesecs`, `spawndist`, `currentwaypoint`, `curhealth`, `curmana`, `MovementType`, `npcflag`, `unit_flags`, `dynamicflags`) VALUES (317091, '42845', '725', '0', '0', '3', '1', '33863', '0', '1084.9', '1018.95', '265.782', '5.98888', '7200', '0', '0', '5000', '0', '2', '0', '0', '0');
DELETE FROM `creature_addon` WHERE `guid` = 317091;
INSERT INTO `creature_addon` (`guid`, `path_id`, `mount`, `bytes1`, `bytes2`, `emote`, `auras`) VALUES (317091, '317091', '0', '0', '1', '0', '0');

DELETE FROM `waypoint_data` WHERE `id` = 317091;
INSERT INTO `waypoint_data` (`id`, `point`, `position_x`, `position_y`, `position_z`, `orientation`, `delay`, `move_flag`, `action`, `action_chance`, `inverse_formation_angle`, `wpguid`) VALUES
(317091, '1', '1060.5', '1024.02', '265.25', '0', '0', '0', '0', '100', '0', '0'),
(317091, '2', '1061.5', '1024.02', '265.25', '0', '0', '0', '0', '100', '0', '0'),
(317091, '3', '1066.67', '1023.57', '265.091', '0', '0', '0', '0', '100', '0', '0'),
(317091, '4', '1069.04', '1023.36', '265.047', '0', '0', '0', '0', '100', '0', '0'),
(317091, '5', '1070.15', '1023.26', '265.213', '0', '0', '0', '0', '100', '0', '0'),
(317091, '6', '1070.89', '1023.2', '265.253', '0', '0', '0', '0', '100', '0', '0'),
(317091, '7', '1075.57', '1021.78', '265.299', '0', '0', '0', '0', '100', '0', '0'),
(317091, '8', '1077.76', '1021.11', '265.356', '0', '0', '0', '0', '100', '0', '0'),
(317091, '9', '1081.55', '1019.96', '265.504', '0', '0', '0', '0', '100', '0', '0'),
(317091, '10', '1084.53', '1019.06', '265.753', '0', '0', '0', '0', '100', '0', '0'),
(317091, '11', '1089.27', '1017.63', '266.124', '0', '0', '0', '0', '100', '0', '0'),
(317091, '12', '1092.62', '1016.61', '265.544', '0', '0', '0', '0', '100', '0', '0'),
(317091, '13', '1094.65', '1015.99', '265.703', '0', '0', '0', '0', '100', '0', '0'),
(317091, '14', '1096.96', '1015.29', '265.598', '0', '0', '0', '0', '100', '0', '0'),
(317091, '15', '1099.04', '1014.66', '265.608', '0', '0', '0', '0', '100', '0', '0'),
(317091, '16', '1099.04', '1014.66', '265.608', '0', '0', '0', '0', '100', '0', '0');


INSERT INTO `creature` (`guid`, `id`, `map`, `zone`, `area`, `spawnMask`, `phaseMask`, `modelid`, `equipment_id`, `position_x`, `position_y`, `position_z`, `orientation`, `spawntimesecs`, `spawndist`, `currentwaypoint`, `curhealth`, `curmana`, `MovementType`, `npcflag`, `unit_flags`, `dynamicflags`) VALUES (317092, '42845', '725', '0', '0', '3', '1', '33863', '0', '1139.33', '1032.92', '266.425', '0.693228', '7200', '0', '0', '5000', '0', '2', '0', '0', '0');
DELETE FROM `creature_addon` WHERE `guid` = 317092;
INSERT INTO `creature_addon` (`guid`, `path_id`, `mount`, `bytes1`, `bytes2`, `emote`, `auras`) VALUES (317092, '317092', '0', '0', '1', '0', '0');

DELETE FROM `waypoint_data` WHERE `id` = 317092;
INSERT INTO `waypoint_data` (`id`, `point`, `position_x`, `position_y`, `position_z`, `orientation`, `delay`, `move_flag`, `action`, `action_chance`, `inverse_formation_angle`, `wpguid`) VALUES
(317092, '1', '1130.95', '1026.03', '266.697', '0', '0', '0', '0', '100', '0', '0'),
(317092, '2', '1131.76', '1026.62', '266.697', '0', '0', '0', '0', '100', '0', '0'),
(317092, '3', '1135.88', '1030.05', '266.494', '0', '0', '0', '0', '100', '0', '0'),
(317092, '4', '1141.44', '1034.67', '266.384', '0', '0', '0', '0', '100', '0', '0'),
(317092, '5', '1152.08', '1043.51', '265.526', '0', '0', '0', '0', '100', '0', '0'),
(317092, '6', '1154.36', '1045.4', '265.479', '0', '0', '0', '0', '100', '0', '0'),
(317092, '7', '1158.01', '1048.43', '265.549', '0', '0', '0', '0', '100', '0', '0'),
(317092, '8', '1158.53', '1048.86', '265.552', '0', '0', '0', '0', '100', '0', '0'),
(317092, '9', '1158.53', '1048.86', '265.552', '0', '0', '0', '0', '100', '0', '0');


INSERT INTO `creature` (`guid`, `id`, `map`, `zone`, `area`, `spawnMask`, `phaseMask`, `modelid`, `equipment_id`, `position_x`, `position_y`, `position_z`, `orientation`, `spawntimesecs`, `spawndist`, `currentwaypoint`, `curhealth`, `curmana`, `MovementType`, `npcflag`, `unit_flags`, `dynamicflags`) VALUES (317093, '42845', '725', '0', '0', '3', '1', '33863', '0', '1084.58', '1021.34', '266.203', '6.02353', '7200', '0', '0', '5000', '0', '2', '0', '0', '0');
DELETE FROM `creature_addon` WHERE `guid` = 317093;
INSERT INTO `creature_addon` (`guid`, `path_id`, `mount`, `bytes1`, `bytes2`, `emote`, `auras`) VALUES (317093, '317093', '0', '0', '1', '0', '0');

DELETE FROM `waypoint_data` WHERE `id` = 317093;
INSERT INTO `waypoint_data` (`id`, `point`, `position_x`, `position_y`, `position_z`, `orientation`, `delay`, `move_flag`, `action`, `action_chance`, `inverse_formation_angle`, `wpguid`) VALUES
(317093, '1', '1080.85', '1022.26', '265.951', '0', '0', '0', '0', '100', '0', '0'),
(317093, '2', '1081.83', '1022.07', '265.951', '0', '0', '0', '0', '100', '0', '0'),
(317093, '3', '1085.29', '1021.15', '266.269', '0', '0', '0', '0', '100', '0', '0'),
(317093, '4', '1089.28', '1020.09', '266.64', '0', '0', '0', '0', '100', '0', '0'),
(317093, '5', '1094.28', '1018.76', '265.834', '0', '0', '0', '0', '100', '0', '0'),
(317093, '6', '1094.28', '1018.76', '265.834', '0', '0', '0', '0', '100', '0', '0');


INSERT INTO `creature` (`guid`, `id`, `map`, `zone`, `area`, `spawnMask`, `phaseMask`, `modelid`, `equipment_id`, `position_x`, `position_y`, `position_z`, `orientation`, `spawntimesecs`, `spawndist`, `currentwaypoint`, `curhealth`, `curmana`, `MovementType`, `npcflag`, `unit_flags`, `dynamicflags`) VALUES (317094, '42845', '725', '0', '0', '3', '1', '33863', '0', '1083.78', '1020.47', '265.925', '5.83503', '7200', '0', '0', '5000', '0', '2', '0', '0', '0');
DELETE FROM `creature_addon` WHERE `guid` = 317094;
INSERT INTO `creature_addon` (`guid`, `path_id`, `mount`, `bytes1`, `bytes2`, `emote`, `auras`) VALUES (317094, '317094', '0', '0', '1', '0', '0');

DELETE FROM `waypoint_data` WHERE `id` = 317094;
INSERT INTO `waypoint_data` (`id`, `point`, `position_x`, `position_y`, `position_z`, `orientation`, `delay`, `move_flag`, `action`, `action_chance`, `inverse_formation_angle`, `wpguid`) VALUES
(317094, '1', '1080.44', '1022.13', '265.816', '0', '0', '0', '0', '100', '0', '0'),
(317094, '2', '1081.32', '1021.65', '265.816', '0', '0', '0', '0', '100', '0', '0'),
(317094, '3', '1084.85', '1019.95', '265.972', '0', '0', '0', '0', '100', '0', '0'),
(317094, '4', '1089.27', '1017.83', '266.166', '0', '0', '0', '0', '100', '0', '0'),
(317094, '5', '1092.38', '1016.33', '265.509', '0', '0', '0', '0', '100', '0', '0'),
(317094, '6', '1094.67', '1015.23', '265.67', '0', '0', '0', '0', '100', '0', '0'),
(317094, '7', '1096.6', '1014.3', '265.569', '0', '0', '0', '0', '100', '0', '0'),
(317094, '8', '1104.75', '1010.38', '265.454', '0', '0', '0', '0', '100', '0', '0'),
(317094, '9', '1109.74', '1007.98', '266.173', '0', '0', '0', '0', '100', '0', '0'),
(317094, '10', '1111.68', '1007.05', '266.57', '0', '0', '0', '0', '100', '0', '0'),
(317094, '11', '1111.68', '1007.05', '266.57', '0', '0', '0', '0', '100', '0', '0');


INSERT INTO `creature` (`guid`, `id`, `map`, `zone`, `area`, `spawnMask`, `phaseMask`, `modelid`, `equipment_id`, `position_x`, `position_y`, `position_z`, `orientation`, `spawntimesecs`, `spawndist`, `currentwaypoint`, `curhealth`, `curmana`, `MovementType`, `npcflag`, `unit_flags`, `dynamicflags`) VALUES (317095, '42845', '725', '0', '0', '3', '1', '33863', '0', '1088.24', '1022.84', '268.532', '6.06588', '7200', '0', '0', '5000', '0', '2', '0', '0', '0');
DELETE FROM `creature_addon` WHERE `guid` = 317095;
INSERT INTO `creature_addon` (`guid`, `path_id`, `mount`, `bytes1`, `bytes2`, `emote`, `auras`) VALUES (317095, '317095', '0', '0', '1', '0', '0');

DELETE FROM `waypoint_data` WHERE `id` = 317095;
INSERT INTO `waypoint_data` (`id`, `point`, `position_x`, `position_y`, `position_z`, `orientation`, `delay`, `move_flag`, `action`, `action_chance`, `inverse_formation_angle`, `wpguid`) VALUES
(317095, '1', '1083.71', '1023.92', '267.072', '0', '0', '0', '0', '100', '0', '0'),
(317095, '2', '1084.67', '1023.62', '267.072', '0', '0', '0', '0', '100', '0', '0'),
(317095, '3', '1085.77', '1023.38', '267.357', '0', '0', '0', '0', '100', '0', '0'),
(317095, '4', '1089.81', '1022.49', '269.281', '0', '0', '0', '0', '100', '0', '0'),
(317095, '5', '1091.35', '1022.15', '268.666', '0', '0', '0', '0', '100', '0', '0'),
(317095, '6', '1095.72', '1021.18', '266.558', '0', '0', '0', '0', '100', '0', '0'),
(317095, '7', '1097.81', '1020.72', '266.101', '0', '0', '0', '0', '100', '0', '0'),
(317095, '8', '1099.21', '1020.41', '265.746', '0', '0', '0', '0', '100', '0', '0'),
(317095, '9', '1102.06', '1019.78', '265.706', '0', '0', '0', '0', '100', '0', '0'),
(317095, '10', '1102.06', '1019.78', '265.706', '0', '0', '0', '0', '100', '0', '0');


INSERT INTO `creature` (`guid`, `id`, `map`, `zone`, `area`, `spawnMask`, `phaseMask`, `modelid`, `equipment_id`, `position_x`, `position_y`, `position_z`, `orientation`, `spawntimesecs`, `spawndist`, `currentwaypoint`, `curhealth`, `curmana`, `MovementType`, `npcflag`, `unit_flags`, `dynamicflags`) VALUES (317096, '42845', '725', '0', '0', '3', '1', '33863', '0', '1086.45', '1020.46', '266.297', '5.8935', '7200', '0', '0', '5000', '0', '2', '0', '0', '0');
DELETE FROM `creature_addon` WHERE `guid` = 317096;
INSERT INTO `creature_addon` (`guid`, `path_id`, `mount`, `bytes1`, `bytes2`, `emote`, `auras`) VALUES (317096, '317096', '0', '0', '1', '0', '0');

DELETE FROM `waypoint_data` WHERE `id` = 317096;
INSERT INTO `waypoint_data` (`id`, `point`, `position_x`, `position_y`, `position_z`, `orientation`, `delay`, `move_flag`, `action`, `action_chance`, `inverse_formation_angle`, `wpguid`) VALUES
(317096, '1', '1082.46', '1021.63', '266.121', '0', '0', '0', '0', '100', '0', '0'),
(317096, '2', '1083.46', '1021.69', '266.121', '0', '0', '0', '0', '100', '0', '0'),
(317096, '3', '1085.22', '1020.97', '266.224', '0', '0', '0', '0', '100', '0', '0'),
(317096, '4', '1086.86', '1020.3', '266.322', '0', '0', '0', '0', '100', '0', '0'),
(317096, '5', '1089.27', '1019.3', '266.475', '0', '0', '0', '0', '100', '0', '0'),
(317096, '6', '1093.46', '1017.59', '265.667', '0', '0', '0', '0', '100', '0', '0'),
(317096, '7', '1094.6', '1017.11', '265.751', '0', '0', '0', '0', '100', '0', '0'),
(317096, '8', '1096.98', '1016.14', '265.633', '0', '0', '0', '0', '100', '0', '0'),
(317096, '9', '1096.98', '1016.14', '265.633', '0', '0', '0', '0', '100', '0', '0');


INSERT INTO `creature` (`guid`, `id`, `map`, `zone`, `area`, `spawnMask`, `phaseMask`, `modelid`, `equipment_id`, `position_x`, `position_y`, `position_z`, `orientation`, `spawntimesecs`, `spawndist`, `currentwaypoint`, `curhealth`, `curmana`, `MovementType`, `npcflag`, `unit_flags`, `dynamicflags`) VALUES (317097, '42845', '725', '0', '0', '3', '1', '33863', '0', '1088.71', '1021.35', '267.294', '5.96889', '7200', '0', '0', '5000', '0', '2', '0', '0', '0');
DELETE FROM `creature_addon` WHERE `guid` = 317097;
INSERT INTO `creature_addon` (`guid`, `path_id`, `mount`, `bytes1`, `bytes2`, `emote`, `auras`) VALUES (317097, '317097', '0', '0', '1', '0', '0');

DELETE FROM `waypoint_data` WHERE `id` = 317097;
INSERT INTO `waypoint_data` (`id`, `point`, `position_x`, `position_y`, `position_z`, `orientation`, `delay`, `move_flag`, `action`, `action_chance`, `inverse_formation_angle`, `wpguid`) VALUES
(317097, '1', '1083.74', '1022.68', '266.485', '0', '0', '0', '0', '100', '0', '0'),
(317097, '2', '1084.73', '1022.65', '266.485', '0', '0', '0', '0', '100', '0', '0'),
(317097, '3', '1087.86', '1021.63', '266.992', '0', '0', '0', '0', '100', '0', '0'),
(317097, '4', '1089.45', '1021.11', '267.557', '0', '0', '0', '0', '100', '0', '0'),
(317097, '5', '1093.89', '1019.67', '266.548', '0', '0', '0', '0', '100', '0', '0'),
(317097, '6', '1095.49', '1019.15', '265.808', '0', '0', '0', '0', '100', '0', '0'),
(317097, '7', '1098.08', '1018.31', '265.688', '0', '0', '0', '0', '100', '0', '0'),
(317097, '8', '1103.06', '1016.69', '265.622', '0', '0', '0', '0', '100', '0', '0'),
(317097, '9', '1103.06', '1016.69', '265.622', '0', '0', '0', '0', '100', '0', '0');


INSERT INTO `creature` (`guid`, `id`, `map`, `zone`, `area`, `spawnMask`, `phaseMask`, `modelid`, `equipment_id`, `position_x`, `position_y`, `position_z`, `orientation`, `spawntimesecs`, `spawndist`, `currentwaypoint`, `curhealth`, `curmana`, `MovementType`, `npcflag`, `unit_flags`, `dynamicflags`) VALUES (317098, '42845', '725', '0', '0', '3', '1', '33863', '0', '1086.31', '1018.15', '265.816', '5.8614', '7200', '0', '0', '5000', '0', '2', '0', '0', '0');
DELETE FROM `creature_addon` WHERE `guid` = 317098;
INSERT INTO `creature_addon` (`guid`, `path_id`, `mount`, `bytes1`, `bytes2`, `emote`, `auras`) VALUES (317098, '317098', '0', '0', '1', '0', '0');

DELETE FROM `waypoint_data` WHERE `id` = 317098;
INSERT INTO `waypoint_data` (`id`, `point`, `position_x`, `position_y`, `position_z`, `orientation`, `delay`, `move_flag`, `action`, `action_chance`, `inverse_formation_angle`, `wpguid`) VALUES
(317098, '1', '1081.89', '1019.67', '265.647', '0', '0', '0', '0', '100', '0', '0'),
(317098, '2', '1082.89', '1019.68', '265.647', '0', '0', '0', '0', '100', '0', '0'),
(317098, '3', '1084.49', '1018.97', '265.729', '0', '0', '0', '0', '100', '0', '0'),
(317098, '4', '1089.26', '1016.83', '265.956', '0', '0', '0', '0', '100', '0', '0'),
(317098, '5', '1091.82', '1015.68', '265.426', '0', '0', '0', '0', '100', '0', '0'),
(317098, '6', '1094.7', '1014.38', '265.634', '0', '0', '0', '0', '100', '0', '0'),
(317098, '7', '1096.35', '1013.64', '265.549', '0', '0', '0', '0', '100', '0', '0'),
(317098, '8', '1098.37', '1012.74', '265.567', '0', '0', '0', '0', '100', '0', '0'),
(317098, '9', '1098.37', '1012.74', '265.567', '0', '0', '0', '0', '100', '0', '0');


INSERT INTO `creature` (`guid`, `id`, `map`, `zone`, `area`, `spawnMask`, `phaseMask`, `modelid`, `equipment_id`, `position_x`, `position_y`, `position_z`, `orientation`, `spawntimesecs`, `spawndist`, `currentwaypoint`, `curhealth`, `curmana`, `MovementType`, `npcflag`, `unit_flags`, `dynamicflags`) VALUES (317099, '42845', '725', '0', '0', '3', '1', '33863', '0', '1140.38', '1037.23', '266.142', '0.749749', '7200', '0', '0', '5000', '0', '2', '0', '0', '0');
DELETE FROM `creature_addon` WHERE `guid` = 317099;
INSERT INTO `creature_addon` (`guid`, `path_id`, `mount`, `bytes1`, `bytes2`, `emote`, `auras`) VALUES (317099, '317099', '0', '0', '1', '0', '0');

DELETE FROM `waypoint_data` WHERE `id` = 317099;
INSERT INTO `waypoint_data` (`id`, `point`, `position_x`, `position_y`, `position_z`, `orientation`, `delay`, `move_flag`, `action`, `action_chance`, `inverse_formation_angle`, `wpguid`) VALUES
(317099, '1', '1132.8', '1030.44', '266.327', '0', '0', '0', '0', '100', '0', '0'),
(317099, '2', '1133.65', '1030.96', '266.327', '0', '0', '0', '0', '100', '0', '0'),
(317099, '3', '1140.45', '1037.29', '266.14', '0', '0', '0', '0', '100', '0', '0'),
(317099, '4', '1149.12', '1045.36', '265.356', '0', '0', '0', '0', '100', '0', '0'),
(317099, '5', '1156.63', '1052.35', '265.16', '0', '0', '0', '0', '100', '0', '0'),
(317099, '6', '1159.81', '1055.32', '265.119', '0', '0', '0', '0', '100', '0', '0'),
(317099, '7', '1163.73', '1058.97', '264.581', '0', '0', '0', '0', '100', '0', '0'),
(317099, '8', '1163.73', '1058.97', '264.581', '0', '0', '0', '0', '100', '0', '0');


INSERT INTO `creature` (`guid`, `id`, `map`, `zone`, `area`, `spawnMask`, `phaseMask`, `modelid`, `equipment_id`, `position_x`, `position_y`, `position_z`, `orientation`, `spawntimesecs`, `spawndist`, `currentwaypoint`, `curhealth`, `curmana`, `MovementType`, `npcflag`, `unit_flags`, `dynamicflags`) VALUES (317100, '42845', '725', '0', '0', '3', '1', '33863', '0', '1086.24', '1023.28', '267.57', '5.6574', '7200', '0', '0', '5000', '0', '2', '0', '0', '0');
DELETE FROM `creature_addon` WHERE `guid` = 317100;
INSERT INTO `creature_addon` (`guid`, `path_id`, `mount`, `bytes1`, `bytes2`, `emote`, `auras`) VALUES (317100, '317100', '0', '0', '1', '0', '0');

DELETE FROM `waypoint_data` WHERE `id` = 317100;
INSERT INTO `waypoint_data` (`id`, `point`, `position_x`, `position_y`, `position_z`, `orientation`, `delay`, `move_flag`, `action`, `action_chance`, `inverse_formation_angle`, `wpguid`) VALUES
(317100, '1', '1082.39', '1025.68', '267.432', '0', '0', '0', '0', '100', '0', '0'),
(317100, '2', '1083.35', '1025.37', '267.432', '0', '0', '0', '0', '100', '0', '0'),
(317100, '3', '1085.7', '1023.66', '267.601', '0', '0', '0', '0', '100', '0', '0'),
(317100, '4', '1089.42', '1020.98', '267.392', '0', '0', '0', '0', '100', '0', '0'),
(317100, '5', '1090.82', '1019.97', '266.454', '0', '0', '0', '0', '100', '0', '0'),
(317100, '6', '1093.71', '1017.88', '265.704', '0', '0', '0', '0', '100', '0', '0'),
(317100, '7', '1094.6', '1017.24', '265.756', '0', '0', '0', '0', '100', '0', '0'),
(317100, '8', '1097.03', '1015.48', '265.604', '0', '0', '0', '0', '100', '0', '0'),
(317100, '9', '1104.43', '1010.14', '265.451', '0', '0', '0', '0', '100', '0', '0'),
(317100, '10', '1110.77', '1005.55', '266.586', '0', '0', '0', '0', '100', '0', '0'),
(317100, '11', '1110.77', '1005.55', '266.586', '0', '0', '0', '0', '100', '0', '0');


INSERT INTO `creature` (`guid`, `id`, `map`, `zone`, `area`, `spawnMask`, `phaseMask`, `modelid`, `equipment_id`, `position_x`, `position_y`, `position_z`, `orientation`, `spawntimesecs`, `spawndist`, `currentwaypoint`, `curhealth`, `curmana`, `MovementType`, `npcflag`, `unit_flags`, `dynamicflags`) VALUES (317101, '42845', '725', '0', '0', '3', '1', '33863', '0', '1209.65', '1039.08', '259.721', '0', '7200', '0', '0', '5000', '0', '0', '0', '0', '0');

INSERT INTO `creature` (`guid`, `id`, `map`, `zone`, `area`, `spawnMask`, `phaseMask`, `modelid`, `equipment_id`, `position_x`, `position_y`, `position_z`, `orientation`, `spawntimesecs`, `spawndist`, `currentwaypoint`, `curhealth`, `curmana`, `MovementType`, `npcflag`, `unit_flags`, `dynamicflags`) VALUES (317102, '42845', '725', '0', '0', '3', '1', '33863', '0', '1212.28', '1039.56', '259.356', '0', '7200', '0', '0', '5000', '0', '0', '0', '0', '0');

INSERT INTO `creature` (`guid`, `id`, `map`, `zone`, `area`, `spawnMask`, `phaseMask`, `modelid`, `equipment_id`, `position_x`, `position_y`, `position_z`, `orientation`, `spawntimesecs`, `spawndist`, `currentwaypoint`, `curhealth`, `curmana`, `MovementType`, `npcflag`, `unit_flags`, `dynamicflags`) VALUES (317103, '42845', '725', '0', '0', '3', '1', '33863', '0', '1211.06', '1039.89', '259.508', '0', '7200', '0', '0', '5000', '0', '0', '0', '0', '0');

INSERT INTO `creature` (`guid`, `id`, `map`, `zone`, `area`, `spawnMask`, `phaseMask`, `modelid`, `equipment_id`, `position_x`, `position_y`, `position_z`, `orientation`, `spawntimesecs`, `spawndist`, `currentwaypoint`, `curhealth`, `curmana`, `MovementType`, `npcflag`, `unit_flags`, `dynamicflags`) VALUES (317104, '42845', '725', '0', '0', '3', '1', '33863', '0', '1210.28', '1041.67', '259.519', '0', '7200', '0', '0', '5000', '0', '0', '0', '0', '0');

INSERT INTO `creature` (`guid`, `id`, `map`, `zone`, `area`, `spawnMask`, `phaseMask`, `modelid`, `equipment_id`, `position_x`, `position_y`, `position_z`, `orientation`, `spawntimesecs`, `spawndist`, `currentwaypoint`, `curhealth`, `curmana`, `MovementType`, `npcflag`, `unit_flags`, `dynamicflags`) VALUES (317105, '42845', '725', '0', '0', '3', '1', '33863', '0', '1212.66', '1041.08', '259.244', '0', '7200', '0', '0', '5000', '0', '0', '0', '0', '0');

INSERT INTO `creature` (`guid`, `id`, `map`, `zone`, `area`, `spawnMask`, `phaseMask`, `modelid`, `equipment_id`, `position_x`, `position_y`, `position_z`, `orientation`, `spawntimesecs`, `spawndist`, `currentwaypoint`, `curhealth`, `curmana`, `MovementType`, `npcflag`, `unit_flags`, `dynamicflags`) VALUES (317106, '42845', '725', '0', '0', '3', '1', '33863', '0', '1212.34', '1037.73', '259.404', '0', '7200', '0', '0', '5000', '0', '0', '0', '0', '0');

INSERT INTO `creature` (`guid`, `id`, `map`, `zone`, `area`, `spawnMask`, `phaseMask`, `modelid`, `equipment_id`, `position_x`, `position_y`, `position_z`, `orientation`, `spawntimesecs`, `spawndist`, `currentwaypoint`, `curhealth`, `curmana`, `MovementType`, `npcflag`, `unit_flags`, `dynamicflags`) VALUES (317107, '42845', '725', '0', '0', '3', '1', '33863', '0', '1213.87', '1038.94', '259.164', '0', '7200', '0', '0', '5000', '0', '0', '0', '0', '0');

INSERT INTO `creature` (`guid`, `id`, `map`, `zone`, `area`, `spawnMask`, `phaseMask`, `modelid`, `equipment_id`, `position_x`, `position_y`, `position_z`, `orientation`, `spawntimesecs`, `spawndist`, `currentwaypoint`, `curhealth`, `curmana`, `MovementType`, `npcflag`, `unit_flags`, `dynamicflags`) VALUES (317108, '42845', '725', '0', '0', '3', '1', '33863', '0', '1211.01', '1036.96', '259.844', '0', '7200', '0', '0', '5000', '0', '0', '0', '0', '0');

INSERT INTO `creature` (`guid`, `id`, `map`, `zone`, `area`, `spawnMask`, `phaseMask`, `modelid`, `equipment_id`, `position_x`, `position_y`, `position_z`, `orientation`, `spawntimesecs`, `spawndist`, `currentwaypoint`, `curhealth`, `curmana`, `MovementType`, `npcflag`, `unit_flags`, `dynamicflags`) VALUES (317109, '42845', '725', '0', '0', '3', '1', '33863', '0', '1209.02', '1040.7', '259.732', '0', '7200', '0', '0', '5000', '0', '0', '0', '0', '0');

INSERT INTO `creature` (`guid`, `id`, `map`, `zone`, `area`, `spawnMask`, `phaseMask`, `modelid`, `equipment_id`, `position_x`, `position_y`, `position_z`, `orientation`, `spawntimesecs`, `spawndist`, `currentwaypoint`, `curhealth`, `curmana`, `MovementType`, `npcflag`, `unit_flags`, `dynamicflags`) VALUES (317110, '42845', '725', '0', '0', '3', '1', '33863', '0', '1211.85', '1041.99', '259.3', '0', '7200', '0', '0', '5000', '0', '0', '0', '0', '0');
DELETE FROM `creature_addon` WHERE `guid` = 317110;
INSERT INTO `creature_addon` (`guid`, `path_id`, `mount`, `bytes1`, `bytes2`, `emote`, `auras`) VALUES (317110, '0', '0', '0', '1', '0', '0');

INSERT INTO `creature` (`guid`, `id`, `map`, `zone`, `area`, `spawnMask`, `phaseMask`, `modelid`, `equipment_id`, `position_x`, `position_y`, `position_z`, `orientation`, `spawntimesecs`, `spawndist`, `currentwaypoint`, `curhealth`, `curmana`, `MovementType`, `npcflag`, `unit_flags`, `dynamicflags`) VALUES (317111, '42845', '725', '0', '0', '3', '1', '33863', '0', '1212.62', '1042.79', '259.159', '4.93928', '7200', '0', '0', '5000', '0', '0', '0', '0', '0');
DELETE FROM `creature_addon` WHERE `guid` = 317111;
INSERT INTO `creature_addon` (`guid`, `path_id`, `mount`, `bytes1`, `bytes2`, `emote`, `auras`) VALUES (317111, '0', '0', '0', '1', '0', '0');

INSERT INTO `creature` (`guid`, `id`, `map`, `zone`, `area`, `spawnMask`, `phaseMask`, `modelid`, `equipment_id`, `position_x`, `position_y`, `position_z`, `orientation`, `spawntimesecs`, `spawndist`, `currentwaypoint`, `curhealth`, `curmana`, `MovementType`, `npcflag`, `unit_flags`, `dynamicflags`) VALUES (317112, '42845', '725', '0', '0', '3', '1', '33863', '0', '1213.75', '1040.38', '259.136', '4.93928', '7200', '0', '0', '5000', '0', '0', '0', '0', '0');
DELETE FROM `creature_addon` WHERE `guid` = 317112;
INSERT INTO `creature_addon` (`guid`, `path_id`, `mount`, `bytes1`, `bytes2`, `emote`, `auras`) VALUES (317112, '0', '0', '0', '1', '0', '0');

INSERT INTO `creature` (`guid`, `id`, `map`, `zone`, `area`, `spawnMask`, `phaseMask`, `modelid`, `equipment_id`, `position_x`, `position_y`, `position_z`, `orientation`, `spawntimesecs`, `spawndist`, `currentwaypoint`, `curhealth`, `curmana`, `MovementType`, `npcflag`, `unit_flags`, `dynamicflags`) VALUES (317113, '42845', '725', '0', '0', '3', '1', '33863', '0', '1213.76', '1041.64', '259.073', '4.93928', '7200', '0', '0', '5000', '0', '0', '0', '0', '0');
DELETE FROM `creature_addon` WHERE `guid` = 317113;
INSERT INTO `creature_addon` (`guid`, `path_id`, `mount`, `bytes1`, `bytes2`, `emote`, `auras`) VALUES (317113, '0', '0', '0', '1', '0', '0');

INSERT INTO `creature` (`guid`, `id`, `map`, `zone`, `area`, `spawnMask`, `phaseMask`, `modelid`, `equipment_id`, `position_x`, `position_y`, `position_z`, `orientation`, `spawntimesecs`, `spawndist`, `currentwaypoint`, `curhealth`, `curmana`, `MovementType`, `npcflag`, `unit_flags`, `dynamicflags`) VALUES (317114, '42845', '725', '0', '0', '3', '1', '33863', '0', '1215.27', '1042.85', '259.02', '4.93928', '7200', '0', '0', '5000', '0', '0', '0', '0', '0');
DELETE FROM `creature_addon` WHERE `guid` = 317114;
INSERT INTO `creature_addon` (`guid`, `path_id`, `mount`, `bytes1`, `bytes2`, `emote`, `auras`) VALUES (317114, '0', '0', '0', '1', '0', '0');

INSERT INTO `creature` (`guid`, `id`, `map`, `zone`, `area`, `spawnMask`, `phaseMask`, `modelid`, `equipment_id`, `position_x`, `position_y`, `position_z`, `orientation`, `spawntimesecs`, `spawndist`, `currentwaypoint`, `curhealth`, `curmana`, `MovementType`, `npcflag`, `unit_flags`, `dynamicflags`) VALUES (317115, '42845', '725', '0', '0', '3', '1', '33863', '0', '1215.32', '1040.4', '258.926', '4.93928', '7200', '0', '0', '5000', '0', '0', '0', '0', '0');
DELETE FROM `creature_addon` WHERE `guid` = 317115;
INSERT INTO `creature_addon` (`guid`, `path_id`, `mount`, `bytes1`, `bytes2`, `emote`, `auras`) VALUES (317115, '0', '0', '0', '1', '0', '0');

INSERT INTO `creature` (`guid`, `id`, `map`, `zone`, `area`, `spawnMask`, `phaseMask`, `modelid`, `equipment_id`, `position_x`, `position_y`, `position_z`, `orientation`, `spawntimesecs`, `spawndist`, `currentwaypoint`, `curhealth`, `curmana`, `MovementType`, `npcflag`, `unit_flags`, `dynamicflags`) VALUES (317116, '42845', '725', '0', '0', '3', '1', '33863', '0', '1212', '1039.85', '259.384', '4.93928', '7200', '0', '0', '5000', '0', '0', '0', '0', '0');
DELETE FROM `creature_addon` WHERE `guid` = 317116;
INSERT INTO `creature_addon` (`guid`, `path_id`, `mount`, `bytes1`, `bytes2`, `emote`, `auras`) VALUES (317116, '0', '0', '0', '1', '0', '0');

INSERT INTO `creature` (`guid`, `id`, `map`, `zone`, `area`, `spawnMask`, `phaseMask`, `modelid`, `equipment_id`, `position_x`, `position_y`, `position_z`, `orientation`, `spawntimesecs`, `spawndist`, `currentwaypoint`, `curhealth`, `curmana`, `MovementType`, `npcflag`, `unit_flags`, `dynamicflags`) VALUES (317117, '42845', '725', '0', '0', '3', '1', '33863', '0', '1213.56', '1038.67', '259.213', '4.93928', '7200', '0', '0', '5000', '0', '0', '0', '0', '0');
DELETE FROM `creature_addon` WHERE `guid` = 317117;
INSERT INTO `creature_addon` (`guid`, `path_id`, `mount`, `bytes1`, `bytes2`, `emote`, `auras`) VALUES (317117, '0', '0', '0', '1', '0', '0');

INSERT INTO `creature` (`guid`, `id`, `map`, `zone`, `area`, `spawnMask`, `phaseMask`, `modelid`, `equipment_id`, `position_x`, `position_y`, `position_z`, `orientation`, `spawntimesecs`, `spawndist`, `currentwaypoint`, `curhealth`, `curmana`, `MovementType`, `npcflag`, `unit_flags`, `dynamicflags`) VALUES (317118, '42845', '725', '0', '0', '3', '1', '33863', '0', '1210.92', '1040.94', '259.475', '4.93928', '7200', '0', '0', '5000', '0', '0', '0', '0', '0');
DELETE FROM `creature_addon` WHERE `guid` = 317118;
INSERT INTO `creature_addon` (`guid`, `path_id`, `mount`, `bytes1`, `bytes2`, `emote`, `auras`) VALUES (317118, '0', '0', '0', '1', '0', '0');

INSERT INTO `creature` (`guid`, `id`, `map`, `zone`, `area`, `spawnMask`, `phaseMask`, `modelid`, `equipment_id`, `position_x`, `position_y`, `position_z`, `orientation`, `spawntimesecs`, `spawndist`, `currentwaypoint`, `curhealth`, `curmana`, `MovementType`, `npcflag`, `unit_flags`, `dynamicflags`) VALUES (317119, '42845', '725', '0', '0', '3', '1', '33863', '0', '1214.01', '1043.82', '259.227', '4.93928', '7200', '0', '0', '5000', '0', '0', '0', '0', '0');
DELETE FROM `creature_addon` WHERE `guid` = 317119;
INSERT INTO `creature_addon` (`guid`, `path_id`, `mount`, `bytes1`, `bytes2`, `emote`, `auras`) VALUES (317119, '0', '0', '0', '1', '0', '0');

INSERT INTO `creature` (`guid`, `id`, `map`, `zone`, `area`, `spawnMask`, `phaseMask`, `modelid`, `equipment_id`, `position_x`, `position_y`, `position_z`, `orientation`, `spawntimesecs`, `spawndist`, `currentwaypoint`, `curhealth`, `curmana`, `MovementType`, `npcflag`, `unit_flags`, `dynamicflags`) VALUES (317120, '42845', '725', '0', '0', '3', '1', '33863', '0', '1215.99', '1041.42', '258.798', '4.93928', '7200', '0', '0', '5000', '0', '0', '0', '0', '0');
DELETE FROM `creature_addon` WHERE `guid` = 317120;
INSERT INTO `creature_addon` (`guid`, `path_id`, `mount`, `bytes1`, `bytes2`, `emote`, `auras`) VALUES (317120, '0', '0', '0', '1', '0', '0');

INSERT INTO `creature` (`guid`, `id`, `map`, `zone`, `area`, `spawnMask`, `phaseMask`, `modelid`, `equipment_id`, `position_x`, `position_y`, `position_z`, `orientation`, `spawntimesecs`, `spawndist`, `currentwaypoint`, `curhealth`, `curmana`, `MovementType`, `npcflag`, `unit_flags`, `dynamicflags`) VALUES (317121, '49473', '725', '0', '0', '3', '1', '11686', '0', '1157', '1017.69', '269.465', '0.424274', '7200', '0', '0', '44679', '0', '0', '0', '0', '0');
DELETE FROM `creature_addon` WHERE `guid` = 317121;
INSERT INTO `creature_addon` (`guid`, `path_id`, `mount`, `bytes1`, `bytes2`, `emote`, `auras`) VALUES (317121, '0', '0', '0', '1', '0', '80919');

INSERT INTO `creature` (`guid`, `id`, `map`, `zone`, `area`, `spawnMask`, `phaseMask`, `modelid`, `equipment_id`, `position_x`, `position_y`, `position_z`, `orientation`, `spawntimesecs`, `spawndist`, `currentwaypoint`, `curhealth`, `curmana`, `MovementType`, `npcflag`, `unit_flags`, `dynamicflags`) VALUES (317122, '43286', '725', '0', '0', '3', '1', '33330', '0', '1157', '1017.69', '269.548', '0.424274', '7200', '0', '0', '5000', '0', '0', '0', '0', '0');
DELETE FROM `creature_addon` WHERE `guid` = 317122;
INSERT INTO `creature_addon` (`guid`, `path_id`, `mount`, `bytes1`, `bytes2`, `emote`, `auras`) VALUES (317122, '0', '0', '0', '1', '0', '0');

INSERT INTO `creature` (`guid`, `id`, `map`, `zone`, `area`, `spawnMask`, `phaseMask`, `modelid`, `equipment_id`, `position_x`, `position_y`, `position_z`, `orientation`, `spawntimesecs`, `spawndist`, `currentwaypoint`, `curhealth`, `curmana`, `MovementType`, `npcflag`, `unit_flags`, `dynamicflags`) VALUES (317123, '49473', '725', '0', '0', '3', '1', '11686', '0', '1164.98', '1004.17', '272.287', '1.3923', '7200', '0', '0', '44679', '0', '0', '0', '0', '0');
DELETE FROM `creature_addon` WHERE `guid` = 317123;
INSERT INTO `creature_addon` (`guid`, `path_id`, `mount`, `bytes1`, `bytes2`, `emote`, `auras`) VALUES (317123, '0', '0', '0', '1', '0', '80919');

INSERT INTO `creature` (`guid`, `id`, `map`, `zone`, `area`, `spawnMask`, `phaseMask`, `modelid`, `equipment_id`, `position_x`, `position_y`, `position_z`, `orientation`, `spawntimesecs`, `spawndist`, `currentwaypoint`, `curhealth`, `curmana`, `MovementType`, `npcflag`, `unit_flags`, `dynamicflags`) VALUES (317124, '43286', '725', '0', '0', '3', '1', '33330', '0', '1164.98', '1004.17', '272.37', '1.3923', '7200', '0', '0', '5000', '0', '0', '0', '0', '0');
DELETE FROM `creature_addon` WHERE `guid` = 317124;
INSERT INTO `creature_addon` (`guid`, `path_id`, `mount`, `bytes1`, `bytes2`, `emote`, `auras`) VALUES (317124, '0', '0', '0', '1', '0', '0');

INSERT INTO `creature` (`guid`, `id`, `map`, `zone`, `area`, `spawnMask`, `phaseMask`, `modelid`, `equipment_id`, `position_x`, `position_y`, `position_z`, `orientation`, `spawntimesecs`, `spawndist`, `currentwaypoint`, `curhealth`, `curmana`, `MovementType`, `npcflag`, `unit_flags`, `dynamicflags`) VALUES (317125, '49473', '725', '0', '0', '3', '1', '11686', '0', '1141.18', '1023.11', '268.022', '0.988479', '7200', '0', '0', '44679', '0', '0', '0', '0', '0');
DELETE FROM `creature_addon` WHERE `guid` = 317125;
INSERT INTO `creature_addon` (`guid`, `path_id`, `mount`, `bytes1`, `bytes2`, `emote`, `auras`) VALUES (317125, '0', '0', '0', '1', '0', '80919');

INSERT INTO `creature` (`guid`, `id`, `map`, `zone`, `area`, `spawnMask`, `phaseMask`, `modelid`, `equipment_id`, `position_x`, `position_y`, `position_z`, `orientation`, `spawntimesecs`, `spawndist`, `currentwaypoint`, `curhealth`, `curmana`, `MovementType`, `npcflag`, `unit_flags`, `dynamicflags`) VALUES (317126, '43286', '725', '0', '0', '3', '1', '33330', '0', '1141.18', '1023.11', '268.106', '0.988479', '7200', '0', '0', '5000', '0', '0', '0', '0', '0');
DELETE FROM `creature_addon` WHERE `guid` = 317126;
INSERT INTO `creature_addon` (`guid`, `path_id`, `mount`, `bytes1`, `bytes2`, `emote`, `auras`) VALUES (317126, '0', '0', '0', '1', '0', '0');

INSERT INTO `creature` (`guid`, `id`, `map`, `zone`, `area`, `spawnMask`, `phaseMask`, `modelid`, `equipment_id`, `position_x`, `position_y`, `position_z`, `orientation`, `spawntimesecs`, `spawndist`, `currentwaypoint`, `curhealth`, `curmana`, `MovementType`, `npcflag`, `unit_flags`, `dynamicflags`) VALUES (317127, '42845', '725', '0', '0', '3', '1', '33863', '0', '1173.56', '1052.08', '266.62', '3.67252', '7200', '0', '0', '5000', '0', '0', '0', '0', '0');
DELETE FROM `creature_addon` WHERE `guid` = 317127;
INSERT INTO `creature_addon` (`guid`, `path_id`, `mount`, `bytes1`, `bytes2`, `emote`, `auras`) VALUES (317127, '0', '0', '0', '1', '0', '0');

INSERT INTO `creature` (`guid`, `id`, `map`, `zone`, `area`, `spawnMask`, `phaseMask`, `modelid`, `equipment_id`, `position_x`, `position_y`, `position_z`, `orientation`, `spawntimesecs`, `spawndist`, `currentwaypoint`, `curhealth`, `curmana`, `MovementType`, `npcflag`, `unit_flags`, `dynamicflags`) VALUES (317128, '42845', '725', '0', '0', '3', '1', '33863', '0', '1166.36', '1048.38', '265.878', '3.68062', '7200', '0', '0', '5000', '0', '2', '0', '0', '0');
DELETE FROM `creature_addon` WHERE `guid` = 317128;
INSERT INTO `creature_addon` (`guid`, `path_id`, `mount`, `bytes1`, `bytes2`, `emote`, `auras`) VALUES (317128, '317128', '0', '0', '1', '0', '0');

DELETE FROM `waypoint_data` WHERE `id` = 317128;
INSERT INTO `waypoint_data` (`id`, `point`, `position_x`, `position_y`, `position_z`, `orientation`, `delay`, `move_flag`, `action`, `action_chance`, `inverse_formation_angle`, `wpguid`) VALUES
(317128, '1', '1167.16', '1048.98', '265.795', '0', '0', '0', '0', '100', '0', '0'),
(317128, '2', '1166.36', '1048.38', '265.795', '0', '0', '0', '0', '100', '0', '0'),
(317128, '3', '1163.68', '1046.78', '266.246', '0', '0', '0', '0', '100', '0', '0'),
(317128, '4', '1161.68', '1045.59', '266.168', '0', '0', '0', '0', '100', '0', '0'),
(317128, '5', '1156.54', '1042.51', '265.984', '0', '0', '0', '0', '100', '0', '0'),
(317128, '6', '1154.97', '1041.57', '266.035', '0', '0', '0', '0', '100', '0', '0'),
(317128, '7', '1153.79', '1040.86', '265.836', '0', '0', '0', '0', '100', '0', '0'),
(317128, '8', '1148.04', '1037.43', '266.059', '0', '0', '0', '0', '100', '0', '0'),
(317128, '9', '1141.8', '1033.7', '266.494', '0', '0', '0', '0', '100', '0', '0'),
(317128, '10', '1135.59', '1029.98', '266.486', '0', '0', '0', '0', '100', '0', '0'),
(317128, '11', '1131.93', '1027.79', '266.549', '0', '0', '0', '0', '100', '0', '0'),
(317128, '12', '1120.6', '1021.02', '266.164', '0', '0', '0', '0', '100', '0', '0'),
(317128, '13', '1118.11', '1019.53', '266.147', '0', '0', '0', '0', '100', '0', '0'),
(317128, '14', '1118.11', '1019.53', '266.147', '0', '0', '0', '0', '100', '0', '0');


INSERT INTO `creature` (`guid`, `id`, `map`, `zone`, `area`, `spawnMask`, `phaseMask`, `modelid`, `equipment_id`, `position_x`, `position_y`, `position_z`, `orientation`, `spawntimesecs`, `spawndist`, `currentwaypoint`, `curhealth`, `curmana`, `MovementType`, `npcflag`, `unit_flags`, `dynamicflags`) VALUES (317129, '42845', '725', '0', '0', '3', '1', '33863', '0', '1129.99', '967.372', '284.403', '0', '7200', '0', '0', '5000', '0', '0', '0', '0', '0');
DELETE FROM `creature_addon` WHERE `guid` = 317129;
INSERT INTO `creature_addon` (`guid`, `path_id`, `mount`, `bytes1`, `bytes2`, `emote`, `auras`) VALUES (317129, '0', '0', '0', '1', '0', '0');

INSERT INTO `creature` (`guid`, `id`, `map`, `zone`, `area`, `spawnMask`, `phaseMask`, `modelid`, `equipment_id`, `position_x`, `position_y`, `position_z`, `orientation`, `spawntimesecs`, `spawndist`, `currentwaypoint`, `curhealth`, `curmana`, `MovementType`, `npcflag`, `unit_flags`, `dynamicflags`) VALUES (317130, '42845', '725', '0', '0', '3', '1', '33863', '0', '1132.62', '967.849', '284.277', '0', '7200', '0', '0', '5000', '0', '0', '0', '0', '0');
DELETE FROM `creature_addon` WHERE `guid` = 317130;
INSERT INTO `creature_addon` (`guid`, `path_id`, `mount`, `bytes1`, `bytes2`, `emote`, `auras`) VALUES (317130, '0', '0', '0', '1', '0', '0');

INSERT INTO `creature` (`guid`, `id`, `map`, `zone`, `area`, `spawnMask`, `phaseMask`, `modelid`, `equipment_id`, `position_x`, `position_y`, `position_z`, `orientation`, `spawntimesecs`, `spawndist`, `currentwaypoint`, `curhealth`, `curmana`, `MovementType`, `npcflag`, `unit_flags`, `dynamicflags`) VALUES (317131, '42845', '725', '0', '0', '3', '1', '33863', '0', '1131.4', '968.184', '284.314', '0', '7200', '0', '0', '5000', '0', '0', '0', '0', '0');
DELETE FROM `creature_addon` WHERE `guid` = 317131;
INSERT INTO `creature_addon` (`guid`, `path_id`, `mount`, `bytes1`, `bytes2`, `emote`, `auras`) VALUES (317131, '0', '0', '0', '1', '0', '0');

INSERT INTO `creature` (`guid`, `id`, `map`, `zone`, `area`, `spawnMask`, `phaseMask`, `modelid`, `equipment_id`, `position_x`, `position_y`, `position_z`, `orientation`, `spawntimesecs`, `spawndist`, `currentwaypoint`, `curhealth`, `curmana`, `MovementType`, `npcflag`, `unit_flags`, `dynamicflags`) VALUES (317132, '42845', '725', '0', '0', '3', '1', '33863', '0', '1130.62', '969.957', '284.338', '0', '7200', '0', '0', '5000', '0', '0', '0', '0', '0');
DELETE FROM `creature_addon` WHERE `guid` = 317132;
INSERT INTO `creature_addon` (`guid`, `path_id`, `mount`, `bytes1`, `bytes2`, `emote`, `auras`) VALUES (317132, '0', '0', '0', '1', '0', '0');

INSERT INTO `creature` (`guid`, `id`, `map`, `zone`, `area`, `spawnMask`, `phaseMask`, `modelid`, `equipment_id`, `position_x`, `position_y`, `position_z`, `orientation`, `spawntimesecs`, `spawndist`, `currentwaypoint`, `curhealth`, `curmana`, `MovementType`, `npcflag`, `unit_flags`, `dynamicflags`) VALUES (317133, '42845', '725', '0', '0', '3', '1', '33863', '0', '1133', '969.373', '284.282', '0', '7200', '0', '0', '5000', '0', '0', '0', '0', '0');
DELETE FROM `creature_addon` WHERE `guid` = 317133;
INSERT INTO `creature_addon` (`guid`, `path_id`, `mount`, `bytes1`, `bytes2`, `emote`, `auras`) VALUES (317133, '0', '0', '0', '1', '0', '0');

INSERT INTO `creature` (`guid`, `id`, `map`, `zone`, `area`, `spawnMask`, `phaseMask`, `modelid`, `equipment_id`, `position_x`, `position_y`, `position_z`, `orientation`, `spawntimesecs`, `spawndist`, `currentwaypoint`, `curhealth`, `curmana`, `MovementType`, `npcflag`, `unit_flags`, `dynamicflags`) VALUES (317134, '42845', '725', '0', '0', '3', '1', '33863', '0', '1132.68', '966.023', '284.293', '0', '7200', '0', '0', '5000', '0', '0', '0', '0', '0');
DELETE FROM `creature_addon` WHERE `guid` = 317134;
INSERT INTO `creature_addon` (`guid`, `path_id`, `mount`, `bytes1`, `bytes2`, `emote`, `auras`) VALUES (317134, '0', '0', '0', '1', '0', '0');

INSERT INTO `creature` (`guid`, `id`, `map`, `zone`, `area`, `spawnMask`, `phaseMask`, `modelid`, `equipment_id`, `position_x`, `position_y`, `position_z`, `orientation`, `spawntimesecs`, `spawndist`, `currentwaypoint`, `curhealth`, `curmana`, `MovementType`, `npcflag`, `unit_flags`, `dynamicflags`) VALUES (317135, '42845', '725', '0', '0', '3', '1', '33863', '0', '1134.21', '967.229', '284.223', '0', '7200', '0', '0', '5000', '0', '0', '0', '0', '0');
DELETE FROM `creature_addon` WHERE `guid` = 317135;
INSERT INTO `creature_addon` (`guid`, `path_id`, `mount`, `bytes1`, `bytes2`, `emote`, `auras`) VALUES (317135, '0', '0', '0', '1', '0', '0');

INSERT INTO `creature` (`guid`, `id`, `map`, `zone`, `area`, `spawnMask`, `phaseMask`, `modelid`, `equipment_id`, `position_x`, `position_y`, `position_z`, `orientation`, `spawntimesecs`, `spawndist`, `currentwaypoint`, `curhealth`, `curmana`, `MovementType`, `npcflag`, `unit_flags`, `dynamicflags`) VALUES (317136, '42845', '725', '0', '0', '3', '1', '33863', '0', '1131.35', '965.252', '284.565', '0', '7200', '0', '0', '5000', '0', '0', '0', '0', '0');
DELETE FROM `creature_addon` WHERE `guid` = 317136;
INSERT INTO `creature_addon` (`guid`, `path_id`, `mount`, `bytes1`, `bytes2`, `emote`, `auras`) VALUES (317136, '0', '0', '0', '1', '0', '0');

INSERT INTO `creature` (`guid`, `id`, `map`, `zone`, `area`, `spawnMask`, `phaseMask`, `modelid`, `equipment_id`, `position_x`, `position_y`, `position_z`, `orientation`, `spawntimesecs`, `spawndist`, `currentwaypoint`, `curhealth`, `curmana`, `MovementType`, `npcflag`, `unit_flags`, `dynamicflags`) VALUES (317137, '42845', '725', '0', '0', '3', '1', '33863', '0', '1129.36', '968.99', '284.379', '0', '7200', '0', '0', '5000', '0', '0', '0', '0', '0');
DELETE FROM `creature_addon` WHERE `guid` = 317137;
INSERT INTO `creature_addon` (`guid`, `path_id`, `mount`, `bytes1`, `bytes2`, `emote`, `auras`) VALUES (317137, '0', '0', '0', '1', '0', '0');

INSERT INTO `creature` (`guid`, `id`, `map`, `zone`, `area`, `spawnMask`, `phaseMask`, `modelid`, `equipment_id`, `position_x`, `position_y`, `position_z`, `orientation`, `spawntimesecs`, `spawndist`, `currentwaypoint`, `curhealth`, `curmana`, `MovementType`, `npcflag`, `unit_flags`, `dynamicflags`) VALUES (317138, '42845', '725', '0', '0', '3', '1', '33863', '0', '1132.19', '970.281', '284.292', '0', '7200', '0', '0', '5000', '0', '0', '0', '0', '0');
DELETE FROM `creature_addon` WHERE `guid` = 317138;
INSERT INTO `creature_addon` (`guid`, `path_id`, `mount`, `bytes1`, `bytes2`, `emote`, `auras`) VALUES (317138, '0', '0', '0', '1', '0', '0');

INSERT INTO `creature` (`guid`, `id`, `map`, `zone`, `area`, `spawnMask`, `phaseMask`, `modelid`, `equipment_id`, `position_x`, `position_y`, `position_z`, `orientation`, `spawntimesecs`, `spawndist`, `currentwaypoint`, `curhealth`, `curmana`, `MovementType`, `npcflag`, `unit_flags`, `dynamicflags`) VALUES (317139, '49473', '725', '0', '0', '3', '1', '11686', '0', '1152.19', '1034.79', '266.57', '-1.99715', '7200', '0', '0', '44679', '0', '0', '0', '0', '0');
DELETE FROM `creature_addon` WHERE `guid` = 317139;
INSERT INTO `creature_addon` (`guid`, `path_id`, `mount`, `bytes1`, `bytes2`, `emote`, `auras`) VALUES (317139, '0', '0', '0', '1', '0', '80919');

INSERT INTO `creature` (`guid`, `id`, `map`, `zone`, `area`, `spawnMask`, `phaseMask`, `modelid`, `equipment_id`, `position_x`, `position_y`, `position_z`, `orientation`, `spawntimesecs`, `spawndist`, `currentwaypoint`, `curhealth`, `curmana`, `MovementType`, `npcflag`, `unit_flags`, `dynamicflags`) VALUES (317140, '43286', '725', '0', '0', '3', '1', '33330', '0', '1152.19', '1034.79', '266.654', '-1.99715', '7200', '0', '0', '5000', '0', '0', '0', '0', '0');
DELETE FROM `creature_addon` WHERE `guid` = 317140;
INSERT INTO `creature_addon` (`guid`, `path_id`, `mount`, `bytes1`, `bytes2`, `emote`, `auras`) VALUES (317140, '0', '0', '0', '1', '0', '0');

INSERT INTO `creature` (`guid`, `id`, `map`, `zone`, `area`, `spawnMask`, `phaseMask`, `modelid`, `equipment_id`, `position_x`, `position_y`, `position_z`, `orientation`, `spawntimesecs`, `spawndist`, `currentwaypoint`, `curhealth`, `curmana`, `MovementType`, `npcflag`, `unit_flags`, `dynamicflags`) VALUES (317141, '49473', '725', '0', '0', '3', '1', '11686', '0', '1170.19', '1010.43', '271.403', '-1.99715', '7200', '0', '0', '44679', '0', '0', '0', '0', '0');
DELETE FROM `creature_addon` WHERE `guid` = 317141;
INSERT INTO `creature_addon` (`guid`, `path_id`, `mount`, `bytes1`, `bytes2`, `emote`, `auras`) VALUES (317141, '0', '0', '0', '1', '0', '80919');

INSERT INTO `creature` (`guid`, `id`, `map`, `zone`, `area`, `spawnMask`, `phaseMask`, `modelid`, `equipment_id`, `position_x`, `position_y`, `position_z`, `orientation`, `spawntimesecs`, `spawndist`, `currentwaypoint`, `curhealth`, `curmana`, `MovementType`, `npcflag`, `unit_flags`, `dynamicflags`) VALUES (317142, '43286', '725', '0', '0', '3', '1', '33330', '0', '1170.19', '1010.43', '271.487', '-1.99715', '7200', '0', '0', '5000', '0', '0', '0', '0', '0');
DELETE FROM `creature_addon` WHERE `guid` = 317142;
INSERT INTO `creature_addon` (`guid`, `path_id`, `mount`, `bytes1`, `bytes2`, `emote`, `auras`) VALUES (317142, '0', '0', '0', '1', '0', '0');

INSERT INTO `creature` (`guid`, `id`, `map`, `zone`, `area`, `spawnMask`, `phaseMask`, `modelid`, `equipment_id`, `position_x`, `position_y`, `position_z`, `orientation`, `spawntimesecs`, `spawndist`, `currentwaypoint`, `curhealth`, `curmana`, `MovementType`, `npcflag`, `unit_flags`, `dynamicflags`) VALUES (317143, '49473', '725', '0', '0', '3', '1', '11686', '0', '1153.47', '1018.24', '269.048', '2.4116', '7200', '0', '0', '44679', '0', '0', '0', '0', '0');
DELETE FROM `creature_addon` WHERE `guid` = 317143;
INSERT INTO `creature_addon` (`guid`, `path_id`, `mount`, `bytes1`, `bytes2`, `emote`, `auras`) VALUES (317143, '0', '0', '0', '1', '0', '80919');

INSERT INTO `creature` (`guid`, `id`, `map`, `zone`, `area`, `spawnMask`, `phaseMask`, `modelid`, `equipment_id`, `position_x`, `position_y`, `position_z`, `orientation`, `spawntimesecs`, `spawndist`, `currentwaypoint`, `curhealth`, `curmana`, `MovementType`, `npcflag`, `unit_flags`, `dynamicflags`) VALUES (317144, '43286', '725', '0', '0', '3', '1', '33330', '0', '1153.47', '1018.24', '269.132', '2.4116', '7200', '0', '0', '5000', '0', '0', '0', '0', '0');
DELETE FROM `creature_addon` WHERE `guid` = 317144;
INSERT INTO `creature_addon` (`guid`, `path_id`, `mount`, `bytes1`, `bytes2`, `emote`, `auras`) VALUES (317144, '0', '0', '0', '1', '0', '0');

INSERT INTO `creature` (`guid`, `id`, `map`, `zone`, `area`, `spawnMask`, `phaseMask`, `modelid`, `equipment_id`, `position_x`, `position_y`, `position_z`, `orientation`, `spawntimesecs`, `spawndist`, `currentwaypoint`, `curhealth`, `curmana`, `MovementType`, `npcflag`, `unit_flags`, `dynamicflags`) VALUES (317145, '42845', '725', '0', '0', '3', '1', '33863', '0', '1154.67', '1002.54', '272.086', '1.49741', '7200', '0', '0', '5000', '0', '2', '0', '0', '0');
DELETE FROM `creature_addon` WHERE `guid` = 317145;
INSERT INTO `creature_addon` (`guid`, `path_id`, `mount`, `bytes1`, `bytes2`, `emote`, `auras`) VALUES (317145, '317145', '0', '0', '1', '0', '0');

DELETE FROM `waypoint_data` WHERE `id` = 317145;
INSERT INTO `waypoint_data` (`id`, `point`, `position_x`, `position_y`, `position_z`, `orientation`, `delay`, `move_flag`, `action`, `action_chance`, `inverse_formation_angle`, `wpguid`) VALUES
(317145, '1', '1154.62', '1001.54', '271.991', '0', '0', '0', '0', '100', '0', '0'),
(317145, '2', '1154.67', '1002.54', '271.991', '0', '0', '0', '0', '100', '0', '0'),
(317145, '3', '1154.9', '1005.7', '271.271', '0', '0', '0', '0', '100', '0', '0'),
(317145, '4', '1155.38', '1012.15', '270.19', '0', '0', '0', '0', '100', '0', '0'),
(317145, '5', '1155.38', '1012.15', '270.19', '0', '0', '0', '0', '100', '0', '0');


INSERT INTO `creature` (`guid`, `id`, `map`, `zone`, `area`, `spawnMask`, `phaseMask`, `modelid`, `equipment_id`, `position_x`, `position_y`, `position_z`, `orientation`, `spawntimesecs`, `spawndist`, `currentwaypoint`, `curhealth`, `curmana`, `MovementType`, `npcflag`, `unit_flags`, `dynamicflags`) VALUES (317146, '42845', '725', '0', '0', '3', '1', '33863', '0', '1154.57', '995.554', '273.86', '1.52128', '7200', '0', '0', '5000', '0', '0', '0', '0', '0');
DELETE FROM `creature_addon` WHERE `guid` = 317146;
INSERT INTO `creature_addon` (`guid`, `path_id`, `mount`, `bytes1`, `bytes2`, `emote`, `auras`) VALUES (317146, '0', '0', '0', '1', '0', '0');

INSERT INTO `creature` (`guid`, `id`, `map`, `zone`, `area`, `spawnMask`, `phaseMask`, `modelid`, `equipment_id`, `position_x`, `position_y`, `position_z`, `orientation`, `spawntimesecs`, `spawndist`, `currentwaypoint`, `curhealth`, `curmana`, `MovementType`, `npcflag`, `unit_flags`, `dynamicflags`) VALUES (317147, '42845', '725', '0', '0', '3', '1', '33863', '0', '1154.54', '1000.24', '272.621', '1.77204', '7200', '0', '0', '5000', '0', '2', '0', '0', '0');
DELETE FROM `creature_addon` WHERE `guid` = 317147;
INSERT INTO `creature_addon` (`guid`, `path_id`, `mount`, `bytes1`, `bytes2`, `emote`, `auras`) VALUES (317147, '317147', '0', '0', '1', '0', '0');

DELETE FROM `waypoint_data` WHERE `id` = 317147;
INSERT INTO `waypoint_data` (`id`, `point`, `position_x`, `position_y`, `position_z`, `orientation`, `delay`, `move_flag`, `action`, `action_chance`, `inverse_formation_angle`, `wpguid`) VALUES
(317147, '1', '1154.49', '999.239', '272.516', '0', '0', '0', '0', '100', '0', '0'),
(317147, '2', '1154.54', '1000.24', '272.516', '0', '0', '0', '0', '100', '0', '0'),
(317147, '3', '1152.82', '1008.66', '270.564', '0', '0', '0', '0', '100', '0', '0'),
(317147, '4', '1152.52', '1010.15', '270.252', '0', '0', '0', '0', '100', '0', '0'),
(317147, '5', '1152.35', '1011', '270.102', '0', '0', '0', '0', '100', '0', '0'),
(317147, '6', '1152.35', '1011', '270.102', '0', '0', '0', '0', '100', '0', '0');


INSERT INTO `creature` (`guid`, `id`, `map`, `zone`, `area`, `spawnMask`, `phaseMask`, `modelid`, `equipment_id`, `position_x`, `position_y`, `position_z`, `orientation`, `spawntimesecs`, `spawndist`, `currentwaypoint`, `curhealth`, `curmana`, `MovementType`, `npcflag`, `unit_flags`, `dynamicflags`) VALUES (317148, '42845', '725', '0', '0', '3', '1', '33863', '0', '1161.72', '983.417', '277.035', '1.17497', '7200', '0', '0', '5000', '0', '2', '0', '0', '0');
DELETE FROM `creature_addon` WHERE `guid` = 317148;
INSERT INTO `creature_addon` (`guid`, `path_id`, `mount`, `bytes1`, `bytes2`, `emote`, `auras`) VALUES (317148, '317148', '0', '0', '1', '0', '0');

DELETE FROM `waypoint_data` WHERE `id` = 317148;
INSERT INTO `waypoint_data` (`id`, `point`, `position_x`, `position_y`, `position_z`, `orientation`, `delay`, `move_flag`, `action`, `action_chance`, `inverse_formation_angle`, `wpguid`) VALUES
(317148, '1', '1161.33', '982.494', '277.035', '0', '0', '0', '0', '100', '0', '0'),
(317148, '2', '1161.72', '983.417', '277.035', '0', '0', '0', '0', '100', '0', '0'),
(317148, '3', '1162.79', '985.979', '276.286', '0', '0', '0', '0', '100', '0', '0'),
(317148, '4', '1164.63', '990.392', '274.449', '0', '0', '0', '0', '100', '0', '0'),
(317148, '5', '1164.8', '990.799', '274.368', '0', '0', '0', '0', '100', '0', '0'),
(317148, '6', '1162.03', '1005.11', '271.894', '0', '0', '0', '0', '100', '0', '0'),
(317148, '7', '1160.26', '1014.27', '270.291', '0', '0', '0', '0', '100', '0', '0'),
(317148, '8', '1159.67', '1017.34', '269.703', '0', '0', '0', '0', '100', '0', '0'),
(317148, '9', '1159.67', '1017.34', '269.703', '0', '0', '0', '0', '100', '0', '0');


INSERT INTO `creature` (`guid`, `id`, `map`, `zone`, `area`, `spawnMask`, `phaseMask`, `modelid`, `equipment_id`, `position_x`, `position_y`, `position_z`, `orientation`, `spawntimesecs`, `spawndist`, `currentwaypoint`, `curhealth`, `curmana`, `MovementType`, `npcflag`, `unit_flags`, `dynamicflags`) VALUES (317149, '42845', '725', '0', '0', '3', '1', '33863', '0', '1158.47', '1034.24', '267.178', '1.82692', '7200', '0', '0', '5000', '0', '2', '0', '0', '0');
DELETE FROM `creature_addon` WHERE `guid` = 317149;
INSERT INTO `creature_addon` (`guid`, `path_id`, `mount`, `bytes1`, `bytes2`, `emote`, `auras`) VALUES (317149, '317149', '0', '0', '1', '0', '0');

DELETE FROM `waypoint_data` WHERE `id` = 317149;
INSERT INTO `waypoint_data` (`id`, `point`, `position_x`, `position_y`, `position_z`, `orientation`, `delay`, `move_flag`, `action`, `action_chance`, `inverse_formation_angle`, `wpguid`) VALUES
(317149, '1', '1160.03', '1028.21', '267.781', '0', '0', '0', '0', '100', '0', '0'),
(317149, '2', '1159.8', '1029.18', '267.781', '0', '0', '0', '0', '100', '0', '0'),
(317149, '3', '1159.52', '1030.25', '267.666', '0', '0', '0', '0', '100', '0', '0'),
(317149, '4', '1159.16', '1031.62', '267.47', '0', '0', '0', '0', '100', '0', '0'),
(317149, '5', '1156.91', '1040.21', '266.511', '0', '0', '0', '0', '100', '0', '0'),
(317149, '6', '1156.3', '1042.54', '265.944', '0', '0', '0', '0', '100', '0', '0'),
(317149, '7', '1155.13', '1047', '265.404', '0', '0', '0', '0', '100', '0', '0'),
(317149, '8', '1152.77', '1056.04', '264.853', '0', '0', '0', '0', '100', '0', '0'),
(317149, '9', '1150.95', '1062.96', '265.017', '0', '0', '0', '0', '100', '0', '0'),
(317149, '10', '1149.98', '1066.67', '265.14', '0', '0', '0', '0', '100', '0', '0'),
(317149, '11', '1149.29', '1069.31', '265.19', '0', '0', '0', '0', '100', '0', '0'),
(317149, '12', '1149.04', '1070.25', '265.371', '0', '0', '0', '0', '100', '0', '0'),
(317149, '13', '1149.04', '1070.25', '265.371', '0', '0', '0', '0', '100', '0', '0');


INSERT INTO `creature` (`guid`, `id`, `map`, `zone`, `area`, `spawnMask`, `phaseMask`, `modelid`, `equipment_id`, `position_x`, `position_y`, `position_z`, `orientation`, `spawntimesecs`, `spawndist`, `currentwaypoint`, `curhealth`, `curmana`, `MovementType`, `npcflag`, `unit_flags`, `dynamicflags`) VALUES (317150, '42845', '725', '0', '0', '3', '1', '33863', '0', '1156.92', '1029.67', '267.3', '1.80872', '7200', '0', '0', '5000', '0', '2', '0', '0', '0');
DELETE FROM `creature_addon` WHERE `guid` = 317150;
INSERT INTO `creature_addon` (`guid`, `path_id`, `mount`, `bytes1`, `bytes2`, `emote`, `auras`) VALUES (317150, '317150', '0', '0', '1', '0', '0');

DELETE FROM `waypoint_data` WHERE `id` = 317150;
INSERT INTO `waypoint_data` (`id`, `point`, `position_x`, `position_y`, `position_z`, `orientation`, `delay`, `move_flag`, `action`, `action_chance`, `inverse_formation_angle`, `wpguid`) VALUES
(317150, '1', '1158.3', '1024.13', '268.211', '0', '0', '0', '0', '100', '0', '0'),
(317150, '2', '1158.03', '1025.09', '268.211', '0', '0', '0', '0', '100', '0', '0'),
(317150, '3', '1157.37', '1027.8', '267.686', '0', '0', '0', '0', '100', '0', '0'),
(317150, '4', '1156.83', '1030.04', '267.224', '0', '0', '0', '0', '100', '0', '0'),
(317150, '5', '1155.34', '1036.18', '266.385', '0', '0', '0', '0', '100', '0', '0'),
(317150, '6', '1153.84', '1042.36', '265.759', '0', '0', '0', '0', '100', '0', '0'),
(317150, '7', '1153.52', '1043.67', '265.57', '0', '0', '0', '0', '100', '0', '0'),
(317150, '8', '1150.86', '1054.66', '264.877', '0', '0', '0', '0', '100', '0', '0'),
(317150, '9', '1149.83', '1058.88', '264.955', '0', '0', '0', '0', '100', '0', '0'),
(317150, '10', '1149.83', '1058.88', '264.955', '0', '0', '0', '0', '100', '0', '0');


INSERT INTO `creature` (`guid`, `id`, `map`, `zone`, `area`, `spawnMask`, `phaseMask`, `modelid`, `equipment_id`, `position_x`, `position_y`, `position_z`, `orientation`, `spawntimesecs`, `spawndist`, `currentwaypoint`, `curhealth`, `curmana`, `MovementType`, `npcflag`, `unit_flags`, `dynamicflags`) VALUES (317151, '42845', '725', '0', '0', '3', '1', '33863', '0', '1156.91', '1028.56', '267.495', '1.85899', '7200', '0', '0', '5000', '0', '2', '0', '0', '0');
DELETE FROM `creature_addon` WHERE `guid` = 317151;
INSERT INTO `creature_addon` (`guid`, `path_id`, `mount`, `bytes1`, `bytes2`, `emote`, `auras`) VALUES (317151, '317151', '0', '0', '1', '0', '0');

DELETE FROM `waypoint_data` WHERE `id` = 317151;
INSERT INTO `waypoint_data` (`id`, `point`, `position_x`, `position_y`, `position_z`, `orientation`, `delay`, `move_flag`, `action`, `action_chance`, `inverse_formation_angle`, `wpguid`) VALUES
(317151, '1', '1158.38', '1024', '268.24', '0', '0', '0', '0', '100', '0', '0'),
(317151, '2', '1157.99', '1024.92', '268.24', '0', '0', '0', '0', '100', '0', '0'),
(317151, '3', '1157.49', '1026.61', '267.909', '0', '0', '0', '0', '100', '0', '0'),
(317151, '4', '1156.68', '1029.35', '267.328', '0', '0', '0', '0', '100', '0', '0'),
(317151, '5', '1152.78', '1042.49', '265.531', '0', '0', '0', '0', '100', '0', '0'),
(317151, '6', '1149.47', '1053.66', '264.894', '0', '0', '0', '0', '100', '0', '0'),
(317151, '7', '1149.14', '1054.8', '264.887', '0', '0', '0', '0', '100', '0', '0'),
(317151, '8', '1149.14', '1054.8', '264.887', '0', '0', '0', '0', '100', '0', '0');


INSERT INTO `creature` (`guid`, `id`, `map`, `zone`, `area`, `spawnMask`, `phaseMask`, `modelid`, `equipment_id`, `position_x`, `position_y`, `position_z`, `orientation`, `spawntimesecs`, `spawndist`, `currentwaypoint`, `curhealth`, `curmana`, `MovementType`, `npcflag`, `unit_flags`, `dynamicflags`) VALUES (317152, '42845', '725', '0', '0', '3', '1', '33863', '0', '1156.52', '1030.85', '267.117', '1.79558', '7200', '0', '0', '5000', '0', '2', '0', '0', '0');
DELETE FROM `creature_addon` WHERE `guid` = 317152;
INSERT INTO `creature_addon` (`guid`, `path_id`, `mount`, `bytes1`, `bytes2`, `emote`, `auras`) VALUES (317152, '317152', '0', '0', '1', '0', '0');

DELETE FROM `waypoint_data` WHERE `id` = 317152;
INSERT INTO `waypoint_data` (`id`, `point`, `position_x`, `position_y`, `position_z`, `orientation`, `delay`, `move_flag`, `action`, `action_chance`, `inverse_formation_angle`, `wpguid`) VALUES
(317152, '1', '1158.02', '1025.05', '268.032', '0', '0', '0', '0', '100', '0', '0'),
(317152, '2', '1157.64', '1025.97', '268.032', '0', '0', '0', '0', '100', '0', '0'),
(317152, '3', '1156.77', '1029.76', '267.266', '0', '0', '0', '0', '100', '0', '0'),
(317152, '4', '1155.22', '1036.54', '266.336', '0', '0', '0', '0', '100', '0', '0'),
(317152, '5', '1153.9', '1042.32', '265.773', '0', '0', '0', '0', '100', '0', '0'),
(317152, '6', '1153.57', '1043.77', '265.566', '0', '0', '0', '0', '100', '0', '0'),
(317152, '7', '1151.04', '1054.79', '264.875', '0', '0', '0', '0', '100', '0', '0'),
(317152, '8', '1149.9', '1059.82', '264.972', '0', '0', '0', '0', '100', '0', '0'),
(317152, '9', '1149.47', '1061.68', '265.032', '0', '0', '0', '0', '100', '0', '0'),
(317152, '10', '1149.47', '1061.68', '265.032', '0', '0', '0', '0', '100', '0', '0');


INSERT INTO `creature` (`guid`, `id`, `map`, `zone`, `area`, `spawnMask`, `phaseMask`, `modelid`, `equipment_id`, `position_x`, `position_y`, `position_z`, `orientation`, `spawntimesecs`, `spawndist`, `currentwaypoint`, `curhealth`, `curmana`, `MovementType`, `npcflag`, `unit_flags`, `dynamicflags`) VALUES (317153, '42845', '725', '0', '0', '3', '1', '33863', '0', '1159.99', '1029.04', '267.832', '1.76393', '7200', '0', '0', '5000', '0', '2', '0', '0', '0');
DELETE FROM `creature_addon` WHERE `guid` = 317153;
INSERT INTO `creature_addon` (`guid`, `path_id`, `mount`, `bytes1`, `bytes2`, `emote`, `auras`) VALUES (317153, '317153', '0', '0', '1', '0', '0');

DELETE FROM `waypoint_data` WHERE `id` = 317153;
INSERT INTO `waypoint_data` (`id`, `point`, `position_x`, `position_y`, `position_z`, `orientation`, `delay`, `move_flag`, `action`, `action_chance`, `inverse_formation_angle`, `wpguid`) VALUES
(317153, '1', '1161.18', '1023.37', '268.491', '0', '0', '0', '0', '100', '0', '0'),
(317153, '2', '1160.91', '1024.34', '268.491', '0', '0', '0', '0', '100', '0', '0'),
(317153, '3', '1160.47', '1026.55', '268.066', '0', '0', '0', '0', '100', '0', '0'),
(317153, '4', '1159.76', '1030.17', '267.725', '0', '0', '0', '0', '100', '0', '0'),
(317153, '5', '1159.46', '1031.7', '267.527', '0', '0', '0', '0', '100', '0', '0'),
(317153, '6', '1157.94', '1039.49', '266.763', '0', '0', '0', '0', '100', '0', '0'),
(317153, '7', '1157.37', '1042.43', '266.064', '0', '0', '0', '0', '100', '0', '0'),
(317153, '8', '1156.09', '1048.97', '265.305', '0', '0', '0', '0', '100', '0', '0'),
(317153, '9', '1154.47', '1057.26', '264.832', '0', '0', '0', '0', '100', '0', '0'),
(317153, '10', '1154.34', '1057.92', '264.876', '0', '0', '0', '0', '100', '0', '0'),
(317153, '11', '1154.34', '1057.92', '264.876', '0', '0', '0', '0', '100', '0', '0');


INSERT INTO `creature` (`guid`, `id`, `map`, `zone`, `area`, `spawnMask`, `phaseMask`, `modelid`, `equipment_id`, `position_x`, `position_y`, `position_z`, `orientation`, `spawntimesecs`, `spawndist`, `currentwaypoint`, `curhealth`, `curmana`, `MovementType`, `npcflag`, `unit_flags`, `dynamicflags`) VALUES (317154, '42845', '725', '0', '0', '3', '1', '33863', '0', '1157.68', '1031.05', '267.204', '1.7237', '7200', '0', '0', '5000', '0', '2', '0', '0', '0');
DELETE FROM `creature_addon` WHERE `guid` = 317154;
INSERT INTO `creature_addon` (`guid`, `path_id`, `mount`, `bytes1`, `bytes2`, `emote`, `auras`) VALUES (317154, '317154', '0', '0', '1', '0', '0');

DELETE FROM `waypoint_data` WHERE `id` = 317154;
INSERT INTO `waypoint_data` (`id`, `point`, `position_x`, `position_y`, `position_z`, `orientation`, `delay`, `move_flag`, `action`, `action_chance`, `inverse_formation_angle`, `wpguid`) VALUES
(317154, '1', '1158.73', '1025.66', '267.955', '0', '0', '0', '0', '100', '0', '0'),
(317154, '2', '1158.37', '1026.59', '267.955', '0', '0', '0', '0', '100', '0', '0'),
(317154, '3', '1157.85', '1029.98', '267.312', '0', '0', '0', '0', '100', '0', '0'),
(317154, '4', '1157.66', '1031.2', '267.189', '0', '0', '0', '0', '100', '0', '0'),
(317154, '5', '1156.19', '1040.71', '266.335', '0', '0', '0', '0', '100', '0', '0'),
(317154, '6', '1155.9', '1042.58', '265.899', '0', '0', '0', '0', '100', '0', '0'),
(317154, '7', '1155.2', '1047.14', '265.397', '0', '0', '0', '0', '100', '0', '0'),
(317154, '8', '1153.72', '1056.73', '264.842', '0', '0', '0', '0', '100', '0', '0'),
(317154, '9', '1153.04', '1061.2', '264.956', '0', '0', '0', '0', '100', '0', '0'),
(317154, '10', '1152.83', '1062.53', '265.052', '0', '0', '0', '0', '100', '0', '0'),
(317154, '11', '1152.83', '1062.53', '265.052', '0', '0', '0', '0', '100', '0', '0');


INSERT INTO `creature` (`guid`, `id`, `map`, `zone`, `area`, `spawnMask`, `phaseMask`, `modelid`, `equipment_id`, `position_x`, `position_y`, `position_z`, `orientation`, `spawntimesecs`, `spawndist`, `currentwaypoint`, `curhealth`, `curmana`, `MovementType`, `npcflag`, `unit_flags`, `dynamicflags`) VALUES (317155, '42845', '725', '0', '0', '3', '1', '33863', '0', '1159.28', '1031.8', '267.484', '1.69952', '7200', '0', '0', '5000', '0', '2', '0', '0', '0');
DELETE FROM `creature_addon` WHERE `guid` = 317155;
INSERT INTO `creature_addon` (`guid`, `path_id`, `mount`, `bytes1`, `bytes2`, `emote`, `auras`) VALUES (317155, '317155', '0', '0', '1', '0', '0');

DELETE FROM `waypoint_data` WHERE `id` = 317155;
INSERT INTO `waypoint_data` (`id`, `point`, `position_x`, `position_y`, `position_z`, `orientation`, `delay`, `move_flag`, `action`, `action_chance`, `inverse_formation_angle`, `wpguid`) VALUES
(317155, '1', '1160.18', '1026.06', '267.953', '0', '0', '0', '0', '100', '0', '0'),
(317155, '2', '1159.9', '1027.02', '267.953', '0', '0', '0', '0', '100', '0', '0'),
(317155, '3', '1159.48', '1030.26', '267.656', '0', '0', '0', '0', '100', '0', '0'),
(317155, '4', '1159.3', '1031.66', '267.496', '0', '0', '0', '0', '100', '0', '0'),
(317155, '5', '1158.32', '1039.23', '266.855', '0', '0', '0', '0', '100', '0', '0'),
(317155, '6', '1157.91', '1042.38', '266.125', '0', '0', '0', '0', '100', '0', '0'),
(317155, '7', '1157', '1049.4', '265.354', '0', '0', '0', '0', '100', '0', '0'),
(317155, '8', '1156.64', '1052.23', '265.154', '0', '0', '0', '0', '100', '0', '0'),
(317155, '9', '1155.85', '1058.27', '264.815', '0', '0', '0', '0', '100', '0', '0'),
(317155, '10', '1155.14', '1063.8', '265.295', '0', '0', '0', '0', '100', '0', '0'),
(317155, '11', '1155.14', '1063.8', '265.295', '0', '0', '0', '0', '100', '0', '0');


INSERT INTO `creature` (`guid`, `id`, `map`, `zone`, `area`, `spawnMask`, `phaseMask`, `modelid`, `equipment_id`, `position_x`, `position_y`, `position_z`, `orientation`, `spawntimesecs`, `spawndist`, `currentwaypoint`, `curhealth`, `curmana`, `MovementType`, `npcflag`, `unit_flags`, `dynamicflags`) VALUES (317156, '42845', '725', '0', '0', '3', '1', '33863', '0', '1157.54', '1028.62', '267.544', '1.73642', '7200', '0', '0', '5000', '0', '2', '0', '0', '0');
DELETE FROM `creature_addon` WHERE `guid` = 317156;
INSERT INTO `creature_addon` (`guid`, `path_id`, `mount`, `bytes1`, `bytes2`, `emote`, `auras`) VALUES (317156, '317156', '0', '0', '1', '0', '0');

DELETE FROM `waypoint_data` WHERE `id` = 317156;
INSERT INTO `waypoint_data` (`id`, `point`, `position_x`, `position_y`, `position_z`, `orientation`, `delay`, `move_flag`, `action`, `action_chance`, `inverse_formation_angle`, `wpguid`) VALUES
(317156, '1', '1158.48', '1024.05', '268.234', '0', '0', '0', '0', '100', '0', '0'),
(317156, '2', '1158.15', '1025', '268.234', '0', '0', '0', '0', '100', '0', '0'),
(317156, '3', '1157.17', '1030.86', '267.118', '0', '0', '0', '0', '100', '0', '0'),
(317156, '4', '1155.43', '1041.24', '266.149', '0', '0', '0', '0', '100', '0', '0'),
(317156, '5', '1155.2', '1042.65', '265.819', '0', '0', '0', '0', '100', '0', '0'),
(317156, '6', '1154.64', '1045.99', '265.455', '0', '0', '0', '0', '100', '0', '0'),
(317156, '7', '1152.94', '1056.16', '264.851', '0', '0', '0', '0', '100', '0', '0'),
(317156, '8', '1152.88', '1056.5', '264.869', '0', '0', '0', '0', '100', '0', '0'),
(317156, '9', '1152.88', '1056.5', '264.869', '0', '0', '0', '0', '100', '0', '0');


INSERT INTO `creature` (`guid`, `id`, `map`, `zone`, `area`, `spawnMask`, `phaseMask`, `modelid`, `equipment_id`, `position_x`, `position_y`, `position_z`, `orientation`, `spawntimesecs`, `spawndist`, `currentwaypoint`, `curhealth`, `curmana`, `MovementType`, `npcflag`, `unit_flags`, `dynamicflags`) VALUES (317157, '42845', '725', '0', '0', '3', '1', '33863', '0', '1156.1', '1033.15', '266.784', '1.68211', '7200', '0', '0', '5000', '0', '2', '0', '0', '0');
DELETE FROM `creature_addon` WHERE `guid` = 317157;
INSERT INTO `creature_addon` (`guid`, `path_id`, `mount`, `bytes1`, `bytes2`, `emote`, `auras`) VALUES (317157, '317157', '0', '0', '1', '0', '0');

DELETE FROM `waypoint_data` WHERE `id` = 317157;
INSERT INTO `waypoint_data` (`id`, `point`, `position_x`, `position_y`, `position_z`, `orientation`, `delay`, `move_flag`, `action`, `action_chance`, `inverse_formation_angle`, `wpguid`) VALUES
(317157, '1', '1156.91', '1027.56', '267.468', '0', '0', '0', '0', '100', '0', '0'),
(317157, '2', '1156.62', '1028.51', '267.468', '0', '0', '0', '0', '100', '0', '0'),
(317157, '3', '1156.43', '1030.22', '267.164', '0', '0', '0', '0', '100', '0', '0'),
(317157, '4', '1155.97', '1034.25', '266.642', '0', '0', '0', '0', '100', '0', '0'),
(317157, '5', '1155.17', '1041.43', '266.086', '0', '0', '0', '0', '100', '0', '0'),
(317157, '6', '1155.03', '1042.67', '265.801', '0', '0', '0', '0', '100', '0', '0'),
(317157, '7', '1154.66', '1046.02', '265.453', '0', '0', '0', '0', '100', '0', '0'),
(317157, '8', '1153.48', '1056.55', '264.845', '0', '0', '0', '0', '100', '0', '0'),
(317157, '9', '1152.96', '1061.26', '264.958', '0', '0', '0', '0', '100', '0', '0'),
(317157, '10', '1152.69', '1063.64', '265.164', '0', '0', '0', '0', '100', '0', '0'),
(317157, '11', '1152.44', '1065.89', '265.439', '0', '0', '0', '0', '100', '0', '0'),
(317157, '12', '1152.23', '1067.71', '265.512', '0', '0', '0', '0', '100', '0', '0'),
(317157, '13', '1152.23', '1067.71', '265.512', '0', '0', '0', '0', '100', '0', '0');


INSERT INTO `creature` (`guid`, `id`, `map`, `zone`, `area`, `spawnMask`, `phaseMask`, `modelid`, `equipment_id`, `position_x`, `position_y`, `position_z`, `orientation`, `spawntimesecs`, `spawndist`, `currentwaypoint`, `curhealth`, `curmana`, `MovementType`, `npcflag`, `unit_flags`, `dynamicflags`) VALUES (317158, '43159', '725', '0', '0', '3', '1', '11686', '0', '1214.65', '1113.8', '320.713', '0', '7200', '0', '0', '5971', '0', '0', '0', '0', '0');
DELETE FROM `creature_addon` WHERE `guid` = 317158;
INSERT INTO `creature_addon` (`guid`, `path_id`, `mount`, `bytes1`, `bytes2`, `emote`, `auras`) VALUES (317158, '0', '0', '50331648', '1', '0', '0');

INSERT INTO `creature` (`guid`, `id`, `map`, `zone`, `area`, `spawnMask`, `phaseMask`, `modelid`, `equipment_id`, `position_x`, `position_y`, `position_z`, `orientation`, `spawntimesecs`, `spawndist`, `currentwaypoint`, `curhealth`, `curmana`, `MovementType`, `npcflag`, `unit_flags`, `dynamicflags`) VALUES (317159, '43159', '725', '0', '0', '3', '1', '11686', '0', '1215.05', '1113.02', '320.936', '0', '7200', '0', '0', '5971', '0', '0', '0', '0', '0');
DELETE FROM `creature_addon` WHERE `guid` = 317159;
INSERT INTO `creature_addon` (`guid`, `path_id`, `mount`, `bytes1`, `bytes2`, `emote`, `auras`) VALUES (317159, '0', '0', '50331648', '1', '0', '0');

INSERT INTO `creature` (`guid`, `id`, `map`, `zone`, `area`, `spawnMask`, `phaseMask`, `modelid`, `equipment_id`, `position_x`, `position_y`, `position_z`, `orientation`, `spawntimesecs`, `spawndist`, `currentwaypoint`, `curhealth`, `curmana`, `MovementType`, `npcflag`, `unit_flags`, `dynamicflags`) VALUES (317160, '42845', '725', '0', '0', '3', '1', '33863', '0', '1165.67', '1053.86', '265.108', '1.53828', '7200', '0', '0', '5000', '0', '0', '0', '0', '0');
DELETE FROM `creature_addon` WHERE `guid` = 317160;
INSERT INTO `creature_addon` (`guid`, `path_id`, `mount`, `bytes1`, `bytes2`, `emote`, `auras`) VALUES (317160, '0', '0', '0', '1', '0', '0');

INSERT INTO `creature` (`guid`, `id`, `map`, `zone`, `area`, `spawnMask`, `phaseMask`, `modelid`, `equipment_id`, `position_x`, `position_y`, `position_z`, `orientation`, `spawntimesecs`, `spawndist`, `currentwaypoint`, `curhealth`, `curmana`, `MovementType`, `npcflag`, `unit_flags`, `dynamicflags`) VALUES (317161, '43159', '725', '0', '0', '3', '1', '11686', '0', '1206.02', '1130.33', '317.105', '0', '7200', '0', '0', '5971', '0', '0', '0', '0', '0');
DELETE FROM `creature_addon` WHERE `guid` = 317161;
INSERT INTO `creature_addon` (`guid`, `path_id`, `mount`, `bytes1`, `bytes2`, `emote`, `auras`) VALUES (317161, '0', '0', '50331648', '1', '0', '0');

INSERT INTO `creature` (`guid`, `id`, `map`, `zone`, `area`, `spawnMask`, `phaseMask`, `modelid`, `equipment_id`, `position_x`, `position_y`, `position_z`, `orientation`, `spawntimesecs`, `spawndist`, `currentwaypoint`, `curhealth`, `curmana`, `MovementType`, `npcflag`, `unit_flags`, `dynamicflags`) VALUES (317162, '43159', '725', '0', '0', '3', '1', '11686', '0', '1206.71', '1128.75', '317.28', '0', '7200', '0', '0', '5971', '0', '0', '0', '0', '0');
DELETE FROM `creature_addon` WHERE `guid` = 317162;
INSERT INTO `creature_addon` (`guid`, `path_id`, `mount`, `bytes1`, `bytes2`, `emote`, `auras`) VALUES (317162, '0', '0', '50331648', '1', '0', '0');

INSERT INTO `creature` (`guid`, `id`, `map`, `zone`, `area`, `spawnMask`, `phaseMask`, `modelid`, `equipment_id`, `position_x`, `position_y`, `position_z`, `orientation`, `spawntimesecs`, `spawndist`, `currentwaypoint`, `curhealth`, `curmana`, `MovementType`, `npcflag`, `unit_flags`, `dynamicflags`) VALUES (317163, '43159', '725', '0', '0', '3', '1', '11686', '0', '1193.13', '1112.3', '319.255', '0', '7200', '0', '0', '5971', '0', '0', '0', '0', '0');
DELETE FROM `creature_addon` WHERE `guid` = 317163;
INSERT INTO `creature_addon` (`guid`, `path_id`, `mount`, `bytes1`, `bytes2`, `emote`, `auras`) VALUES (317163, '0', '0', '50331648', '1', '0', '0');

INSERT INTO `creature` (`guid`, `id`, `map`, `zone`, `area`, `spawnMask`, `phaseMask`, `modelid`, `equipment_id`, `position_x`, `position_y`, `position_z`, `orientation`, `spawntimesecs`, `spawndist`, `currentwaypoint`, `curhealth`, `curmana`, `MovementType`, `npcflag`, `unit_flags`, `dynamicflags`) VALUES (317164, '43159', '725', '0', '0', '3', '1', '11686', '0', '1210.79', '1127.35', '317.327', '0', '7200', '0', '0', '5971', '0', '0', '0', '0', '0');
DELETE FROM `creature_addon` WHERE `guid` = 317164;
INSERT INTO `creature_addon` (`guid`, `path_id`, `mount`, `bytes1`, `bytes2`, `emote`, `auras`) VALUES (317164, '0', '0', '50331648', '1', '0', '0');

INSERT INTO `creature` (`guid`, `id`, `map`, `zone`, `area`, `spawnMask`, `phaseMask`, `modelid`, `equipment_id`, `position_x`, `position_y`, `position_z`, `orientation`, `spawntimesecs`, `spawndist`, `currentwaypoint`, `curhealth`, `curmana`, `MovementType`, `npcflag`, `unit_flags`, `dynamicflags`) VALUES (317165, '43159', '725', '0', '0', '3', '1', '11686', '0', '1182.84', '1119.57', '317.06', '0', '7200', '0', '0', '5971', '0', '0', '0', '0', '0');
DELETE FROM `creature_addon` WHERE `guid` = 317165;
INSERT INTO `creature_addon` (`guid`, `path_id`, `mount`, `bytes1`, `bytes2`, `emote`, `auras`) VALUES (317165, '0', '0', '50331648', '1', '0', '0');

INSERT INTO `creature` (`guid`, `id`, `map`, `zone`, `area`, `spawnMask`, `phaseMask`, `modelid`, `equipment_id`, `position_x`, `position_y`, `position_z`, `orientation`, `spawntimesecs`, `spawndist`, `currentwaypoint`, `curhealth`, `curmana`, `MovementType`, `npcflag`, `unit_flags`, `dynamicflags`) VALUES (317166, '43159', '725', '0', '0', '3', '1', '11686', '0', '1205.9', '1128.16', '317.389', '0', '7200', '0', '0', '5971', '0', '0', '0', '0', '0');
DELETE FROM `creature_addon` WHERE `guid` = 317166;
INSERT INTO `creature_addon` (`guid`, `path_id`, `mount`, `bytes1`, `bytes2`, `emote`, `auras`) VALUES (317166, '0', '0', '50331648', '1', '0', '0');

INSERT INTO `creature` (`guid`, `id`, `map`, `zone`, `area`, `spawnMask`, `phaseMask`, `modelid`, `equipment_id`, `position_x`, `position_y`, `position_z`, `orientation`, `spawntimesecs`, `spawndist`, `currentwaypoint`, `curhealth`, `curmana`, `MovementType`, `npcflag`, `unit_flags`, `dynamicflags`) VALUES (317167, '43159', '725', '0', '0', '3', '1', '11686', '0', '1219.74', '1148.41', '312.65', '0', '7200', '0', '0', '5971', '0', '0', '0', '0', '0');
DELETE FROM `creature_addon` WHERE `guid` = 317167;
INSERT INTO `creature_addon` (`guid`, `path_id`, `mount`, `bytes1`, `bytes2`, `emote`, `auras`) VALUES (317167, '0', '0', '50331648', '1', '0', '0');

INSERT INTO `creature` (`guid`, `id`, `map`, `zone`, `area`, `spawnMask`, `phaseMask`, `modelid`, `equipment_id`, `position_x`, `position_y`, `position_z`, `orientation`, `spawntimesecs`, `spawndist`, `currentwaypoint`, `curhealth`, `curmana`, `MovementType`, `npcflag`, `unit_flags`, `dynamicflags`) VALUES (317168, '43159', '725', '0', '0', '3', '1', '11686', '0', '1217.99', '1158.36', '310.535', '0', '7200', '0', '0', '5971', '0', '0', '0', '0', '0');
DELETE FROM `creature_addon` WHERE `guid` = 317168;
INSERT INTO `creature_addon` (`guid`, `path_id`, `mount`, `bytes1`, `bytes2`, `emote`, `auras`) VALUES (317168, '0', '0', '50331648', '1', '0', '0');

INSERT INTO `creature` (`guid`, `id`, `map`, `zone`, `area`, `spawnMask`, `phaseMask`, `modelid`, `equipment_id`, `position_x`, `position_y`, `position_z`, `orientation`, `spawntimesecs`, `spawndist`, `currentwaypoint`, `curhealth`, `curmana`, `MovementType`, `npcflag`, `unit_flags`, `dynamicflags`) VALUES (317169, '43159', '725', '0', '0', '3', '1', '11686', '0', '1229.13', '1174.18', '307.758', '0', '7200', '0', '0', '5971', '0', '0', '0', '0', '0');
DELETE FROM `creature_addon` WHERE `guid` = 317169;
INSERT INTO `creature_addon` (`guid`, `path_id`, `mount`, `bytes1`, `bytes2`, `emote`, `auras`) VALUES (317169, '0', '0', '50331648', '1', '0', '0');

INSERT INTO `creature` (`guid`, `id`, `map`, `zone`, `area`, `spawnMask`, `phaseMask`, `modelid`, `equipment_id`, `position_x`, `position_y`, `position_z`, `orientation`, `spawntimesecs`, `spawndist`, `currentwaypoint`, `curhealth`, `curmana`, `MovementType`, `npcflag`, `unit_flags`, `dynamicflags`) VALUES (317170, '43159', '725', '0', '0', '3', '1', '11686', '0', '1213.6', '1168.06', '308.494', '0', '7200', '0', '0', '5971', '0', '0', '0', '0', '0');
DELETE FROM `creature_addon` WHERE `guid` = 317170;
INSERT INTO `creature_addon` (`guid`, `path_id`, `mount`, `bytes1`, `bytes2`, `emote`, `auras`) VALUES (317170, '0', '0', '50331648', '1', '0', '0');

INSERT INTO `creature` (`guid`, `id`, `map`, `zone`, `area`, `spawnMask`, `phaseMask`, `modelid`, `equipment_id`, `position_x`, `position_y`, `position_z`, `orientation`, `spawntimesecs`, `spawndist`, `currentwaypoint`, `curhealth`, `curmana`, `MovementType`, `npcflag`, `unit_flags`, `dynamicflags`) VALUES (317171, '43159', '725', '0', '0', '3', '1', '11686', '0', '1192.11', '1119.33', '318.136', '0', '7200', '0', '0', '5971', '0', '0', '0', '0', '0');
DELETE FROM `creature_addon` WHERE `guid` = 317171;
INSERT INTO `creature_addon` (`guid`, `path_id`, `mount`, `bytes1`, `bytes2`, `emote`, `auras`) VALUES (317171, '0', '0', '50331648', '1', '0', '0');

INSERT INTO `creature` (`guid`, `id`, `map`, `zone`, `area`, `spawnMask`, `phaseMask`, `modelid`, `equipment_id`, `position_x`, `position_y`, `position_z`, `orientation`, `spawntimesecs`, `spawndist`, `currentwaypoint`, `curhealth`, `curmana`, `MovementType`, `npcflag`, `unit_flags`, `dynamicflags`) VALUES (317172, '43159', '725', '0', '0', '3', '1', '11686', '0', '1195.27', '1098.79', '320.244', '0', '7200', '0', '0', '5971', '0', '0', '0', '0', '0');
DELETE FROM `creature_addon` WHERE `guid` = 317172;
INSERT INTO `creature_addon` (`guid`, `path_id`, `mount`, `bytes1`, `bytes2`, `emote`, `auras`) VALUES (317172, '0', '0', '50331648', '1', '0', '0');

INSERT INTO `creature` (`guid`, `id`, `map`, `zone`, `area`, `spawnMask`, `phaseMask`, `modelid`, `equipment_id`, `position_x`, `position_y`, `position_z`, `orientation`, `spawntimesecs`, `spawndist`, `currentwaypoint`, `curhealth`, `curmana`, `MovementType`, `npcflag`, `unit_flags`, `dynamicflags`) VALUES (317173, '43159', '725', '0', '0', '3', '1', '11686', '0', '1191.76', '1103.42', '319.402', '0', '7200', '0', '0', '5971', '0', '0', '0', '0', '0');
DELETE FROM `creature_addon` WHERE `guid` = 317173;
INSERT INTO `creature_addon` (`guid`, `path_id`, `mount`, `bytes1`, `bytes2`, `emote`, `auras`) VALUES (317173, '0', '0', '50331648', '1', '0', '0');

INSERT INTO `creature` (`guid`, `id`, `map`, `zone`, `area`, `spawnMask`, `phaseMask`, `modelid`, `equipment_id`, `position_x`, `position_y`, `position_z`, `orientation`, `spawntimesecs`, `spawndist`, `currentwaypoint`, `curhealth`, `curmana`, `MovementType`, `npcflag`, `unit_flags`, `dynamicflags`) VALUES (317174, '43159', '725', '0', '0', '3', '1', '11686', '0', '1191.77', '1117.3', '318.532', '0', '7200', '0', '0', '5971', '0', '0', '0', '0', '0');
DELETE FROM `creature_addon` WHERE `guid` = 317174;
INSERT INTO `creature_addon` (`guid`, `path_id`, `mount`, `bytes1`, `bytes2`, `emote`, `auras`) VALUES (317174, '0', '0', '50331648', '1', '0', '0');

INSERT INTO `creature` (`guid`, `id`, `map`, `zone`, `area`, `spawnMask`, `phaseMask`, `modelid`, `equipment_id`, `position_x`, `position_y`, `position_z`, `orientation`, `spawntimesecs`, `spawndist`, `currentwaypoint`, `curhealth`, `curmana`, `MovementType`, `npcflag`, `unit_flags`, `dynamicflags`) VALUES (317175, '43159', '725', '0', '0', '3', '1', '11686', '0', '1193.38', '1127.43', '316.361', '0', '7200', '0', '0', '5971', '0', '0', '0', '0', '0');
DELETE FROM `creature_addon` WHERE `guid` = 317175;
INSERT INTO `creature_addon` (`guid`, `path_id`, `mount`, `bytes1`, `bytes2`, `emote`, `auras`) VALUES (317175, '0', '0', '50331648', '1', '0', '0');

INSERT INTO `creature` (`guid`, `id`, `map`, `zone`, `area`, `spawnMask`, `phaseMask`, `modelid`, `equipment_id`, `position_x`, `position_y`, `position_z`, `orientation`, `spawntimesecs`, `spawndist`, `currentwaypoint`, `curhealth`, `curmana`, `MovementType`, `npcflag`, `unit_flags`, `dynamicflags`) VALUES (317176, '43159', '725', '0', '0', '3', '1', '11686', '0', '1221.31', '1136.1', '316.105', '0', '7200', '0', '0', '5971', '0', '0', '0', '0', '0');
DELETE FROM `creature_addon` WHERE `guid` = 317176;
INSERT INTO `creature_addon` (`guid`, `path_id`, `mount`, `bytes1`, `bytes2`, `emote`, `auras`) VALUES (317176, '0', '0', '50331648', '1', '0', '0');

INSERT INTO `creature` (`guid`, `id`, `map`, `zone`, `area`, `spawnMask`, `phaseMask`, `modelid`, `equipment_id`, `position_x`, `position_y`, `position_z`, `orientation`, `spawntimesecs`, `spawndist`, `currentwaypoint`, `curhealth`, `curmana`, `MovementType`, `npcflag`, `unit_flags`, `dynamicflags`) VALUES (317177, '43159', '725', '0', '0', '3', '1', '11686', '0', '1184.13', '1130.44', '317.149', '0', '7200', '0', '0', '5971', '0', '0', '0', '0', '0');
DELETE FROM `creature_addon` WHERE `guid` = 317177;
INSERT INTO `creature_addon` (`guid`, `path_id`, `mount`, `bytes1`, `bytes2`, `emote`, `auras`) VALUES (317177, '0', '0', '50331648', '1', '0', '0');

INSERT INTO `creature` (`guid`, `id`, `map`, `zone`, `area`, `spawnMask`, `phaseMask`, `modelid`, `equipment_id`, `position_x`, `position_y`, `position_z`, `orientation`, `spawntimesecs`, `spawndist`, `currentwaypoint`, `curhealth`, `curmana`, `MovementType`, `npcflag`, `unit_flags`, `dynamicflags`) VALUES (317178, '43159', '725', '0', '0', '3', '1', '11686', '0', '1225.89', '1150.86', '314.416', '0', '7200', '0', '0', '5971', '0', '0', '0', '0', '0');
DELETE FROM `creature_addon` WHERE `guid` = 317178;
INSERT INTO `creature_addon` (`guid`, `path_id`, `mount`, `bytes1`, `bytes2`, `emote`, `auras`) VALUES (317178, '0', '0', '50331648', '1', '0', '0');

INSERT INTO `creature` (`guid`, `id`, `map`, `zone`, `area`, `spawnMask`, `phaseMask`, `modelid`, `equipment_id`, `position_x`, `position_y`, `position_z`, `orientation`, `spawntimesecs`, `spawndist`, `currentwaypoint`, `curhealth`, `curmana`, `MovementType`, `npcflag`, `unit_flags`, `dynamicflags`) VALUES (317179, '43159', '725', '0', '0', '3', '1', '11686', '0', '1212.17', '1113.92', '320.367', '0', '7200', '0', '0', '5971', '0', '0', '0', '0', '0');
DELETE FROM `creature_addon` WHERE `guid` = 317179;
INSERT INTO `creature_addon` (`guid`, `path_id`, `mount`, `bytes1`, `bytes2`, `emote`, `auras`) VALUES (317179, '0', '0', '50331648', '1', '0', '0');

INSERT INTO `creature` (`guid`, `id`, `map`, `zone`, `area`, `spawnMask`, `phaseMask`, `modelid`, `equipment_id`, `position_x`, `position_y`, `position_z`, `orientation`, `spawntimesecs`, `spawndist`, `currentwaypoint`, `curhealth`, `curmana`, `MovementType`, `npcflag`, `unit_flags`, `dynamicflags`) VALUES (317180, '43159', '725', '0', '0', '3', '1', '11686', '0', '1210.34', '1153.64', '310.631', '0', '7200', '0', '0', '5971', '0', '0', '0', '0', '0');
DELETE FROM `creature_addon` WHERE `guid` = 317180;
INSERT INTO `creature_addon` (`guid`, `path_id`, `mount`, `bytes1`, `bytes2`, `emote`, `auras`) VALUES (317180, '0', '0', '50331648', '1', '0', '0');

INSERT INTO `creature` (`guid`, `id`, `map`, `zone`, `area`, `spawnMask`, `phaseMask`, `modelid`, `equipment_id`, `position_x`, `position_y`, `position_z`, `orientation`, `spawntimesecs`, `spawndist`, `currentwaypoint`, `curhealth`, `curmana`, `MovementType`, `npcflag`, `unit_flags`, `dynamicflags`) VALUES (317181, '43159', '725', '0', '0', '3', '1', '11686', '0', '1214.5', '1125.03', '317.954', '0', '7200', '0', '0', '5971', '0', '0', '0', '0', '0');
DELETE FROM `creature_addon` WHERE `guid` = 317181;
INSERT INTO `creature_addon` (`guid`, `path_id`, `mount`, `bytes1`, `bytes2`, `emote`, `auras`) VALUES (317181, '0', '0', '50331648', '1', '0', '0');

INSERT INTO `creature` (`guid`, `id`, `map`, `zone`, `area`, `spawnMask`, `phaseMask`, `modelid`, `equipment_id`, `position_x`, `position_y`, `position_z`, `orientation`, `spawntimesecs`, `spawndist`, `currentwaypoint`, `curhealth`, `curmana`, `MovementType`, `npcflag`, `unit_flags`, `dynamicflags`) VALUES (317182, '43159', '725', '0', '0', '3', '1', '11686', '0', '1220.1', '1125.65', '318.071', '0', '7200', '0', '0', '5971', '0', '0', '0', '0', '0');
DELETE FROM `creature_addon` WHERE `guid` = 317182;
INSERT INTO `creature_addon` (`guid`, `path_id`, `mount`, `bytes1`, `bytes2`, `emote`, `auras`) VALUES (317182, '0', '0', '50331648', '1', '0', '0');

INSERT INTO `creature` (`guid`, `id`, `map`, `zone`, `area`, `spawnMask`, `phaseMask`, `modelid`, `equipment_id`, `position_x`, `position_y`, `position_z`, `orientation`, `spawntimesecs`, `spawndist`, `currentwaypoint`, `curhealth`, `curmana`, `MovementType`, `npcflag`, `unit_flags`, `dynamicflags`) VALUES (317183, '43159', '725', '0', '0', '3', '1', '11686', '0', '1224.66', '1176.74', '307.402', '0', '7200', '0', '0', '5971', '0', '0', '0', '0', '0');
DELETE FROM `creature_addon` WHERE `guid` = 317183;
INSERT INTO `creature_addon` (`guid`, `path_id`, `mount`, `bytes1`, `bytes2`, `emote`, `auras`) VALUES (317183, '0', '0', '50331648', '1', '0', '0');

INSERT INTO `creature` (`guid`, `id`, `map`, `zone`, `area`, `spawnMask`, `phaseMask`, `modelid`, `equipment_id`, `position_x`, `position_y`, `position_z`, `orientation`, `spawntimesecs`, `spawndist`, `currentwaypoint`, `curhealth`, `curmana`, `MovementType`, `npcflag`, `unit_flags`, `dynamicflags`) VALUES (317184, '43159', '725', '0', '0', '3', '1', '11686', '0', '1218.44', '1121.4', '319.262', '0', '7200', '0', '0', '5971', '0', '0', '0', '0', '0');
DELETE FROM `creature_addon` WHERE `guid` = 317184;
INSERT INTO `creature_addon` (`guid`, `path_id`, `mount`, `bytes1`, `bytes2`, `emote`, `auras`) VALUES (317184, '0', '0', '50331648', '1', '0', '0');

INSERT INTO `creature` (`guid`, `id`, `map`, `zone`, `area`, `spawnMask`, `phaseMask`, `modelid`, `equipment_id`, `position_x`, `position_y`, `position_z`, `orientation`, `spawntimesecs`, `spawndist`, `currentwaypoint`, `curhealth`, `curmana`, `MovementType`, `npcflag`, `unit_flags`, `dynamicflags`) VALUES (317185, '43159', '725', '0', '0', '3', '1', '11686', '0', '1215.51', '1183.04', '306.497', '0', '7200', '0', '0', '5971', '0', '0', '0', '0', '0');
DELETE FROM `creature_addon` WHERE `guid` = 317185;
INSERT INTO `creature_addon` (`guid`, `path_id`, `mount`, `bytes1`, `bytes2`, `emote`, `auras`) VALUES (317185, '0', '0', '50331648', '1', '0', '0');

INSERT INTO `creature` (`guid`, `id`, `map`, `zone`, `area`, `spawnMask`, `phaseMask`, `modelid`, `equipment_id`, `position_x`, `position_y`, `position_z`, `orientation`, `spawntimesecs`, `spawndist`, `currentwaypoint`, `curhealth`, `curmana`, `MovementType`, `npcflag`, `unit_flags`, `dynamicflags`) VALUES (317186, '43159', '725', '0', '0', '3', '1', '11686', '0', '1202.1', '1120.98', '318.366', '0', '7200', '0', '0', '5971', '0', '0', '0', '0', '0');
DELETE FROM `creature_addon` WHERE `guid` = 317186;
INSERT INTO `creature_addon` (`guid`, `path_id`, `mount`, `bytes1`, `bytes2`, `emote`, `auras`) VALUES (317186, '0', '0', '50331648', '1', '0', '0');

INSERT INTO `creature` (`guid`, `id`, `map`, `zone`, `area`, `spawnMask`, `phaseMask`, `modelid`, `equipment_id`, `position_x`, `position_y`, `position_z`, `orientation`, `spawntimesecs`, `spawndist`, `currentwaypoint`, `curhealth`, `curmana`, `MovementType`, `npcflag`, `unit_flags`, `dynamicflags`) VALUES (317187, '43159', '725', '0', '0', '3', '1', '11686', '0', '1210.36', '1161.58', '309.332', '0', '7200', '0', '0', '5971', '0', '0', '0', '0', '0');
DELETE FROM `creature_addon` WHERE `guid` = 317187;
INSERT INTO `creature_addon` (`guid`, `path_id`, `mount`, `bytes1`, `bytes2`, `emote`, `auras`) VALUES (317187, '0', '0', '50331648', '1', '0', '0');

INSERT INTO `creature` (`guid`, `id`, `map`, `zone`, `area`, `spawnMask`, `phaseMask`, `modelid`, `equipment_id`, `position_x`, `position_y`, `position_z`, `orientation`, `spawntimesecs`, `spawndist`, `currentwaypoint`, `curhealth`, `curmana`, `MovementType`, `npcflag`, `unit_flags`, `dynamicflags`) VALUES (317188, '43159', '725', '0', '0', '3', '1', '11686', '0', '1181.19', '1113.64', '317.667', '0', '7200', '0', '0', '5971', '0', '0', '0', '0', '0');
DELETE FROM `creature_addon` WHERE `guid` = 317188;
INSERT INTO `creature_addon` (`guid`, `path_id`, `mount`, `bytes1`, `bytes2`, `emote`, `auras`) VALUES (317188, '0', '0', '50331648', '1', '0', '0');

INSERT INTO `creature` (`guid`, `id`, `map`, `zone`, `area`, `spawnMask`, `phaseMask`, `modelid`, `equipment_id`, `position_x`, `position_y`, `position_z`, `orientation`, `spawntimesecs`, `spawndist`, `currentwaypoint`, `curhealth`, `curmana`, `MovementType`, `npcflag`, `unit_flags`, `dynamicflags`) VALUES (317189, '43159', '725', '0', '0', '3', '1', '11686', '0', '1212.33', '1173.93', '307.542', '0', '7200', '0', '0', '5971', '0', '0', '0', '0', '0');
DELETE FROM `creature_addon` WHERE `guid` = 317189;
INSERT INTO `creature_addon` (`guid`, `path_id`, `mount`, `bytes1`, `bytes2`, `emote`, `auras`) VALUES (317189, '0', '0', '50331648', '1', '0', '0');

INSERT INTO `creature` (`guid`, `id`, `map`, `zone`, `area`, `spawnMask`, `phaseMask`, `modelid`, `equipment_id`, `position_x`, `position_y`, `position_z`, `orientation`, `spawntimesecs`, `spawndist`, `currentwaypoint`, `curhealth`, `curmana`, `MovementType`, `npcflag`, `unit_flags`, `dynamicflags`) VALUES (317190, '43159', '725', '0', '0', '3', '1', '11686', '0', '1200.12', '1108.55', '319.928', '0', '7200', '0', '0', '5971', '0', '0', '0', '0', '0');
DELETE FROM `creature_addon` WHERE `guid` = 317190;
INSERT INTO `creature_addon` (`guid`, `path_id`, `mount`, `bytes1`, `bytes2`, `emote`, `auras`) VALUES (317190, '0', '0', '50331648', '1', '0', '0');

INSERT INTO `creature` (`guid`, `id`, `map`, `zone`, `area`, `spawnMask`, `phaseMask`, `modelid`, `equipment_id`, `position_x`, `position_y`, `position_z`, `orientation`, `spawntimesecs`, `spawndist`, `currentwaypoint`, `curhealth`, `curmana`, `MovementType`, `npcflag`, `unit_flags`, `dynamicflags`) VALUES (317191, '43159', '725', '0', '0', '3', '1', '11686', '0', '1216.57', '1166.61', '308.737', '0', '7200', '0', '0', '5971', '0', '0', '0', '0', '0');
DELETE FROM `creature_addon` WHERE `guid` = 317191;
INSERT INTO `creature_addon` (`guid`, `path_id`, `mount`, `bytes1`, `bytes2`, `emote`, `auras`) VALUES (317191, '0', '0', '50331648', '1', '0', '0');

INSERT INTO `creature` (`guid`, `id`, `map`, `zone`, `area`, `spawnMask`, `phaseMask`, `modelid`, `equipment_id`, `position_x`, `position_y`, `position_z`, `orientation`, `spawntimesecs`, `spawndist`, `currentwaypoint`, `curhealth`, `curmana`, `MovementType`, `npcflag`, `unit_flags`, `dynamicflags`) VALUES (317192, '43159', '725', '0', '0', '3', '1', '11686', '0', '1197.95', '1108.48', '319.822', '0', '7200', '0', '0', '5971', '0', '0', '0', '0', '0');
DELETE FROM `creature_addon` WHERE `guid` = 317192;
INSERT INTO `creature_addon` (`guid`, `path_id`, `mount`, `bytes1`, `bytes2`, `emote`, `auras`) VALUES (317192, '0', '0', '50331648', '1', '0', '0');

INSERT INTO `creature` (`guid`, `id`, `map`, `zone`, `area`, `spawnMask`, `phaseMask`, `modelid`, `equipment_id`, `position_x`, `position_y`, `position_z`, `orientation`, `spawntimesecs`, `spawndist`, `currentwaypoint`, `curhealth`, `curmana`, `MovementType`, `npcflag`, `unit_flags`, `dynamicflags`) VALUES (317193, '43159', '725', '0', '0', '3', '1', '11686', '0', '1182.2', '1110.24', '317.657', '0', '7200', '0', '0', '5971', '0', '0', '0', '0', '0');
DELETE FROM `creature_addon` WHERE `guid` = 317193;
INSERT INTO `creature_addon` (`guid`, `path_id`, `mount`, `bytes1`, `bytes2`, `emote`, `auras`) VALUES (317193, '0', '0', '50331648', '1', '0', '0');

INSERT INTO `creature` (`guid`, `id`, `map`, `zone`, `area`, `spawnMask`, `phaseMask`, `modelid`, `equipment_id`, `position_x`, `position_y`, `position_z`, `orientation`, `spawntimesecs`, `spawndist`, `currentwaypoint`, `curhealth`, `curmana`, `MovementType`, `npcflag`, `unit_flags`, `dynamicflags`) VALUES (317194, '43159', '725', '0', '0', '3', '1', '11686', '0', '1211.3', '1129.41', '317.114', '0', '7200', '0', '0', '5971', '0', '0', '0', '0', '0');
DELETE FROM `creature_addon` WHERE `guid` = 317194;
INSERT INTO `creature_addon` (`guid`, `path_id`, `mount`, `bytes1`, `bytes2`, `emote`, `auras`) VALUES (317194, '0', '0', '50331648', '1', '0', '0');

INSERT INTO `creature` (`guid`, `id`, `map`, `zone`, `area`, `spawnMask`, `phaseMask`, `modelid`, `equipment_id`, `position_x`, `position_y`, `position_z`, `orientation`, `spawntimesecs`, `spawndist`, `currentwaypoint`, `curhealth`, `curmana`, `MovementType`, `npcflag`, `unit_flags`, `dynamicflags`) VALUES (317195, '43159', '725', '0', '0', '3', '1', '11686', '0', '1192.65', '1101.66', '319.534', '0', '7200', '0', '0', '5971', '0', '0', '0', '0', '0');
DELETE FROM `creature_addon` WHERE `guid` = 317195;
INSERT INTO `creature_addon` (`guid`, `path_id`, `mount`, `bytes1`, `bytes2`, `emote`, `auras`) VALUES (317195, '0', '0', '50331648', '1', '0', '0');

INSERT INTO `creature` (`guid`, `id`, `map`, `zone`, `area`, `spawnMask`, `phaseMask`, `modelid`, `equipment_id`, `position_x`, `position_y`, `position_z`, `orientation`, `spawntimesecs`, `spawndist`, `currentwaypoint`, `curhealth`, `curmana`, `MovementType`, `npcflag`, `unit_flags`, `dynamicflags`) VALUES (317196, '43159', '725', '0', '0', '3', '1', '11686', '0', '1219.36', '1138.91', '315.275', '0', '7200', '0', '0', '5971', '0', '0', '0', '0', '0');
DELETE FROM `creature_addon` WHERE `guid` = 317196;
INSERT INTO `creature_addon` (`guid`, `path_id`, `mount`, `bytes1`, `bytes2`, `emote`, `auras`) VALUES (317196, '0', '0', '50331648', '1', '0', '0');

INSERT INTO `creature` (`guid`, `id`, `map`, `zone`, `area`, `spawnMask`, `phaseMask`, `modelid`, `equipment_id`, `position_x`, `position_y`, `position_z`, `orientation`, `spawntimesecs`, `spawndist`, `currentwaypoint`, `curhealth`, `curmana`, `MovementType`, `npcflag`, `unit_flags`, `dynamicflags`) VALUES (317197, '43159', '725', '0', '0', '3', '1', '11686', '0', '1196.64', '1116.21', '319.243', '0', '7200', '0', '0', '5971', '0', '0', '0', '0', '0');
DELETE FROM `creature_addon` WHERE `guid` = 317197;
INSERT INTO `creature_addon` (`guid`, `path_id`, `mount`, `bytes1`, `bytes2`, `emote`, `auras`) VALUES (317197, '0', '0', '50331648', '1', '0', '0');

INSERT INTO `creature` (`guid`, `id`, `map`, `zone`, `area`, `spawnMask`, `phaseMask`, `modelid`, `equipment_id`, `position_x`, `position_y`, `position_z`, `orientation`, `spawntimesecs`, `spawndist`, `currentwaypoint`, `curhealth`, `curmana`, `MovementType`, `npcflag`, `unit_flags`, `dynamicflags`) VALUES (317198, '43159', '725', '0', '0', '3', '1', '11686', '0', '1193.97', '1106.54', '319.762', '0', '7200', '0', '0', '5971', '0', '0', '0', '0', '0');
DELETE FROM `creature_addon` WHERE `guid` = 317198;
INSERT INTO `creature_addon` (`guid`, `path_id`, `mount`, `bytes1`, `bytes2`, `emote`, `auras`) VALUES (317198, '0', '0', '50331648', '1', '0', '0');

INSERT INTO `creature` (`guid`, `id`, `map`, `zone`, `area`, `spawnMask`, `phaseMask`, `modelid`, `equipment_id`, `position_x`, `position_y`, `position_z`, `orientation`, `spawntimesecs`, `spawndist`, `currentwaypoint`, `curhealth`, `curmana`, `MovementType`, `npcflag`, `unit_flags`, `dynamicflags`) VALUES (317199, '43159', '725', '0', '0', '3', '1', '11686', '0', '1215.83', '1122.65', '318.734', '0', '7200', '0', '0', '5971', '0', '0', '0', '0', '0');
DELETE FROM `creature_addon` WHERE `guid` = 317199;
INSERT INTO `creature_addon` (`guid`, `path_id`, `mount`, `bytes1`, `bytes2`, `emote`, `auras`) VALUES (317199, '0', '0', '50331648', '1', '0', '0');

INSERT INTO `creature` (`guid`, `id`, `map`, `zone`, `area`, `spawnMask`, `phaseMask`, `modelid`, `equipment_id`, `position_x`, `position_y`, `position_z`, `orientation`, `spawntimesecs`, `spawndist`, `currentwaypoint`, `curhealth`, `curmana`, `MovementType`, `npcflag`, `unit_flags`, `dynamicflags`) VALUES (317200, '43159', '725', '0', '0', '3', '1', '11686', '0', '1207.81', '1118.98', '318.992', '0', '7200', '0', '0', '5971', '0', '0', '0', '0', '0');
DELETE FROM `creature_addon` WHERE `guid` = 317200;
INSERT INTO `creature_addon` (`guid`, `path_id`, `mount`, `bytes1`, `bytes2`, `emote`, `auras`) VALUES (317200, '0', '0', '50331648', '1', '0', '0');

INSERT INTO `creature` (`guid`, `id`, `map`, `zone`, `area`, `spawnMask`, `phaseMask`, `modelid`, `equipment_id`, `position_x`, `position_y`, `position_z`, `orientation`, `spawntimesecs`, `spawndist`, `currentwaypoint`, `curhealth`, `curmana`, `MovementType`, `npcflag`, `unit_flags`, `dynamicflags`) VALUES (317201, '43159', '725', '0', '0', '3', '1', '11686', '0', '1221.51', '1155.65', '311.275', '0', '7200', '0', '0', '5971', '0', '0', '0', '0', '0');
DELETE FROM `creature_addon` WHERE `guid` = 317201;
INSERT INTO `creature_addon` (`guid`, `path_id`, `mount`, `bytes1`, `bytes2`, `emote`, `auras`) VALUES (317201, '0', '0', '50331648', '1', '0', '0');

INSERT INTO `creature` (`guid`, `id`, `map`, `zone`, `area`, `spawnMask`, `phaseMask`, `modelid`, `equipment_id`, `position_x`, `position_y`, `position_z`, `orientation`, `spawntimesecs`, `spawndist`, `currentwaypoint`, `curhealth`, `curmana`, `MovementType`, `npcflag`, `unit_flags`, `dynamicflags`) VALUES (317202, '43159', '725', '0', '0', '3', '1', '11686', '0', '1223.4', '1186.21', '305.673', '0', '7200', '0', '0', '5971', '0', '0', '0', '0', '0');
DELETE FROM `creature_addon` WHERE `guid` = 317202;
INSERT INTO `creature_addon` (`guid`, `path_id`, `mount`, `bytes1`, `bytes2`, `emote`, `auras`) VALUES (317202, '0', '0', '50331648', '1', '0', '0');

INSERT INTO `creature` (`guid`, `id`, `map`, `zone`, `area`, `spawnMask`, `phaseMask`, `modelid`, `equipment_id`, `position_x`, `position_y`, `position_z`, `orientation`, `spawntimesecs`, `spawndist`, `currentwaypoint`, `curhealth`, `curmana`, `MovementType`, `npcflag`, `unit_flags`, `dynamicflags`) VALUES (317203, '43159', '725', '0', '0', '3', '1', '11686', '0', '1221.06', '1184.3', '306.34', '0', '7200', '0', '0', '5971', '0', '0', '0', '0', '0');
DELETE FROM `creature_addon` WHERE `guid` = 317203;
INSERT INTO `creature_addon` (`guid`, `path_id`, `mount`, `bytes1`, `bytes2`, `emote`, `auras`) VALUES (317203, '0', '0', '50331648', '1', '0', '0');

INSERT INTO `creature` (`guid`, `id`, `map`, `zone`, `area`, `spawnMask`, `phaseMask`, `modelid`, `equipment_id`, `position_x`, `position_y`, `position_z`, `orientation`, `spawntimesecs`, `spawndist`, `currentwaypoint`, `curhealth`, `curmana`, `MovementType`, `npcflag`, `unit_flags`, `dynamicflags`) VALUES (317204, '43159', '725', '0', '0', '3', '1', '11686', '0', '1226.32', '1167.66', '308.839', '0', '7200', '0', '0', '5971', '0', '0', '0', '0', '0');
DELETE FROM `creature_addon` WHERE `guid` = 317204;
INSERT INTO `creature_addon` (`guid`, `path_id`, `mount`, `bytes1`, `bytes2`, `emote`, `auras`) VALUES (317204, '0', '0', '50331648', '1', '0', '0');

INSERT INTO `creature` (`guid`, `id`, `map`, `zone`, `area`, `spawnMask`, `phaseMask`, `modelid`, `equipment_id`, `position_x`, `position_y`, `position_z`, `orientation`, `spawntimesecs`, `spawndist`, `currentwaypoint`, `curhealth`, `curmana`, `MovementType`, `npcflag`, `unit_flags`, `dynamicflags`) VALUES (317205, '43159', '725', '0', '0', '3', '1', '11686', '0', '1212.67', '1186.55', '306.476', '0', '7200', '0', '0', '5971', '0', '0', '0', '0', '0');
DELETE FROM `creature_addon` WHERE `guid` = 317205;
INSERT INTO `creature_addon` (`guid`, `path_id`, `mount`, `bytes1`, `bytes2`, `emote`, `auras`) VALUES (317205, '0', '0', '50331648', '1', '0', '0');

INSERT INTO `creature` (`guid`, `id`, `map`, `zone`, `area`, `spawnMask`, `phaseMask`, `modelid`, `equipment_id`, `position_x`, `position_y`, `position_z`, `orientation`, `spawntimesecs`, `spawndist`, `currentwaypoint`, `curhealth`, `curmana`, `MovementType`, `npcflag`, `unit_flags`, `dynamicflags`) VALUES (317206, '43159', '725', '0', '0', '3', '1', '11686', '0', '1223.17', '1166.1', '308.999', '0', '7200', '0', '0', '5971', '0', '0', '0', '0', '0');
DELETE FROM `creature_addon` WHERE `guid` = 317206;
INSERT INTO `creature_addon` (`guid`, `path_id`, `mount`, `bytes1`, `bytes2`, `emote`, `auras`) VALUES (317206, '0', '0', '50331648', '1', '0', '0');

INSERT INTO `creature` (`guid`, `id`, `map`, `zone`, `area`, `spawnMask`, `phaseMask`, `modelid`, `equipment_id`, `position_x`, `position_y`, `position_z`, `orientation`, `spawntimesecs`, `spawndist`, `currentwaypoint`, `curhealth`, `curmana`, `MovementType`, `npcflag`, `unit_flags`, `dynamicflags`) VALUES (317207, '43159', '725', '0', '0', '3', '1', '11686', '0', '1218.25', '1167.77', '308.667', '0', '7200', '0', '0', '5971', '0', '0', '0', '0', '0');
DELETE FROM `creature_addon` WHERE `guid` = 317207;
INSERT INTO `creature_addon` (`guid`, `path_id`, `mount`, `bytes1`, `bytes2`, `emote`, `auras`) VALUES (317207, '0', '0', '50331648', '1', '0', '0');

INSERT INTO `creature` (`guid`, `id`, `map`, `zone`, `area`, `spawnMask`, `phaseMask`, `modelid`, `equipment_id`, `position_x`, `position_y`, `position_z`, `orientation`, `spawntimesecs`, `spawndist`, `currentwaypoint`, `curhealth`, `curmana`, `MovementType`, `npcflag`, `unit_flags`, `dynamicflags`) VALUES (317208, '43159', '725', '0', '0', '3', '1', '11686', '0', '1317.86', '1227.07', '301.467', '4.0254', '7200', '0', '0', '5971', '0', '0', '0', '0', '0');
DELETE FROM `creature_addon` WHERE `guid` = 317208;
INSERT INTO `creature_addon` (`guid`, `path_id`, `mount`, `bytes1`, `bytes2`, `emote`, `auras`) VALUES (317208, '0', '0', '50331648', '1', '0', '0');

INSERT INTO `creature` (`guid`, `id`, `map`, `zone`, `area`, `spawnMask`, `phaseMask`, `modelid`, `equipment_id`, `position_x`, `position_y`, `position_z`, `orientation`, `spawntimesecs`, `spawndist`, `currentwaypoint`, `curhealth`, `curmana`, `MovementType`, `npcflag`, `unit_flags`, `dynamicflags`) VALUES (317209, '43159', '725', '0', '0', '3', '1', '11686', '0', '1281.08', '1246.6', '301.467', '4.0254', '7200', '0', '0', '5971', '0', '0', '0', '0', '0');
DELETE FROM `creature_addon` WHERE `guid` = 317209;
INSERT INTO `creature_addon` (`guid`, `path_id`, `mount`, `bytes1`, `bytes2`, `emote`, `auras`) VALUES (317209, '0', '0', '50331648', '1', '0', '0');

INSERT INTO `creature` (`guid`, `id`, `map`, `zone`, `area`, `spawnMask`, `phaseMask`, `modelid`, `equipment_id`, `position_x`, `position_y`, `position_z`, `orientation`, `spawntimesecs`, `spawndist`, `currentwaypoint`, `curhealth`, `curmana`, `MovementType`, `npcflag`, `unit_flags`, `dynamicflags`) VALUES (317210, '43159', '725', '0', '0', '3', '1', '11686', '0', '1296.41', '1234.44', '301.467', '4.0254', '7200', '0', '0', '5971', '0', '0', '0', '0', '0');
DELETE FROM `creature_addon` WHERE `guid` = 317210;
INSERT INTO `creature_addon` (`guid`, `path_id`, `mount`, `bytes1`, `bytes2`, `emote`, `auras`) VALUES (317210, '0', '0', '50331648', '1', '0', '0');

INSERT INTO `creature` (`guid`, `id`, `map`, `zone`, `area`, `spawnMask`, `phaseMask`, `modelid`, `equipment_id`, `position_x`, `position_y`, `position_z`, `orientation`, `spawntimesecs`, `spawndist`, `currentwaypoint`, `curhealth`, `curmana`, `MovementType`, `npcflag`, `unit_flags`, `dynamicflags`) VALUES (317211, '43159', '725', '0', '0', '3', '1', '11686', '0', '1278.54', '1202.21', '301.467', '4.0254', '7200', '0', '0', '5971', '0', '0', '0', '0', '0');
DELETE FROM `creature_addon` WHERE `guid` = 317211;
INSERT INTO `creature_addon` (`guid`, `path_id`, `mount`, `bytes1`, `bytes2`, `emote`, `auras`) VALUES (317211, '0', '0', '50331648', '1', '0', '0');

INSERT INTO `creature` (`guid`, `id`, `map`, `zone`, `area`, `spawnMask`, `phaseMask`, `modelid`, `equipment_id`, `position_x`, `position_y`, `position_z`, `orientation`, `spawntimesecs`, `spawndist`, `currentwaypoint`, `curhealth`, `curmana`, `MovementType`, `npcflag`, `unit_flags`, `dynamicflags`) VALUES (317212, '43159', '725', '0', '0', '3', '1', '11686', '0', '1247.56', '1230.36', '301.467', '4.0254', '7200', '0', '0', '5971', '0', '0', '0', '0', '0');
DELETE FROM `creature_addon` WHERE `guid` = 317212;
INSERT INTO `creature_addon` (`guid`, `path_id`, `mount`, `bytes1`, `bytes2`, `emote`, `auras`) VALUES (317212, '0', '0', '50331648', '1', '0', '0');

INSERT INTO `creature` (`guid`, `id`, `map`, `zone`, `area`, `spawnMask`, `phaseMask`, `modelid`, `equipment_id`, `position_x`, `position_y`, `position_z`, `orientation`, `spawntimesecs`, `spawndist`, `currentwaypoint`, `curhealth`, `curmana`, `MovementType`, `npcflag`, `unit_flags`, `dynamicflags`) VALUES (317213, '43159', '725', '0', '0', '3', '1', '11686', '0', '1272.55', '1248.35', '301.467', '4.0254', '7200', '0', '0', '5971', '0', '0', '0', '0', '0');
DELETE FROM `creature_addon` WHERE `guid` = 317213;
INSERT INTO `creature_addon` (`guid`, `path_id`, `mount`, `bytes1`, `bytes2`, `emote`, `auras`) VALUES (317213, '0', '0', '50331648', '1', '0', '0');

INSERT INTO `creature` (`guid`, `id`, `map`, `zone`, `area`, `spawnMask`, `phaseMask`, `modelid`, `equipment_id`, `position_x`, `position_y`, `position_z`, `orientation`, `spawntimesecs`, `spawndist`, `currentwaypoint`, `curhealth`, `curmana`, `MovementType`, `npcflag`, `unit_flags`, `dynamicflags`) VALUES (317214, '43159', '725', '0', '0', '3', '1', '11686', '0', '1270.03', '1197.61', '301.467', '4.0254', '7200', '0', '0', '5971', '0', '0', '0', '0', '0');
DELETE FROM `creature_addon` WHERE `guid` = 317214;
INSERT INTO `creature_addon` (`guid`, `path_id`, `mount`, `bytes1`, `bytes2`, `emote`, `auras`) VALUES (317214, '0', '0', '50331648', '1', '0', '0');

INSERT INTO `creature` (`guid`, `id`, `map`, `zone`, `area`, `spawnMask`, `phaseMask`, `modelid`, `equipment_id`, `position_x`, `position_y`, `position_z`, `orientation`, `spawntimesecs`, `spawndist`, `currentwaypoint`, `curhealth`, `curmana`, `MovementType`, `npcflag`, `unit_flags`, `dynamicflags`) VALUES (317215, '43159', '725', '0', '0', '3', '1', '11686', '0', '1265.75', '1248.38', '301.467', '4.0254', '7200', '0', '0', '5971', '0', '0', '0', '0', '0');
DELETE FROM `creature_addon` WHERE `guid` = 317215;
INSERT INTO `creature_addon` (`guid`, `path_id`, `mount`, `bytes1`, `bytes2`, `emote`, `auras`) VALUES (317215, '0', '0', '50331648', '1', '0', '0');

INSERT INTO `creature` (`guid`, `id`, `map`, `zone`, `area`, `spawnMask`, `phaseMask`, `modelid`, `equipment_id`, `position_x`, `position_y`, `position_z`, `orientation`, `spawntimesecs`, `spawndist`, `currentwaypoint`, `curhealth`, `curmana`, `MovementType`, `npcflag`, `unit_flags`, `dynamicflags`) VALUES (317216, '43159', '725', '0', '0', '3', '1', '11686', '0', '1292.53', '1200.02', '301.467', '4.0254', '7200', '0', '0', '5971', '0', '0', '0', '0', '0');
DELETE FROM `creature_addon` WHERE `guid` = 317216;
INSERT INTO `creature_addon` (`guid`, `path_id`, `mount`, `bytes1`, `bytes2`, `emote`, `auras`) VALUES (317216, '0', '0', '50331648', '1', '0', '0');

INSERT INTO `creature` (`guid`, `id`, `map`, `zone`, `area`, `spawnMask`, `phaseMask`, `modelid`, `equipment_id`, `position_x`, `position_y`, `position_z`, `orientation`, `spawntimesecs`, `spawndist`, `currentwaypoint`, `curhealth`, `curmana`, `MovementType`, `npcflag`, `unit_flags`, `dynamicflags`) VALUES (317217, '43159', '725', '0', '0', '3', '1', '11686', '0', '1301.4', '1235.17', '301.467', '4.0254', '7200', '0', '0', '5971', '0', '0', '0', '0', '0');
DELETE FROM `creature_addon` WHERE `guid` = 317217;
INSERT INTO `creature_addon` (`guid`, `path_id`, `mount`, `bytes1`, `bytes2`, `emote`, `auras`) VALUES (317217, '0', '0', '50331648', '1', '0', '0');

INSERT INTO `creature` (`guid`, `id`, `map`, `zone`, `area`, `spawnMask`, `phaseMask`, `modelid`, `equipment_id`, `position_x`, `position_y`, `position_z`, `orientation`, `spawntimesecs`, `spawndist`, `currentwaypoint`, `curhealth`, `curmana`, `MovementType`, `npcflag`, `unit_flags`, `dynamicflags`) VALUES (317218, '43159', '725', '0', '0', '3', '1', '11686', '0', '1280.58', '1236.58', '301.467', '4.0254', '7200', '0', '0', '5971', '0', '0', '0', '0', '0');
DELETE FROM `creature_addon` WHERE `guid` = 317218;
INSERT INTO `creature_addon` (`guid`, `path_id`, `mount`, `bytes1`, `bytes2`, `emote`, `auras`) VALUES (317218, '0', '0', '50331648', '1', '0', '0');

INSERT INTO `creature` (`guid`, `id`, `map`, `zone`, `area`, `spawnMask`, `phaseMask`, `modelid`, `equipment_id`, `position_x`, `position_y`, `position_z`, `orientation`, `spawntimesecs`, `spawndist`, `currentwaypoint`, `curhealth`, `curmana`, `MovementType`, `npcflag`, `unit_flags`, `dynamicflags`) VALUES (317219, '43159', '725', '0', '0', '3', '1', '11686', '0', '1291.29', '1231.43', '301.467', '4.0254', '7200', '0', '0', '5971', '0', '0', '0', '0', '0');
DELETE FROM `creature_addon` WHERE `guid` = 317219;
INSERT INTO `creature_addon` (`guid`, `path_id`, `mount`, `bytes1`, `bytes2`, `emote`, `auras`) VALUES (317219, '0', '0', '50331648', '1', '0', '0');

INSERT INTO `creature` (`guid`, `id`, `map`, `zone`, `area`, `spawnMask`, `phaseMask`, `modelid`, `equipment_id`, `position_x`, `position_y`, `position_z`, `orientation`, `spawntimesecs`, `spawndist`, `currentwaypoint`, `curhealth`, `curmana`, `MovementType`, `npcflag`, `unit_flags`, `dynamicflags`) VALUES (317220, '43159', '725', '0', '0', '3', '1', '11686', '0', '1290.62', '1210.7', '301.467', '4.0254', '7200', '0', '0', '5971', '0', '0', '0', '0', '0');
DELETE FROM `creature_addon` WHERE `guid` = 317220;
INSERT INTO `creature_addon` (`guid`, `path_id`, `mount`, `bytes1`, `bytes2`, `emote`, `auras`) VALUES (317220, '0', '0', '50331648', '1', '0', '0');

INSERT INTO `creature` (`guid`, `id`, `map`, `zone`, `area`, `spawnMask`, `phaseMask`, `modelid`, `equipment_id`, `position_x`, `position_y`, `position_z`, `orientation`, `spawntimesecs`, `spawndist`, `currentwaypoint`, `curhealth`, `curmana`, `MovementType`, `npcflag`, `unit_flags`, `dynamicflags`) VALUES (317221, '43159', '725', '0', '0', '3', '1', '11686', '0', '1289.33', '1250.93', '301.467', '4.0254', '7200', '0', '0', '5971', '0', '0', '0', '0', '0');
DELETE FROM `creature_addon` WHERE `guid` = 317221;
INSERT INTO `creature_addon` (`guid`, `path_id`, `mount`, `bytes1`, `bytes2`, `emote`, `auras`) VALUES (317221, '0', '0', '50331648', '1', '0', '0');

INSERT INTO `creature` (`guid`, `id`, `map`, `zone`, `area`, `spawnMask`, `phaseMask`, `modelid`, `equipment_id`, `position_x`, `position_y`, `position_z`, `orientation`, `spawntimesecs`, `spawndist`, `currentwaypoint`, `curhealth`, `curmana`, `MovementType`, `npcflag`, `unit_flags`, `dynamicflags`) VALUES (317222, '43159', '725', '0', '0', '3', '1', '11686', '0', '1270.87', '1239.65', '301.467', '4.0254', '7200', '0', '0', '5971', '0', '0', '0', '0', '0');
DELETE FROM `creature_addon` WHERE `guid` = 317222;
INSERT INTO `creature_addon` (`guid`, `path_id`, `mount`, `bytes1`, `bytes2`, `emote`, `auras`) VALUES (317222, '0', '0', '50331648', '1', '0', '0');

INSERT INTO `creature` (`guid`, `id`, `map`, `zone`, `area`, `spawnMask`, `phaseMask`, `modelid`, `equipment_id`, `position_x`, `position_y`, `position_z`, `orientation`, `spawntimesecs`, `spawndist`, `currentwaypoint`, `curhealth`, `curmana`, `MovementType`, `npcflag`, `unit_flags`, `dynamicflags`) VALUES (317223, '43159', '725', '0', '0', '3', '1', '11686', '0', '1290.63', '1182.11', '301.467', '4.0254', '7200', '0', '0', '5971', '0', '0', '0', '0', '0');
DELETE FROM `creature_addon` WHERE `guid` = 317223;
INSERT INTO `creature_addon` (`guid`, `path_id`, `mount`, `bytes1`, `bytes2`, `emote`, `auras`) VALUES (317223, '0', '0', '50331648', '1', '0', '0');

INSERT INTO `creature` (`guid`, `id`, `map`, `zone`, `area`, `spawnMask`, `phaseMask`, `modelid`, `equipment_id`, `position_x`, `position_y`, `position_z`, `orientation`, `spawntimesecs`, `spawndist`, `currentwaypoint`, `curhealth`, `curmana`, `MovementType`, `npcflag`, `unit_flags`, `dynamicflags`) VALUES (317224, '43159', '725', '0', '0', '3', '1', '11686', '0', '1267.76', '1237.75', '301.467', '4.0254', '7200', '0', '0', '5971', '0', '0', '0', '0', '0');
DELETE FROM `creature_addon` WHERE `guid` = 317224;
INSERT INTO `creature_addon` (`guid`, `path_id`, `mount`, `bytes1`, `bytes2`, `emote`, `auras`) VALUES (317224, '0', '0', '50331648', '1', '0', '0');

INSERT INTO `creature` (`guid`, `id`, `map`, `zone`, `area`, `spawnMask`, `phaseMask`, `modelid`, `equipment_id`, `position_x`, `position_y`, `position_z`, `orientation`, `spawntimesecs`, `spawndist`, `currentwaypoint`, `curhealth`, `curmana`, `MovementType`, `npcflag`, `unit_flags`, `dynamicflags`) VALUES (317225, '43159', '725', '0', '0', '3', '1', '11686', '0', '1272.14', '1199.79', '301.467', '4.0254', '7200', '0', '0', '5971', '0', '0', '0', '0', '0');
DELETE FROM `creature_addon` WHERE `guid` = 317225;
INSERT INTO `creature_addon` (`guid`, `path_id`, `mount`, `bytes1`, `bytes2`, `emote`, `auras`) VALUES (317225, '0', '0', '50331648', '1', '0', '0');

INSERT INTO `creature` (`guid`, `id`, `map`, `zone`, `area`, `spawnMask`, `phaseMask`, `modelid`, `equipment_id`, `position_x`, `position_y`, `position_z`, `orientation`, `spawntimesecs`, `spawndist`, `currentwaypoint`, `curhealth`, `curmana`, `MovementType`, `npcflag`, `unit_flags`, `dynamicflags`) VALUES (317226, '43159', '725', '0', '0', '3', '1', '11686', '0', '1286.7', '1246.03', '301.467', '4.0254', '7200', '0', '0', '5971', '0', '0', '0', '0', '0');
DELETE FROM `creature_addon` WHERE `guid` = 317226;
INSERT INTO `creature_addon` (`guid`, `path_id`, `mount`, `bytes1`, `bytes2`, `emote`, `auras`) VALUES (317226, '0', '0', '50331648', '1', '0', '0');

INSERT INTO `creature` (`guid`, `id`, `map`, `zone`, `area`, `spawnMask`, `phaseMask`, `modelid`, `equipment_id`, `position_x`, `position_y`, `position_z`, `orientation`, `spawntimesecs`, `spawndist`, `currentwaypoint`, `curhealth`, `curmana`, `MovementType`, `npcflag`, `unit_flags`, `dynamicflags`) VALUES (317227, '43159', '725', '0', '0', '3', '1', '11686', '0', '1255.94', '1243.45', '301.467', '4.0254', '7200', '0', '0', '5971', '0', '0', '0', '0', '0');
DELETE FROM `creature_addon` WHERE `guid` = 317227;
INSERT INTO `creature_addon` (`guid`, `path_id`, `mount`, `bytes1`, `bytes2`, `emote`, `auras`) VALUES (317227, '0', '0', '50331648', '1', '0', '0');

INSERT INTO `creature` (`guid`, `id`, `map`, `zone`, `area`, `spawnMask`, `phaseMask`, `modelid`, `equipment_id`, `position_x`, `position_y`, `position_z`, `orientation`, `spawntimesecs`, `spawndist`, `currentwaypoint`, `curhealth`, `curmana`, `MovementType`, `npcflag`, `unit_flags`, `dynamicflags`) VALUES (317228, '43159', '725', '0', '0', '3', '1', '11686', '0', '1285', '1189.83', '301.467', '4.0254', '7200', '0', '0', '5971', '0', '0', '0', '0', '0');
DELETE FROM `creature_addon` WHERE `guid` = 317228;
INSERT INTO `creature_addon` (`guid`, `path_id`, `mount`, `bytes1`, `bytes2`, `emote`, `auras`) VALUES (317228, '0', '0', '50331648', '1', '0', '0');

INSERT INTO `creature` (`guid`, `id`, `map`, `zone`, `area`, `spawnMask`, `phaseMask`, `modelid`, `equipment_id`, `position_x`, `position_y`, `position_z`, `orientation`, `spawntimesecs`, `spawndist`, `currentwaypoint`, `curhealth`, `curmana`, `MovementType`, `npcflag`, `unit_flags`, `dynamicflags`) VALUES (317229, '43159', '725', '0', '0', '3', '1', '11686', '0', '1263.17', '1243.1', '301.467', '4.0254', '7200', '0', '0', '5971', '0', '0', '0', '0', '0');
DELETE FROM `creature_addon` WHERE `guid` = 317229;
INSERT INTO `creature_addon` (`guid`, `path_id`, `mount`, `bytes1`, `bytes2`, `emote`, `auras`) VALUES (317229, '0', '0', '50331648', '1', '0', '0');

INSERT INTO `creature` (`guid`, `id`, `map`, `zone`, `area`, `spawnMask`, `phaseMask`, `modelid`, `equipment_id`, `position_x`, `position_y`, `position_z`, `orientation`, `spawntimesecs`, `spawndist`, `currentwaypoint`, `curhealth`, `curmana`, `MovementType`, `npcflag`, `unit_flags`, `dynamicflags`) VALUES (317230, '43159', '725', '0', '0', '3', '1', '11686', '0', '1297.67', '1197.12', '301.467', '4.0254', '7200', '0', '0', '5971', '0', '0', '0', '0', '0');
DELETE FROM `creature_addon` WHERE `guid` = 317230;
INSERT INTO `creature_addon` (`guid`, `path_id`, `mount`, `bytes1`, `bytes2`, `emote`, `auras`) VALUES (317230, '0', '0', '50331648', '1', '0', '0');

INSERT INTO `creature` (`guid`, `id`, `map`, `zone`, `area`, `spawnMask`, `phaseMask`, `modelid`, `equipment_id`, `position_x`, `position_y`, `position_z`, `orientation`, `spawntimesecs`, `spawndist`, `currentwaypoint`, `curhealth`, `curmana`, `MovementType`, `npcflag`, `unit_flags`, `dynamicflags`) VALUES (317231, '43159', '725', '0', '0', '3', '1', '11686', '0', '1284.7', '1196.07', '301.467', '4.0254', '7200', '0', '0', '5971', '0', '0', '0', '0', '0');
DELETE FROM `creature_addon` WHERE `guid` = 317231;
INSERT INTO `creature_addon` (`guid`, `path_id`, `mount`, `bytes1`, `bytes2`, `emote`, `auras`) VALUES (317231, '0', '0', '50331648', '1', '0', '0');

INSERT INTO `creature` (`guid`, `id`, `map`, `zone`, `area`, `spawnMask`, `phaseMask`, `modelid`, `equipment_id`, `position_x`, `position_y`, `position_z`, `orientation`, `spawntimesecs`, `spawndist`, `currentwaypoint`, `curhealth`, `curmana`, `MovementType`, `npcflag`, `unit_flags`, `dynamicflags`) VALUES (317232, '43159', '725', '0', '0', '3', '1', '11686', '0', '1288.23', '1237.27', '301.467', '4.0254', '7200', '0', '0', '5971', '0', '0', '0', '0', '0');
DELETE FROM `creature_addon` WHERE `guid` = 317232;
INSERT INTO `creature_addon` (`guid`, `path_id`, `mount`, `bytes1`, `bytes2`, `emote`, `auras`) VALUES (317232, '0', '0', '50331648', '1', '0', '0');

INSERT INTO `creature` (`guid`, `id`, `map`, `zone`, `area`, `spawnMask`, `phaseMask`, `modelid`, `equipment_id`, `position_x`, `position_y`, `position_z`, `orientation`, `spawntimesecs`, `spawndist`, `currentwaypoint`, `curhealth`, `curmana`, `MovementType`, `npcflag`, `unit_flags`, `dynamicflags`) VALUES (317233, '43159', '725', '0', '0', '3', '1', '11686', '0', '1274.35', '1224.76', '301.467', '4.0254', '7200', '0', '0', '5971', '0', '0', '0', '0', '0');
DELETE FROM `creature_addon` WHERE `guid` = 317233;
INSERT INTO `creature_addon` (`guid`, `path_id`, `mount`, `bytes1`, `bytes2`, `emote`, `auras`) VALUES (317233, '0', '0', '50331648', '1', '0', '0');

INSERT INTO `creature` (`guid`, `id`, `map`, `zone`, `area`, `spawnMask`, `phaseMask`, `modelid`, `equipment_id`, `position_x`, `position_y`, `position_z`, `orientation`, `spawntimesecs`, `spawndist`, `currentwaypoint`, `curhealth`, `curmana`, `MovementType`, `npcflag`, `unit_flags`, `dynamicflags`) VALUES (317234, '43159', '725', '0', '0', '3', '1', '11686', '0', '1265.13', '1215.34', '301.467', '4.0254', '7200', '0', '0', '5971', '0', '0', '0', '0', '0');
DELETE FROM `creature_addon` WHERE `guid` = 317234;
INSERT INTO `creature_addon` (`guid`, `path_id`, `mount`, `bytes1`, `bytes2`, `emote`, `auras`) VALUES (317234, '0', '0', '50331648', '1', '0', '0');

INSERT INTO `creature` (`guid`, `id`, `map`, `zone`, `area`, `spawnMask`, `phaseMask`, `modelid`, `equipment_id`, `position_x`, `position_y`, `position_z`, `orientation`, `spawntimesecs`, `spawndist`, `currentwaypoint`, `curhealth`, `curmana`, `MovementType`, `npcflag`, `unit_flags`, `dynamicflags`) VALUES (317235, '43159', '725', '0', '0', '3', '1', '11686', '0', '1288.92', '1180.18', '301.467', '4.0254', '7200', '0', '0', '5971', '0', '0', '0', '0', '0');
DELETE FROM `creature_addon` WHERE `guid` = 317235;
INSERT INTO `creature_addon` (`guid`, `path_id`, `mount`, `bytes1`, `bytes2`, `emote`, `auras`) VALUES (317235, '0', '0', '50331648', '1', '0', '0');

INSERT INTO `creature` (`guid`, `id`, `map`, `zone`, `area`, `spawnMask`, `phaseMask`, `modelid`, `equipment_id`, `position_x`, `position_y`, `position_z`, `orientation`, `spawntimesecs`, `spawndist`, `currentwaypoint`, `curhealth`, `curmana`, `MovementType`, `npcflag`, `unit_flags`, `dynamicflags`) VALUES (317236, '43159', '725', '0', '0', '3', '1', '11686', '0', '1274.74', '1207.07', '301.467', '4.0254', '7200', '0', '0', '5971', '0', '0', '0', '0', '0');
DELETE FROM `creature_addon` WHERE `guid` = 317236;
INSERT INTO `creature_addon` (`guid`, `path_id`, `mount`, `bytes1`, `bytes2`, `emote`, `auras`) VALUES (317236, '0', '0', '50331648', '1', '0', '0');

INSERT INTO `creature` (`guid`, `id`, `map`, `zone`, `area`, `spawnMask`, `phaseMask`, `modelid`, `equipment_id`, `position_x`, `position_y`, `position_z`, `orientation`, `spawntimesecs`, `spawndist`, `currentwaypoint`, `curhealth`, `curmana`, `MovementType`, `npcflag`, `unit_flags`, `dynamicflags`) VALUES (317237, '43159', '725', '0', '0', '3', '1', '11686', '0', '1257.79', '1184.31', '301.467', '4.0254', '7200', '0', '0', '5971', '0', '0', '0', '0', '0');
DELETE FROM `creature_addon` WHERE `guid` = 317237;
INSERT INTO `creature_addon` (`guid`, `path_id`, `mount`, `bytes1`, `bytes2`, `emote`, `auras`) VALUES (317237, '0', '0', '50331648', '1', '0', '0');

INSERT INTO `creature` (`guid`, `id`, `map`, `zone`, `area`, `spawnMask`, `phaseMask`, `modelid`, `equipment_id`, `position_x`, `position_y`, `position_z`, `orientation`, `spawntimesecs`, `spawndist`, `currentwaypoint`, `curhealth`, `curmana`, `MovementType`, `npcflag`, `unit_flags`, `dynamicflags`) VALUES (317238, '43159', '725', '0', '0', '3', '1', '11686', '0', '1264.98', '1223.3', '301.467', '4.0254', '7200', '0', '0', '5971', '0', '0', '0', '0', '0');
DELETE FROM `creature_addon` WHERE `guid` = 317238;
INSERT INTO `creature_addon` (`guid`, `path_id`, `mount`, `bytes1`, `bytes2`, `emote`, `auras`) VALUES (317238, '0', '0', '50331648', '1', '0', '0');

INSERT INTO `creature` (`guid`, `id`, `map`, `zone`, `area`, `spawnMask`, `phaseMask`, `modelid`, `equipment_id`, `position_x`, `position_y`, `position_z`, `orientation`, `spawntimesecs`, `spawndist`, `currentwaypoint`, `curhealth`, `curmana`, `MovementType`, `npcflag`, `unit_flags`, `dynamicflags`) VALUES (317239, '43159', '725', '0', '0', '3', '1', '11686', '0', '1295.63', '1236.06', '301.467', '4.0254', '7200', '0', '0', '5971', '0', '0', '0', '0', '0');
DELETE FROM `creature_addon` WHERE `guid` = 317239;
INSERT INTO `creature_addon` (`guid`, `path_id`, `mount`, `bytes1`, `bytes2`, `emote`, `auras`) VALUES (317239, '0', '0', '50331648', '1', '0', '0');

INSERT INTO `creature` (`guid`, `id`, `map`, `zone`, `area`, `spawnMask`, `phaseMask`, `modelid`, `equipment_id`, `position_x`, `position_y`, `position_z`, `orientation`, `spawntimesecs`, `spawndist`, `currentwaypoint`, `curhealth`, `curmana`, `MovementType`, `npcflag`, `unit_flags`, `dynamicflags`) VALUES (317240, '43159', '725', '0', '0', '3', '1', '11686', '0', '1283.04', '1196.64', '301.467', '4.0254', '7200', '0', '0', '5971', '0', '0', '0', '0', '0');
DELETE FROM `creature_addon` WHERE `guid` = 317240;
INSERT INTO `creature_addon` (`guid`, `path_id`, `mount`, `bytes1`, `bytes2`, `emote`, `auras`) VALUES (317240, '0', '0', '50331648', '1', '0', '0');

INSERT INTO `creature` (`guid`, `id`, `map`, `zone`, `area`, `spawnMask`, `phaseMask`, `modelid`, `equipment_id`, `position_x`, `position_y`, `position_z`, `orientation`, `spawntimesecs`, `spawndist`, `currentwaypoint`, `curhealth`, `curmana`, `MovementType`, `npcflag`, `unit_flags`, `dynamicflags`) VALUES (317241, '43159', '725', '0', '0', '3', '1', '11686', '0', '1278.33', '1241.27', '301.467', '4.0254', '7200', '0', '0', '5971', '0', '0', '0', '0', '0');
DELETE FROM `creature_addon` WHERE `guid` = 317241;
INSERT INTO `creature_addon` (`guid`, `path_id`, `mount`, `bytes1`, `bytes2`, `emote`, `auras`) VALUES (317241, '0', '0', '50331648', '1', '0', '0');

INSERT INTO `creature` (`guid`, `id`, `map`, `zone`, `area`, `spawnMask`, `phaseMask`, `modelid`, `equipment_id`, `position_x`, `position_y`, `position_z`, `orientation`, `spawntimesecs`, `spawndist`, `currentwaypoint`, `curhealth`, `curmana`, `MovementType`, `npcflag`, `unit_flags`, `dynamicflags`) VALUES (317242, '43159', '725', '0', '0', '3', '1', '11686', '0', '1307.15', '1233.28', '301.467', '4.0254', '7200', '0', '0', '5971', '0', '0', '0', '0', '0');
DELETE FROM `creature_addon` WHERE `guid` = 317242;
INSERT INTO `creature_addon` (`guid`, `path_id`, `mount`, `bytes1`, `bytes2`, `emote`, `auras`) VALUES (317242, '0', '0', '50331648', '1', '0', '0');

INSERT INTO `creature` (`guid`, `id`, `map`, `zone`, `area`, `spawnMask`, `phaseMask`, `modelid`, `equipment_id`, `position_x`, `position_y`, `position_z`, `orientation`, `spawntimesecs`, `spawndist`, `currentwaypoint`, `curhealth`, `curmana`, `MovementType`, `npcflag`, `unit_flags`, `dynamicflags`) VALUES (317243, '43159', '725', '0', '0', '3', '1', '11686', '0', '1274.51', '1246.23', '301.467', '4.0254', '7200', '0', '0', '5971', '0', '0', '0', '0', '0');
DELETE FROM `creature_addon` WHERE `guid` = 317243;
INSERT INTO `creature_addon` (`guid`, `path_id`, `mount`, `bytes1`, `bytes2`, `emote`, `auras`) VALUES (317243, '0', '0', '50331648', '1', '0', '0');

INSERT INTO `creature` (`guid`, `id`, `map`, `zone`, `area`, `spawnMask`, `phaseMask`, `modelid`, `equipment_id`, `position_x`, `position_y`, `position_z`, `orientation`, `spawntimesecs`, `spawndist`, `currentwaypoint`, `curhealth`, `curmana`, `MovementType`, `npcflag`, `unit_flags`, `dynamicflags`) VALUES (317244, '43159', '725', '0', '0', '3', '1', '11686', '0', '1266.29', '1232.14', '301.467', '4.0254', '7200', '0', '0', '5971', '0', '0', '0', '0', '0');
DELETE FROM `creature_addon` WHERE `guid` = 317244;
INSERT INTO `creature_addon` (`guid`, `path_id`, `mount`, `bytes1`, `bytes2`, `emote`, `auras`) VALUES (317244, '0', '0', '50331648', '1', '0', '0');

INSERT INTO `creature` (`guid`, `id`, `map`, `zone`, `area`, `spawnMask`, `phaseMask`, `modelid`, `equipment_id`, `position_x`, `position_y`, `position_z`, `orientation`, `spawntimesecs`, `spawndist`, `currentwaypoint`, `curhealth`, `curmana`, `MovementType`, `npcflag`, `unit_flags`, `dynamicflags`) VALUES (317245, '43159', '725', '0', '0', '3', '1', '11686', '0', '1268.15', '1184.21', '301.467', '4.0254', '7200', '0', '0', '5971', '0', '0', '0', '0', '0');
DELETE FROM `creature_addon` WHERE `guid` = 317245;
INSERT INTO `creature_addon` (`guid`, `path_id`, `mount`, `bytes1`, `bytes2`, `emote`, `auras`) VALUES (317245, '0', '0', '50331648', '1', '0', '0');

INSERT INTO `creature` (`guid`, `id`, `map`, `zone`, `area`, `spawnMask`, `phaseMask`, `modelid`, `equipment_id`, `position_x`, `position_y`, `position_z`, `orientation`, `spawntimesecs`, `spawndist`, `currentwaypoint`, `curhealth`, `curmana`, `MovementType`, `npcflag`, `unit_flags`, `dynamicflags`) VALUES (317246, '43159', '725', '0', '0', '3', '1', '11686', '0', '1262.09', '1223.73', '301.467', '4.0254', '7200', '0', '0', '5971', '0', '0', '0', '0', '0');
DELETE FROM `creature_addon` WHERE `guid` = 317246;
INSERT INTO `creature_addon` (`guid`, `path_id`, `mount`, `bytes1`, `bytes2`, `emote`, `auras`) VALUES (317246, '0', '0', '50331648', '1', '0', '0');

INSERT INTO `creature` (`guid`, `id`, `map`, `zone`, `area`, `spawnMask`, `phaseMask`, `modelid`, `equipment_id`, `position_x`, `position_y`, `position_z`, `orientation`, `spawntimesecs`, `spawndist`, `currentwaypoint`, `curhealth`, `curmana`, `MovementType`, `npcflag`, `unit_flags`, `dynamicflags`) VALUES (317247, '43159', '725', '0', '0', '3', '1', '11686', '0', '1253.53', '1218.18', '301.467', '4.0254', '7200', '0', '0', '5971', '0', '0', '0', '0', '0');
DELETE FROM `creature_addon` WHERE `guid` = 317247;
INSERT INTO `creature_addon` (`guid`, `path_id`, `mount`, `bytes1`, `bytes2`, `emote`, `auras`) VALUES (317247, '0', '0', '50331648', '1', '0', '0');

INSERT INTO `creature` (`guid`, `id`, `map`, `zone`, `area`, `spawnMask`, `phaseMask`, `modelid`, `equipment_id`, `position_x`, `position_y`, `position_z`, `orientation`, `spawntimesecs`, `spawndist`, `currentwaypoint`, `curhealth`, `curmana`, `MovementType`, `npcflag`, `unit_flags`, `dynamicflags`) VALUES (317248, '43159', '725', '0', '0', '3', '1', '11686', '0', '1285.99', '1180.88', '301.467', '4.0254', '7200', '0', '0', '5971', '0', '0', '0', '0', '0');
DELETE FROM `creature_addon` WHERE `guid` = 317248;
INSERT INTO `creature_addon` (`guid`, `path_id`, `mount`, `bytes1`, `bytes2`, `emote`, `auras`) VALUES (317248, '0', '0', '50331648', '1', '0', '0');

INSERT INTO `creature` (`guid`, `id`, `map`, `zone`, `area`, `spawnMask`, `phaseMask`, `modelid`, `equipment_id`, `position_x`, `position_y`, `position_z`, `orientation`, `spawntimesecs`, `spawndist`, `currentwaypoint`, `curhealth`, `curmana`, `MovementType`, `npcflag`, `unit_flags`, `dynamicflags`) VALUES (317249, '43159', '725', '0', '0', '3', '1', '11686', '0', '1247.78', '1208.92', '301.467', '4.0254', '7200', '0', '0', '5971', '0', '0', '0', '0', '0');
DELETE FROM `creature_addon` WHERE `guid` = 317249;
INSERT INTO `creature_addon` (`guid`, `path_id`, `mount`, `bytes1`, `bytes2`, `emote`, `auras`) VALUES (317249, '0', '0', '50331648', '1', '0', '0');

INSERT INTO `creature` (`guid`, `id`, `map`, `zone`, `area`, `spawnMask`, `phaseMask`, `modelid`, `equipment_id`, `position_x`, `position_y`, `position_z`, `orientation`, `spawntimesecs`, `spawndist`, `currentwaypoint`, `curhealth`, `curmana`, `MovementType`, `npcflag`, `unit_flags`, `dynamicflags`) VALUES (317250, '43159', '725', '0', '0', '3', '1', '11686', '0', '1288.62', '1246.88', '301.467', '4.0254', '7200', '0', '0', '5971', '0', '0', '0', '0', '0');
DELETE FROM `creature_addon` WHERE `guid` = 317250;
INSERT INTO `creature_addon` (`guid`, `path_id`, `mount`, `bytes1`, `bytes2`, `emote`, `auras`) VALUES (317250, '0', '0', '50331648', '1', '0', '0');

INSERT INTO `creature` (`guid`, `id`, `map`, `zone`, `area`, `spawnMask`, `phaseMask`, `modelid`, `equipment_id`, `position_x`, `position_y`, `position_z`, `orientation`, `spawntimesecs`, `spawndist`, `currentwaypoint`, `curhealth`, `curmana`, `MovementType`, `npcflag`, `unit_flags`, `dynamicflags`) VALUES (317251, '43159', '725', '0', '0', '3', '1', '11686', '0', '1315.03', '1223.09', '301.467', '4.0254', '7200', '0', '0', '5971', '0', '0', '0', '0', '0');
DELETE FROM `creature_addon` WHERE `guid` = 317251;
INSERT INTO `creature_addon` (`guid`, `path_id`, `mount`, `bytes1`, `bytes2`, `emote`, `auras`) VALUES (317251, '0', '0', '50331648', '1', '0', '0');

INSERT INTO `creature` (`guid`, `id`, `map`, `zone`, `area`, `spawnMask`, `phaseMask`, `modelid`, `equipment_id`, `position_x`, `position_y`, `position_z`, `orientation`, `spawntimesecs`, `spawndist`, `currentwaypoint`, `curhealth`, `curmana`, `MovementType`, `npcflag`, `unit_flags`, `dynamicflags`) VALUES (317252, '43159', '725', '0', '0', '3', '1', '11686', '0', '1284.62', '1251.79', '301.467', '4.0254', '7200', '0', '0', '5971', '0', '0', '0', '0', '0');
DELETE FROM `creature_addon` WHERE `guid` = 317252;
INSERT INTO `creature_addon` (`guid`, `path_id`, `mount`, `bytes1`, `bytes2`, `emote`, `auras`) VALUES (317252, '0', '0', '50331648', '1', '0', '0');

INSERT INTO `creature` (`guid`, `id`, `map`, `zone`, `area`, `spawnMask`, `phaseMask`, `modelid`, `equipment_id`, `position_x`, `position_y`, `position_z`, `orientation`, `spawntimesecs`, `spawndist`, `currentwaypoint`, `curhealth`, `curmana`, `MovementType`, `npcflag`, `unit_flags`, `dynamicflags`) VALUES (317253, '43159', '725', '0', '0', '3', '1', '11686', '0', '1242.47', '1212.89', '301.467', '4.0254', '7200', '0', '0', '5971', '0', '0', '0', '0', '0');
DELETE FROM `creature_addon` WHERE `guid` = 317253;
INSERT INTO `creature_addon` (`guid`, `path_id`, `mount`, `bytes1`, `bytes2`, `emote`, `auras`) VALUES (317253, '0', '0', '50331648', '1', '0', '0');

INSERT INTO `creature` (`guid`, `id`, `map`, `zone`, `area`, `spawnMask`, `phaseMask`, `modelid`, `equipment_id`, `position_x`, `position_y`, `position_z`, `orientation`, `spawntimesecs`, `spawndist`, `currentwaypoint`, `curhealth`, `curmana`, `MovementType`, `npcflag`, `unit_flags`, `dynamicflags`) VALUES (317254, '43159', '725', '0', '0', '3', '1', '11686', '0', '1309.41', '1221.57', '301.467', '4.0254', '7200', '0', '0', '5971', '0', '0', '0', '0', '0');
DELETE FROM `creature_addon` WHERE `guid` = 317254;
INSERT INTO `creature_addon` (`guid`, `path_id`, `mount`, `bytes1`, `bytes2`, `emote`, `auras`) VALUES (317254, '0', '0', '50331648', '1', '0', '0');

INSERT INTO `creature` (`guid`, `id`, `map`, `zone`, `area`, `spawnMask`, `phaseMask`, `modelid`, `equipment_id`, `position_x`, `position_y`, `position_z`, `orientation`, `spawntimesecs`, `spawndist`, `currentwaypoint`, `curhealth`, `curmana`, `MovementType`, `npcflag`, `unit_flags`, `dynamicflags`) VALUES (317255, '43159', '725', '0', '0', '3', '1', '11686', '0', '1247.85', '1220.13', '301.467', '4.0254', '7200', '0', '0', '5971', '0', '0', '0', '0', '0');
DELETE FROM `creature_addon` WHERE `guid` = 317255;
INSERT INTO `creature_addon` (`guid`, `path_id`, `mount`, `bytes1`, `bytes2`, `emote`, `auras`) VALUES (317255, '0', '0', '50331648', '1', '0', '0');

INSERT INTO `creature` (`guid`, `id`, `map`, `zone`, `area`, `spawnMask`, `phaseMask`, `modelid`, `equipment_id`, `position_x`, `position_y`, `position_z`, `orientation`, `spawntimesecs`, `spawndist`, `currentwaypoint`, `curhealth`, `curmana`, `MovementType`, `npcflag`, `unit_flags`, `dynamicflags`) VALUES (317256, '43159', '725', '0', '0', '3', '1', '11686', '0', '1241.27', '1214.91', '301.467', '4.0254', '7200', '0', '0', '5971', '0', '0', '0', '0', '0');
DELETE FROM `creature_addon` WHERE `guid` = 317256;
INSERT INTO `creature_addon` (`guid`, `path_id`, `mount`, `bytes1`, `bytes2`, `emote`, `auras`) VALUES (317256, '0', '0', '50331648', '1', '0', '0');

INSERT INTO `creature` (`guid`, `id`, `map`, `zone`, `area`, `spawnMask`, `phaseMask`, `modelid`, `equipment_id`, `position_x`, `position_y`, `position_z`, `orientation`, `spawntimesecs`, `spawndist`, `currentwaypoint`, `curhealth`, `curmana`, `MovementType`, `npcflag`, `unit_flags`, `dynamicflags`) VALUES (317257, '43159', '725', '0', '0', '3', '1', '11686', '0', '1267.46', '1249.03', '301.467', '4.0254', '7200', '0', '0', '5971', '0', '0', '0', '0', '0');
DELETE FROM `creature_addon` WHERE `guid` = 317257;
INSERT INTO `creature_addon` (`guid`, `path_id`, `mount`, `bytes1`, `bytes2`, `emote`, `auras`) VALUES (317257, '0', '0', '50331648', '1', '0', '0');

INSERT INTO `creature` (`guid`, `id`, `map`, `zone`, `area`, `spawnMask`, `phaseMask`, `modelid`, `equipment_id`, `position_x`, `position_y`, `position_z`, `orientation`, `spawntimesecs`, `spawndist`, `currentwaypoint`, `curhealth`, `curmana`, `MovementType`, `npcflag`, `unit_flags`, `dynamicflags`) VALUES (317258, '43159', '725', '0', '0', '3', '1', '11686', '0', '1243.07', '1203.79', '301.467', '4.0254', '7200', '0', '0', '5971', '0', '0', '0', '0', '0');
DELETE FROM `creature_addon` WHERE `guid` = 317258;
INSERT INTO `creature_addon` (`guid`, `path_id`, `mount`, `bytes1`, `bytes2`, `emote`, `auras`) VALUES (317258, '0', '0', '50331648', '1', '0', '0');

INSERT INTO `creature` (`guid`, `id`, `map`, `zone`, `area`, `spawnMask`, `phaseMask`, `modelid`, `equipment_id`, `position_x`, `position_y`, `position_z`, `orientation`, `spawntimesecs`, `spawndist`, `currentwaypoint`, `curhealth`, `curmana`, `MovementType`, `npcflag`, `unit_flags`, `dynamicflags`) VALUES (317259, '43159', '725', '0', '0', '3', '1', '11686', '0', '1246.45', '1230.16', '301.467', '4.0254', '7200', '0', '0', '5971', '0', '0', '0', '0', '0');
DELETE FROM `creature_addon` WHERE `guid` = 317259;
INSERT INTO `creature_addon` (`guid`, `path_id`, `mount`, `bytes1`, `bytes2`, `emote`, `auras`) VALUES (317259, '0', '0', '50331648', '1', '0', '0');

INSERT INTO `creature` (`guid`, `id`, `map`, `zone`, `area`, `spawnMask`, `phaseMask`, `modelid`, `equipment_id`, `position_x`, `position_y`, `position_z`, `orientation`, `spawntimesecs`, `spawndist`, `currentwaypoint`, `curhealth`, `curmana`, `MovementType`, `npcflag`, `unit_flags`, `dynamicflags`) VALUES (317260, '43159', '725', '0', '0', '3', '1', '11686', '0', '1308.67', '1235.69', '301.467', '4.0254', '7200', '0', '0', '5971', '0', '0', '0', '0', '0');
DELETE FROM `creature_addon` WHERE `guid` = 317260;
INSERT INTO `creature_addon` (`guid`, `path_id`, `mount`, `bytes1`, `bytes2`, `emote`, `auras`) VALUES (317260, '0', '0', '50331648', '1', '0', '0');

INSERT INTO `creature` (`guid`, `id`, `map`, `zone`, `area`, `spawnMask`, `phaseMask`, `modelid`, `equipment_id`, `position_x`, `position_y`, `position_z`, `orientation`, `spawntimesecs`, `spawndist`, `currentwaypoint`, `curhealth`, `curmana`, `MovementType`, `npcflag`, `unit_flags`, `dynamicflags`) VALUES (317261, '43159', '725', '0', '0', '3', '1', '11686', '0', '1259.12', '1235.8', '301.467', '4.0254', '7200', '0', '0', '5971', '0', '0', '0', '0', '0');
DELETE FROM `creature_addon` WHERE `guid` = 317261;
INSERT INTO `creature_addon` (`guid`, `path_id`, `mount`, `bytes1`, `bytes2`, `emote`, `auras`) VALUES (317261, '0', '0', '50331648', '1', '0', '0');

INSERT INTO `creature` (`guid`, `id`, `map`, `zone`, `area`, `spawnMask`, `phaseMask`, `modelid`, `equipment_id`, `position_x`, `position_y`, `position_z`, `orientation`, `spawntimesecs`, `spawndist`, `currentwaypoint`, `curhealth`, `curmana`, `MovementType`, `npcflag`, `unit_flags`, `dynamicflags`) VALUES (317262, '43159', '725', '0', '0', '3', '1', '11686', '0', '1252.05', '1234.32', '301.467', '4.0254', '7200', '0', '0', '5971', '0', '0', '0', '0', '0');
DELETE FROM `creature_addon` WHERE `guid` = 317262;
INSERT INTO `creature_addon` (`guid`, `path_id`, `mount`, `bytes1`, `bytes2`, `emote`, `auras`) VALUES (317262, '0', '0', '50331648', '1', '0', '0');

INSERT INTO `creature` (`guid`, `id`, `map`, `zone`, `area`, `spawnMask`, `phaseMask`, `modelid`, `equipment_id`, `position_x`, `position_y`, `position_z`, `orientation`, `spawntimesecs`, `spawndist`, `currentwaypoint`, `curhealth`, `curmana`, `MovementType`, `npcflag`, `unit_flags`, `dynamicflags`) VALUES (317263, '43159', '725', '0', '0', '3', '1', '11686', '0', '1252.74', '1238.81', '301.467', '4.0254', '7200', '0', '0', '5971', '0', '0', '0', '0', '0');
DELETE FROM `creature_addon` WHERE `guid` = 317263;
INSERT INTO `creature_addon` (`guid`, `path_id`, `mount`, `bytes1`, `bytes2`, `emote`, `auras`) VALUES (317263, '0', '0', '50331648', '1', '0', '0');

INSERT INTO `creature` (`guid`, `id`, `map`, `zone`, `area`, `spawnMask`, `phaseMask`, `modelid`, `equipment_id`, `position_x`, `position_y`, `position_z`, `orientation`, `spawntimesecs`, `spawndist`, `currentwaypoint`, `curhealth`, `curmana`, `MovementType`, `npcflag`, `unit_flags`, `dynamicflags`) VALUES (317264, '43159', '725', '0', '0', '3', '1', '11686', '0', '1261.74', '1188.44', '301.467', '4.0254', '7200', '0', '0', '5971', '0', '0', '0', '0', '0');
DELETE FROM `creature_addon` WHERE `guid` = 317264;
INSERT INTO `creature_addon` (`guid`, `path_id`, `mount`, `bytes1`, `bytes2`, `emote`, `auras`) VALUES (317264, '0', '0', '50331648', '1', '0', '0');

INSERT INTO `creature` (`guid`, `id`, `map`, `zone`, `area`, `spawnMask`, `phaseMask`, `modelid`, `equipment_id`, `position_x`, `position_y`, `position_z`, `orientation`, `spawntimesecs`, `spawndist`, `currentwaypoint`, `curhealth`, `curmana`, `MovementType`, `npcflag`, `unit_flags`, `dynamicflags`) VALUES (317265, '43159', '725', '0', '0', '3', '1', '11686', '0', '1245.33', '1215.56', '301.467', '4.0254', '7200', '0', '0', '5971', '0', '0', '0', '0', '0');
DELETE FROM `creature_addon` WHERE `guid` = 317265;
INSERT INTO `creature_addon` (`guid`, `path_id`, `mount`, `bytes1`, `bytes2`, `emote`, `auras`) VALUES (317265, '0', '0', '50331648', '1', '0', '0');

INSERT INTO `creature` (`guid`, `id`, `map`, `zone`, `area`, `spawnMask`, `phaseMask`, `modelid`, `equipment_id`, `position_x`, `position_y`, `position_z`, `orientation`, `spawntimesecs`, `spawndist`, `currentwaypoint`, `curhealth`, `curmana`, `MovementType`, `npcflag`, `unit_flags`, `dynamicflags`) VALUES (317266, '43159', '725', '0', '0', '3', '1', '11686', '0', '1299.97', '1237.76', '301.467', '4.0254', '7200', '0', '0', '5971', '0', '0', '0', '0', '0');
DELETE FROM `creature_addon` WHERE `guid` = 317266;
INSERT INTO `creature_addon` (`guid`, `path_id`, `mount`, `bytes1`, `bytes2`, `emote`, `auras`) VALUES (317266, '0', '0', '50331648', '1', '0', '0');

INSERT INTO `creature` (`guid`, `id`, `map`, `zone`, `area`, `spawnMask`, `phaseMask`, `modelid`, `equipment_id`, `position_x`, `position_y`, `position_z`, `orientation`, `spawntimesecs`, `spawndist`, `currentwaypoint`, `curhealth`, `curmana`, `MovementType`, `npcflag`, `unit_flags`, `dynamicflags`) VALUES (317267, '43159', '725', '0', '0', '3', '1', '11686', '0', '1265.32', '1217.37', '301.467', '4.0254', '7200', '0', '0', '5971', '0', '0', '0', '0', '0');
DELETE FROM `creature_addon` WHERE `guid` = 317267;
INSERT INTO `creature_addon` (`guid`, `path_id`, `mount`, `bytes1`, `bytes2`, `emote`, `auras`) VALUES (317267, '0', '0', '50331648', '1', '0', '0');

INSERT INTO `creature` (`guid`, `id`, `map`, `zone`, `area`, `spawnMask`, `phaseMask`, `modelid`, `equipment_id`, `position_x`, `position_y`, `position_z`, `orientation`, `spawntimesecs`, `spawndist`, `currentwaypoint`, `curhealth`, `curmana`, `MovementType`, `npcflag`, `unit_flags`, `dynamicflags`) VALUES (317270, '43159', '725', '0', '0', '3', '1', '11686', '0', '1274.12', '1219.6', '301.467', '6.12685', '7200', '0', '0', '5971', '0', '0', '0', '0', '0');
DELETE FROM `creature_addon` WHERE `guid` = 317270;
INSERT INTO `creature_addon` (`guid`, `path_id`, `mount`, `bytes1`, `bytes2`, `emote`, `auras`) VALUES (317270, '0', '0', '50331648', '1', '0', '0');

INSERT INTO `creature` (`guid`, `id`, `map`, `zone`, `area`, `spawnMask`, `phaseMask`, `modelid`, `equipment_id`, `position_x`, `position_y`, `position_z`, `orientation`, `spawntimesecs`, `spawndist`, `currentwaypoint`, `curhealth`, `curmana`, `MovementType`, `npcflag`, `unit_flags`, `dynamicflags`) VALUES (317271, '43159', '725', '0', '0', '3', '1', '11686', '0', '1273.46', '1238.29', '301.467', '6.12685', '7200', '0', '0', '5971', '0', '0', '0', '0', '0');
DELETE FROM `creature_addon` WHERE `guid` = 317271;
INSERT INTO `creature_addon` (`guid`, `path_id`, `mount`, `bytes1`, `bytes2`, `emote`, `auras`) VALUES (317271, '0', '0', '50331648', '1', '0', '0');

INSERT INTO `creature` (`guid`, `id`, `map`, `zone`, `area`, `spawnMask`, `phaseMask`, `modelid`, `equipment_id`, `position_x`, `position_y`, `position_z`, `orientation`, `spawntimesecs`, `spawndist`, `currentwaypoint`, `curhealth`, `curmana`, `MovementType`, `npcflag`, `unit_flags`, `dynamicflags`) VALUES (317272, '43159', '725', '0', '0', '3', '1', '11686', '0', '1309.92', '1215.31', '301.467', '6.12685', '7200', '0', '0', '5971', '0', '0', '0', '0', '0');
DELETE FROM `creature_addon` WHERE `guid` = 317272;
INSERT INTO `creature_addon` (`guid`, `path_id`, `mount`, `bytes1`, `bytes2`, `emote`, `auras`) VALUES (317272, '0', '0', '50331648', '1', '0', '0');

INSERT INTO `creature` (`guid`, `id`, `map`, `zone`, `area`, `spawnMask`, `phaseMask`, `modelid`, `equipment_id`, `position_x`, `position_y`, `position_z`, `orientation`, `spawntimesecs`, `spawndist`, `currentwaypoint`, `curhealth`, `curmana`, `MovementType`, `npcflag`, `unit_flags`, `dynamicflags`) VALUES (317273, '43159', '725', '0', '0', '3', '1', '11686', '0', '1317.47', '1221.34', '301.467', '6.12685', '7200', '0', '0', '5971', '0', '0', '0', '0', '0');
DELETE FROM `creature_addon` WHERE `guid` = 317273;
INSERT INTO `creature_addon` (`guid`, `path_id`, `mount`, `bytes1`, `bytes2`, `emote`, `auras`) VALUES (317273, '0', '0', '50331648', '1', '0', '0');

INSERT INTO `creature` (`guid`, `id`, `map`, `zone`, `area`, `spawnMask`, `phaseMask`, `modelid`, `equipment_id`, `position_x`, `position_y`, `position_z`, `orientation`, `spawntimesecs`, `spawndist`, `currentwaypoint`, `curhealth`, `curmana`, `MovementType`, `npcflag`, `unit_flags`, `dynamicflags`) VALUES (317274, '43159', '725', '0', '0', '3', '1', '11686', '0', '1313.26', '1218.08', '301.467', '6.12685', '7200', '0', '0', '5971', '0', '0', '0', '0', '0');
DELETE FROM `creature_addon` WHERE `guid` = 317274;
INSERT INTO `creature_addon` (`guid`, `path_id`, `mount`, `bytes1`, `bytes2`, `emote`, `auras`) VALUES (317274, '0', '0', '50331648', '1', '0', '0');

INSERT INTO `creature` (`guid`, `id`, `map`, `zone`, `area`, `spawnMask`, `phaseMask`, `modelid`, `equipment_id`, `position_x`, `position_y`, `position_z`, `orientation`, `spawntimesecs`, `spawndist`, `currentwaypoint`, `curhealth`, `curmana`, `MovementType`, `npcflag`, `unit_flags`, `dynamicflags`) VALUES (317275, '43159', '725', '0', '0', '3', '1', '11686', '0', '1265.89', '1218.51', '301.467', '6.12685', '7200', '0', '0', '5971', '0', '0', '0', '0', '0');
DELETE FROM `creature_addon` WHERE `guid` = 317275;
INSERT INTO `creature_addon` (`guid`, `path_id`, `mount`, `bytes1`, `bytes2`, `emote`, `auras`) VALUES (317275, '0', '0', '50331648', '1', '0', '0');

INSERT INTO `creature` (`guid`, `id`, `map`, `zone`, `area`, `spawnMask`, `phaseMask`, `modelid`, `equipment_id`, `position_x`, `position_y`, `position_z`, `orientation`, `spawntimesecs`, `spawndist`, `currentwaypoint`, `curhealth`, `curmana`, `MovementType`, `npcflag`, `unit_flags`, `dynamicflags`) VALUES (317276, '43159', '725', '0', '0', '3', '1', '11686', '0', '1302.98', '1236.65', '301.467', '6.12685', '7200', '0', '0', '5971', '0', '0', '0', '0', '0');
DELETE FROM `creature_addon` WHERE `guid` = 317276;
INSERT INTO `creature_addon` (`guid`, `path_id`, `mount`, `bytes1`, `bytes2`, `emote`, `auras`) VALUES (317276, '0', '0', '50331648', '1', '0', '0');

INSERT INTO `creature` (`guid`, `id`, `map`, `zone`, `area`, `spawnMask`, `phaseMask`, `modelid`, `equipment_id`, `position_x`, `position_y`, `position_z`, `orientation`, `spawntimesecs`, `spawndist`, `currentwaypoint`, `curhealth`, `curmana`, `MovementType`, `npcflag`, `unit_flags`, `dynamicflags`) VALUES (317277, '43159', '725', '0', '0', '3', '1', '11686', '0', '1278.5', '1203.58', '301.467', '6.12685', '7200', '0', '0', '5971', '0', '0', '0', '0', '0');
DELETE FROM `creature_addon` WHERE `guid` = 317277;
INSERT INTO `creature_addon` (`guid`, `path_id`, `mount`, `bytes1`, `bytes2`, `emote`, `auras`) VALUES (317277, '0', '0', '50331648', '1', '0', '0');

INSERT INTO `creature` (`guid`, `id`, `map`, `zone`, `area`, `spawnMask`, `phaseMask`, `modelid`, `equipment_id`, `position_x`, `position_y`, `position_z`, `orientation`, `spawntimesecs`, `spawndist`, `currentwaypoint`, `curhealth`, `curmana`, `MovementType`, `npcflag`, `unit_flags`, `dynamicflags`) VALUES (317278, '43159', '725', '0', '0', '3', '1', '11686', '0', '1247.53', '1207.66', '301.467', '6.12685', '7200', '0', '0', '5971', '0', '0', '0', '0', '0');
DELETE FROM `creature_addon` WHERE `guid` = 317278;
INSERT INTO `creature_addon` (`guid`, `path_id`, `mount`, `bytes1`, `bytes2`, `emote`, `auras`) VALUES (317278, '0', '0', '50331648', '1', '0', '0');

INSERT INTO `creature` (`guid`, `id`, `map`, `zone`, `area`, `spawnMask`, `phaseMask`, `modelid`, `equipment_id`, `position_x`, `position_y`, `position_z`, `orientation`, `spawntimesecs`, `spawndist`, `currentwaypoint`, `curhealth`, `curmana`, `MovementType`, `npcflag`, `unit_flags`, `dynamicflags`) VALUES (317279, '43159', '725', '0', '0', '3', '1', '11686', '0', '1298.72', '1194.33', '301.467', '6.12685', '7200', '0', '0', '5971', '0', '0', '0', '0', '0');
DELETE FROM `creature_addon` WHERE `guid` = 317279;
INSERT INTO `creature_addon` (`guid`, `path_id`, `mount`, `bytes1`, `bytes2`, `emote`, `auras`) VALUES (317279, '0', '0', '50331648', '1', '0', '0');

INSERT INTO `creature` (`guid`, `id`, `map`, `zone`, `area`, `spawnMask`, `phaseMask`, `modelid`, `equipment_id`, `position_x`, `position_y`, `position_z`, `orientation`, `spawntimesecs`, `spawndist`, `currentwaypoint`, `curhealth`, `curmana`, `MovementType`, `npcflag`, `unit_flags`, `dynamicflags`) VALUES (317280, '43159', '725', '0', '0', '3', '1', '11686', '0', '1268.98', '1203.86', '301.467', '6.12685', '7200', '0', '0', '5971', '0', '0', '0', '0', '0');
DELETE FROM `creature_addon` WHERE `guid` = 317280;
INSERT INTO `creature_addon` (`guid`, `path_id`, `mount`, `bytes1`, `bytes2`, `emote`, `auras`) VALUES (317280, '0', '0', '50331648', '1', '0', '0');

INSERT INTO `creature` (`guid`, `id`, `map`, `zone`, `area`, `spawnMask`, `phaseMask`, `modelid`, `equipment_id`, `position_x`, `position_y`, `position_z`, `orientation`, `spawntimesecs`, `spawndist`, `currentwaypoint`, `curhealth`, `curmana`, `MovementType`, `npcflag`, `unit_flags`, `dynamicflags`) VALUES (317281, '43159', '725', '0', '0', '3', '1', '11686', '0', '1307.57', '1194.73', '301.467', '6.12685', '7200', '0', '0', '5971', '0', '0', '0', '0', '0');
DELETE FROM `creature_addon` WHERE `guid` = 317281;
INSERT INTO `creature_addon` (`guid`, `path_id`, `mount`, `bytes1`, `bytes2`, `emote`, `auras`) VALUES (317281, '0', '0', '50331648', '1', '0', '0');

INSERT INTO `creature` (`guid`, `id`, `map`, `zone`, `area`, `spawnMask`, `phaseMask`, `modelid`, `equipment_id`, `position_x`, `position_y`, `position_z`, `orientation`, `spawntimesecs`, `spawndist`, `currentwaypoint`, `curhealth`, `curmana`, `MovementType`, `npcflag`, `unit_flags`, `dynamicflags`) VALUES (317282, '43159', '725', '0', '0', '3', '1', '11686', '0', '1268.68', '1248.67', '301.467', '6.12685', '7200', '0', '0', '5971', '0', '0', '0', '0', '0');
DELETE FROM `creature_addon` WHERE `guid` = 317282;
INSERT INTO `creature_addon` (`guid`, `path_id`, `mount`, `bytes1`, `bytes2`, `emote`, `auras`) VALUES (317282, '0', '0', '50331648', '1', '0', '0');

INSERT INTO `creature` (`guid`, `id`, `map`, `zone`, `area`, `spawnMask`, `phaseMask`, `modelid`, `equipment_id`, `position_x`, `position_y`, `position_z`, `orientation`, `spawntimesecs`, `spawndist`, `currentwaypoint`, `curhealth`, `curmana`, `MovementType`, `npcflag`, `unit_flags`, `dynamicflags`) VALUES (317283, '43159', '725', '0', '0', '3', '1', '11686', '0', '1304.69', '1208.52', '301.467', '6.12685', '7200', '0', '0', '5971', '0', '0', '0', '0', '0');
DELETE FROM `creature_addon` WHERE `guid` = 317283;
INSERT INTO `creature_addon` (`guid`, `path_id`, `mount`, `bytes1`, `bytes2`, `emote`, `auras`) VALUES (317283, '0', '0', '50331648', '1', '0', '0');

INSERT INTO `creature` (`guid`, `id`, `map`, `zone`, `area`, `spawnMask`, `phaseMask`, `modelid`, `equipment_id`, `position_x`, `position_y`, `position_z`, `orientation`, `spawntimesecs`, `spawndist`, `currentwaypoint`, `curhealth`, `curmana`, `MovementType`, `npcflag`, `unit_flags`, `dynamicflags`) VALUES (317284, '43159', '725', '0', '0', '3', '1', '11686', '0', '1247.83', '1213.79', '301.467', '6.12685', '7200', '0', '0', '5971', '0', '0', '0', '0', '0');
DELETE FROM `creature_addon` WHERE `guid` = 317284;
INSERT INTO `creature_addon` (`guid`, `path_id`, `mount`, `bytes1`, `bytes2`, `emote`, `auras`) VALUES (317284, '0', '0', '50331648', '1', '0', '0');

INSERT INTO `creature` (`guid`, `id`, `map`, `zone`, `area`, `spawnMask`, `phaseMask`, `modelid`, `equipment_id`, `position_x`, `position_y`, `position_z`, `orientation`, `spawntimesecs`, `spawndist`, `currentwaypoint`, `curhealth`, `curmana`, `MovementType`, `npcflag`, `unit_flags`, `dynamicflags`) VALUES (317285, '43159', '725', '0', '0', '3', '1', '11686', '0', '1300.95', '1234.24', '301.467', '6.12685', '7200', '0', '0', '5971', '0', '0', '0', '0', '0');
DELETE FROM `creature_addon` WHERE `guid` = 317285;
INSERT INTO `creature_addon` (`guid`, `path_id`, `mount`, `bytes1`, `bytes2`, `emote`, `auras`) VALUES (317285, '0', '0', '50331648', '1', '0', '0');

INSERT INTO `creature` (`guid`, `id`, `map`, `zone`, `area`, `spawnMask`, `phaseMask`, `modelid`, `equipment_id`, `position_x`, `position_y`, `position_z`, `orientation`, `spawntimesecs`, `spawndist`, `currentwaypoint`, `curhealth`, `curmana`, `MovementType`, `npcflag`, `unit_flags`, `dynamicflags`) VALUES (317286, '43159', '725', '0', '0', '3', '1', '11686', '0', '1315.91', '1228.39', '301.467', '6.12685', '7200', '0', '0', '5971', '0', '0', '0', '0', '0');
DELETE FROM `creature_addon` WHERE `guid` = 317286;
INSERT INTO `creature_addon` (`guid`, `path_id`, `mount`, `bytes1`, `bytes2`, `emote`, `auras`) VALUES (317286, '0', '0', '50331648', '1', '0', '0');

INSERT INTO `creature` (`guid`, `id`, `map`, `zone`, `area`, `spawnMask`, `phaseMask`, `modelid`, `equipment_id`, `position_x`, `position_y`, `position_z`, `orientation`, `spawntimesecs`, `spawndist`, `currentwaypoint`, `curhealth`, `curmana`, `MovementType`, `npcflag`, `unit_flags`, `dynamicflags`) VALUES (317287, '43159', '725', '0', '0', '3', '1', '11686', '0', '1315.02', '1211.01', '301.467', '6.12685', '7200', '0', '0', '5971', '0', '0', '0', '0', '0');
DELETE FROM `creature_addon` WHERE `guid` = 317287;
INSERT INTO `creature_addon` (`guid`, `path_id`, `mount`, `bytes1`, `bytes2`, `emote`, `auras`) VALUES (317287, '0', '0', '50331648', '1', '0', '0');

INSERT INTO `creature` (`guid`, `id`, `map`, `zone`, `area`, `spawnMask`, `phaseMask`, `modelid`, `equipment_id`, `position_x`, `position_y`, `position_z`, `orientation`, `spawntimesecs`, `spawndist`, `currentwaypoint`, `curhealth`, `curmana`, `MovementType`, `npcflag`, `unit_flags`, `dynamicflags`) VALUES (317288, '43159', '725', '0', '0', '3', '1', '11686', '0', '1297.29', '1238.19', '301.467', '6.12685', '7200', '0', '0', '5971', '0', '0', '0', '0', '0');
DELETE FROM `creature_addon` WHERE `guid` = 317288;
INSERT INTO `creature_addon` (`guid`, `path_id`, `mount`, `bytes1`, `bytes2`, `emote`, `auras`) VALUES (317288, '0', '0', '50331648', '1', '0', '0');

INSERT INTO `creature` (`guid`, `id`, `map`, `zone`, `area`, `spawnMask`, `phaseMask`, `modelid`, `equipment_id`, `position_x`, `position_y`, `position_z`, `orientation`, `spawntimesecs`, `spawndist`, `currentwaypoint`, `curhealth`, `curmana`, `MovementType`, `npcflag`, `unit_flags`, `dynamicflags`) VALUES (317289, '43159', '725', '0', '0', '3', '1', '11686', '0', '1297.68', '1191.96', '301.467', '6.12685', '7200', '0', '0', '5971', '0', '0', '0', '0', '0');
DELETE FROM `creature_addon` WHERE `guid` = 317289;
INSERT INTO `creature_addon` (`guid`, `path_id`, `mount`, `bytes1`, `bytes2`, `emote`, `auras`) VALUES (317289, '0', '0', '50331648', '1', '0', '0');

INSERT INTO `creature` (`guid`, `id`, `map`, `zone`, `area`, `spawnMask`, `phaseMask`, `modelid`, `equipment_id`, `position_x`, `position_y`, `position_z`, `orientation`, `spawntimesecs`, `spawndist`, `currentwaypoint`, `curhealth`, `curmana`, `MovementType`, `npcflag`, `unit_flags`, `dynamicflags`) VALUES (317290, '43159', '725', '0', '0', '3', '1', '11686', '0', '1282.21', '1223.26', '301.467', '6.12685', '7200', '0', '0', '5971', '0', '0', '0', '0', '0');
DELETE FROM `creature_addon` WHERE `guid` = 317290;
INSERT INTO `creature_addon` (`guid`, `path_id`, `mount`, `bytes1`, `bytes2`, `emote`, `auras`) VALUES (317290, '0', '0', '50331648', '1', '0', '0');

INSERT INTO `creature` (`guid`, `id`, `map`, `zone`, `area`, `spawnMask`, `phaseMask`, `modelid`, `equipment_id`, `position_x`, `position_y`, `position_z`, `orientation`, `spawntimesecs`, `spawndist`, `currentwaypoint`, `curhealth`, `curmana`, `MovementType`, `npcflag`, `unit_flags`, `dynamicflags`) VALUES (317291, '43159', '725', '0', '0', '3', '1', '11686', '0', '1307.15', '1196.71', '301.467', '6.12685', '7200', '0', '0', '5971', '0', '0', '0', '0', '0');
DELETE FROM `creature_addon` WHERE `guid` = 317291;
INSERT INTO `creature_addon` (`guid`, `path_id`, `mount`, `bytes1`, `bytes2`, `emote`, `auras`) VALUES (317291, '0', '0', '50331648', '1', '0', '0');

INSERT INTO `creature` (`guid`, `id`, `map`, `zone`, `area`, `spawnMask`, `phaseMask`, `modelid`, `equipment_id`, `position_x`, `position_y`, `position_z`, `orientation`, `spawntimesecs`, `spawndist`, `currentwaypoint`, `curhealth`, `curmana`, `MovementType`, `npcflag`, `unit_flags`, `dynamicflags`) VALUES (317292, '43159', '725', '0', '0', '3', '1', '11686', '0', '1300.28', '1193.98', '301.467', '6.12685', '7200', '0', '0', '5971', '0', '0', '0', '0', '0');
DELETE FROM `creature_addon` WHERE `guid` = 317292;
INSERT INTO `creature_addon` (`guid`, `path_id`, `mount`, `bytes1`, `bytes2`, `emote`, `auras`) VALUES (317292, '0', '0', '50331648', '1', '0', '0');

INSERT INTO `creature` (`guid`, `id`, `map`, `zone`, `area`, `spawnMask`, `phaseMask`, `modelid`, `equipment_id`, `position_x`, `position_y`, `position_z`, `orientation`, `spawntimesecs`, `spawndist`, `currentwaypoint`, `curhealth`, `curmana`, `MovementType`, `npcflag`, `unit_flags`, `dynamicflags`) VALUES (317293, '43159', '725', '0', '0', '3', '1', '11686', '0', '1299.18', '1199.07', '301.467', '6.12685', '7200', '0', '0', '5971', '0', '0', '0', '0', '0');
DELETE FROM `creature_addon` WHERE `guid` = 317293;
INSERT INTO `creature_addon` (`guid`, `path_id`, `mount`, `bytes1`, `bytes2`, `emote`, `auras`) VALUES (317293, '0', '0', '50331648', '1', '0', '0');

INSERT INTO `creature` (`guid`, `id`, `map`, `zone`, `area`, `spawnMask`, `phaseMask`, `modelid`, `equipment_id`, `position_x`, `position_y`, `position_z`, `orientation`, `spawntimesecs`, `spawndist`, `currentwaypoint`, `curhealth`, `curmana`, `MovementType`, `npcflag`, `unit_flags`, `dynamicflags`) VALUES (317294, '43159', '725', '0', '0', '3', '1', '11686', '0', '1306.61', '1222.99', '301.467', '6.12685', '7200', '0', '0', '5971', '0', '0', '0', '0', '0');
DELETE FROM `creature_addon` WHERE `guid` = 317294;
INSERT INTO `creature_addon` (`guid`, `path_id`, `mount`, `bytes1`, `bytes2`, `emote`, `auras`) VALUES (317294, '0', '0', '50331648', '1', '0', '0');

INSERT INTO `creature` (`guid`, `id`, `map`, `zone`, `area`, `spawnMask`, `phaseMask`, `modelid`, `equipment_id`, `position_x`, `position_y`, `position_z`, `orientation`, `spawntimesecs`, `spawndist`, `currentwaypoint`, `curhealth`, `curmana`, `MovementType`, `npcflag`, `unit_flags`, `dynamicflags`) VALUES (317295, '43159', '725', '0', '0', '3', '1', '11686', '0', '1280.8', '1250.11', '301.467', '6.12685', '7200', '0', '0', '5971', '0', '0', '0', '0', '0');
DELETE FROM `creature_addon` WHERE `guid` = 317295;
INSERT INTO `creature_addon` (`guid`, `path_id`, `mount`, `bytes1`, `bytes2`, `emote`, `auras`) VALUES (317295, '0', '0', '50331648', '1', '0', '0');

INSERT INTO `creature` (`guid`, `id`, `map`, `zone`, `area`, `spawnMask`, `phaseMask`, `modelid`, `equipment_id`, `position_x`, `position_y`, `position_z`, `orientation`, `spawntimesecs`, `spawndist`, `currentwaypoint`, `curhealth`, `curmana`, `MovementType`, `npcflag`, `unit_flags`, `dynamicflags`) VALUES (317296, '43159', '725', '0', '0', '3', '1', '11686', '0', '1259.12', '1241.84', '301.467', '6.12685', '7200', '0', '0', '5971', '0', '0', '0', '0', '0');
DELETE FROM `creature_addon` WHERE `guid` = 317296;
INSERT INTO `creature_addon` (`guid`, `path_id`, `mount`, `bytes1`, `bytes2`, `emote`, `auras`) VALUES (317296, '0', '0', '50331648', '1', '0', '0');

INSERT INTO `creature` (`guid`, `id`, `map`, `zone`, `area`, `spawnMask`, `phaseMask`, `modelid`, `equipment_id`, `position_x`, `position_y`, `position_z`, `orientation`, `spawntimesecs`, `spawndist`, `currentwaypoint`, `curhealth`, `curmana`, `MovementType`, `npcflag`, `unit_flags`, `dynamicflags`) VALUES (317297, '43159', '725', '0', '0', '3', '1', '11686', '0', '1273.36', '1230.59', '301.467', '6.12685', '7200', '0', '0', '5971', '0', '0', '0', '0', '0');
DELETE FROM `creature_addon` WHERE `guid` = 317297;
INSERT INTO `creature_addon` (`guid`, `path_id`, `mount`, `bytes1`, `bytes2`, `emote`, `auras`) VALUES (317297, '0', '0', '50331648', '1', '0', '0');

INSERT INTO `creature` (`guid`, `id`, `map`, `zone`, `area`, `spawnMask`, `phaseMask`, `modelid`, `equipment_id`, `position_x`, `position_y`, `position_z`, `orientation`, `spawntimesecs`, `spawndist`, `currentwaypoint`, `curhealth`, `curmana`, `MovementType`, `npcflag`, `unit_flags`, `dynamicflags`) VALUES (317298, '43159', '725', '0', '0', '3', '1', '11686', '0', '1301.39', '1240.91', '301.467', '6.12685', '7200', '0', '0', '5971', '0', '0', '0', '0', '0');
DELETE FROM `creature_addon` WHERE `guid` = 317298;
INSERT INTO `creature_addon` (`guid`, `path_id`, `mount`, `bytes1`, `bytes2`, `emote`, `auras`) VALUES (317298, '0', '0', '50331648', '1', '0', '0');

INSERT INTO `creature` (`guid`, `id`, `map`, `zone`, `area`, `spawnMask`, `phaseMask`, `modelid`, `equipment_id`, `position_x`, `position_y`, `position_z`, `orientation`, `spawntimesecs`, `spawndist`, `currentwaypoint`, `curhealth`, `curmana`, `MovementType`, `npcflag`, `unit_flags`, `dynamicflags`) VALUES (317299, '43159', '725', '0', '0', '3', '1', '11686', '0', '1249.1', '1235.21', '301.467', '6.12685', '7200', '0', '0', '5971', '0', '0', '0', '0', '0');
DELETE FROM `creature_addon` WHERE `guid` = 317299;
INSERT INTO `creature_addon` (`guid`, `path_id`, `mount`, `bytes1`, `bytes2`, `emote`, `auras`) VALUES (317299, '0', '0', '50331648', '1', '0', '0');

INSERT INTO `creature` (`guid`, `id`, `map`, `zone`, `area`, `spawnMask`, `phaseMask`, `modelid`, `equipment_id`, `position_x`, `position_y`, `position_z`, `orientation`, `spawntimesecs`, `spawndist`, `currentwaypoint`, `curhealth`, `curmana`, `MovementType`, `npcflag`, `unit_flags`, `dynamicflags`) VALUES (317300, '43159', '725', '0', '0', '3', '1', '11686', '0', '1240.98', '1212.59', '301.467', '6.12685', '7200', '0', '0', '5971', '0', '0', '0', '0', '0');
DELETE FROM `creature_addon` WHERE `guid` = 317300;
INSERT INTO `creature_addon` (`guid`, `path_id`, `mount`, `bytes1`, `bytes2`, `emote`, `auras`) VALUES (317300, '0', '0', '50331648', '1', '0', '0');

INSERT INTO `creature` (`guid`, `id`, `map`, `zone`, `area`, `spawnMask`, `phaseMask`, `modelid`, `equipment_id`, `position_x`, `position_y`, `position_z`, `orientation`, `spawntimesecs`, `spawndist`, `currentwaypoint`, `curhealth`, `curmana`, `MovementType`, `npcflag`, `unit_flags`, `dynamicflags`) VALUES (317301, '43159', '725', '0', '0', '3', '1', '11686', '0', '1283.65', '1214.38', '301.467', '6.12685', '7200', '0', '0', '5971', '0', '0', '0', '0', '0');
DELETE FROM `creature_addon` WHERE `guid` = 317301;
INSERT INTO `creature_addon` (`guid`, `path_id`, `mount`, `bytes1`, `bytes2`, `emote`, `auras`) VALUES (317301, '0', '0', '50331648', '1', '0', '0');

INSERT INTO `creature` (`guid`, `id`, `map`, `zone`, `area`, `spawnMask`, `phaseMask`, `modelid`, `equipment_id`, `position_x`, `position_y`, `position_z`, `orientation`, `spawntimesecs`, `spawndist`, `currentwaypoint`, `curhealth`, `curmana`, `MovementType`, `npcflag`, `unit_flags`, `dynamicflags`) VALUES (317302, '43159', '725', '0', '0', '3', '1', '11686', '0', '1277.46', '1203.41', '301.467', '6.12685', '7200', '0', '0', '5971', '0', '0', '0', '0', '0');
DELETE FROM `creature_addon` WHERE `guid` = 317302;
INSERT INTO `creature_addon` (`guid`, `path_id`, `mount`, `bytes1`, `bytes2`, `emote`, `auras`) VALUES (317302, '0', '0', '50331648', '1', '0', '0');

INSERT INTO `creature` (`guid`, `id`, `map`, `zone`, `area`, `spawnMask`, `phaseMask`, `modelid`, `equipment_id`, `position_x`, `position_y`, `position_z`, `orientation`, `spawntimesecs`, `spawndist`, `currentwaypoint`, `curhealth`, `curmana`, `MovementType`, `npcflag`, `unit_flags`, `dynamicflags`) VALUES (317303, '43159', '725', '0', '0', '3', '1', '11686', '0', '1271.31', '1211.39', '301.467', '6.12685', '7200', '0', '0', '5971', '0', '0', '0', '0', '0');
DELETE FROM `creature_addon` WHERE `guid` = 317303;
INSERT INTO `creature_addon` (`guid`, `path_id`, `mount`, `bytes1`, `bytes2`, `emote`, `auras`) VALUES (317303, '0', '0', '50331648', '1', '0', '0');

INSERT INTO `creature` (`guid`, `id`, `map`, `zone`, `area`, `spawnMask`, `phaseMask`, `modelid`, `equipment_id`, `position_x`, `position_y`, `position_z`, `orientation`, `spawntimesecs`, `spawndist`, `currentwaypoint`, `curhealth`, `curmana`, `MovementType`, `npcflag`, `unit_flags`, `dynamicflags`) VALUES (317304, '43159', '725', '0', '0', '3', '1', '11686', '0', '1285.38', '1227.33', '301.467', '6.12685', '7200', '0', '0', '5971', '0', '0', '0', '0', '0');
DELETE FROM `creature_addon` WHERE `guid` = 317304;
INSERT INTO `creature_addon` (`guid`, `path_id`, `mount`, `bytes1`, `bytes2`, `emote`, `auras`) VALUES (317304, '0', '0', '50331648', '1', '0', '0');

INSERT INTO `creature` (`guid`, `id`, `map`, `zone`, `area`, `spawnMask`, `phaseMask`, `modelid`, `equipment_id`, `position_x`, `position_y`, `position_z`, `orientation`, `spawntimesecs`, `spawndist`, `currentwaypoint`, `curhealth`, `curmana`, `MovementType`, `npcflag`, `unit_flags`, `dynamicflags`) VALUES (317305, '43159', '725', '0', '0', '3', '1', '11686', '0', '1259.79', '1233.02', '301.467', '6.12685', '7200', '0', '0', '5971', '0', '0', '0', '0', '0');
DELETE FROM `creature_addon` WHERE `guid` = 317305;
INSERT INTO `creature_addon` (`guid`, `path_id`, `mount`, `bytes1`, `bytes2`, `emote`, `auras`) VALUES (317305, '0', '0', '50331648', '1', '0', '0');

INSERT INTO `creature` (`guid`, `id`, `map`, `zone`, `area`, `spawnMask`, `phaseMask`, `modelid`, `equipment_id`, `position_x`, `position_y`, `position_z`, `orientation`, `spawntimesecs`, `spawndist`, `currentwaypoint`, `curhealth`, `curmana`, `MovementType`, `npcflag`, `unit_flags`, `dynamicflags`) VALUES (317306, '43159', '725', '0', '0', '3', '1', '11686', '0', '1245.8', '1218.44', '301.467', '6.12685', '7200', '0', '0', '5971', '0', '0', '0', '0', '0');
DELETE FROM `creature_addon` WHERE `guid` = 317306;
INSERT INTO `creature_addon` (`guid`, `path_id`, `mount`, `bytes1`, `bytes2`, `emote`, `auras`) VALUES (317306, '0', '0', '50331648', '1', '0', '0');

INSERT INTO `creature` (`guid`, `id`, `map`, `zone`, `area`, `spawnMask`, `phaseMask`, `modelid`, `equipment_id`, `position_x`, `position_y`, `position_z`, `orientation`, `spawntimesecs`, `spawndist`, `currentwaypoint`, `curhealth`, `curmana`, `MovementType`, `npcflag`, `unit_flags`, `dynamicflags`) VALUES (317307, '43159', '725', '0', '0', '3', '1', '11686', '0', '1282.41', '1225.43', '301.467', '6.12685', '7200', '0', '0', '5971', '0', '0', '0', '0', '0');
DELETE FROM `creature_addon` WHERE `guid` = 317307;
INSERT INTO `creature_addon` (`guid`, `path_id`, `mount`, `bytes1`, `bytes2`, `emote`, `auras`) VALUES (317307, '0', '0', '50331648', '1', '0', '0');

INSERT INTO `creature` (`guid`, `id`, `map`, `zone`, `area`, `spawnMask`, `phaseMask`, `modelid`, `equipment_id`, `position_x`, `position_y`, `position_z`, `orientation`, `spawntimesecs`, `spawndist`, `currentwaypoint`, `curhealth`, `curmana`, `MovementType`, `npcflag`, `unit_flags`, `dynamicflags`) VALUES (317308, '43159', '725', '0', '0', '3', '1', '11686', '0', '1291.63', '1201.56', '301.467', '6.12685', '7200', '0', '0', '5971', '0', '0', '0', '0', '0');
DELETE FROM `creature_addon` WHERE `guid` = 317308;
INSERT INTO `creature_addon` (`guid`, `path_id`, `mount`, `bytes1`, `bytes2`, `emote`, `auras`) VALUES (317308, '0', '0', '50331648', '1', '0', '0');

INSERT INTO `creature` (`guid`, `id`, `map`, `zone`, `area`, `spawnMask`, `phaseMask`, `modelid`, `equipment_id`, `position_x`, `position_y`, `position_z`, `orientation`, `spawntimesecs`, `spawndist`, `currentwaypoint`, `curhealth`, `curmana`, `MovementType`, `npcflag`, `unit_flags`, `dynamicflags`) VALUES (317309, '43159', '725', '0', '0', '3', '1', '11686', '0', '1279.99', '1199.18', '301.467', '6.12685', '7200', '0', '0', '5971', '0', '0', '0', '0', '0');
DELETE FROM `creature_addon` WHERE `guid` = 317309;
INSERT INTO `creature_addon` (`guid`, `path_id`, `mount`, `bytes1`, `bytes2`, `emote`, `auras`) VALUES (317309, '0', '0', '50331648', '1', '0', '0');

INSERT INTO `creature` (`guid`, `id`, `map`, `zone`, `area`, `spawnMask`, `phaseMask`, `modelid`, `equipment_id`, `position_x`, `position_y`, `position_z`, `orientation`, `spawntimesecs`, `spawndist`, `currentwaypoint`, `curhealth`, `curmana`, `MovementType`, `npcflag`, `unit_flags`, `dynamicflags`) VALUES (317310, '43159', '725', '0', '0', '3', '1', '11686', '0', '1293.13', '1184.28', '301.467', '6.12685', '7200', '0', '0', '5971', '0', '0', '0', '0', '0');
DELETE FROM `creature_addon` WHERE `guid` = 317310;
INSERT INTO `creature_addon` (`guid`, `path_id`, `mount`, `bytes1`, `bytes2`, `emote`, `auras`) VALUES (317310, '0', '0', '50331648', '1', '0', '0');

INSERT INTO `creature` (`guid`, `id`, `map`, `zone`, `area`, `spawnMask`, `phaseMask`, `modelid`, `equipment_id`, `position_x`, `position_y`, `position_z`, `orientation`, `spawntimesecs`, `spawndist`, `currentwaypoint`, `curhealth`, `curmana`, `MovementType`, `npcflag`, `unit_flags`, `dynamicflags`) VALUES (317311, '43159', '725', '0', '0', '3', '1', '11686', '0', '1255.69', '1237.15', '301.467', '6.12685', '7200', '0', '0', '5971', '0', '0', '0', '0', '0');
DELETE FROM `creature_addon` WHERE `guid` = 317311;
INSERT INTO `creature_addon` (`guid`, `path_id`, `mount`, `bytes1`, `bytes2`, `emote`, `auras`) VALUES (317311, '0', '0', '50331648', '1', '0', '0');

INSERT INTO `creature` (`guid`, `id`, `map`, `zone`, `area`, `spawnMask`, `phaseMask`, `modelid`, `equipment_id`, `position_x`, `position_y`, `position_z`, `orientation`, `spawntimesecs`, `spawndist`, `currentwaypoint`, `curhealth`, `curmana`, `MovementType`, `npcflag`, `unit_flags`, `dynamicflags`) VALUES (317312, '43159', '725', '0', '0', '3', '1', '11686', '0', '1285.71', '1187.78', '301.467', '6.12685', '7200', '0', '0', '5971', '0', '0', '0', '0', '0');
DELETE FROM `creature_addon` WHERE `guid` = 317312;
INSERT INTO `creature_addon` (`guid`, `path_id`, `mount`, `bytes1`, `bytes2`, `emote`, `auras`) VALUES (317312, '0', '0', '50331648', '1', '0', '0');

INSERT INTO `creature` (`guid`, `id`, `map`, `zone`, `area`, `spawnMask`, `phaseMask`, `modelid`, `equipment_id`, `position_x`, `position_y`, `position_z`, `orientation`, `spawntimesecs`, `spawndist`, `currentwaypoint`, `curhealth`, `curmana`, `MovementType`, `npcflag`, `unit_flags`, `dynamicflags`) VALUES (317313, '43159', '725', '0', '0', '3', '1', '11686', '0', '1257.34', '1237.15', '301.467', '6.12685', '7200', '0', '0', '5971', '0', '0', '0', '0', '0');
DELETE FROM `creature_addon` WHERE `guid` = 317313;
INSERT INTO `creature_addon` (`guid`, `path_id`, `mount`, `bytes1`, `bytes2`, `emote`, `auras`) VALUES (317313, '0', '0', '50331648', '1', '0', '0');

INSERT INTO `creature` (`guid`, `id`, `map`, `zone`, `area`, `spawnMask`, `phaseMask`, `modelid`, `equipment_id`, `position_x`, `position_y`, `position_z`, `orientation`, `spawntimesecs`, `spawndist`, `currentwaypoint`, `curhealth`, `curmana`, `MovementType`, `npcflag`, `unit_flags`, `dynamicflags`) VALUES (317314, '43159', '725', '0', '0', '3', '1', '11686', '0', '1257.87', '1208.18', '301.467', '6.12685', '7200', '0', '0', '5971', '0', '0', '0', '0', '0');
DELETE FROM `creature_addon` WHERE `guid` = 317314;
INSERT INTO `creature_addon` (`guid`, `path_id`, `mount`, `bytes1`, `bytes2`, `emote`, `auras`) VALUES (317314, '0', '0', '50331648', '1', '0', '0');

INSERT INTO `creature` (`guid`, `id`, `map`, `zone`, `area`, `spawnMask`, `phaseMask`, `modelid`, `equipment_id`, `position_x`, `position_y`, `position_z`, `orientation`, `spawntimesecs`, `spawndist`, `currentwaypoint`, `curhealth`, `curmana`, `MovementType`, `npcflag`, `unit_flags`, `dynamicflags`) VALUES (317315, '43159', '725', '0', '0', '3', '1', '11686', '0', '1269.44', '1189.54', '301.467', '6.12685', '7200', '0', '0', '5971', '0', '0', '0', '0', '0');
DELETE FROM `creature_addon` WHERE `guid` = 317315;
INSERT INTO `creature_addon` (`guid`, `path_id`, `mount`, `bytes1`, `bytes2`, `emote`, `auras`) VALUES (317315, '0', '0', '50331648', '1', '0', '0');

INSERT INTO `creature` (`guid`, `id`, `map`, `zone`, `area`, `spawnMask`, `phaseMask`, `modelid`, `equipment_id`, `position_x`, `position_y`, `position_z`, `orientation`, `spawntimesecs`, `spawndist`, `currentwaypoint`, `curhealth`, `curmana`, `MovementType`, `npcflag`, `unit_flags`, `dynamicflags`) VALUES (317316, '43159', '725', '0', '0', '3', '1', '11686', '0', '1250.77', '1223.58', '301.467', '6.12685', '7200', '0', '0', '5971', '0', '0', '0', '0', '0');
DELETE FROM `creature_addon` WHERE `guid` = 317316;
INSERT INTO `creature_addon` (`guid`, `path_id`, `mount`, `bytes1`, `bytes2`, `emote`, `auras`) VALUES (317316, '0', '0', '50331648', '1', '0', '0');

INSERT INTO `creature` (`guid`, `id`, `map`, `zone`, `area`, `spawnMask`, `phaseMask`, `modelid`, `equipment_id`, `position_x`, `position_y`, `position_z`, `orientation`, `spawntimesecs`, `spawndist`, `currentwaypoint`, `curhealth`, `curmana`, `MovementType`, `npcflag`, `unit_flags`, `dynamicflags`) VALUES (317317, '43159', '725', '0', '0', '3', '1', '11686', '0', '1303.64', '1227.39', '301.467', '6.12685', '7200', '0', '0', '5971', '0', '0', '0', '0', '0');
DELETE FROM `creature_addon` WHERE `guid` = 317317;
INSERT INTO `creature_addon` (`guid`, `path_id`, `mount`, `bytes1`, `bytes2`, `emote`, `auras`) VALUES (317317, '0', '0', '50331648', '1', '0', '0');

INSERT INTO `creature` (`guid`, `id`, `map`, `zone`, `area`, `spawnMask`, `phaseMask`, `modelid`, `equipment_id`, `position_x`, `position_y`, `position_z`, `orientation`, `spawntimesecs`, `spawndist`, `currentwaypoint`, `curhealth`, `curmana`, `MovementType`, `npcflag`, `unit_flags`, `dynamicflags`) VALUES (317318, '43159', '725', '0', '0', '3', '1', '11686', '0', '1275.12', '1223.1', '301.467', '6.12685', '7200', '0', '0', '5971', '0', '0', '0', '0', '0');
DELETE FROM `creature_addon` WHERE `guid` = 317318;
INSERT INTO `creature_addon` (`guid`, `path_id`, `mount`, `bytes1`, `bytes2`, `emote`, `auras`) VALUES (317318, '0', '0', '50331648', '1', '0', '0');

INSERT INTO `creature` (`guid`, `id`, `map`, `zone`, `area`, `spawnMask`, `phaseMask`, `modelid`, `equipment_id`, `position_x`, `position_y`, `position_z`, `orientation`, `spawntimesecs`, `spawndist`, `currentwaypoint`, `curhealth`, `curmana`, `MovementType`, `npcflag`, `unit_flags`, `dynamicflags`) VALUES (317319, '43159', '725', '0', '0', '3', '1', '11686', '0', '1248.02', '1227.62', '301.467', '6.12685', '7200', '0', '0', '5971', '0', '0', '0', '0', '0');
DELETE FROM `creature_addon` WHERE `guid` = 317319;
INSERT INTO `creature_addon` (`guid`, `path_id`, `mount`, `bytes1`, `bytes2`, `emote`, `auras`) VALUES (317319, '0', '0', '50331648', '1', '0', '0');

INSERT INTO `creature` (`guid`, `id`, `map`, `zone`, `area`, `spawnMask`, `phaseMask`, `modelid`, `equipment_id`, `position_x`, `position_y`, `position_z`, `orientation`, `spawntimesecs`, `spawndist`, `currentwaypoint`, `curhealth`, `curmana`, `MovementType`, `npcflag`, `unit_flags`, `dynamicflags`) VALUES (317320, '43159', '725', '0', '0', '3', '1', '11686', '0', '1256.51', '1204.44', '301.467', '6.12685', '7200', '0', '0', '5971', '0', '0', '0', '0', '0');
DELETE FROM `creature_addon` WHERE `guid` = 317320;
INSERT INTO `creature_addon` (`guid`, `path_id`, `mount`, `bytes1`, `bytes2`, `emote`, `auras`) VALUES (317320, '0', '0', '50331648', '1', '0', '0');

INSERT INTO `creature` (`guid`, `id`, `map`, `zone`, `area`, `spawnMask`, `phaseMask`, `modelid`, `equipment_id`, `position_x`, `position_y`, `position_z`, `orientation`, `spawntimesecs`, `spawndist`, `currentwaypoint`, `curhealth`, `curmana`, `MovementType`, `npcflag`, `unit_flags`, `dynamicflags`) VALUES (317321, '43159', '725', '0', '0', '3', '1', '11686', '0', '1263.33', '1244.55', '301.467', '6.12685', '7200', '0', '0', '5971', '0', '0', '0', '0', '0');
DELETE FROM `creature_addon` WHERE `guid` = 317321;
INSERT INTO `creature_addon` (`guid`, `path_id`, `mount`, `bytes1`, `bytes2`, `emote`, `auras`) VALUES (317321, '0', '0', '50331648', '1', '0', '0');

INSERT INTO `creature` (`guid`, `id`, `map`, `zone`, `area`, `spawnMask`, `phaseMask`, `modelid`, `equipment_id`, `position_x`, `position_y`, `position_z`, `orientation`, `spawntimesecs`, `spawndist`, `currentwaypoint`, `curhealth`, `curmana`, `MovementType`, `npcflag`, `unit_flags`, `dynamicflags`) VALUES (317322, '43159', '725', '0', '0', '3', '1', '11686', '0', '1268.04', '1204.83', '301.467', '6.12685', '7200', '0', '0', '5971', '0', '0', '0', '0', '0');
DELETE FROM `creature_addon` WHERE `guid` = 317322;
INSERT INTO `creature_addon` (`guid`, `path_id`, `mount`, `bytes1`, `bytes2`, `emote`, `auras`) VALUES (317322, '0', '0', '50331648', '1', '0', '0');

INSERT INTO `creature` (`guid`, `id`, `map`, `zone`, `area`, `spawnMask`, `phaseMask`, `modelid`, `equipment_id`, `position_x`, `position_y`, `position_z`, `orientation`, `spawntimesecs`, `spawndist`, `currentwaypoint`, `curhealth`, `curmana`, `MovementType`, `npcflag`, `unit_flags`, `dynamicflags`) VALUES (317323, '43159', '725', '0', '0', '3', '1', '11686', '0', '1266.56', '1246.99', '301.467', '6.12685', '7200', '0', '0', '5971', '0', '0', '0', '0', '0');
DELETE FROM `creature_addon` WHERE `guid` = 317323;
INSERT INTO `creature_addon` (`guid`, `path_id`, `mount`, `bytes1`, `bytes2`, `emote`, `auras`) VALUES (317323, '0', '0', '50331648', '1', '0', '0');

INSERT INTO `creature` (`guid`, `id`, `map`, `zone`, `area`, `spawnMask`, `phaseMask`, `modelid`, `equipment_id`, `position_x`, `position_y`, `position_z`, `orientation`, `spawntimesecs`, `spawndist`, `currentwaypoint`, `curhealth`, `curmana`, `MovementType`, `npcflag`, `unit_flags`, `dynamicflags`) VALUES (317324, '43159', '725', '0', '0', '3', '1', '11686', '0', '1264.28', '1248.65', '301.467', '6.12685', '7200', '0', '0', '5971', '0', '0', '0', '0', '0');
DELETE FROM `creature_addon` WHERE `guid` = 317324;
INSERT INTO `creature_addon` (`guid`, `path_id`, `mount`, `bytes1`, `bytes2`, `emote`, `auras`) VALUES (317324, '0', '0', '50331648', '1', '0', '0');

INSERT INTO `creature` (`guid`, `id`, `map`, `zone`, `area`, `spawnMask`, `phaseMask`, `modelid`, `equipment_id`, `position_x`, `position_y`, `position_z`, `orientation`, `spawntimesecs`, `spawndist`, `currentwaypoint`, `curhealth`, `curmana`, `MovementType`, `npcflag`, `unit_flags`, `dynamicflags`) VALUES (317325, '43159', '725', '0', '0', '3', '1', '11686', '0', '1302.16', '1233.28', '301.467', '6.12685', '7200', '0', '0', '5971', '0', '0', '0', '0', '0');
DELETE FROM `creature_addon` WHERE `guid` = 317325;
INSERT INTO `creature_addon` (`guid`, `path_id`, `mount`, `bytes1`, `bytes2`, `emote`, `auras`) VALUES (317325, '0', '0', '50331648', '1', '0', '0');

INSERT INTO `creature` (`guid`, `id`, `map`, `zone`, `area`, `spawnMask`, `phaseMask`, `modelid`, `equipment_id`, `position_x`, `position_y`, `position_z`, `orientation`, `spawntimesecs`, `spawndist`, `currentwaypoint`, `curhealth`, `curmana`, `MovementType`, `npcflag`, `unit_flags`, `dynamicflags`) VALUES (317326, '43159', '725', '0', '0', '3', '1', '11686', '0', '1264.34', '1245.69', '301.467', '6.12685', '7200', '0', '0', '5971', '0', '0', '0', '0', '0');
DELETE FROM `creature_addon` WHERE `guid` = 317326;
INSERT INTO `creature_addon` (`guid`, `path_id`, `mount`, `bytes1`, `bytes2`, `emote`, `auras`) VALUES (317326, '0', '0', '50331648', '1', '0', '0');

INSERT INTO `creature` (`guid`, `id`, `map`, `zone`, `area`, `spawnMask`, `phaseMask`, `modelid`, `equipment_id`, `position_x`, `position_y`, `position_z`, `orientation`, `spawntimesecs`, `spawndist`, `currentwaypoint`, `curhealth`, `curmana`, `MovementType`, `npcflag`, `unit_flags`, `dynamicflags`) VALUES (317327, '43159', '725', '0', '0', '3', '1', '11686', '0', '1314.62', '1231.49', '301.467', '6.12685', '7200', '0', '0', '5971', '0', '0', '0', '0', '0');
DELETE FROM `creature_addon` WHERE `guid` = 317327;
INSERT INTO `creature_addon` (`guid`, `path_id`, `mount`, `bytes1`, `bytes2`, `emote`, `auras`) VALUES (317327, '0', '0', '50331648', '1', '0', '0');

INSERT INTO `creature` (`guid`, `id`, `map`, `zone`, `area`, `spawnMask`, `phaseMask`, `modelid`, `equipment_id`, `position_x`, `position_y`, `position_z`, `orientation`, `spawntimesecs`, `spawndist`, `currentwaypoint`, `curhealth`, `curmana`, `MovementType`, `npcflag`, `unit_flags`, `dynamicflags`) VALUES (317328, '43159', '725', '0', '0', '3', '1', '11686', '0', '1256.75', '1240.78', '301.467', '6.12685', '7200', '0', '0', '5971', '0', '0', '0', '0', '0');
DELETE FROM `creature_addon` WHERE `guid` = 317328;
INSERT INTO `creature_addon` (`guid`, `path_id`, `mount`, `bytes1`, `bytes2`, `emote`, `auras`) VALUES (317328, '0', '0', '50331648', '1', '0', '0');

INSERT INTO `creature` (`guid`, `id`, `map`, `zone`, `area`, `spawnMask`, `phaseMask`, `modelid`, `equipment_id`, `position_x`, `position_y`, `position_z`, `orientation`, `spawntimesecs`, `spawndist`, `currentwaypoint`, `curhealth`, `curmana`, `MovementType`, `npcflag`, `unit_flags`, `dynamicflags`) VALUES (317329, '43159', '725', '0', '0', '3', '1', '11686', '0', '1286.85', '1184.7', '301.467', '6.12685', '7200', '0', '0', '5971', '0', '0', '0', '0', '0');
DELETE FROM `creature_addon` WHERE `guid` = 317329;
INSERT INTO `creature_addon` (`guid`, `path_id`, `mount`, `bytes1`, `bytes2`, `emote`, `auras`) VALUES (317329, '0', '0', '50331648', '1', '0', '0');

INSERT INTO `creature` (`guid`, `id`, `map`, `zone`, `area`, `spawnMask`, `phaseMask`, `modelid`, `equipment_id`, `position_x`, `position_y`, `position_z`, `orientation`, `spawntimesecs`, `spawndist`, `currentwaypoint`, `curhealth`, `curmana`, `MovementType`, `npcflag`, `unit_flags`, `dynamicflags`) VALUES (317332, '43014', '725', '0', '0', '3', '1', '4449', '0', '1540.28', '1187.17', '222.977', '3.30508', '7200', '0', '0', '4468', '16676', '0', '0', '0', '0');
DELETE FROM `creature_addon` WHERE `guid` = 317332;
INSERT INTO `creature_addon` (`guid`, `path_id`, `mount`, `bytes1`, `bytes2`, `emote`, `auras`) VALUES (317332, '0', '0', '50331648', '1', '0', '0');

INSERT INTO `creature` (`guid`, `id`, `map`, `zone`, `area`, `spawnMask`, `phaseMask`, `modelid`, `equipment_id`, `position_x`, `position_y`, `position_z`, `orientation`, `spawntimesecs`, `spawndist`, `currentwaypoint`, `curhealth`, `curmana`, `MovementType`, `npcflag`, `unit_flags`, `dynamicflags`) VALUES (317333, '43014', '725', '0', '0', '3', '1', '4449', '0', '1565.77', '1139.49', '219.331', '2.05378', '7200', '0', '0', '4468', '16676', '0', '0', '0', '0');
DELETE FROM `creature_addon` WHERE `guid` = 317333;
INSERT INTO `creature_addon` (`guid`, `path_id`, `mount`, `bytes1`, `bytes2`, `emote`, `auras`) VALUES (317333, '0', '0', '50331648', '1', '0', '0');

INSERT INTO `creature` (`guid`, `id`, `map`, `zone`, `area`, `spawnMask`, `phaseMask`, `modelid`, `equipment_id`, `position_x`, `position_y`, `position_z`, `orientation`, `spawntimesecs`, `spawndist`, `currentwaypoint`, `curhealth`, `curmana`, `MovementType`, `npcflag`, `unit_flags`, `dynamicflags`) VALUES (317334, '43014', '725', '0', '0', '3', '1', '4449', '0', '1533.55', '1135.27', '219.999', '6.0024', '7200', '0', '0', '4468', '16676', '0', '0', '0', '0');
DELETE FROM `creature_addon` WHERE `guid` = 317334;
INSERT INTO `creature_addon` (`guid`, `path_id`, `mount`, `bytes1`, `bytes2`, `emote`, `auras`) VALUES (317334, '0', '0', '50331648', '1', '0', '0');

INSERT INTO `creature` (`guid`, `id`, `map`, `zone`, `area`, `spawnMask`, `phaseMask`, `modelid`, `equipment_id`, `position_x`, `position_y`, `position_z`, `orientation`, `spawntimesecs`, `spawndist`, `currentwaypoint`, `curhealth`, `curmana`, `MovementType`, `npcflag`, `unit_flags`, `dynamicflags`) VALUES (317335, '43014', '725', '0', '0', '3', '1', '4449', '0', '1531.32', '1108.07', '219.968', '0.786529', '7200', '0', '0', '4468', '16676', '0', '0', '0', '0');
DELETE FROM `creature_addon` WHERE `guid` = 317335;
INSERT INTO `creature_addon` (`guid`, `path_id`, `mount`, `bytes1`, `bytes2`, `emote`, `auras`) VALUES (317335, '0', '0', '50331648', '1', '0', '0');

INSERT INTO `creature` (`guid`, `id`, `map`, `zone`, `area`, `spawnMask`, `phaseMask`, `modelid`, `equipment_id`, `position_x`, `position_y`, `position_z`, `orientation`, `spawntimesecs`, `spawndist`, `currentwaypoint`, `curhealth`, `curmana`, `MovementType`, `npcflag`, `unit_flags`, `dynamicflags`) VALUES (317336, '43014', '725', '0', '0', '3', '1', '4449', '0', '1533.9', '1109.75', '219.956', '5.48949', '7200', '0', '0', '4468', '16676', '0', '0', '0', '0');
DELETE FROM `creature_addon` WHERE `guid` = 317336;
INSERT INTO `creature_addon` (`guid`, `path_id`, `mount`, `bytes1`, `bytes2`, `emote`, `auras`) VALUES (317336, '0', '0', '50331648', '1', '0', '0');

INSERT INTO `creature` (`guid`, `id`, `map`, `zone`, `area`, `spawnMask`, `phaseMask`, `modelid`, `equipment_id`, `position_x`, `position_y`, `position_z`, `orientation`, `spawntimesecs`, `spawndist`, `currentwaypoint`, `curhealth`, `curmana`, `MovementType`, `npcflag`, `unit_flags`, `dynamicflags`) VALUES (317337, '49597', '725', '0', '0', '3', '1', '11686', '0', '1479.27', '1074.84', '218.274', '3.08148', '7200', '0', '0', '5000', '0', '0', '0', '0', '0');
DELETE FROM `creature_addon` WHERE `guid` = 317337;
INSERT INTO `creature_addon` (`guid`, `path_id`, `mount`, `bytes1`, `bytes2`, `emote`, `auras`) VALUES (317337, '0', '0', '0', '1', '0', '0');

INSERT INTO `creature` (`guid`, `id`, `map`, `zone`, `area`, `spawnMask`, `phaseMask`, `modelid`, `equipment_id`, `position_x`, `position_y`, `position_z`, `orientation`, `spawntimesecs`, `spawndist`, `currentwaypoint`, `curhealth`, `curmana`, `MovementType`, `npcflag`, `unit_flags`, `dynamicflags`) VALUES (317338, '49597', '725', '0', '0', '3', '1', '11686', '0', '1482.75', '1074.3', '217.197', '1.22695', '7200', '0', '0', '5000', '0', '0', '0', '0', '0');
DELETE FROM `creature_addon` WHERE `guid` = 317338;
INSERT INTO `creature_addon` (`guid`, `path_id`, `mount`, `bytes1`, `bytes2`, `emote`, `auras`) VALUES (317338, '0', '0', '0', '1', '0', '0');

INSERT INTO `creature` (`guid`, `id`, `map`, `zone`, `area`, `spawnMask`, `phaseMask`, `modelid`, `equipment_id`, `position_x`, `position_y`, `position_z`, `orientation`, `spawntimesecs`, `spawndist`, `currentwaypoint`, `curhealth`, `curmana`, `MovementType`, `npcflag`, `unit_flags`, `dynamicflags`) VALUES (317339, '49597', '725', '0', '0', '3', '1', '11686', '0', '1470.99', '1055.48', '217.481', '2.8032', '7200', '0', '0', '5000', '0', '0', '0', '0', '0');
DELETE FROM `creature_addon` WHERE `guid` = 317339;
INSERT INTO `creature_addon` (`guid`, `path_id`, `mount`, `bytes1`, `bytes2`, `emote`, `auras`) VALUES (317339, '0', '0', '0', '1', '0', '0');

INSERT INTO `creature` (`guid`, `id`, `map`, `zone`, `area`, `spawnMask`, `phaseMask`, `modelid`, `equipment_id`, `position_x`, `position_y`, `position_z`, `orientation`, `spawntimesecs`, `spawndist`, `currentwaypoint`, `curhealth`, `curmana`, `MovementType`, `npcflag`, `unit_flags`, `dynamicflags`) VALUES (317340, '49597', '725', '0', '0', '3', '1', '11686', '0', '1464.08', '1049.16', '217.431', '3.11128', '7200', '0', '0', '5000', '0', '0', '0', '0', '0');
DELETE FROM `creature_addon` WHERE `guid` = 317340;
INSERT INTO `creature_addon` (`guid`, `path_id`, `mount`, `bytes1`, `bytes2`, `emote`, `auras`) VALUES (317340, '0', '0', '0', '1', '0', '0');

INSERT INTO `creature` (`guid`, `id`, `map`, `zone`, `area`, `spawnMask`, `phaseMask`, `modelid`, `equipment_id`, `position_x`, `position_y`, `position_z`, `orientation`, `spawntimesecs`, `spawndist`, `currentwaypoint`, `curhealth`, `curmana`, `MovementType`, `npcflag`, `unit_flags`, `dynamicflags`) VALUES (317341, '49597', '725', '0', '0', '3', '1', '11686', '0', '1455.86', '1055.05', '216.406', '2.59529', '7200', '0', '0', '5000', '0', '0', '0', '0', '0');
DELETE FROM `creature_addon` WHERE `guid` = 317341;
INSERT INTO `creature_addon` (`guid`, `path_id`, `mount`, `bytes1`, `bytes2`, `emote`, `auras`) VALUES (317341, '0', '0', '0', '1', '0', '0');

INSERT INTO `creature` (`guid`, `id`, `map`, `zone`, `area`, `spawnMask`, `phaseMask`, `modelid`, `equipment_id`, `position_x`, `position_y`, `position_z`, `orientation`, `spawntimesecs`, `spawndist`, `currentwaypoint`, `curhealth`, `curmana`, `MovementType`, `npcflag`, `unit_flags`, `dynamicflags`) VALUES (317342, '42428', '725', '0', '0', '3', '1', '37236', '1', '1276.84', '1042.38', '210.022', '2.49582', '7200', '0', '0', '10736', '0', '0', '0', '0', '0');
DELETE FROM `creature_addon` WHERE `guid` = 317342;
INSERT INTO `creature_addon` (`guid`, `path_id`, `mount`, `bytes1`, `bytes2`, `emote`, `auras`) VALUES (317342, '0', '0', '0', '1', '0', '0');

INSERT INTO `creature` (`guid`, `id`, `map`, `zone`, `area`, `spawnMask`, `phaseMask`, `modelid`, `equipment_id`, `position_x`, `position_y`, `position_z`, `orientation`, `spawntimesecs`, `spawndist`, `currentwaypoint`, `curhealth`, `curmana`, `MovementType`, `npcflag`, `unit_flags`, `dynamicflags`) VALUES (317343, '42428', '725', '0', '0', '3', '1', '37238', '1', '1281.14', '1042.85', '210.041', '2.49582', '7200', '0', '0', '10736', '0', '0', '0', '0', '0');
DELETE FROM `creature_addon` WHERE `guid` = 317343;
INSERT INTO `creature_addon` (`guid`, `path_id`, `mount`, `bytes1`, `bytes2`, `emote`, `auras`) VALUES (317343, '0', '0', '0', '1', '0', '0');

INSERT INTO `creature` (`guid`, `id`, `map`, `zone`, `area`, `spawnMask`, `phaseMask`, `modelid`, `equipment_id`, `position_x`, `position_y`, `position_z`, `orientation`, `spawntimesecs`, `spawndist`, `currentwaypoint`, `curhealth`, `curmana`, `MovementType`, `npcflag`, `unit_flags`, `dynamicflags`) VALUES (317344, '42428', '725', '0', '0', '3', '1', '37235', '1', '1273.66', '1051.08', '210.594', '2.49582', '7200', '0', '0', '10736', '0', '0', '0', '0', '0');
DELETE FROM `creature_addon` WHERE `guid` = 317344;
INSERT INTO `creature_addon` (`guid`, `path_id`, `mount`, `bytes1`, `bytes2`, `emote`, `auras`) VALUES (317344, '0', '0', '0', '1', '0', '0');

INSERT INTO `creature` (`guid`, `id`, `map`, `zone`, `area`, `spawnMask`, `phaseMask`, `modelid`, `equipment_id`, `position_x`, `position_y`, `position_z`, `orientation`, `spawntimesecs`, `spawndist`, `currentwaypoint`, `curhealth`, `curmana`, `MovementType`, `npcflag`, `unit_flags`, `dynamicflags`) VALUES (317345, '42428', '725', '0', '0', '3', '1', '37235', '1', '1263.57', '968.407', '205.998', '0.386301', '7200', '0', '0', '10736', '0', '2', '0', '0', '0');
DELETE FROM `creature_addon` WHERE `guid` = 317345;
INSERT INTO `creature_addon` (`guid`, `path_id`, `mount`, `bytes1`, `bytes2`, `emote`, `auras`) VALUES (317345, '317345', '0', '0', '1', '0', '0');

DELETE FROM `waypoint_data` WHERE `id` = 317345;
INSERT INTO `waypoint_data` (`id`, `point`, `position_x`, `position_y`, `position_z`, `orientation`, `delay`, `move_flag`, `action`, `action_chance`, `inverse_formation_angle`, `wpguid`) VALUES
(317345, '1', '1260.11', '966.895', '205.994', '0', '0', '0', '0', '100', '0', '0'),
(317345, '2', '1260.99', '967.358', '205.994', '0', '0', '0', '0', '100', '0', '0'),
(317345, '3', '1264.71', '968.869', '205.999', '0', '0', '0', '0', '100', '0', '0'),
(317345, '4', '1277', '973.867', '206.49', '0', '0', '0', '0', '100', '0', '0'),
(317345, '5', '1279.44', '974.86', '206.995', '0', '0', '0', '0', '100', '0', '0'),
(317345, '6', '1284.11', '976.761', '207.228', '0', '0', '0', '0', '100', '0', '0'),
(317345, '7', '1292.94', '980.349', '207.204', '0', '0', '0', '0', '100', '0', '0'),
(317345, '8', '1309.18', '986.956', '207.613', '0', '0', '0', '0', '100', '0', '0'),
(317345, '9', '1325.8', '993.717', '208.165', '0', '0', '0', '0', '100', '0', '0'),
(317345, '10', '1349.85', '1003.5', '208.536', '0', '0', '0', '0', '100', '0', '0'),
(317345, '11', '1350.85', '1003.91', '208.564', '0', '0', '0', '0', '100', '0', '0'),
(317345, '12', '1352.4', '1004.54', '208.616', '0', '0', '0', '0', '100', '0', '0'),
(317345, '13', '1352.4', '1004.54', '208.616', '0', '0', '0', '0', '100', '0', '0');


INSERT INTO `creature` (`guid`, `id`, `map`, `zone`, `area`, `spawnMask`, `phaseMask`, `modelid`, `equipment_id`, `position_x`, `position_y`, `position_z`, `orientation`, `spawntimesecs`, `spawndist`, `currentwaypoint`, `curhealth`, `curmana`, `MovementType`, `npcflag`, `unit_flags`, `dynamicflags`) VALUES (317346, '42428', '725', '0', '0', '3', '1', '37235', '1', '1300.43', '973.849', '206.786', '0.51648', '7200', '0', '0', '10736', '0', '2', '0', '0', '0');
DELETE FROM `creature_addon` WHERE `guid` = 317346;
INSERT INTO `creature_addon` (`guid`, `path_id`, `mount`, `bytes1`, `bytes2`, `emote`, `auras`) VALUES (317346, '317346', '0', '0', '1', '0', '0');

DELETE FROM `waypoint_data` WHERE `id` = 317346;
INSERT INTO `waypoint_data` (`id`, `point`, `position_x`, `position_y`, `position_z`, `orientation`, `delay`, `move_flag`, `action`, `action_chance`, `inverse_formation_angle`, `wpguid`) VALUES
(317346, '1', '1284.89', '965.017', '206.557', '0', '0', '0', '0', '100', '0', '0'),
(317346, '2', '1285.75', '965.516', '206.557', '0', '0', '0', '0', '100', '0', '0'),
(317346, '3', '1296.74', '971.756', '206.627', '0', '0', '0', '0', '100', '0', '0'),
(317346, '4', '1298.72', '972.88', '206.722', '0', '0', '0', '0', '100', '0', '0'),
(317346, '5', '1308.09', '978.202', '207.072', '0', '0', '0', '0', '100', '0', '0'),
(317346, '6', '1326.54', '988.68', '207.88', '0', '0', '0', '0', '100', '0', '0'),
(317346, '7', '1348.11', '1000.93', '208.406', '0', '0', '0', '0', '100', '0', '0'),
(317346, '8', '1351.31', '1002.75', '208.492', '0', '0', '0', '0', '100', '0', '0'),
(317346, '9', '1353.24', '1003.84', '208.582', '0', '0', '0', '0', '100', '0', '0'),
(317346, '10', '1353.93', '1004.23', '208.679', '0', '0', '0', '0', '100', '0', '0'),
(317346, '11', '1353.93', '1004.23', '208.679', '0', '0', '0', '0', '100', '0', '0');


INSERT INTO `creature` (`guid`, `id`, `map`, `zone`, `area`, `spawnMask`, `phaseMask`, `modelid`, `equipment_id`, `position_x`, `position_y`, `position_z`, `orientation`, `spawntimesecs`, `spawndist`, `currentwaypoint`, `curhealth`, `curmana`, `MovementType`, `npcflag`, `unit_flags`, `dynamicflags`) VALUES (317347, '42428', '725', '0', '0', '3', '1', '37236', '1', '1294.74', '979.248', '207.117', '0.405743', '7200', '0', '0', '10736', '0', '2', '0', '0', '0');
DELETE FROM `creature_addon` WHERE `guid` = 317347;
INSERT INTO `creature_addon` (`guid`, `path_id`, `mount`, `bytes1`, `bytes2`, `emote`, `auras`) VALUES (317347, '317347', '0', '0', '1', '0', '0');

DELETE FROM `waypoint_data` WHERE `id` = 317347;
INSERT INTO `waypoint_data` (`id`, `point`, `position_x`, `position_y`, `position_z`, `orientation`, `delay`, `move_flag`, `action`, `action_chance`, `inverse_formation_angle`, `wpguid`) VALUES
(317347, '1', '1278.32', '972.19', '206.865', '0', '0', '0', '0', '100', '0', '0'),
(317347, '2', '1279.24', '972.589', '206.865', '0', '0', '0', '0', '100', '0', '0'),
(317347, '3', '1283.8', '974.546', '207.112', '0', '0', '0', '0', '100', '0', '0'),
(317347, '4', '1294.02', '978.938', '207.097', '0', '0', '0', '0', '100', '0', '0'),
(317347, '5', '1307.2', '984.599', '207.457', '0', '0', '0', '0', '100', '0', '0'),
(317347, '6', '1325.96', '992.658', '208.105', '0', '0', '0', '0', '100', '0', '0'),
(317347, '7', '1349.3', '1002.68', '208.495', '0', '0', '0', '0', '100', '0', '0'),
(317347, '8', '1351.04', '1003.43', '208.534', '0', '0', '0', '0', '100', '0', '0'),
(317347, '9', '1352.82', '1004.2', '208.599', '0', '0', '0', '0', '100', '0', '0'),
(317347, '10', '1353.75', '1004.6', '208.702', '0', '0', '0', '0', '100', '0', '0'),
(317347, '11', '1353.75', '1004.6', '208.702', '0', '0', '0', '0', '100', '0', '0');


INSERT INTO `creature` (`guid`, `id`, `map`, `zone`, `area`, `spawnMask`, `phaseMask`, `modelid`, `equipment_id`, `position_x`, `position_y`, `position_z`, `orientation`, `spawntimesecs`, `spawndist`, `currentwaypoint`, `curhealth`, `curmana`, `MovementType`, `npcflag`, `unit_flags`, `dynamicflags`) VALUES (317348, '42428', '725', '0', '0', '3', '1', '37235', '1', '1279.37', '1053.57', '210.904', '2.49582', '7200', '0', '0', '10736', '0', '0', '0', '0', '0');
DELETE FROM `creature_addon` WHERE `guid` = 317348;
INSERT INTO `creature_addon` (`guid`, `path_id`, `mount`, `bytes1`, `bytes2`, `emote`, `auras`) VALUES (317348, '0', '0', '0', '1', '0', '0');

INSERT INTO `creature` (`guid`, `id`, `map`, `zone`, `area`, `spawnMask`, `phaseMask`, `modelid`, `equipment_id`, `position_x`, `position_y`, `position_z`, `orientation`, `spawntimesecs`, `spawndist`, `currentwaypoint`, `curhealth`, `curmana`, `MovementType`, `npcflag`, `unit_flags`, `dynamicflags`) VALUES (317349, '42428', '725', '0', '0', '3', '1', '37237', '1', '1275.6', '1041.11', '209.956', '2.49582', '7200', '0', '0', '10736', '0', '0', '0', '0', '0');
DELETE FROM `creature_addon` WHERE `guid` = 317349;
INSERT INTO `creature_addon` (`guid`, `path_id`, `mount`, `bytes1`, `bytes2`, `emote`, `auras`) VALUES (317349, '0', '0', '0', '1', '0', '0');

INSERT INTO `creature` (`guid`, `id`, `map`, `zone`, `area`, `spawnMask`, `phaseMask`, `modelid`, `equipment_id`, `position_x`, `position_y`, `position_z`, `orientation`, `spawntimesecs`, `spawndist`, `currentwaypoint`, `curhealth`, `curmana`, `MovementType`, `npcflag`, `unit_flags`, `dynamicflags`) VALUES (317350, '42428', '725', '0', '0', '3', '1', '37237', '1', '1273.01', '1054.6', '210.96', '2.49582', '7200', '0', '0', '10736', '0', '0', '0', '0', '0');
DELETE FROM `creature_addon` WHERE `guid` = 317350;
INSERT INTO `creature_addon` (`guid`, `path_id`, `mount`, `bytes1`, `bytes2`, `emote`, `auras`) VALUES (317350, '0', '0', '0', '1', '0', '0');

INSERT INTO `creature` (`guid`, `id`, `map`, `zone`, `area`, `spawnMask`, `phaseMask`, `modelid`, `equipment_id`, `position_x`, `position_y`, `position_z`, `orientation`, `spawntimesecs`, `spawndist`, `currentwaypoint`, `curhealth`, `curmana`, `MovementType`, `npcflag`, `unit_flags`, `dynamicflags`) VALUES (317351, '42428', '725', '0', '0', '3', '1', '37235', '1', '1283.68', '1056.57', '211.452', '2.49582', '7200', '0', '0', '10736', '0', '0', '0', '0', '0');
DELETE FROM `creature_addon` WHERE `guid` = 317351;
INSERT INTO `creature_addon` (`guid`, `path_id`, `mount`, `bytes1`, `bytes2`, `emote`, `auras`) VALUES (317351, '0', '0', '0', '1', '0', '0');

INSERT INTO `creature` (`guid`, `id`, `map`, `zone`, `area`, `spawnMask`, `phaseMask`, `modelid`, `equipment_id`, `position_x`, `position_y`, `position_z`, `orientation`, `spawntimesecs`, `spawndist`, `currentwaypoint`, `curhealth`, `curmana`, `MovementType`, `npcflag`, `unit_flags`, `dynamicflags`) VALUES (317352, '42428', '725', '0', '0', '3', '1', '37238', '1', '1289.74', '1037.03', '209.377', '5.50842', '7200', '0', '0', '10736', '0', '2', '0', '0', '0');
DELETE FROM `creature_addon` WHERE `guid` = 317352;
INSERT INTO `creature_addon` (`guid`, `path_id`, `mount`, `bytes1`, `bytes2`, `emote`, `auras`) VALUES (317352, '317352', '0', '0', '1', '0', '0');

DELETE FROM `waypoint_data` WHERE `id` = 330862;
INSERT INTO `waypoint_data` (`id`, `point`, `position_x`, `position_y`, `position_z`, `orientation`, `delay`, `move_flag`, `action`, `action_chance`, `inverse_formation_angle`, `wpguid`) VALUES
(317352, '1', '1289.03', '1037.73', '209.377', '0', '0', '0', '0', '100', '0', '0'),
(317352, '2', '1289.74', '1037.03', '209.377', '0', '0', '0', '0', '100', '0', '0'),
(317352, '3', '1291.35', '1035.45', '209.919', '0', '0', '0', '0', '100', '0', '0'),
(317352, '4', '1293.74', '1033.11', '209.868', '0', '0', '0', '0', '100', '0', '0'),
(317352, '5', '1300.49', '1028.47', '209.649', '0', '0', '0', '0', '100', '0', '0'),
(317352, '6', '1307.13', '1024.11', '209.391', '0', '0', '0', '0', '100', '0', '0'),
(317352, '7', '1307.99', '1024.04', '209.394', '0', '0', '0', '0', '100', '0', '0'),
(317352, '8', '1329.29', '1009.01', '209.098', '0', '0', '0', '0', '100', '0', '0'),
(317352, '9', '1335.38', '1004.71', '208.732', '0', '0', '0', '0', '100', '0', '0'),
(317352, '10', '1345.73', '997.404', '208.226', '0', '0', '0', '0', '100', '0', '0'),
(317352, '11', '1346.12', '997.128', '208.206', '0', '0', '0', '0', '100', '0', '0'),
(317352, '12', '1346.12', '997.128', '208.206', '0', '0', '0', '0', '100', '0', '0');


INSERT INTO `creature` (`guid`, `id`, `map`, `zone`, `area`, `spawnMask`, `phaseMask`, `modelid`, `equipment_id`, `position_x`, `position_y`, `position_z`, `orientation`, `spawntimesecs`, `spawndist`, `currentwaypoint`, `curhealth`, `curmana`, `MovementType`, `npcflag`, `unit_flags`, `dynamicflags`) VALUES (317353, '42428', '725', '0', '0', '3', '1', '37238', '1', '1281.32', '1044.59', '210.129', '2.49582', '7200', '0', '0', '10736', '0', '0', '0', '0', '0');
DELETE FROM `creature_addon` WHERE `guid` = 317353;
INSERT INTO `creature_addon` (`guid`, `path_id`, `mount`, `bytes1`, `bytes2`, `emote`, `auras`) VALUES (317353, '0', '0', '0', '1', '0', '0');

INSERT INTO `creature` (`guid`, `id`, `map`, `zone`, `area`, `spawnMask`, `phaseMask`, `modelid`, `equipment_id`, `position_x`, `position_y`, `position_z`, `orientation`, `spawntimesecs`, `spawndist`, `currentwaypoint`, `curhealth`, `curmana`, `MovementType`, `npcflag`, `unit_flags`, `dynamicflags`) VALUES (317354, '42428', '725', '0', '0', '3', '1', '37235', '1', '1277.79', '1045.68', '210.202', '2.49582', '7200', '0', '0', '10736', '0', '0', '0', '0', '0');
DELETE FROM `creature_addon` WHERE `guid` = 317354;
INSERT INTO `creature_addon` (`guid`, `path_id`, `mount`, `bytes1`, `bytes2`, `emote`, `auras`) VALUES (317354, '0', '0', '0', '1', '0', '0');

INSERT INTO `creature` (`guid`, `id`, `map`, `zone`, `area`, `spawnMask`, `phaseMask`, `modelid`, `equipment_id`, `position_x`, `position_y`, `position_z`, `orientation`, `spawntimesecs`, `spawndist`, `currentwaypoint`, `curhealth`, `curmana`, `MovementType`, `npcflag`, `unit_flags`, `dynamicflags`) VALUES (317355, '42428', '725', '0', '0', '3', '1', '37237', '1', '1282.73', '973.869', '207.048', '0.382381', '7200', '0', '0', '10736', '0', '2', '0', '0', '0');
DELETE FROM `creature_addon` WHERE `guid` = 317355;
INSERT INTO `creature_addon` (`guid`, `path_id`, `mount`, `bytes1`, `bytes2`, `emote`, `auras`) VALUES (317355, '317355', '0', '0', '1', '0', '0');

DELETE FROM `waypoint_data` WHERE `id` = 330865;
INSERT INTO `waypoint_data` (`id`, `point`, `position_x`, `position_y`, `position_z`, `orientation`, `delay`, `move_flag`, `action`, `action_chance`, `inverse_formation_angle`, `wpguid`) VALUES
(317355, '1', '1281.81', '973.496', '207.044', '0', '0', '0', '0', '100', '0', '0'),
(317355, '2', '1282.73', '973.869', '207.044', '0', '0', '0', '0', '100', '0', '0'),
(317355, '3', '1283.75', '974.205', '207.094', '0', '0', '0', '0', '100', '0', '0'),
(317355, '4', '1294.83', '977.883', '207.018', '0', '0', '0', '0', '100', '0', '0'),
(317355, '5', '1304.16', '980.979', '207.219', '0', '0', '0', '0', '100', '0', '0'),
(317355, '6', '1326.58', '988.422', '207.866', '0', '0', '0', '0', '100', '0', '0'),
(317355, '7', '1342.95', '993.854', '208.049', '0', '0', '0', '0', '100', '0', '0'),
(317355, '8', '1342.95', '993.854', '208.049', '0', '0', '0', '0', '100', '0', '0');


INSERT INTO `creature` (`guid`, `id`, `map`, `zone`, `area`, `spawnMask`, `phaseMask`, `modelid`, `equipment_id`, `position_x`, `position_y`, `position_z`, `orientation`, `spawntimesecs`, `spawndist`, `currentwaypoint`, `curhealth`, `curmana`, `MovementType`, `npcflag`, `unit_flags`, `dynamicflags`) VALUES (317356, '42428', '725', '0', '0', '3', '1', '37235', '1', '1281.99', '1039.49', '209.835', '2.49582', '7200', '0', '0', '10736', '0', '0', '0', '0', '0');
DELETE FROM `creature_addon` WHERE `guid` = 317356;
INSERT INTO `creature_addon` (`guid`, `path_id`, `mount`, `bytes1`, `bytes2`, `emote`, `auras`) VALUES (317356, '0', '0', '0', '1', '0', '0');

INSERT INTO `creature` (`guid`, `id`, `map`, `zone`, `area`, `spawnMask`, `phaseMask`, `modelid`, `equipment_id`, `position_x`, `position_y`, `position_z`, `orientation`, `spawntimesecs`, `spawndist`, `currentwaypoint`, `curhealth`, `curmana`, `MovementType`, `npcflag`, `unit_flags`, `dynamicflags`) VALUES (317357, '42428', '725', '0', '0', '3', '1', '37235', '1', '1283.5', '975.549', '207.151', '0.363184', '7200', '0', '0', '10736', '0', '2', '0', '0', '0');
DELETE FROM `creature_addon` WHERE `guid` = 317357;
INSERT INTO `creature_addon` (`guid`, `path_id`, `mount`, `bytes1`, `bytes2`, `emote`, `auras`) VALUES (317357, '317357', '0', '0', '1', '0', '0');

DELETE FROM `waypoint_data` WHERE `id` = 330867;
INSERT INTO `waypoint_data` (`id`, `point`, `position_x`, `position_y`, `position_z`, `orientation`, `delay`, `move_flag`, `action`, `action_chance`, `inverse_formation_angle`, `wpguid`) VALUES
(317357, '1', '1282.56', '975.193', '207.149', '0', '0', '0', '0', '100', '0', '0'),
(317357, '2', '1283.5', '975.549', '207.149', '0', '0', '0', '0', '100', '0', '0'),
(317357, '3', '1294.1', '978.829', '207.089', '0', '0', '0', '0', '100', '0', '0'),
(317357, '4', '1305.24', '982.274', '207.304', '0', '0', '0', '0', '100', '0', '0'),
(317357, '5', '1326.52', '988.852', '207.89', '0', '0', '0', '0', '100', '0', '0'),
(317357, '6', '1342.93', '993.926', '208.053', '0', '0', '0', '0', '100', '0', '0'),
(317357, '7', '1342.93', '993.926', '208.053', '0', '0', '0', '0', '100', '0', '0');


INSERT INTO `creature` (`guid`, `id`, `map`, `zone`, `area`, `spawnMask`, `phaseMask`, `modelid`, `equipment_id`, `position_x`, `position_y`, `position_z`, `orientation`, `spawntimesecs`, `spawndist`, `currentwaypoint`, `curhealth`, `curmana`, `MovementType`, `npcflag`, `unit_flags`, `dynamicflags`) VALUES (317358, '42428', '725', '0', '0', '3', '1', '37236', '1', '1296.94', '1031.22', '209.76', '5.66966', '7200', '0', '0', '10736', '0', '2', '0', '0', '0');
DELETE FROM `creature_addon` WHERE `guid` = 317358;
INSERT INTO `creature_addon` (`guid`, `path_id`, `mount`, `bytes1`, `bytes2`, `emote`, `auras`) VALUES (317358, '317358', '0', '0', '1', '0', '0');

DELETE FROM `waypoint_data` WHERE `id` = 330868;
INSERT INTO `waypoint_data` (`id`, `point`, `position_x`, `position_y`, `position_z`, `orientation`, `delay`, `move_flag`, `action`, `action_chance`, `inverse_formation_angle`, `wpguid`) VALUES
(317358, '1', '1291.64', '1035.14', '209.895', '0', '0', '0', '0', '100', '0', '0'),
(317358, '2', '1292.36', '1034.44', '209.895', '0', '0', '0', '0', '100', '0', '0'),
(317358, '3', '1293.81', '1033.42', '209.844', '0', '0', '0', '0', '100', '0', '0'),
(317358, '4', '1300.55', '1028.68', '209.663', '0', '0', '0', '0', '100', '0', '0'),
(317358, '5', '1307.03', '1024.11', '209.391', '0', '0', '0', '0', '100', '0', '0'),
(317358, '6', '1307.95', '1023.46', '209.369', '0', '0', '0', '0', '100', '0', '0'),
(317358, '7', '1309.25', '1022.55', '209.342', '0', '0', '0', '0', '100', '0', '0'),
(317358, '8', '1328.92', '1008.7', '209.061', '0', '0', '0', '0', '100', '0', '0'),
(317358, '9', '1334.57', '1004.72', '208.736', '0', '0', '0', '0', '100', '0', '0'),
(317358, '10', '1342.47', '999.154', '208.353', '0', '0', '0', '0', '100', '0', '0'),
(317358, '11', '1342.47', '999.154', '208.353', '0', '0', '0', '0', '100', '0', '0');


INSERT INTO `creature` (`guid`, `id`, `map`, `zone`, `area`, `spawnMask`, `phaseMask`, `modelid`, `equipment_id`, `position_x`, `position_y`, `position_z`, `orientation`, `spawntimesecs`, `spawndist`, `currentwaypoint`, `curhealth`, `curmana`, `MovementType`, `npcflag`, `unit_flags`, `dynamicflags`) VALUES (317359, '42428', '725', '0', '0', '3', '1', '37238', '1', '1290.25', '977.547', '207.115', '0.372133', '7200', '0', '0', '10736', '0', '2', '0', '0', '0');
DELETE FROM `creature_addon` WHERE `guid` = 317359;
INSERT INTO `creature_addon` (`guid`, `path_id`, `mount`, `bytes1`, `bytes2`, `emote`, `auras`) VALUES (317359, '317359', '0', '0', '1', '0', '0');

DELETE FROM `waypoint_data` WHERE `id` = 330869;
INSERT INTO `waypoint_data` (`id`, `point`, `position_x`, `position_y`, `position_z`, `orientation`, `delay`, `move_flag`, `action`, `action_chance`, `inverse_formation_angle`, `wpguid`) VALUES
(317359, '1', '1289.32', '977.184', '207.115', '0', '0', '0', '0', '100', '0', '0'),
(317359, '2', '1290.25', '977.547', '207.115', '0', '0', '0', '0', '100', '0', '0'),
(317359, '3', '1294.16', '978.761', '207.084', '0', '0', '0', '0', '100', '0', '0'),
(317359, '4', '1305.17', '982.184', '207.298', '0', '0', '0', '0', '100', '0', '0'),
(317359, '5', '1326.52', '988.822', '207.889', '0', '0', '0', '0', '100', '0', '0'),
(317359, '6', '1342.93', '993.921', '208.052', '0', '0', '0', '0', '100', '0', '0'),
(317359, '7', '1342.93', '993.921', '208.052', '0', '0', '0', '0', '100', '0', '0');


INSERT INTO `creature` (`guid`, `id`, `map`, `zone`, `area`, `spawnMask`, `phaseMask`, `modelid`, `equipment_id`, `position_x`, `position_y`, `position_z`, `orientation`, `spawntimesecs`, `spawndist`, `currentwaypoint`, `curhealth`, `curmana`, `MovementType`, `npcflag`, `unit_flags`, `dynamicflags`) VALUES (317360, '42428', '725', '0', '0', '3', '1', '37238', '1', '1298.7', '1030.31', '209.747', '5.66494', '7200', '0', '0', '10736', '0', '2', '0', '0', '0');
DELETE FROM `creature_addon` WHERE `guid` = 317360;
INSERT INTO `creature_addon` (`guid`, `path_id`, `mount`, `bytes1`, `bytes2`, `emote`, `auras`) VALUES (317360, '317360', '0', '0', '1', '0', '0');

DELETE FROM `waypoint_data` WHERE `id` = 317360;
INSERT INTO `waypoint_data` (`id`, `point`, `position_x`, `position_y`, `position_z`, `orientation`, `delay`, `move_flag`, `action`, `action_chance`, `inverse_formation_angle`, `wpguid`) VALUES
(317360, '1', '1293.34', '1034.17', '209.903', '0', '0', '0', '0', '100', '0', '0'),
(317360, '2', '1294.13', '1033.56', '209.903', '0', '0', '0', '0', '100', '0', '0'),
(317360, '3', '1300.62', '1028.94', '209.682', '0', '0', '0', '0', '100', '0', '0'),
(317360, '4', '1307.02', '1024.39', '209.411', '0', '0', '0', '0', '100', '0', '0'),
(317360, '5', '1307.97', '1023.72', '209.377', '0', '0', '0', '0', '100', '0', '0'),
(317360, '6', '1328.99', '1008.76', '209.066', '0', '0', '0', '0', '100', '0', '0'),
(317360, '7', '1334.68', '1004.72', '208.735', '0', '0', '0', '0', '100', '0', '0'),
(317360, '8', '1342.48', '999.168', '208.354', '0', '0', '0', '0', '100', '0', '0'),
(317360, '9', '1342.48', '999.168', '208.354', '0', '0', '0', '0', '100', '0', '0');


INSERT INTO `creature` (`guid`, `id`, `map`, `zone`, `area`, `spawnMask`, `phaseMask`, `modelid`, `equipment_id`, `position_x`, `position_y`, `position_z`, `orientation`, `spawntimesecs`, `spawndist`, `currentwaypoint`, `curhealth`, `curmana`, `MovementType`, `npcflag`, `unit_flags`, `dynamicflags`) VALUES (317361, '42428', '725', '0', '0', '3', '1', '37238', '1', '1271.14', '958.084', '205.86', '2.49582', '7200', '0', '0', '10736', '0', '0', '0', '0', '0');
DELETE FROM `creature_addon` WHERE `guid` = 317361;
INSERT INTO `creature_addon` (`guid`, `path_id`, `mount`, `bytes1`, `bytes2`, `emote`, `auras`) VALUES (317361, '0', '0', '0', '1', '0', '0');

INSERT INTO `creature` (`guid`, `id`, `map`, `zone`, `area`, `spawnMask`, `phaseMask`, `modelid`, `equipment_id`, `position_x`, `position_y`, `position_z`, `orientation`, `spawntimesecs`, `spawndist`, `currentwaypoint`, `curhealth`, `curmana`, `MovementType`, `npcflag`, `unit_flags`, `dynamicflags`) VALUES (317362, '42428', '725', '0', '0', '3', '1', '37235', '1', '1285.58', '1050.98', '210.575', '2.49582', '7200', '0', '0', '10736', '0', '0', '0', '0', '0');
DELETE FROM `creature_addon` WHERE `guid` = 317362;
INSERT INTO `creature_addon` (`guid`, `path_id`, `mount`, `bytes1`, `bytes2`, `emote`, `auras`) VALUES (317362, '0', '0', '0', '1', '0', '0');

INSERT INTO `creature` (`guid`, `id`, `map`, `zone`, `area`, `spawnMask`, `phaseMask`, `modelid`, `equipment_id`, `position_x`, `position_y`, `position_z`, `orientation`, `spawntimesecs`, `spawndist`, `currentwaypoint`, `curhealth`, `curmana`, `MovementType`, `npcflag`, `unit_flags`, `dynamicflags`) VALUES (317363, '42428', '725', '0', '0', '3', '1', '37235', '1', '1264.71', '966.996', '206.017', '2.49582', '7200', '0', '0', '10736', '0', '0', '0', '0', '0');
DELETE FROM `creature_addon` WHERE `guid` = 317363;
INSERT INTO `creature_addon` (`guid`, `path_id`, `mount`, `bytes1`, `bytes2`, `emote`, `auras`) VALUES (317363, '0', '0', '0', '1', '0', '0');

INSERT INTO `creature` (`guid`, `id`, `map`, `zone`, `area`, `spawnMask`, `phaseMask`, `modelid`, `equipment_id`, `position_x`, `position_y`, `position_z`, `orientation`, `spawntimesecs`, `spawndist`, `currentwaypoint`, `curhealth`, `curmana`, `MovementType`, `npcflag`, `unit_flags`, `dynamicflags`) VALUES (317364, '42428', '725', '0', '0', '3', '1', '37237', '1', '1297.22', '1031.31', '209.771', '5.66562', '7200', '0', '0', '10736', '0', '2', '0', '0', '0');
DELETE FROM `creature_addon` WHERE `guid` = 317364;
INSERT INTO `creature_addon` (`guid`, `path_id`, `mount`, `bytes1`, `bytes2`, `emote`, `auras`) VALUES (317364, '317364', '0', '0', '1', '0', '0');

DELETE FROM `waypoint_data` WHERE `id` = 317364;
INSERT INTO `waypoint_data` (`id`, `point`, `position_x`, `position_y`, `position_z`, `orientation`, `delay`, `move_flag`, `action`, `action_chance`, `inverse_formation_angle`, `wpguid`) VALUES
(317364, '1', '1291.82', '1035.11', '209.904', '0', '0', '0', '0', '100', '0', '0'),
(317364, '2', '1292.65', '1034.56', '209.904', '0', '0', '0', '0', '100', '0', '0'),
(317364, '3', '1293.88', '1033.69', '209.861', '0', '0', '0', '0', '100', '0', '0'),
(317364, '4', '1300.61', '1028.9', '209.679', '0', '0', '0', '0', '100', '0', '0'),
(317364, '5', '1307.04', '1024.34', '209.407', '0', '0', '0', '0', '100', '0', '0'),
(317364, '6', '1307.97', '1023.68', '209.376', '0', '0', '0', '0', '100', '0', '0'),
(317364, '7', '1308.8', '1023.09', '209.359', '0', '0', '0', '0', '100', '0', '0'),
(317364, '8', '1328.98', '1008.75', '209.065', '0', '0', '0', '0', '100', '0', '0'),
(317364, '9', '1334.67', '1004.72', '208.735', '0', '0', '0', '0', '100', '0', '0'),
(317364, '10', '1342.48', '999.166', '208.354', '0', '0', '0', '0', '100', '0', '0'),
(317364, '11', '1342.48', '999.166', '208.354', '0', '0', '0', '0', '100', '0', '0');


INSERT INTO `creature` (`guid`, `id`, `map`, `zone`, `area`, `spawnMask`, `phaseMask`, `modelid`, `equipment_id`, `position_x`, `position_y`, `position_z`, `orientation`, `spawntimesecs`, `spawndist`, `currentwaypoint`, `curhealth`, `curmana`, `MovementType`, `npcflag`, `unit_flags`, `dynamicflags`) VALUES (317365, '42428', '725', '0', '0', '3', '1', '37237', '1', '1286.37', '975.823', '207.118', '0.375212', '7200', '0', '0', '10736', '0', '2', '0', '0', '0');
DELETE FROM `creature_addon` WHERE `guid` = 317365;
INSERT INTO `creature_addon` (`guid`, `path_id`, `mount`, `bytes1`, `bytes2`, `emote`, `auras`) VALUES (317365, '317365', '0', '0', '1', '0', '0');

DELETE FROM `waypoint_data` WHERE `id` = 317365;
INSERT INTO `waypoint_data` (`id`, `point`, `position_x`, `position_y`, `position_z`, `orientation`, `delay`, `move_flag`, `action`, `action_chance`, `inverse_formation_angle`, `wpguid`) VALUES
(317365, '1', '1285.44', '975.456', '207.118', '0', '0', '0', '0', '100', '0', '0'),
(317365, '2', '1286.37', '975.823', '207.118', '0', '0', '0', '0', '100', '0', '0'),
(317365, '3', '1294.43', '978.398', '207.057', '0', '0', '0', '0', '100', '0', '0'),
(317365, '4', '1304.76', '981.697', '207.266', '0', '0', '0', '0', '100', '0', '0'),
(317365, '5', '1326.55', '988.658', '207.879', '0', '0', '0', '0', '100', '0', '0'),
(317365, '6', '1342.94', '993.894', '208.051', '0', '0', '0', '0', '100', '0', '0'),
(317365, '7', '1342.94', '993.894', '208.051', '0', '0', '0', '0', '100', '0', '0');


INSERT INTO `creature` (`guid`, `id`, `map`, `zone`, `area`, `spawnMask`, `phaseMask`, `modelid`, `equipment_id`, `position_x`, `position_y`, `position_z`, `orientation`, `spawntimesecs`, `spawndist`, `currentwaypoint`, `curhealth`, `curmana`, `MovementType`, `npcflag`, `unit_flags`, `dynamicflags`) VALUES (317366, '42428', '725', '0', '0', '3', '1', '37236', '1', '1280.87', '1045.34', '210.184', '2.49582', '7200', '0', '0', '10736', '0', '0', '0', '0', '0');
DELETE FROM `creature_addon` WHERE `guid` = 317366;
INSERT INTO `creature_addon` (`guid`, `path_id`, `mount`, `bytes1`, `bytes2`, `emote`, `auras`) VALUES (317366, '0', '0', '0', '1', '0', '0');

INSERT INTO `creature` (`guid`, `id`, `map`, `zone`, `area`, `spawnMask`, `phaseMask`, `modelid`, `equipment_id`, `position_x`, `position_y`, `position_z`, `orientation`, `spawntimesecs`, `spawndist`, `currentwaypoint`, `curhealth`, `curmana`, `MovementType`, `npcflag`, `unit_flags`, `dynamicflags`) VALUES (317367, '42428', '725', '0', '0', '3', '1', '37238', '1', '1291.44', '970.613', '206.698', '0.485108', '7200', '0', '0', '10736', '0', '2', '0', '0', '0');
DELETE FROM `creature_addon` WHERE `guid` = 317367;
INSERT INTO `creature_addon` (`guid`, `path_id`, `mount`, `bytes1`, `bytes2`, `emote`, `auras`) VALUES (317367, '317367', '0', '0', '1', '0', '0');

DELETE FROM `waypoint_data` WHERE `id` = 317367;
INSERT INTO `waypoint_data` (`id`, `point`, `position_x`, `position_y`, `position_z`, `orientation`, `delay`, `move_flag`, `action`, `action_chance`, `inverse_formation_angle`, `wpguid`) VALUES
(317367, '1', '1290.55', '970.147', '206.698', '0', '0', '0', '0', '100', '0', '0'),
(317367, '2', '1291.44', '970.613', '206.698', '0', '0', '0', '0', '100', '0', '0'),
(317367, '3', '1297.89', '973.475', '206.694', '0', '0', '0', '0', '100', '0', '0'),
(317367, '4', '1315.68', '981.368', '207.351', '0', '0', '0', '0', '100', '0', '0'),
(317367, '5', '1321.69', '984.033', '207.564', '0', '0', '0', '0', '100', '0', '0'),
(317367, '6', '1327.82', '986.752', '207.683', '0', '0', '0', '0', '100', '0', '0'),
(317367, '7', '1343.08', '993.523', '208.029', '0', '0', '0', '0', '100', '0', '0'),
(317367, '8', '1343.08', '993.523', '208.029', '0', '0', '0', '0', '100', '0', '0');


INSERT INTO `creature` (`guid`, `id`, `map`, `zone`, `area`, `spawnMask`, `phaseMask`, `modelid`, `equipment_id`, `position_x`, `position_y`, `position_z`, `orientation`, `spawntimesecs`, `spawndist`, `currentwaypoint`, `curhealth`, `curmana`, `MovementType`, `npcflag`, `unit_flags`, `dynamicflags`) VALUES (317368, '42428', '725', '0', '0', '3', '1', '37236', '1', '1299.61', '1029.25', '209.689', '5.67091', '7200', '0', '0', '10736', '0', '2', '0', '0', '0');
DELETE FROM `creature_addon` WHERE `guid` = 317368;
INSERT INTO `creature_addon` (`guid`, `path_id`, `mount`, `bytes1`, `bytes2`, `emote`, `auras`) VALUES (317368, '317368', '0', '0', '1', '0', '0');

DELETE FROM `waypoint_data` WHERE `id` = 317368;
INSERT INTO `waypoint_data` (`id`, `point`, `position_x`, `position_y`, `position_z`, `orientation`, `delay`, `move_flag`, `action`, `action_chance`, `inverse_formation_angle`, `wpguid`) VALUES
(317368, '1', '1294.19', '1033.02', '209.842', '0', '0', '0', '0', '100', '0', '0'),
(317368, '2', '1295.03', '1032.47', '209.842', '0', '0', '0', '0', '100', '0', '0'),
(317368, '3', '1300.53', '1028.61', '209.658', '0', '0', '0', '0', '100', '0', '0'),
(317368, '4', '1306.91', '1024.12', '209.39', '0', '0', '0', '0', '100', '0', '0'),
(317368, '5', '1307.95', '1023.4', '209.366', '0', '0', '0', '0', '100', '0', '0'),
(317368, '6', '1309.39', '1022.38', '209.337', '0', '0', '0', '0', '100', '0', '0'),
(317368, '7', '1328.9', '1008.68', '209.06', '0', '0', '0', '0', '100', '0', '0'),
(317368, '8', '1334.54', '1004.72', '208.736', '0', '0', '0', '0', '100', '0', '0'),
(317368, '9', '1342.47', '999.151', '208.353', '0', '0', '0', '0', '100', '0', '0'),
(317368, '10', '1342.47', '999.151', '208.353', '0', '0', '0', '0', '100', '0', '0');


INSERT INTO `creature` (`guid`, `id`, `map`, `zone`, `area`, `spawnMask`, `phaseMask`, `modelid`, `equipment_id`, `position_x`, `position_y`, `position_z`, `orientation`, `spawntimesecs`, `spawndist`, `currentwaypoint`, `curhealth`, `curmana`, `MovementType`, `npcflag`, `unit_flags`, `dynamicflags`) VALUES (317369, '42428', '725', '0', '0', '3', '1', '37235', '1', '1266', '965.601', '205.946', '2.49582', '7200', '0', '0', '10736', '0', '0', '0', '0', '0');
DELETE FROM `creature_addon` WHERE `guid` = 317369;
INSERT INTO `creature_addon` (`guid`, `path_id`, `mount`, `bytes1`, `bytes2`, `emote`, `auras`) VALUES (317369, '0', '0', '0', '1', '0', '0');

INSERT INTO `creature` (`guid`, `id`, `map`, `zone`, `area`, `spawnMask`, `phaseMask`, `modelid`, `equipment_id`, `position_x`, `position_y`, `position_z`, `orientation`, `spawntimesecs`, `spawndist`, `currentwaypoint`, `curhealth`, `curmana`, `MovementType`, `npcflag`, `unit_flags`, `dynamicflags`) VALUES (317370, '42428', '725', '0', '0', '3', '1', '37238', '1', '1285.31', '1052.2', '210.811', '2.49582', '7200', '0', '0', '10736', '0', '0', '0', '0', '0');
DELETE FROM `creature_addon` WHERE `guid` = 317370;
INSERT INTO `creature_addon` (`guid`, `path_id`, `mount`, `bytes1`, `bytes2`, `emote`, `auras`) VALUES (317370, '0', '0', '0', '1', '0', '0');

INSERT INTO `creature` (`guid`, `id`, `map`, `zone`, `area`, `spawnMask`, `phaseMask`, `modelid`, `equipment_id`, `position_x`, `position_y`, `position_z`, `orientation`, `spawntimesecs`, `spawndist`, `currentwaypoint`, `curhealth`, `curmana`, `MovementType`, `npcflag`, `unit_flags`, `dynamicflags`) VALUES (317371, '42428', '725', '0', '0', '3', '1', '37236', '1', '1266.87', '966.922', '206.036', '2.49582', '7200', '0', '0', '10736', '0', '0', '0', '0', '0');
DELETE FROM `creature_addon` WHERE `guid` = 317371;
INSERT INTO `creature_addon` (`guid`, `path_id`, `mount`, `bytes1`, `bytes2`, `emote`, `auras`) VALUES (317371, '0', '0', '0', '1', '0', '0');

INSERT INTO `creature` (`guid`, `id`, `map`, `zone`, `area`, `spawnMask`, `phaseMask`, `modelid`, `equipment_id`, `position_x`, `position_y`, `position_z`, `orientation`, `spawntimesecs`, `spawndist`, `currentwaypoint`, `curhealth`, `curmana`, `MovementType`, `npcflag`, `unit_flags`, `dynamicflags`) VALUES (317372, '42428', '725', '0', '0', '3', '1', '37235', '1', '1299.25', '1026.75', '209.517', '5.71202', '7200', '0', '0', '10736', '0', '2', '0', '0', '0');
DELETE FROM `creature_addon` WHERE `guid` = 317372;
INSERT INTO `creature_addon` (`guid`, `path_id`, `mount`, `bytes1`, `bytes2`, `emote`, `auras`) VALUES (317372, '317372', '0', '0', '1', '0', '0');

DELETE FROM `waypoint_data` WHERE `id` = 317372;
INSERT INTO `waypoint_data` (`id`, `point`, `position_x`, `position_y`, `position_z`, `orientation`, `delay`, `move_flag`, `action`, `action_chance`, `inverse_formation_angle`, `wpguid`) VALUES
(317372, '1', '1293.68', '1030.29', '209.656', '0', '0', '0', '0', '100', '0', '0'),
(317372, '2', '1294.54', '1029.78', '209.656', '0', '0', '0', '0', '100', '0', '0'),
(317372, '3', '1299.87', '1026.34', '209.498', '0', '0', '0', '0', '100', '0', '0'),
(317372, '4', '1302.87', '1024.42', '209.368', '0', '0', '0', '0', '100', '0', '0'),
(317372, '5', '1306.11', '1022.34', '209.353', '0', '0', '0', '0', '100', '0', '0'),
(317372, '6', '1307.79', '1021.26', '209.293', '0', '0', '0', '0', '100', '0', '0'),
(317372, '7', '1313.33', '1017.7', '209.191', '0', '0', '0', '0', '100', '0', '0'),
(317372, '8', '1328.22', '1008.13', '209.021', '0', '0', '0', '0', '100', '0', '0'),
(317372, '9', '1333.52', '1004.72', '208.741', '0', '0', '0', '0', '100', '0', '0'),
(317372, '10', '1342.39', '999.026', '208.346', '0', '0', '0', '0', '100', '0', '0'),
(317372, '11', '1342.39', '999.026', '208.346', '0', '0', '0', '0', '100', '0', '0');


INSERT INTO `creature` (`guid`, `id`, `map`, `zone`, `area`, `spawnMask`, `phaseMask`, `modelid`, `equipment_id`, `position_x`, `position_y`, `position_z`, `orientation`, `spawntimesecs`, `spawndist`, `currentwaypoint`, `curhealth`, `curmana`, `MovementType`, `npcflag`, `unit_flags`, `dynamicflags`) VALUES (317373, '42428', '725', '0', '0', '3', '1', '37235', '1', '1287.23', '979.32', '207.291', '0.32746', '7200', '0', '0', '10736', '0', '2', '0', '0', '0');
DELETE FROM `creature_addon` WHERE `guid` = 317373;
INSERT INTO `creature_addon` (`guid`, `path_id`, `mount`, `bytes1`, `bytes2`, `emote`, `auras`) VALUES (317373, '317373', '0', '0', '1', '0', '0');

DELETE FROM `waypoint_data` WHERE `id` = 317373;
INSERT INTO `waypoint_data` (`id`, `point`, `position_x`, `position_y`, `position_z`, `orientation`, `delay`, `move_flag`, `action`, `action_chance`, `inverse_formation_angle`, `wpguid`) VALUES
(317373, '1', '1286.29', '978.998', '207.291', '0', '0', '0', '0', '100', '0', '0'),
(317373, '2', '1287.23', '979.32', '207.291', '0', '0', '0', '0', '100', '0', '0'),
(317373, '3', '1292.63', '980.75', '207.234', '0', '0', '0', '0', '100', '0', '0'),
(317373, '4', '1307.21', '984.615', '207.458', '0', '0', '0', '0', '100', '0', '0'),
(317373, '5', '1326.39', '989.699', '207.938', '0', '0', '0', '0', '100', '0', '0'),
(317373, '6', '1342.88', '994.07', '208.061', '0', '0', '0', '0', '100', '0', '0'),
(317373, '7', '1342.88', '994.07', '208.061', '0', '0', '0', '0', '100', '0', '0');


INSERT INTO `creature` (`guid`, `id`, `map`, `zone`, `area`, `spawnMask`, `phaseMask`, `modelid`, `equipment_id`, `position_x`, `position_y`, `position_z`, `orientation`, `spawntimesecs`, `spawndist`, `currentwaypoint`, `curhealth`, `curmana`, `MovementType`, `npcflag`, `unit_flags`, `dynamicflags`) VALUES (317374, '42355', '725', '0', '0', '3', '1', '11686', '0', '1350.75', '919.133', '194.852', '0', '7200', '0', '0', '33492', '0', '0', '0', '0', '0');
DELETE FROM `creature_addon` WHERE `guid` = 317374;
INSERT INTO `creature_addon` (`guid`, `path_id`, `mount`, `bytes1`, `bytes2`, `emote`, `auras`) VALUES (317374, '0', '0', '50331648', '1', '0', '79009');

INSERT INTO `creature` (`guid`, `id`, `map`, `zone`, `area`, `spawnMask`, `phaseMask`, `modelid`, `equipment_id`, `position_x`, `position_y`, `position_z`, `orientation`, `spawntimesecs`, `spawndist`, `currentwaypoint`, `curhealth`, `curmana`, `MovementType`, `npcflag`, `unit_flags`, `dynamicflags`) VALUES (317375, '42355', '725', '0', '0', '3', '1', '11686', '0', '1341.19', '913.399', '197.175', '0', '7200', '0', '0', '33492', '0', '0', '0', '0', '0');
DELETE FROM `creature_addon` WHERE `guid` = 317375;
INSERT INTO `creature_addon` (`guid`, `path_id`, `mount`, `bytes1`, `bytes2`, `emote`, `auras`) VALUES (317375, '0', '0', '50331648', '1', '0', '79009');

INSERT INTO `creature` (`guid`, `id`, `map`, `zone`, `area`, `spawnMask`, `phaseMask`, `modelid`, `equipment_id`, `position_x`, `position_y`, `position_z`, `orientation`, `spawntimesecs`, `spawndist`, `currentwaypoint`, `curhealth`, `curmana`, `MovementType`, `npcflag`, `unit_flags`, `dynamicflags`) VALUES (317376, '42355', '725', '0', '0', '3', '1', '11686', '0', '1361.89', '920.219', '196.391', '0', '7200', '0', '0', '33492', '0', '0', '0', '0', '0');
DELETE FROM `creature_addon` WHERE `guid` = 317376;
INSERT INTO `creature_addon` (`guid`, `path_id`, `mount`, `bytes1`, `bytes2`, `emote`, `auras`) VALUES (317376, '0', '0', '50331648', '1', '0', '79009');

INSERT INTO `creature` (`guid`, `id`, `map`, `zone`, `area`, `spawnMask`, `phaseMask`, `modelid`, `equipment_id`, `position_x`, `position_y`, `position_z`, `orientation`, `spawntimesecs`, `spawndist`, `currentwaypoint`, `curhealth`, `curmana`, `MovementType`, `npcflag`, `unit_flags`, `dynamicflags`) VALUES (317377, '42428', '725', '0', '0', '3', '1', '37235', '1', '1278.24', '1051.23', '210.602', '2.49582', '7200', '0', '0', '10736', '0', '0', '0', '0', '0');
DELETE FROM `creature_addon` WHERE `guid` = 317377;
INSERT INTO `creature_addon` (`guid`, `path_id`, `mount`, `bytes1`, `bytes2`, `emote`, `auras`) VALUES (317377, '0', '0', '0', '1', '0', '0');

INSERT INTO `creature` (`guid`, `id`, `map`, `zone`, `area`, `spawnMask`, `phaseMask`, `modelid`, `equipment_id`, `position_x`, `position_y`, `position_z`, `orientation`, `spawntimesecs`, `spawndist`, `currentwaypoint`, `curhealth`, `curmana`, `MovementType`, `npcflag`, `unit_flags`, `dynamicflags`) VALUES (317378, '42428', '725', '0', '0', '3', '1', '37238', '1', '1280.22', '967.998', '206.681', '0.454401', '7200', '0', '0', '10736', '0', '2', '0', '0', '0');
DELETE FROM `creature_addon` WHERE `guid` = 317378;
INSERT INTO `creature_addon` (`guid`, `path_id`, `mount`, `bytes1`, `bytes2`, `emote`, `auras`) VALUES (317378, '317378', '0', '0', '1', '0', '0');

DELETE FROM `waypoint_data` WHERE `id` = 317378;
INSERT INTO `waypoint_data` (`id`, `point`, `position_x`, `position_y`, `position_z`, `orientation`, `delay`, `move_flag`, `action`, `action_chance`, `inverse_formation_angle`, `wpguid`) VALUES
(317378, '1', '1279.32', '967.559', '206.681', '0', '0', '0', '0', '100', '0', '0'),
(317378, '2', '1280.22', '967.998', '206.681', '0', '0', '0', '0', '100', '0', '0'),
(317378, '3', '1283.01', '969.08', '206.826', '0', '0', '0', '0', '100', '0', '0'),
(317378, '4', '1297.32', '974.641', '206.773', '0', '0', '0', '0', '100', '0', '0'),
(317378, '5', '1299.56', '975.512', '206.858', '0', '0', '0', '0', '100', '0', '0'),
(317378, '6', '1318.66', '982.932', '207.462', '0', '0', '0', '0', '100', '0', '0'),
(317378, '7', '1321.67', '984.101', '207.566', '0', '0', '0', '0', '100', '0', '0'),
(317378, '8', '1328.95', '986.931', '207.691', '0', '0', '0', '0', '100', '0', '0'),
(317378, '9', '1342.12', '992.048', '207.954', '0', '0', '0', '0', '100', '0', '0'),
(317378, '10', '1353.77', '996.575', '208.107', '0', '0', '0', '0', '100', '0', '0'),
(317378, '11', '1357.52', '998.034', '208.257', '0', '0', '0', '0', '100', '0', '0'),
(317378, '12', '1357.52', '998.034', '208.257', '0', '0', '0', '0', '100', '0', '0');


INSERT INTO `creature` (`guid`, `id`, `map`, `zone`, `area`, `spawnMask`, `phaseMask`, `modelid`, `equipment_id`, `position_x`, `position_y`, `position_z`, `orientation`, `spawntimesecs`, `spawndist`, `currentwaypoint`, `curhealth`, `curmana`, `MovementType`, `npcflag`, `unit_flags`, `dynamicflags`) VALUES (317379, '42428', '725', '0', '0', '3', '1', '37238', '1', '1281.48', '1055.06', '211.175', '2.49582', '7200', '0', '0', '10736', '0', '0', '0', '0', '0');
DELETE FROM `creature_addon` WHERE `guid` = 317379;
INSERT INTO `creature_addon` (`guid`, `path_id`, `mount`, `bytes1`, `bytes2`, `emote`, `auras`) VALUES (317379, '0', '0', '0', '1', '0', '0');

INSERT INTO `creature` (`guid`, `id`, `map`, `zone`, `area`, `spawnMask`, `phaseMask`, `modelid`, `equipment_id`, `position_x`, `position_y`, `position_z`, `orientation`, `spawntimesecs`, `spawndist`, `currentwaypoint`, `curhealth`, `curmana`, `MovementType`, `npcflag`, `unit_flags`, `dynamicflags`) VALUES (317380, '42428', '725', '0', '0', '3', '1', '37238', '1', '1281.33', '971.524', '206.885', '0.423484', '7200', '0', '0', '10736', '0', '2', '0', '0', '0');
DELETE FROM `creature_addon` WHERE `guid` = 317380;
INSERT INTO `creature_addon` (`guid`, `path_id`, `mount`, `bytes1`, `bytes2`, `emote`, `auras`) VALUES (317380, '317380', '0', '0', '1', '0', '0');

DELETE FROM `waypoint_data` WHERE `id` = 317380;
INSERT INTO `waypoint_data` (`id`, `point`, `position_x`, `position_y`, `position_z`, `orientation`, `delay`, `move_flag`, `action`, `action_chance`, `inverse_formation_angle`, `wpguid`) VALUES
(317380, '1', '1280.42', '971.113', '206.885', '0', '0', '0', '0', '100', '0', '0'),
(317380, '2', '1281.33', '971.524', '206.885', '0', '0', '0', '0', '100', '0', '0'),
(317380, '3', '1283.47', '972.272', '206.993', '0', '0', '0', '0', '100', '0', '0'),
(317380, '4', '1295.82', '976.592', '206.92', '0', '0', '0', '0', '100', '0', '0'),
(317380, '5', '1302.4', '978.894', '207.081', '0', '0', '0', '0', '100', '0', '0'),
(317380, '6', '1326.73', '987.4', '207.808', '0', '0', '0', '0', '100', '0', '0'),
(317380, '7', '1342.76', '993.006', '208.003', '0', '0', '0', '0', '100', '0', '0'),
(317380, '8', '1353.67', '996.82', '208.122', '0', '0', '0', '0', '100', '0', '0'),
(317380, '9', '1357.48', '998.152', '208.265', '0', '0', '0', '0', '100', '0', '0'),
(317380, '10', '1357.48', '998.152', '208.265', '0', '0', '0', '0', '100', '0', '0');


INSERT INTO `creature` (`guid`, `id`, `map`, `zone`, `area`, `spawnMask`, `phaseMask`, `modelid`, `equipment_id`, `position_x`, `position_y`, `position_z`, `orientation`, `spawntimesecs`, `spawndist`, `currentwaypoint`, `curhealth`, `curmana`, `MovementType`, `npcflag`, `unit_flags`, `dynamicflags`) VALUES (317381, '42428', '725', '0', '0', '3', '1', '37237', '1', '1275.01', '1044.06', '210.121', '2.49582', '7200', '0', '0', '10736', '0', '0', '0', '0', '0');
DELETE FROM `creature_addon` WHERE `guid` = 317381;
INSERT INTO `creature_addon` (`guid`, `path_id`, `mount`, `bytes1`, `bytes2`, `emote`, `auras`) VALUES (317381, '0', '0', '0', '1', '0', '0');

INSERT INTO `creature` (`guid`, `id`, `map`, `zone`, `area`, `spawnMask`, `phaseMask`, `modelid`, `equipment_id`, `position_x`, `position_y`, `position_z`, `orientation`, `spawntimesecs`, `spawndist`, `currentwaypoint`, `curhealth`, `curmana`, `MovementType`, `npcflag`, `unit_flags`, `dynamicflags`) VALUES (317382, '42428', '725', '0', '0', '3', '1', '37236', '1', '1281.21', '967.799', '206.705', '0.461318', '7200', '0', '0', '10736', '0', '2', '0', '0', '0');
DELETE FROM `creature_addon` WHERE `guid` = 317382;
INSERT INTO `creature_addon` (`guid`, `path_id`, `mount`, `bytes1`, `bytes2`, `emote`, `auras`) VALUES (317382, '317382', '0', '0', '1', '0', '0');

DELETE FROM `waypoint_data` WHERE `id` = 317382;
INSERT INTO `waypoint_data` (`id`, `point`, `position_x`, `position_y`, `position_z`, `orientation`, `delay`, `move_flag`, `action`, `action_chance`, `inverse_formation_angle`, `wpguid`) VALUES
(317382, '1', '1280.32', '967.354', '206.705', '0', '0', '0', '0', '100', '0', '0'),
(317382, '2', '1281.21', '967.799', '206.705', '0', '0', '0', '0', '100', '0', '0'),
(317382, '3', '1282.92', '968.475', '206.795', '0', '0', '0', '0', '100', '0', '0'),
(317382, '4', '1297.59', '974.284', '206.746', '0', '0', '0', '0', '100', '0', '0'),
(317382, '5', '1299', '974.839', '206.814', '0', '0', '0', '0', '100', '0', '0'),
(317382, '6', '1312.68', '980.257', '207.242', '0', '0', '0', '0', '100', '0', '0'),
(317382, '7', '1315.74', '981.47', '207.354', '0', '0', '0', '0', '100', '0', '0'),
(317382, '8', '1321.74', '983.844', '207.558', '0', '0', '0', '0', '100', '0', '0'),
(317382, '9', '1329.93', '987.085', '207.698', '0', '0', '0', '0', '100', '0', '0'),
(317382, '10', '1341.99', '991.86', '207.944', '0', '0', '0', '0', '100', '0', '0'),
(317382, '11', '1353.78', '996.529', '208.104', '0', '0', '0', '0', '100', '0', '0'),
(317382, '12', '1357.53', '998.012', '208.256', '0', '0', '0', '0', '100', '0', '0'),
(317382, '13', '1357.53', '998.012', '208.256', '0', '0', '0', '0', '100', '0', '0');


INSERT INTO `creature` (`guid`, `id`, `map`, `zone`, `area`, `spawnMask`, `phaseMask`, `modelid`, `equipment_id`, `position_x`, `position_y`, `position_z`, `orientation`, `spawntimesecs`, `spawndist`, `currentwaypoint`, `curhealth`, `curmana`, `MovementType`, `npcflag`, `unit_flags`, `dynamicflags`) VALUES (317383, '42428', '725', '0', '0', '3', '1', '37235', '1', '1274.62', '1041.35', '209.973', '2.49582', '7200', '0', '0', '10736', '0', '0', '0', '0', '0');
DELETE FROM `creature_addon` WHERE `guid` = 317383;
INSERT INTO `creature_addon` (`guid`, `path_id`, `mount`, `bytes1`, `bytes2`, `emote`, `auras`) VALUES (317383, '0', '0', '0', '1', '0', '0');

INSERT INTO `creature` (`guid`, `id`, `map`, `zone`, `area`, `spawnMask`, `phaseMask`, `modelid`, `equipment_id`, `position_x`, `position_y`, `position_z`, `orientation`, `spawntimesecs`, `spawndist`, `currentwaypoint`, `curhealth`, `curmana`, `MovementType`, `npcflag`, `unit_flags`, `dynamicflags`) VALUES (317384, '42428', '725', '0', '0', '3', '1', '37238', '1', '1290.33', '968.711', '206.619', '0.501863', '7200', '0', '0', '10736', '0', '2', '0', '0', '0');
DELETE FROM `creature_addon` WHERE `guid` = 317384;
INSERT INTO `creature_addon` (`guid`, `path_id`, `mount`, `bytes1`, `bytes2`, `emote`, `auras`) VALUES (317384, '317384', '0', '0', '1', '0', '0');

DELETE FROM `waypoint_data` WHERE `id` = 317384;
INSERT INTO `waypoint_data` (`id`, `point`, `position_x`, `position_y`, `position_z`, `orientation`, `delay`, `move_flag`, `action`, `action_chance`, `inverse_formation_angle`, `wpguid`) VALUES
(317384, '1', '1289.46', '968.23', '206.62', '0', '0', '0', '0', '100', '0', '0'),
(317384, '2', '1290.33', '968.711', '206.62', '0', '0', '0', '0', '100', '0', '0'),
(317384, '3', '1296.49', '971.384', '206.612', '0', '0', '0', '0', '100', '0', '0'),
(317384, '4', '1299.04', '972.491', '206.731', '0', '0', '0', '0', '100', '0', '0'),
(317384, '5', '1314.21', '979.076', '207.288', '0', '0', '0', '0', '100', '0', '0'),
(317384, '6', '1316.18', '979.929', '207.282', '0', '0', '0', '0', '100', '0', '0'),
(317384, '7', '1317.13', '980.342', '207.329', '0', '0', '0', '0', '100', '0', '0'),
(317384, '8', '1322.15', '982.521', '207.518', '0', '0', '0', '0', '100', '0', '0'),
(317384, '9', '1324.59', '983.581', '207.589', '0', '0', '0', '0', '100', '0', '0'),
(317384, '10', '1334.22', '987.761', '207.729', '0', '0', '0', '0', '100', '0', '0'),
(317384, '11', '1341.3', '990.835', '207.892', '0', '0', '0', '0', '100', '0', '0'),
(317384, '12', '1353.88', '996.296', '208.09', '0', '0', '0', '0', '100', '0', '0'),
(317384, '13', '1357.58', '997.902', '208.249', '0', '0', '0', '0', '100', '0', '0'),
(317384, '14', '1357.58', '997.902', '208.249', '0', '0', '0', '0', '100', '0', '0');


INSERT INTO `creature` (`guid`, `id`, `map`, `zone`, `area`, `spawnMask`, `phaseMask`, `modelid`, `equipment_id`, `position_x`, `position_y`, `position_z`, `orientation`, `spawntimesecs`, `spawndist`, `currentwaypoint`, `curhealth`, `curmana`, `MovementType`, `npcflag`, `unit_flags`, `dynamicflags`) VALUES (317385, '42428', '725', '0', '0', '3', '1', '37237', '1', '1274.96', '1046.15', '210.237', '2.49582', '7200', '0', '0', '10736', '0', '0', '0', '0', '0');
DELETE FROM `creature_addon` WHERE `guid` = 317385;
INSERT INTO `creature_addon` (`guid`, `path_id`, `mount`, `bytes1`, `bytes2`, `emote`, `auras`) VALUES (317385, '0', '0', '0', '1', '0', '0');

INSERT INTO `creature` (`guid`, `id`, `map`, `zone`, `area`, `spawnMask`, `phaseMask`, `modelid`, `equipment_id`, `position_x`, `position_y`, `position_z`, `orientation`, `spawntimesecs`, `spawndist`, `currentwaypoint`, `curhealth`, `curmana`, `MovementType`, `npcflag`, `unit_flags`, `dynamicflags`) VALUES (317386, '42428', '725', '0', '0', '3', '1', '37238', '1', '1294.13', '974.029', '206.82', '0.463629', '7200', '0', '0', '10736', '0', '2', '0', '0', '0');
DELETE FROM `creature_addon` WHERE `guid` = 317386;
INSERT INTO `creature_addon` (`guid`, `path_id`, `mount`, `bytes1`, `bytes2`, `emote`, `auras`) VALUES (317386, '317386', '0', '0', '1', '0', '0');

DELETE FROM `waypoint_data` WHERE `id` = 330896;
INSERT INTO `waypoint_data` (`id`, `point`, `position_x`, `position_y`, `position_z`, `orientation`, `delay`, `move_flag`, `action`, `action_chance`, `inverse_formation_angle`, `wpguid`) VALUES
(317386, '1', '1293.23', '973.581', '206.82', '0', '0', '0', '0', '100', '0', '0'),
(317386, '2', '1294.13', '974.029', '206.82', '0', '0', '0', '0', '100', '0', '0'),
(317386, '3', '1296.96', '975.104', '206.808', '0', '0', '0', '0', '100', '0', '0'),
(317386, '4', '1300.27', '976.358', '206.914', '0', '0', '0', '0', '100', '0', '0'),
(317386, '5', '1324.45', '985.526', '207.675', '0', '0', '0', '0', '100', '0', '0'),
(317386, '6', '1327.59', '986.717', '207.681', '0', '0', '0', '0', '100', '0', '0'),
(317386, '7', '1342.28', '992.285', '207.966', '0', '0', '0', '0', '100', '0', '0'),
(317386, '8', '1353.74', '996.633', '208.111', '0', '0', '0', '0', '100', '0', '0'),
(317386, '9', '1357.51', '998.062', '208.259', '0', '0', '0', '0', '100', '0', '0'),
(317386, '10', '1357.51', '998.062', '208.259', '0', '0', '0', '0', '100', '0', '0');


INSERT INTO `creature` (`guid`, `id`, `map`, `zone`, `area`, `spawnMask`, `phaseMask`, `modelid`, `equipment_id`, `position_x`, `position_y`, `position_z`, `orientation`, `spawntimesecs`, `spawndist`, `currentwaypoint`, `curhealth`, `curmana`, `MovementType`, `npcflag`, `unit_flags`, `dynamicflags`) VALUES (317387, '42428', '725', '0', '0', '3', '1', '37238', '1', '1287.87', '1050.09', '210.372', '2.49582', '7200', '0', '0', '10736', '0', '0', '0', '0', '0');
DELETE FROM `creature_addon` WHERE `guid` = 317387;
INSERT INTO `creature_addon` (`guid`, `path_id`, `mount`, `bytes1`, `bytes2`, `emote`, `auras`) VALUES (317387, '0', '0', '0', '1', '0', '0');

INSERT INTO `creature` (`guid`, `id`, `map`, `zone`, `area`, `spawnMask`, `phaseMask`, `modelid`, `equipment_id`, `position_x`, `position_y`, `position_z`, `orientation`, `spawntimesecs`, `spawndist`, `currentwaypoint`, `curhealth`, `curmana`, `MovementType`, `npcflag`, `unit_flags`, `dynamicflags`) VALUES (317388, '42428', '725', '0', '0', '3', '1', '37237', '1', '1283.81', '968.171', '206.755', '0.470875', '7200', '0', '0', '10736', '0', '2', '0', '0', '0');
DELETE FROM `creature_addon` WHERE `guid` = 317388;
INSERT INTO `creature_addon` (`guid`, `path_id`, `mount`, `bytes1`, `bytes2`, `emote`, `auras`) VALUES (317388, '317388', '0', '0', '1', '0', '0');

DELETE FROM `waypoint_data` WHERE `id` = 330898;
INSERT INTO `waypoint_data` (`id`, `point`, `position_x`, `position_y`, `position_z`, `orientation`, `delay`, `move_flag`, `action`, `action_chance`, `inverse_formation_angle`, `wpguid`) VALUES
(317388, '1', '1282.92', '967.718', '206.755', '0', '0', '0', '0', '100', '0', '0'),
(317388, '2', '1283.81', '968.171', '206.755', '0', '0', '0', '0', '100', '0', '0'),
(317388, '3', '1297.91', '973.873', '206.715', '0', '0', '0', '0', '100', '0', '0'),
(317388, '4', '1303.22', '976.021', '206.893', '0', '0', '0', '0', '100', '0', '0'),
(317388, '5', '1315.41', '980.951', '207.339', '0', '0', '0', '0', '100', '0', '0'),
(317388, '6', '1316.38', '981.342', '207.356', '0', '0', '0', '0', '100', '0', '0'),
(317388, '7', '1321.83', '983.548', '207.549', '0', '0', '0', '0', '100', '0', '0'),
(317388, '8', '1322.88', '983.971', '207.579', '0', '0', '0', '0', '100', '0', '0'),
(317388, '9', '1331', '987.254', '207.706', '0', '0', '0', '0', '100', '0', '0'),
(317388, '10', '1341.84', '991.638', '207.933', '0', '0', '0', '0', '100', '0', '0'),
(317388, '11', '1353.81', '996.477', '208.101', '0', '0', '0', '0', '100', '0', '0'),
(317388, '12', '1357.54', '997.987', '208.254', '0', '0', '0', '0', '100', '0', '0'),
(317388, '13', '1357.54', '997.987', '208.254', '0', '0', '0', '0', '100', '0', '0');


INSERT INTO `creature` (`guid`, `id`, `map`, `zone`, `area`, `spawnMask`, `phaseMask`, `modelid`, `equipment_id`, `position_x`, `position_y`, `position_z`, `orientation`, `spawntimesecs`, `spawndist`, `currentwaypoint`, `curhealth`, `curmana`, `MovementType`, `npcflag`, `unit_flags`, `dynamicflags`) VALUES (317389, '42428', '725', '0', '0', '3', '1', '37235', '1', '1276.68', '1048.72', '210.373', '2.49582', '7200', '0', '0', '10736', '0', '0', '0', '0', '0');
DELETE FROM `creature_addon` WHERE `guid` = 317389;
INSERT INTO `creature_addon` (`guid`, `path_id`, `mount`, `bytes1`, `bytes2`, `emote`, `auras`) VALUES (317389, '0', '0', '0', '1', '0', '0');

INSERT INTO `creature` (`guid`, `id`, `map`, `zone`, `area`, `spawnMask`, `phaseMask`, `modelid`, `equipment_id`, `position_x`, `position_y`, `position_z`, `orientation`, `spawntimesecs`, `spawndist`, `currentwaypoint`, `curhealth`, `curmana`, `MovementType`, `npcflag`, `unit_flags`, `dynamicflags`) VALUES (317390, '42428', '725', '0', '0', '3', '1', '37238', '1', '1293.29', '971.919', '206.723', '0.48357', '7200', '0', '0', '10736', '0', '2', '0', '0', '0');
DELETE FROM `creature_addon` WHERE `guid` = 317390;
INSERT INTO `creature_addon` (`guid`, `path_id`, `mount`, `bytes1`, `bytes2`, `emote`, `auras`) VALUES (317390, '317390', '0', '0', '1', '0', '0');

DELETE FROM `waypoint_data` WHERE `id` = 330900;
INSERT INTO `waypoint_data` (`id`, `point`, `position_x`, `position_y`, `position_z`, `orientation`, `delay`, `move_flag`, `action`, `action_chance`, `inverse_formation_angle`, `wpguid`) VALUES
(317390, '1', '1292.41', '971.454', '206.723', '0', '0', '0', '0', '100', '0', '0'),
(317390, '2', '1293.29', '971.919', '206.723', '0', '0', '0', '0', '100', '0', '0'),
(317390, '3', '1297.96', '973.811', '206.711', '0', '0', '0', '0', '100', '0', '0'),
(317390, '4', '1301.43', '975.22', '206.827', '0', '0', '0', '0', '100', '0', '0'),
(317390, '5', '1315.36', '980.871', '207.337', '0', '0', '0', '0', '100', '0', '0'),
(317390, '6', '1316.29', '981.25', '207.35', '0', '0', '0', '0', '100', '0', '0'),
(317390, '7', '1321.85', '983.503', '207.548', '0', '0', '0', '0', '100', '0', '0'),
(317390, '8', '1322.96', '983.953', '207.579', '0', '0', '0', '0', '100', '0', '0'),
(317390, '9', '1331.15', '987.278', '207.707', '0', '0', '0', '0', '100', '0', '0'),
(317390, '10', '1341.82', '991.604', '207.931', '0', '0', '0', '0', '100', '0', '0'),
(317390, '11', '1353.81', '996.469', '208.101', '0', '0', '0', '0', '100', '0', '0'),
(317390, '12', '1357.54', '997.984', '208.254', '0', '0', '0', '0', '100', '0', '0'),
(317390, '13', '1357.54', '997.984', '208.254', '0', '0', '0', '0', '100', '0', '0');


INSERT INTO `creature` (`guid`, `id`, `map`, `zone`, `area`, `spawnMask`, `phaseMask`, `modelid`, `equipment_id`, `position_x`, `position_y`, `position_z`, `orientation`, `spawntimesecs`, `spawndist`, `currentwaypoint`, `curhealth`, `curmana`, `MovementType`, `npcflag`, `unit_flags`, `dynamicflags`) VALUES (317391, '42428', '725', '0', '0', '3', '1', '37236', '1', '1282.94', '1049.66', '210.363', '2.49582', '7200', '0', '0', '10736', '0', '0', '0', '0', '0');
DELETE FROM `creature_addon` WHERE `guid` = 317391;
INSERT INTO `creature_addon` (`guid`, `path_id`, `mount`, `bytes1`, `bytes2`, `emote`, `auras`) VALUES (317391, '0', '0', '0', '1', '0', '0');

INSERT INTO `creature` (`guid`, `id`, `map`, `zone`, `area`, `spawnMask`, `phaseMask`, `modelid`, `equipment_id`, `position_x`, `position_y`, `position_z`, `orientation`, `spawntimesecs`, `spawndist`, `currentwaypoint`, `curhealth`, `curmana`, `MovementType`, `npcflag`, `unit_flags`, `dynamicflags`) VALUES (317392, '42428', '725', '0', '0', '3', '1', '37238', '1', '1295.95', '975.889', '206.878', '0.451767', '7200', '0', '0', '10736', '0', '2', '0', '0', '0');
DELETE FROM `creature_addon` WHERE `guid` = 317392;
INSERT INTO `creature_addon` (`guid`, `path_id`, `mount`, `bytes1`, `bytes2`, `emote`, `auras`) VALUES (317392, '317392', '0', '0', '1', '0', '0');

DELETE FROM `waypoint_data` WHERE `id` = 317392;
INSERT INTO `waypoint_data` (`id`, `point`, `position_x`, `position_y`, `position_z`, `orientation`, `delay`, `move_flag`, `action`, `action_chance`, `inverse_formation_angle`, `wpguid`) VALUES
(317392, '1', '1295.05', '975.452', '206.878', '0', '0', '0', '0', '100', '0', '0'),
(317392, '2', '1295.95', '975.889', '206.878', '0', '0', '0', '0', '100', '0', '0'),
(317392, '3', '1301.59', '977.926', '207.017', '0', '0', '0', '0', '100', '0', '0'),
(317392, '4', '1326.79', '987.026', '207.787', '0', '0', '0', '0', '100', '0', '0'),
(317392, '5', '1342.58', '992.73', '207.988', '0', '0', '0', '0', '100', '0', '0'),
(317392, '6', '1353.7', '996.747', '208.118', '0', '0', '0', '0', '100', '0', '0'),
(317392, '7', '1357.49', '998.116', '208.262', '0', '0', '0', '0', '100', '0', '0'),
(317392, '8', '1357.49', '998.116', '208.262', '0', '0', '0', '0', '100', '0', '0');


INSERT INTO `creature` (`guid`, `id`, `map`, `zone`, `area`, `spawnMask`, `phaseMask`, `modelid`, `equipment_id`, `position_x`, `position_y`, `position_z`, `orientation`, `spawntimesecs`, `spawndist`, `currentwaypoint`, `curhealth`, `curmana`, `MovementType`, `npcflag`, `unit_flags`, `dynamicflags`) VALUES (317393, '42428', '725', '0', '0', '3', '1', '37236', '1', '1277.26', '1046.79', '210.265', '2.49582', '7200', '0', '0', '10736', '0', '0', '0', '0', '0');
DELETE FROM `creature_addon` WHERE `guid` = 317393;
INSERT INTO `creature_addon` (`guid`, `path_id`, `mount`, `bytes1`, `bytes2`, `emote`, `auras`) VALUES (317393, '0', '0', '0', '1', '0', '0');

INSERT INTO `creature` (`guid`, `id`, `map`, `zone`, `area`, `spawnMask`, `phaseMask`, `modelid`, `equipment_id`, `position_x`, `position_y`, `position_z`, `orientation`, `spawntimesecs`, `spawndist`, `currentwaypoint`, `curhealth`, `curmana`, `MovementType`, `npcflag`, `unit_flags`, `dynamicflags`) VALUES (317394, '42428', '725', '0', '0', '3', '1', '37236', '1', '1279.26', '967.55', '206.627', '0.454144', '7200', '0', '0', '10736', '0', '2', '0', '0', '0');
DELETE FROM `creature_addon` WHERE `guid` = 317394;
INSERT INTO `creature_addon` (`guid`, `path_id`, `mount`, `bytes1`, `bytes2`, `emote`, `auras`) VALUES (317394, '317394', '0', '0', '1', '0', '0');

DELETE FROM `waypoint_data` WHERE `id` = 330904;
INSERT INTO `waypoint_data` (`id`, `point`, `position_x`, `position_y`, `position_z`, `orientation`, `delay`, `move_flag`, `action`, `action_chance`, `inverse_formation_angle`, `wpguid`) VALUES
(317394, '1', '1278.36', '967.112', '206.627', '0', '0', '0', '0', '100', '0', '0'),
(317394, '2', '1279.26', '967.55', '206.627', '0', '0', '0', '0', '100', '0', '0'),
(317394, '3', '1283', '969.008', '206.823', '0', '0', '0', '0', '100', '0', '0'),
(317394, '4', '1297.35', '974.598', '206.77', '0', '0', '0', '0', '100', '0', '0'),
(317394, '5', '1299.49', '975.433', '206.853', '0', '0', '0', '0', '100', '0', '0'),
(317394, '6', '1318.03', '982.649', '207.438', '0', '0', '0', '0', '100', '0', '0'),
(317394, '7', '1321.68', '984.071', '207.565', '0', '0', '0', '0', '100', '0', '0'),
(317394, '8', '1329.07', '986.949', '207.692', '0', '0', '0', '0', '100', '0', '0'),
(317394, '9', '1342.1', '992.025', '207.953', '0', '0', '0', '0', '100', '0', '0'),
(317394, '10', '1353.77', '996.569', '208.107', '0', '0', '0', '0', '100', '0', '0'),
(317394, '11', '1357.52', '998.031', '208.257', '0', '0', '0', '0', '100', '0', '0'),
(317394, '12', '1357.52', '998.031', '208.257', '0', '0', '0', '0', '100', '0', '0');


INSERT INTO `creature` (`guid`, `id`, `map`, `zone`, `area`, `spawnMask`, `phaseMask`, `modelid`, `equipment_id`, `position_x`, `position_y`, `position_z`, `orientation`, `spawntimesecs`, `spawndist`, `currentwaypoint`, `curhealth`, `curmana`, `MovementType`, `npcflag`, `unit_flags`, `dynamicflags`) VALUES (317395, '42428', '725', '0', '0', '3', '1', '37236', '1', '1277.09', '1056.23', '211.08', '2.49582', '7200', '0', '0', '10736', '0', '0', '0', '0', '0');
DELETE FROM `creature_addon` WHERE `guid` = 317395;
INSERT INTO `creature_addon` (`guid`, `path_id`, `mount`, `bytes1`, `bytes2`, `emote`, `auras`) VALUES (317395, '0', '0', '0', '1', '0', '0');

INSERT INTO `creature` (`guid`, `id`, `map`, `zone`, `area`, `spawnMask`, `phaseMask`, `modelid`, `equipment_id`, `position_x`, `position_y`, `position_z`, `orientation`, `spawntimesecs`, `spawndist`, `currentwaypoint`, `curhealth`, `curmana`, `MovementType`, `npcflag`, `unit_flags`, `dynamicflags`) VALUES (317396, '42428', '725', '0', '0', '3', '1', '37238', '1', '1279.6', '974.839', '206.999', '0.380654', '7200', '0', '0', '10736', '0', '2', '0', '0', '0');
DELETE FROM `creature_addon` WHERE `guid` = 317396;
INSERT INTO `creature_addon` (`guid`, `path_id`, `mount`, `bytes1`, `bytes2`, `emote`, `auras`) VALUES (317396, '317396', '0', '0', '1', '0', '0');

DELETE FROM `waypoint_data` WHERE `id` = 330906;
INSERT INTO `waypoint_data` (`id`, `point`, `position_x`, `position_y`, `position_z`, `orientation`, `delay`, `move_flag`, `action`, `action_chance`, `inverse_formation_angle`, `wpguid`) VALUES
(317396, '1', '1278.68', '974.468', '206.984', '0', '0', '0', '0', '100', '0', '0'),
(317396, '2', '1279.6', '974.839', '206.984', '0', '0', '0', '0', '100', '0', '0'),
(317396, '3', '1284.03', '976.174', '207.197', '0', '0', '0', '0', '100', '0', '0'),
(317396, '4', '1293.86', '979.139', '207.113', '0', '0', '0', '0', '100', '0', '0'),
(317396, '5', '1305.58', '982.67', '207.33', '0', '0', '0', '0', '100', '0', '0'),
(317396, '6', '1326.5', '988.978', '207.897', '0', '0', '0', '0', '100', '0', '0'),
(317396, '7', '1343.51', '994.106', '208.058', '0', '0', '0', '0', '100', '0', '0'),
(317396, '8', '1353.54', '997.132', '208.142', '0', '0', '0', '0', '100', '0', '0'),
(317396, '9', '1357.43', '998.303', '208.274', '0', '0', '0', '0', '100', '0', '0'),
(317396, '10', '1357.43', '998.303', '208.274', '0', '0', '0', '0', '100', '0', '0');


INSERT INTO `creature` (`guid`, `id`, `map`, `zone`, `area`, `spawnMask`, `phaseMask`, `modelid`, `equipment_id`, `position_x`, `position_y`, `position_z`, `orientation`, `spawntimesecs`, `spawndist`, `currentwaypoint`, `curhealth`, `curmana`, `MovementType`, `npcflag`, `unit_flags`, `dynamicflags`) VALUES (317397, '42428', '725', '0', '0', '3', '1', '37238', '1', '1277.91', '1054.26', '210.893', '2.49582', '7200', '0', '0', '10736', '0', '0', '0', '0', '0');
DELETE FROM `creature_addon` WHERE `guid` = 317397;
INSERT INTO `creature_addon` (`guid`, `path_id`, `mount`, `bytes1`, `bytes2`, `emote`, `auras`) VALUES (317397, '0', '0', '0', '1', '0', '0');

INSERT INTO `creature` (`guid`, `id`, `map`, `zone`, `area`, `spawnMask`, `phaseMask`, `modelid`, `equipment_id`, `position_x`, `position_y`, `position_z`, `orientation`, `spawntimesecs`, `spawndist`, `currentwaypoint`, `curhealth`, `curmana`, `MovementType`, `npcflag`, `unit_flags`, `dynamicflags`) VALUES (317398, '42428', '725', '0', '0', '3', '1', '37235', '1', '1277.98', '1052.96', '210.764', '2.49582', '7200', '0', '0', '10736', '0', '0', '0', '0', '0');
DELETE FROM `creature_addon` WHERE `guid` = 317398;
INSERT INTO `creature_addon` (`guid`, `path_id`, `mount`, `bytes1`, `bytes2`, `emote`, `auras`) VALUES (317398, '0', '0', '0', '1', '0', '0');

INSERT INTO `creature` (`guid`, `id`, `map`, `zone`, `area`, `spawnMask`, `phaseMask`, `modelid`, `equipment_id`, `position_x`, `position_y`, `position_z`, `orientation`, `spawntimesecs`, `spawndist`, `currentwaypoint`, `curhealth`, `curmana`, `MovementType`, `npcflag`, `unit_flags`, `dynamicflags`) VALUES (317399, '42428', '725', '0', '0', '3', '1', '37236', '1', '1272.43', '1044.63', '210.161', '2.49582', '7200', '0', '0', '10736', '0', '0', '0', '0', '0');
DELETE FROM `creature_addon` WHERE `guid` = 317399;
INSERT INTO `creature_addon` (`guid`, `path_id`, `mount`, `bytes1`, `bytes2`, `emote`, `auras`) VALUES (317399, '0', '0', '0', '1', '0', '0');

INSERT INTO `creature` (`guid`, `id`, `map`, `zone`, `area`, `spawnMask`, `phaseMask`, `modelid`, `equipment_id`, `position_x`, `position_y`, `position_z`, `orientation`, `spawntimesecs`, `spawndist`, `currentwaypoint`, `curhealth`, `curmana`, `MovementType`, `npcflag`, `unit_flags`, `dynamicflags`) VALUES (317400, '42428', '725', '0', '0', '3', '1', '37238', '1', '1279.23', '1049.67', '210.421', '2.49582', '7200', '0', '0', '10736', '0', '0', '0', '0', '0');
DELETE FROM `creature_addon` WHERE `guid` = 317400;
INSERT INTO `creature_addon` (`guid`, `path_id`, `mount`, `bytes1`, `bytes2`, `emote`, `auras`) VALUES (317400, '0', '0', '0', '1', '0', '0');

INSERT INTO `creature` (`guid`, `id`, `map`, `zone`, `area`, `spawnMask`, `phaseMask`, `modelid`, `equipment_id`, `position_x`, `position_y`, `position_z`, `orientation`, `spawntimesecs`, `spawndist`, `currentwaypoint`, `curhealth`, `curmana`, `MovementType`, `npcflag`, `unit_flags`, `dynamicflags`) VALUES (317401, '42428', '725', '0', '0', '3', '1', '37235', '1', '1280.32', '1049.16', '210.405', '2.49582', '7200', '0', '0', '10736', '0', '0', '0', '0', '0');
DELETE FROM `creature_addon` WHERE `guid` = 317401;
INSERT INTO `creature_addon` (`guid`, `path_id`, `mount`, `bytes1`, `bytes2`, `emote`, `auras`) VALUES (317401, '0', '0', '0', '1', '0', '0');

INSERT INTO `creature` (`guid`, `id`, `map`, `zone`, `area`, `spawnMask`, `phaseMask`, `modelid`, `equipment_id`, `position_x`, `position_y`, `position_z`, `orientation`, `spawntimesecs`, `spawndist`, `currentwaypoint`, `curhealth`, `curmana`, `MovementType`, `npcflag`, `unit_flags`, `dynamicflags`) VALUES (317402, '42428', '725', '0', '0', '3', '1', '37235', '1', '1286.54', '1051.11', '210.585', '2.49582', '7200', '0', '0', '10736', '0', '0', '0', '0', '0');
DELETE FROM `creature_addon` WHERE `guid` = 317402;
INSERT INTO `creature_addon` (`guid`, `path_id`, `mount`, `bytes1`, `bytes2`, `emote`, `auras`) VALUES (317402, '0', '0', '0', '1', '0', '0');

INSERT INTO `creature` (`guid`, `id`, `map`, `zone`, `area`, `spawnMask`, `phaseMask`, `modelid`, `equipment_id`, `position_x`, `position_y`, `position_z`, `orientation`, `spawntimesecs`, `spawndist`, `currentwaypoint`, `curhealth`, `curmana`, `MovementType`, `npcflag`, `unit_flags`, `dynamicflags`) VALUES (317403, '42428', '725', '0', '0', '3', '1', '37238', '1', '1277.47', '973.685', '206.6', '0.356236', '7200', '0', '0', '10736', '0', '2', '0', '0', '0');
DELETE FROM `creature_addon` WHERE `guid` = 317403;
INSERT INTO `creature_addon` (`guid`, `path_id`, `mount`, `bytes1`, `bytes2`, `emote`, `auras`) VALUES (317403, '317403', '0', '0', '1', '0', '0');

DELETE FROM `waypoint_data` WHERE `id` = 317403;
INSERT INTO `waypoint_data` (`id`, `point`, `position_x`, `position_y`, `position_z`, `orientation`, `delay`, `move_flag`, `action`, `action_chance`, `inverse_formation_angle`, `wpguid`) VALUES
(317403, '1', '1271.3', '971.374', '206.307', '0', '0', '0', '0', '100', '0', '0'),
(317403, '2', '1272.23', '971.736', '206.307', '0', '0', '0', '0', '100', '0', '0'),
(317403, '3', '1276.8', '973.437', '206.461', '0', '0', '0', '0', '100', '0', '0'),
(317403, '4', '1279.2', '974.331', '206.963', '0', '0', '0', '0', '100', '0', '0'),
(317403, '5', '1284.02', '976.124', '207.194', '0', '0', '0', '0', '100', '0', '0'),
(317403, '6', '1293.48', '979.642', '207.15', '0', '0', '0', '0', '100', '0', '0'),
(317403, '7', '1307.38', '984.815', '207.471', '0', '0', '0', '0', '100', '0', '0'),
(317403, '8', '1326.09', '991.776', '208.055', '0', '0', '0', '0', '100', '0', '0'),
(317403, '9', '1347.25', '999.651', '208.34', '0', '0', '0', '0', '100', '0', '0'),
(317403, '10', '1351.86', '1001.37', '208.406', '0', '0', '0', '0', '100', '0', '0'),
(317403, '11', '1354.88', '1002.49', '208.516', '0', '0', '0', '0', '100', '0', '0'),
(317403, '12', '1366.69', '1006.88', '208.987', '0', '0', '0', '0', '100', '0', '0'),
(317403, '13', '1366.69', '1006.88', '208.987', '0', '0', '0', '0', '100', '0', '0');


INSERT INTO `creature` (`guid`, `id`, `map`, `zone`, `area`, `spawnMask`, `phaseMask`, `modelid`, `equipment_id`, `position_x`, `position_y`, `position_z`, `orientation`, `spawntimesecs`, `spawndist`, `currentwaypoint`, `curhealth`, `curmana`, `MovementType`, `npcflag`, `unit_flags`, `dynamicflags`) VALUES (317404, '42428', '725', '0', '0', '3', '1', '37235', '1', '1276.42', '961.442', '206.262', '0.462516', '7200', '0', '0', '10736', '0', '2', '0', '0', '0');
DELETE FROM `creature_addon` WHERE `guid` = 317404;
INSERT INTO `creature_addon` (`guid`, `path_id`, `mount`, `bytes1`, `bytes2`, `emote`, `auras`) VALUES (317404, '317404', '0', '0', '1', '0', '0');

DELETE FROM `waypoint_data` WHERE `id` = 317404;
INSERT INTO `waypoint_data` (`id`, `point`, `position_x`, `position_y`, `position_z`, `orientation`, `delay`, `move_flag`, `action`, `action_chance`, `inverse_formation_angle`, `wpguid`) VALUES
(317404, '1', '1270.53', '958.492', '205.806', '0', '0', '0', '0', '100', '0', '0'),
(317404, '2', '1271.42', '958.95', '205.806', '0', '0', '0', '0', '100', '0', '0'),
(317404, '3', '1272.61', '959.546', '206.056', '0', '0', '0', '0', '100', '0', '0'),
(317404, '4', '1282.33', '964.391', '206.581', '0', '0', '0', '0', '100', '0', '0'),
(317404, '5', '1296.56', '971.484', '206.616', '0', '0', '0', '0', '100', '0', '0'),
(317404, '6', '1298.91', '972.655', '206.727', '0', '0', '0', '0', '100', '0', '0'),
(317404, '7', '1315.35', '980.852', '207.337', '0', '0', '0', '0', '100', '0', '0'),
(317404, '8', '1316.25', '981.3', '207.351', '0', '0', '0', '0', '100', '0', '0'),
(317404, '9', '1321.69', '984.015', '207.563', '0', '0', '0', '0', '100', '0', '0'),
(317404, '10', '1326.89', '986.606', '207.676', '0', '0', '0', '0', '100', '0', '0'),
(317404, '11', '1344.31', '995.289', '208.119', '0', '0', '0', '0', '100', '0', '0'),
(317404, '12', '1352.63', '999.439', '208.286', '0', '0', '0', '0', '100', '0', '0'),
(317404, '13', '1356.34', '1001.29', '208.456', '0', '0', '0', '0', '100', '0', '0'),
(317404, '14', '1357.35', '1001.79', '208.5', '0', '0', '0', '0', '100', '0', '0'),
(317404, '15', '1366.84', '1006.53', '208.965', '0', '0', '0', '0', '100', '0', '0'),
(317404, '16', '1366.84', '1006.53', '208.965', '0', '0', '0', '0', '100', '0', '0');


INSERT INTO `creature` (`guid`, `id`, `map`, `zone`, `area`, `spawnMask`, `phaseMask`, `modelid`, `equipment_id`, `position_x`, `position_y`, `position_z`, `orientation`, `spawntimesecs`, `spawndist`, `currentwaypoint`, `curhealth`, `curmana`, `MovementType`, `npcflag`, `unit_flags`, `dynamicflags`) VALUES (317405, '42428', '725', '0', '0', '3', '1', '37235', '1', '1274.79', '967.969', '206.216', '0.398986', '7200', '0', '0', '10736', '0', '2', '0', '0', '0');
DELETE FROM `creature_addon` WHERE `guid` = 317405;
INSERT INTO `creature_addon` (`guid`, `path_id`, `mount`, `bytes1`, `bytes2`, `emote`, `auras`) VALUES (317405, '317405', '0', '0', '1', '0', '0');

DELETE FROM `waypoint_data` WHERE `id` = 317405;
INSERT INTO `waypoint_data` (`id`, `point`, `position_x`, `position_y`, `position_z`, `orientation`, `delay`, `move_flag`, `action`, `action_chance`, `inverse_formation_angle`, `wpguid`) VALUES
(317405, '1', '1268.71', '965.394', '205.915', '0', '0', '0', '0', '100', '0', '0'),
(317405, '2', '1269.63', '965.794', '205.915', '0', '0', '0', '0', '100', '0', '0'),
(317405, '3', '1274.15', '967.698', '206.082', '0', '0', '0', '0', '100', '0', '0'),
(317405, '4', '1276.73', '968.789', '206.623', '0', '0', '0', '0', '100', '0', '0'),
(317405, '5', '1283.37', '971.586', '206.957', '0', '0', '0', '0', '100', '0', '0'),
(317405, '6', '1295.68', '976.776', '206.934', '0', '0', '0', '0', '100', '0', '0'),
(317405, '7', '1303.34', '980.005', '207.154', '0', '0', '0', '0', '100', '0', '0'),
(317405, '8', '1326.39', '989.724', '207.939', '0', '0', '0', '0', '100', '0', '0'),
(317405, '9', '1346.18', '998.068', '208.26', '0', '0', '0', '0', '100', '0', '0'),
(317405, '10', '1352.17', '1000.59', '208.357', '0', '0', '0', '0', '100', '0', '0'),
(317405, '11', '1355.49', '1001.99', '208.491', '0', '0', '0', '0', '100', '0', '0'),
(317405, '12', '1366.74', '1006.74', '208.978', '0', '0', '0', '0', '100', '0', '0'),
(317405, '13', '1366.74', '1006.74', '208.978', '0', '0', '0', '0', '100', '0', '0');


INSERT INTO `creature` (`guid`, `id`, `map`, `zone`, `area`, `spawnMask`, `phaseMask`, `modelid`, `equipment_id`, `position_x`, `position_y`, `position_z`, `orientation`, `spawntimesecs`, `spawndist`, `currentwaypoint`, `curhealth`, `curmana`, `MovementType`, `npcflag`, `unit_flags`, `dynamicflags`) VALUES (317406, '43020', '725', '0', '0', '3', '1', '11686', '0', '1540.41', '1186.17', '220.219', '3.64774', '7200', '0', '0', '5368', '17032', '0', '0', '0', '0');

INSERT INTO `creature` (`guid`, `id`, `map`, `zone`, `area`, `spawnMask`, `phaseMask`, `modelid`, `equipment_id`, `position_x`, `position_y`, `position_z`, `orientation`, `spawntimesecs`, `spawndist`, `currentwaypoint`, `curhealth`, `curmana`, `MovementType`, `npcflag`, `unit_flags`, `dynamicflags`) VALUES (317407, '43391', '725', '0', '0', '2', '65535', '0', '0', '900.215', '987.112', '317.26', '3.18964', '300', '0', '0', '688616', '98730', '0', '0', '0', '0');

INSERT INTO `creature` (`guid`, `id`, `map`, `zone`, `area`, `spawnMask`, `phaseMask`, `modelid`, `equipment_id`, `position_x`, `position_y`, `position_z`, `orientation`, `spawntimesecs`, `spawndist`, `currentwaypoint`, `curhealth`, `curmana`, `MovementType`, `npcflag`, `unit_flags`, `dynamicflags`) VALUES (317408, '42428', '725', '0', '0', '3', '1', '37237', '1', '1387.36', '1069.93', '212.935', '5.79846', '7200', '0', '0', '10736', '0', '0', '0', '0', '0');

DELETE FROM `smart_scripts` WHERE `entryorguid` = 42188 AND `source_type` = 0;
INSERT INTO `smart_scripts` (`entryorguid`, `source_type`, `id`, `link`, `event_type`, `event_phase_mask`, `event_chance`, `event_flags`, `event_param1`, `event_param2`, `event_param3`, `event_param4`, `action_type`, `action_param1`, `action_param2`, `action_param3`, `action_param4`, `action_param5`, `action_param6`, `target_type`, `target_param1`, `target_param2`, `target_param3`, `target_x`, `target_y`, `target_z`, `target_o`, `comment`) VALUES
(42188, '0', '1', '0', '4', '0', '100', '0', '0', '0', '0', '0', '1', '0', '100', '0', '0', '0', '0', '1', '0', '0', '0', '0', '0', '0', '0', 'Kammennue nedra'),
(42188, '0', '2', '0', '0', '0', '100', '1', '3000', '3000', '0', '0', '1', '1', '100', '0', '0', '0', '0', '1', '0', '0', '0', '0', '0', '0', '0', 'Kammennue nedra'),
(42188, '0', '3', '0', '0', '0', '100', '0', '10000', '10000', '30000', '30000', '11', '95338', '1', '0', '0', '0', '0', '2', '0', '0', '0', '0', '0', '0', '0', 'Kammennue nedra'),
(42188, '0', '4', '0', '0', '0', '100', '0', '5000', '5000', '25000', '25000', '11', '78939', '1', '0', '0', '0', '0', '1', '0', '0', '0', '0', '0', '0', '0', 'Kammennue nedra'),
(42188, '0', '5', '0', '0', '0', '100', '0', '1000', '1000', '25000', '25000', '11', '78835', '1', '0', '0', '0', '0', '1', '0', '0', '0', '0', '0', '0', '0', 'Kammennue nedra'),
(42188, '0', '6', '0', '0', '0', '100', '0', '20000', '20000', '30000', '30000', '11', '78807', '1', '0', '0', '0', '0', '2', '0', '0', '0', '0', '0', '0', '0', 'Kammennue nedra'),
(42188, '0', '7', '0', '6', '0', '100', '0', '0', '0', '0', '0', '1', '2', '300', '0', '0', '0', '0', '1', '0', '0', '0', '0', '0', '0', '0', 'Kammennue nedra');


DELETE FROM `smart_scripts` WHERE `entryorguid` = 42333 AND `source_type` = 0;
INSERT INTO `smart_scripts` (`entryorguid`, `source_type`, `id`, `link`, `event_type`, `event_phase_mask`, `event_chance`, `event_flags`, `event_param1`, `event_param2`, `event_param3`, `event_param4`, `action_type`, `action_param1`, `action_param2`, `action_param3`, `action_param4`, `action_param5`, `action_param6`, `target_type`, `target_param1`, `target_param2`, `target_param3`, `target_x`, `target_y`, `target_z`, `target_o`, `comment`) VALUES
(42333, '0', '1', '0', '4', '0', '100', '0', '0', '0', '0', '0', '1', '0', '300', '0', '0', '0', '0', '1', '0', '0', '0', '0', '0', '0', '0', 'Kammennue nedra'),
(42333, '0', '2', '0', '4', '0', '100', '0', '0', '0', '0', '0', '21', '0', '0', '0', '0', '0', '0', '1', '0', '0', '0', '0', '0', '0', '0', 'Kammennue nedra'),
(42333, '0', '3', '0', '4', '0', '100', '0', '0', '0', '0', '0', '11', '79050', '1', '0', '0', '0', '0', '1', '0', '0', '0', '0', '0', '0', '0', 'Kammennue nedra'),
(42333, '0', '4', '0', '0', '0', '100', '1', '2500', '2500', '0', '0', '21', '1', '0', '0', '0', '0', '0', '1', '0', '0', '0', '0', '0', '0', '0', 'Kammennue nedra'),
(42333, '0', '5', '0', '0', '0', '100', '1', '7000', '7000', '0', '0', '28', '92667', '0', '0', '0', '0', '0', '1', '0', '0', '0', '0', '0', '0', '0', 'Kammennue nedra'),
(42333, '0', '6', '0', '0', '0', '100', '1', '10000', '10000', '0', '0', '11', '79351', '0', '0', '0', '0', '0', '2', '0', '0', '0', '0', '0', '0', '0', 'Kammennue nedra'),
(42333, '0', '7', '0', '0', '0', '100', '1', '15000', '17000', '0', '0', '11', '79340', '0', '0', '0', '0', '0', '2', '0', '0', '0', '0', '0', '0', '0', 'Kammennue nedra'),
(42333, '0', '8', '0', '0', '0', '100', '1', '25000', '27000', '0', '0', '11', '79340', '0', '0', '0', '0', '0', '2', '0', '0', '0', '0', '0', '0', '0', 'Kammennue nedra'),
(42333, '0', '9', '0', '2', '0', '100', '1', '1', '5', '0', '0', '11', '79050', '0', '0', '0', '0', '0', '1', '0', '0', '0', '0', '0', '0', '0', 'Kammennue nedra'),
(42333, '0', '11', '0', '0', '0', '100', '0', '20000', '20000', '17000', '18000', '11', '79345', '0', '0', '0', '0', '0', '5', '0', '0', '0', '0', '0', '0', '0', 'Kammennue nedra');


DELETE FROM `smart_scripts` WHERE `entryorguid` = 42808 AND `source_type` = 0;
INSERT INTO `smart_scripts` (`entryorguid`, `source_type`, `id`, `link`, `event_type`, `event_phase_mask`, `event_chance`, `event_flags`, `event_param1`, `event_param2`, `event_param3`, `event_param4`, `action_type`, `action_param1`, `action_param2`, `action_param3`, `action_param4`, `action_param5`, `action_param6`, `target_type`, `target_param1`, `target_param2`, `target_param3`, `target_x`, `target_y`, `target_z`, `target_o`, `comment`) VALUES
(42808, '0', '0', '0', '0', '0', '100', '30', '1000', '3000', '5000', '10000', '11', '79922', '1', '0', '0', '0', '0', '2', '0', '0', '0', '0', '0', '0', '0', 'Stonecore Flayer');


DELETE FROM `smart_scripts` WHERE `entryorguid` = 42692 AND `source_type` = 0;
INSERT INTO `smart_scripts` (`entryorguid`, `source_type`, `id`, `link`, `event_type`, `event_phase_mask`, `event_chance`, `event_flags`, `event_param1`, `event_param2`, `event_param3`, `event_param4`, `action_type`, `action_param1`, `action_param2`, `action_param3`, `action_param4`, `action_param5`, `action_param6`, `target_type`, `target_param1`, `target_param2`, `target_param3`, `target_x`, `target_y`, `target_z`, `target_o`, `comment`) VALUES
(42692, '0', '0', '0', '0', '0', '100', '30', '5000', '5000', '6000', '6100', '11', '80221', '1', '0', '0', '0', '0', '2', '0', '0', '0', '0', '0', '0', '0', 'Stonecore Bruiser'),
(42692, '0', '1', '0', '0', '0', '100', '30', '800', '1400', '10000', '11000', '11', '80180', '1', '0', '0', '0', '0', '5', '0', '0', '0', '0', '0', '0', '0', 'Stonecore Bruiser'),
(42692, '0', '2', '0', '0', '0', '100', '30', '3000', '4000', '8000', '8100', '11', '80195', '1', '0', '0', '0', '0', '2', '0', '0', '0', '0', '0', '0', '0', 'Stonecore Bruiser');


DELETE FROM `smart_scripts` WHERE `entryorguid` = 42696 AND `source_type` = 0;
INSERT INTO `smart_scripts` (`entryorguid`, `source_type`, `id`, `link`, `event_type`, `event_phase_mask`, `event_chance`, `event_flags`, `event_param1`, `event_param2`, `event_param3`, `event_param4`, `action_type`, `action_param1`, `action_param2`, `action_param3`, `action_param4`, `action_param5`, `action_param6`, `target_type`, `target_param1`, `target_param2`, `target_param3`, `target_x`, `target_y`, `target_z`, `target_o`, `comment`) VALUES
(42696, '0', '0', '0', '2', '0', '100', '30', '1', '10', '20000', '23000', '11', '80158', '1', '0', '0', '0', '0', '1', '0', '0', '0', '0', '0', '0', '0', 'Stonecore Warbringer'),
(42696, '0', '1', '0', '0', '0', '100', '30', '1000', '3000', '6000', '9000', '11', '15496', '1', '0', '0', '0', '0', '2', '0', '0', '0', '0', '0', '0', '0', 'Stonecore Warbringer');


DELETE FROM `smart_scripts` WHERE `entryorguid` = 43662 AND `source_type` = 0;
INSERT INTO `smart_scripts` (`entryorguid`, `source_type`, `id`, `link`, `event_type`, `event_phase_mask`, `event_chance`, `event_flags`, `event_param1`, `event_param2`, `event_param3`, `event_param4`, `action_type`, `action_param1`, `action_param2`, `action_param3`, `action_param4`, `action_param5`, `action_param6`, `target_type`, `target_param1`, `target_param2`, `target_param3`, `target_x`, `target_y`, `target_z`, `target_o`, `comment`) VALUES
(43662, '0', '0', '0', '0', '0', '100', '30', '100', '400', '1500', '2500', '11', '81711', '1', '0', '0', '0', '0', '5', '0', '0', '0', '0', '0', '0', '0', 'Unbound Earth Rager');


DELETE FROM `smart_scripts` WHERE `entryorguid` = 43391 AND `source_type` = 0;
INSERT INTO `smart_scripts` (`entryorguid`, `source_type`, `id`, `link`, `event_type`, `event_phase_mask`, `event_chance`, `event_flags`, `event_param1`, `event_param2`, `event_param3`, `event_param4`, `action_type`, `action_param1`, `action_param2`, `action_param3`, `action_param4`, `action_param5`, `action_param6`, `target_type`, `target_param1`, `target_param2`, `target_param3`, `target_x`, `target_y`, `target_z`, `target_o`, `comment`) VALUES
(43391, '0', '0', '0', '0', '0', '100', '0', '20000', '25000', '20000', '22000', '11', '81440', '0', '0', '0', '0', '0', '5', '0', '0', '0', '0', '0', '0', '0', 'Kammennue nedra'),
(43391, '0', '1', '0', '0', '0', '100', '0', '30000', '35000', '30000', '32000', '11', '81441', '0', '0', '0', '0', '0', '5', '0', '0', '0', '0', '0', '0', '0', 'Kammennue nedra'),
(43391, '0', '2', '0', '0', '0', '100', '0', '10000', '15000', '40000', '42000', '11', '81442', '0', '0', '0', '0', '0', '2', '0', '0', '0', '0', '0', '0', '0', 'Kammennue nedra'),
(43391, '0', '3', '0', '7', '0', '100', '0', '0', '0', '0', '0', '11', '81220', '0', '0', '0', '0', '0', '1', '0', '0', '0', '0', '0', '0', '0', 'Kammennue nedra'),
(43391, '0', '4', '0', '4', '0', '100', '0', '0', '0', '0', '0', '1', '0', '0', '0', '0', '0', '0', '1', '0', '0', '0', '0', '0', '0', '0', 'Kammennue nedra');


DELETE FROM `smart_scripts` WHERE `entryorguid` = 43430 AND `source_type` = 0;
INSERT INTO `smart_scripts` (`entryorguid`, `source_type`, `id`, `link`, `event_type`, `event_phase_mask`, `event_chance`, `event_flags`, `event_param1`, `event_param2`, `event_param3`, `event_param4`, `action_type`, `action_param1`, `action_param2`, `action_param3`, `action_param4`, `action_param5`, `action_param6`, `target_type`, `target_param1`, `target_param2`, `target_param3`, `target_x`, `target_y`, `target_z`, `target_o`, `comment`) VALUES
(43430, '0', '0', '0', '0', '0', '100', '30', '500', '1000', '40000', '41000', '11', '81574', '1', '0', '0', '0', '0', '2', '0', '0', '0', '0', '0', '0', '0', 'Stonecore Berserker'),
(43430, '0', '1', '0', '0', '0', '100', '30', '4000', '10000', '12000', '18000', '11', '81568', '1', '0', '0', '0', '0', '1', '0', '0', '0', '0', '0', '0', '0', 'Stonecore Berserker');


DELETE FROM `smart_scripts` WHERE `entryorguid` = 43438 AND `source_type` = 0;
INSERT INTO `smart_scripts` (`entryorguid`, `source_type`, `id`, `link`, `event_type`, `event_phase_mask`, `event_chance`, `event_flags`, `event_param1`, `event_param2`, `event_param3`, `event_param4`, `action_type`, `action_param1`, `action_param2`, `action_param3`, `action_param4`, `action_param5`, `action_param6`, `target_type`, `target_param1`, `target_param2`, `target_param3`, `target_x`, `target_y`, `target_z`, `target_o`, `comment`) VALUES
(43438, '0', '0', '0', '0', '0', '100', '30', '5000', '5000', '44000', '45000', '11', '82415', '1', '0', '0', '0', '0', '1', '0', '0', '0', '0', '0', '0', '0', 'corborus'),
(43438, '0', '1', '0', '0', '0', '100', '30', '14000', '20000', '60000', '66000', '11', '86881', '1', '0', '0', '0', '0', '2', '0', '0', '0', '0', '0', '0', '0', 'corborus'),
(43438, '0', '7', '0', '0', '0', '100', '1', '80000', '80000', '0', '0', '11', '108246', '1', '0', '0', '0', '0', '1', '0', '0', '0', '0', '0', '0', '0', 'Kammennue nedra'),
(43438, '0', '8', '0', '0', '0', '100', '1', '80000', '80000', '0', '0', '20', '0', '0', '0', '0', '0', '0', '1', '0', '0', '0', '0', '0', '0', '0', 'Kammennue nedra'),
(43438, '0', '9', '0', '0', '0', '100', '1', '80000', '80000', '0', '0', '3', '0', '11686', '0', '0', '0', '0', '1', '0', '0', '0', '0', '0', '0', '0', 'Kammennue nedra'),
(43438, '0', '10', '0', '0', '0', '100', '1', '80000', '80000', '0', '0', '89', '30', '0', '0', '0', '0', '0', '1', '0', '0', '0', '0', '0', '0', '0', 'Kammennue nedra'),
(43438, '0', '11', '0', '0', '0', '100', '1', '82000', '82000', '0', '0', '23', '1', '0', '0', '0', '0', '0', '1', '0', '0', '0', '0', '0', '0', '0', 'Kammennue nedra'),
(43438, '0', '12', '0', '0', '0', '100', '1', '80000', '80000', '0', '0', '18', '256', '1', '0', '0', '0', '0', '1', '0', '0', '0', '0', '0', '0', '0', 'Kammennue nedra'),
(43438, '0', '13', '0', '0', '1', '100', '0', '2000', '3000', '2000', '4000', '89', '35', '0', '0', '0', '0', '0', '1', '0', '0', '0', '0', '0', '0', '0', 'Kammennue nedra'),
(43438, '0', '14', '0', '23', '1', '100', '0', '108246', '1', '2000', '4000', '12', '43917', '1', '20000', '43917', '0', '0', '1', '0', '0', '0', '0', '0', '0', '0', 'Kammennue nedra'),
(43438, '0', '16', '0', '0', '1', '100', '0', '30000', '30000', '2000', '4000', '81', '0', '0', '0', '0', '0', '0', '1', '0', '0', '0', '0', '0', '0', '0', 'Kammennue nedra'),
(43438, '0', '17', '0', '0', '1', '100', '0', '30000', '30000', '2000', '4000', '20', '1', '0', '0', '0', '0', '0', '1', '0', '0', '0', '0', '0', '0', '0', 'Kammennue nedra'),
(43438, '0', '18', '0', '0', '1', '100', '0', '30000', '30000', '2000', '4000', '3', '43438', '0', '0', '0', '0', '0', '1', '0', '0', '0', '0', '0', '0', '0', 'Kammennue nedra'),
(43438, '0', '19', '0', '0', '1', '100', '0', '30000', '30000', '2000', '4000', '28', '108246', '0', '0', '0', '0', '0', '1', '0', '0', '0', '0', '0', '0', '0', 'Kammennue nedra');

DELETE FROM `creature_loot_template` WHERE `entry` = 43214;
INSERT INTO `creature_loot_template` (`entry`, `item`, `ChanceOrQuestChance`, `lootmode`, `groupid`, `mincountOrRef`, `maxcount`) VALUES
(43214, '55797', '0', '1', '1', '1', '1'),
(43214, '55798', '0', '1', '1', '1', '1'),
(43214, '55799', '0', '1', '1', '1', '1'),
(43214, '55800', '0', '1', '1', '1', '1'),
(43214, '55801', '0', '1', '1', '1', '1'),
(43214, '71715', '0.4585', '1', '0', '1', '1');


DELETE FROM `creature_loot_template` WHERE `entry` = 49538;
INSERT INTO `creature_loot_template` (`entry`, `item`, `ChanceOrQuestChance`, `lootmode`, `groupid`, `mincountOrRef`, `maxcount`) VALUES
(49538, '56333', '0', '1', '1', '1', '1'),
(49538, '56334', '0', '1', '1', '1', '1'),
(49538, '56335', '0', '1', '1', '1', '1'),
(49538, '56336', '0', '1', '1', '1', '1'),
(49538, '56337', '0', '1', '1', '1', '1'),
(49538, '63043', '1', '1', '0', '1', '1'),
(49538, '71260', '0', '1', '2', '1', '1'),
(49538, '71261', '0', '1', '2', '1', '1'),
(49538, '71263', '0', '1', '2', '1', '1');


DELETE FROM `creature_loot_template` WHERE `entry` = 42188;
INSERT INTO `creature_loot_template` (`entry`, `item`, `ChanceOrQuestChance`, `lootmode`, `groupid`, `mincountOrRef`, `maxcount`) VALUES
(42188, '55802', '0', '1', '1', '1', '1'),
(42188, '55803', '0', '1', '1', '1', '1'),
(42188, '55804', '0', '1', '1', '1', '1'),
(42188, '55810', '0', '1', '1', '1', '1'),
(42188, '55811', '0', '1', '1', '1', '1');


DELETE FROM `creature_loot_template` WHERE `entry` = 49654;
INSERT INTO `creature_loot_template` (`entry`, `item`, `ChanceOrQuestChance`, `lootmode`, `groupid`, `mincountOrRef`, `maxcount`) VALUES
(49654, '56338', '0', '1', '1', '1', '1'),
(49654, '56339', '0', '1', '1', '1', '1'),
(49654, '56340', '0', '1', '1', '1', '1'),
(49654, '56341', '0', '1', '1', '1', '1'),
(49654, '56342', '0', '1', '1', '1', '1'),
(49654, '71214', '0', '1', '2', '1', '1'),
(49654, '71260', '0', '1', '2', '1', '1'),
(49654, '71264', '0', '1', '2', '1', '1'),
(49654, '71266', '0', '1', '2', '1', '1');


DELETE FROM `creature_loot_template` WHERE `entry` = 42333;
INSERT INTO `creature_loot_template` (`entry`, `item`, `ChanceOrQuestChance`, `lootmode`, `groupid`, `mincountOrRef`, `maxcount`) VALUES
(42333, '55812', '0', '1', '2', '1', '1'),
(42333, '55813', '0', '1', '2', '1', '1'),
(42333, '55814', '0', '1', '1', '1', '1'),
(42333, '55815', '0', '1', '2', '1', '1'),
(42333, '55816', '0', '1', '1', '1', '1'),
(42333, '55817', '0', '1', '2', '1', '1'),
(42333, '55818', '0', '1', '2', '1', '1'),
(42333, '55819', '0', '1', '1', '1', '1'),
(42333, '55820', '0', '1', '2', '1', '1'),
(42333, '55821', '0', '1', '1', '1', '1');


DELETE FROM `creature_loot_template` WHERE `entry` = 49624;
INSERT INTO `creature_loot_template` (`entry`, `item`, `ChanceOrQuestChance`, `lootmode`, `groupid`, `mincountOrRef`, `maxcount`) VALUES
(49624, '52078', '100', '1', '0', '1', '1'),
(49624, '56343', '0', '1', '2', '1', '1'),
(49624, '56344', '0', '1', '2', '1', '1'),
(49624, '56345', '0', '1', '1', '1', '1'),
(49624, '56346', '0', '1', '2', '1', '1'),
(49624, '56347', '0', '1', '1', '1', '1'),
(49624, '56348', '0', '1', '2', '1', '1'),
(49624, '56349', '0', '1', '2', '1', '1'),
(49624, '56350', '0', '1', '1', '1', '1'),
(49624, '56351', '0', '1', '1', '1', '1'),
(49624, '56352', '0', '1', '2', '1', '1'),
(49624, '71209', '0', '1', '3', '1', '1'),
(49624, '71210', '0', '1', '3', '1', '1'),
(49624, '71211', '0', '1', '3', '1', '1'),
(49624, '71212', '0', '1', '3', '1', '1');


DELETE FROM `creature_loot_template` WHERE `entry` = 42808;
INSERT INTO `creature_loot_template` (`entry`, `item`, `ChanceOrQuestChance`, `lootmode`, `groupid`, `mincountOrRef`, `maxcount`) VALUES
(42808, '52363', '0.0068', '1', '0', '1', '1'),
(42808, '52364', '0.0062', '1', '0', '1', '1'),
(42808, '52365', '0.0068', '1', '0', '1', '1'),
(42808, '52366', '0.0072', '1', '0', '1', '1'),
(42808, '52367', '0.0062', '1', '0', '1', '1'),
(42808, '52368', '0.0072', '1', '0', '1', '1'),
(42808, '52369', '0.0075', '1', '0', '1', '1'),
(42808, '52371', '0.0079', '1', '0', '1', '1'),
(42808, '52372', '0.0052', '1', '0', '1', '1'),
(42808, '52373', '0.0052', '1', '0', '1', '1'),
(42808, '52374', '0.0068', '1', '0', '1', '1'),
(42808, '52375', '0.0088', '1', '0', '1', '1'),
(42808, '52376', '0.005', '1', '0', '1', '1'),
(42808, '52377', '0.0072', '1', '0', '1', '1'),
(42808, '52378', '0.0072', '1', '0', '1', '1'),
(42808, '52382', '0.0088', '1', '0', '1', '1'),
(42808, '52383', '0.0091', '1', '0', '1', '1'),
(42808, '52385', '0.0068', '1', '0', '1', '1'),
(42808, '52386', '0.005', '1', '0', '1', '1'),
(42808, '52388', '0.0068', '1', '0', '1', '1'),
(42808, '52494', '0.0059', '1', '0', '1', '1'),
(42808, '52495', '0.0062', '1', '0', '1', '1'),
(42808, '52496', '0.0033', '1', '0', '1', '1'),
(42808, '52719', '0.0238', '1', '0', '1', '1'),
(42808, '52976', '1.8249', '1', '0', '1', '1'),
(42808, '52977', '1.2073', '1', '0', '1', '1'),
(42808, '52980', '0.0079', '1', '0', '1', '1'),
(42808, '53010', '34.5', '1', '0', '1', '6'),
(42808, '55283', '0.0341', '1', '0', '1', '1'),
(42808, '55284', '0.0325', '1', '0', '1', '1'),
(42808, '55285', '0.041', '1', '0', '1', '1'),
(42808, '55286', '0.0252', '1', '0', '1', '1'),
(42808, '55292', '0.0302', '1', '0', '1', '1'),
(42808, '55293', '0.0377', '1', '0', '1', '1'),
(42808, '55294', '0.0322', '1', '0', '1', '1'),
(42808, '55295', '0.0309', '1', '0', '1', '1'),
(42808, '55296', '0.0267', '1', '0', '1', '1'),
(42808, '55297', '0.0202', '1', '0', '1', '1'),
(42808, '55301', '0.0046', '1', '0', '1', '1'),
(42808, '55302', '0.0117', '1', '0', '1', '1'),
(42808, '55303', '0.0091', '1', '0', '1', '1'),
(42808, '55304', '0.0078', '1', '0', '1', '1'),
(42808, '55305', '0.0068', '1', '0', '1', '1'),
(42808, '55306', '0.0022', '1', '0', '1', '1'),
(42808, '55310', '0.0393', '1', '0', '1', '1'),
(42808, '55311', '0.0582', '1', '0', '1', '1'),
(42808, '55312', '0.0686', '1', '0', '1', '1'),
(42808, '55313', '0.0471', '1', '0', '1', '1'),
(42808, '55314', '0.0339', '1', '0', '1', '1'),
(42808, '55315', '0.0353', '1', '0', '1', '1'),
(42808, '55319', '0.0094', '1', '0', '1', '1'),
(42808, '55320', '0.0111', '1', '0', '1', '1'),
(42808, '55321', '0.0085', '1', '0', '1', '1'),
(42808, '55323', '0.0081', '1', '0', '1', '1'),
(42808, '55324', '0.005', '1', '0', '1', '1'),
(42808, '55328', '0.0413', '1', '0', '1', '1'),
(42808, '55329', '0.0387', '1', '0', '1', '1'),
(42808, '55330', '0.0436', '1', '0', '1', '1'),
(42808, '55331', '0.0354', '1', '0', '1', '1'),
(42808, '55333', '0.0274', '1', '0', '1', '1'),
(42808, '55337', '0.04', '1', '0', '1', '1'),
(42808, '55338', '0.0429', '1', '0', '1', '1'),
(42808, '55339', '0.0237', '1', '0', '1', '1'),
(42808, '55340', '0.0187', '1', '0', '1', '1'),
(42808, '55341', '0.0123', '1', '0', '1', '1'),
(42808, '55342', '0.0086', '1', '0', '1', '1'),
(42808, '55346', '0.0332', '1', '0', '1', '1'),
(42808, '55347', '0.0601', '1', '0', '1', '1'),
(42808, '55348', '0.0429', '1', '0', '1', '1'),
(42808, '55349', '0.0245', '1', '0', '1', '1'),
(42808, '55350', '0.0416', '1', '0', '1', '1'),
(42808, '55351', '0.0404', '1', '0', '1', '1'),
(42808, '55355', '0.0068', '1', '0', '1', '1'),
(42808, '55356', '0.0065', '1', '0', '1', '1'),
(42808, '55357', '0.0137', '1', '0', '1', '1'),
(42808, '55358', '0.0075', '1', '0', '1', '1'),
(42808, '55359', '0.0094', '1', '0', '1', '1'),
(42808, '55360', '0.0036', '1', '0', '1', '1'),
(42808, '55364', '0.0699', '1', '0', '1', '1'),
(42808, '55365', '0.0965', '1', '0', '1', '1'),
(42808, '55366', '0.0845', '1', '0', '1', '1'),
(42808, '55367', '0.0627', '1', '0', '1', '1'),
(42808, '55368', '0.08', '1', '0', '1', '1'),
(42808, '55373', '0.0582', '1', '0', '1', '1'),
(42808, '55374', '0.0429', '1', '0', '1', '1'),
(42808, '55375', '0.0523', '1', '0', '1', '1'),
(42808, '55376', '0.0274', '1', '0', '1', '1'),
(42808, '55378', '0.0274', '1', '0', '1', '1'),
(42808, '55382', '0.039', '1', '0', '1', '1'),
(42808, '55383', '0.0556', '1', '0', '1', '1'),
(42808, '55384', '0.0553', '1', '0', '1', '1'),
(42808, '55386', '0.0317', '1', '0', '1', '1'),
(42808, '55387', '0.0223', '1', '0', '1', '1'),
(42808, '55391', '0.0286', '1', '0', '1', '1'),
(42808, '55392', '0.0345', '1', '0', '1', '1'),
(42808, '55393', '0.0309', '1', '0', '1', '1'),
(42808, '55394', '0.0315', '1', '0', '1', '1'),
(42808, '55396', '0.0144', '1', '0', '1', '1'),
(42808, '55400', '0.104', '1', '0', '1', '1'),
(42808, '55401', '0.1086', '1', '0', '1', '1'),
(42808, '55402', '0.0936', '1', '0', '1', '1'),
(42808, '55403', '0.0865', '1', '0', '1', '1'),
(42808, '55405', '0.0786', '1', '0', '1', '1'),
(42808, '55409', '0.0244', '1', '0', '1', '1'),
(42808, '55410', '0.0517', '1', '0', '1', '1'),
(42808, '55411', '0.0267', '1', '0', '1', '1'),
(42808, '55412', '0.027', '1', '0', '1', '1'),
(42808, '55413', '0.0137', '1', '0', '1', '1'),
(42808, '55414', '0.0115', '1', '0', '1', '1'),
(42808, '55418', '0.2308', '1', '0', '1', '1'),
(42808, '55419', '0.2136', '1', '0', '1', '1'),
(42808, '55420', '0.2136', '1', '0', '1', '1'),
(42808, '55422', '0.1283', '1', '0', '1', '1'),
(42808, '55423', '0.1305', '1', '0', '1', '1'),
(42808, '55427', '0.0471', '1', '0', '1', '1'),
(42808, '55428', '0.0481', '1', '0', '1', '1'),
(42808, '55429', '0.0562', '1', '0', '1', '1'),
(42808, '55430', '0.0455', '1', '0', '1', '1'),
(42808, '55431', '0.0296', '1', '0', '1', '1'),
(42808, '55432', '0.0216', '1', '0', '1', '1'),
(42808, '55436', '0.1326', '1', '0', '1', '1'),
(42808, '55437', '0.1606', '1', '0', '1', '1'),
(42808, '55438', '0.1778', '1', '0', '1', '1'),
(42808, '55439', '0.0973', '1', '0', '1', '1'),
(42808, '55440', '0.1081', '1', '0', '1', '1'),
(42808, '55445', '0.0185', '1', '0', '1', '1'),
(42808, '55446', '0.027', '1', '0', '1', '1'),
(42808, '55447', '0.0244', '1', '0', '1', '1'),
(42808, '55448', '0.0202', '1', '0', '1', '1'),
(42808, '55449', '0.0108', '1', '0', '1', '1'),
(42808, '55450', '0.0123', '1', '0', '1', '1'),
(42808, '55454', '0.0384', '1', '0', '1', '1'),
(42808, '55455', '0.0436', '1', '0', '1', '1'),
(42808, '55456', '0.0465', '1', '0', '1', '1'),
(42808, '55457', '0.0259', '1', '0', '1', '1'),
(42808, '55458', '0.0296', '1', '0', '1', '1'),
(42808, '55459', '0.0216', '1', '0', '1', '1'),
(42808, '55463', '0.0289', '1', '0', '1', '1'),
(42808, '55464', '0.0319', '1', '0', '1', '1'),
(42808, '55465', '0.028', '1', '0', '1', '1'),
(42808, '55466', '0.0173', '1', '0', '1', '1'),
(42808, '55467', '0.0123', '1', '0', '1', '1'),
(42808, '55468', '0.0101', '1', '0', '1', '1'),
(42808, '55472', '0.0065', '1', '0', '1', '1'),
(42808, '55473', '0.0081', '1', '0', '1', '1'),
(42808, '55474', '0.0042', '1', '0', '1', '1'),
(42808, '55475', '0.0101', '1', '0', '1', '1'),
(42808, '55476', '0.0042', '1', '0', '1', '1'),
(42808, '55477', '0.0007', '1', '0', '1', '1'),
(42808, '55481', '0.0985', '1', '0', '1', '1'),
(42808, '55482', '0.1229', '1', '0', '1', '1'),
(42808, '55483', '0.0978', '1', '0', '1', '1'),
(42808, '55484', '0.0822', '1', '0', '1', '1'),
(42808, '55490', '0.0777', '1', '0', '1', '1'),
(42808, '55491', '0.0699', '1', '0', '1', '1'),
(42808, '55492', '0.078', '1', '0', '1', '1'),
(42808, '55493', '0.0572', '1', '0', '1', '1'),
(42808, '55495', '0.0404', '1', '0', '1', '1'),
(42808, '55499', '0.08', '1', '0', '1', '1'),
(42808, '55500', '0.078', '1', '0', '1', '1'),
(42808, '55501', '0.077', '1', '0', '1', '1'),
(42808, '55502', '0.0543', '1', '0', '1', '1'),
(42808, '55504', '0.0699', '1', '0', '1', '1'),
(42808, '55508', '0.064', '1', '0', '1', '1'),
(42808, '55509', '0.0809', '1', '0', '1', '1'),
(42808, '55510', '0.0904', '1', '0', '1', '1'),
(42808, '55511', '0.0454', '1', '0', '1', '1'),
(42808, '55512', '0.036', '1', '0', '1', '1'),
(42808, '55513', '0.0375', '1', '0', '1', '1'),
(42808, '55517', '0.0826', '1', '0', '1', '1'),
(42808, '55518', '0.092', '1', '0', '1', '1'),
(42808, '55519', '0.0683', '1', '0', '1', '1'),
(42808, '55520', '0.0375', '1', '0', '1', '1'),
(42808, '55521', '0.0418', '1', '0', '1', '1'),
(42808, '55522', '0.0382', '1', '0', '1', '1'),
(42808, '55526', '0.1024', '1', '0', '1', '1'),
(42808, '55527', '0.1099', '1', '0', '1', '1'),
(42808, '55528', '0.0809', '1', '0', '1', '1'),
(42808, '55529', '0.0676', '1', '0', '1', '1'),
(42808, '55530', '0.0728', '1', '0', '1', '1'),
(42808, '55531', '0.0497', '1', '0', '1', '1'),
(42808, '55535', '0.0816', '1', '0', '1', '1'),
(42808, '55536', '0.0855', '1', '0', '1', '1'),
(42808, '55537', '0.0796', '1', '0', '1', '1'),
(42808, '55538', '0.0666', '1', '0', '1', '1'),
(42808, '55539', '0.0548', '1', '0', '1', '1'),
(42808, '55540', '0.0425', '1', '0', '1', '1'),
(42808, '55544', '0.1245', '1', '0', '1', '1'),
(42808, '55545', '0.0965', '1', '0', '1', '1'),
(42808, '55546', '0.0852', '1', '0', '1', '1'),
(42808, '55547', '0.0614', '1', '0', '1', '1'),
(42808, '55548', '0.0396', '1', '0', '1', '1'),
(42808, '55549', '0.0447', '1', '0', '1', '1'),
(42808, '55553', '0.0998', '1', '0', '1', '1'),
(42808, '55554', '0.0816', '1', '0', '1', '1'),
(42808, '55555', '0.0676', '1', '0', '1', '1'),
(42808, '55556', '0.0389', '1', '0', '1', '1'),
(42808, '55557', '0.0548', '1', '0', '1', '1'),
(42808, '55558', '0.0447', '1', '0', '1', '1'),
(42808, '55562', '0.066', '1', '0', '1', '1'),
(42808, '55563', '0.0712', '1', '0', '1', '1'),
(42808, '55564', '0.0631', '1', '0', '1', '1'),
(42808, '55565', '0.0447', '1', '0', '1', '1'),
(42808, '55566', '0.0712', '1', '0', '1', '1'),
(42808, '55567', '0.0692', '1', '0', '1', '1'),
(42808, '55571', '0.0767', '1', '0', '1', '1'),
(42808, '55572', '0.0764', '1', '0', '1', '1'),
(42808, '55573', '0.0666', '1', '0', '1', '1'),
(42808, '55574', '0.065', '1', '0', '1', '1'),
(42808, '55575', '0.044', '1', '0', '1', '1'),
(42808, '55576', '0.0461', '1', '0', '1', '1'),
(42808, '55580', '0.066', '1', '0', '1', '1'),
(42808, '55581', '0.0767', '1', '0', '1', '1'),
(42808, '55582', '0.0783', '1', '0', '1', '1'),
(42808, '55583', '0.0454', '1', '0', '1', '1'),
(42808, '55585', '0.0468', '1', '0', '1', '1'),
(42808, '55589', '0.0722', '1', '0', '1', '1'),
(42808, '55590', '0.0845', '1', '0', '1', '1'),
(42808, '55591', '0.0868', '1', '0', '1', '1'),
(42808, '55592', '0.0396', '1', '0', '1', '1'),
(42808, '55593', '0.0656', '1', '0', '1', '1'),
(42808, '55594', '0.0425', '1', '0', '1', '1'),
(42808, '55598', '0.0787', '1', '0', '1', '1'),
(42808, '55599', '0.0907', '1', '0', '1', '1'),
(42808, '55600', '0.0699', '1', '0', '1', '1'),
(42808, '55601', '0.0666', '1', '0', '1', '1'),
(42808, '55602', '0.0461', '1', '0', '1', '1'),
(42808, '55603', '0.0425', '1', '0', '1', '1'),
(42808, '55607', '0.0764', '1', '0', '1', '1'),
(42808, '55608', '0.0991', '1', '0', '1', '1'),
(42808, '55609', '0.0829', '1', '0', '1', '1'),
(42808, '55610', '0.0653', '1', '0', '1', '1'),
(42808, '55611', '0.0368', '1', '0', '1', '1'),
(42808, '55612', '0.0468', '1', '0', '1', '1'),
(42808, '55616', '0.0852', '1', '0', '1', '1'),
(42808, '55617', '0.0796', '1', '0', '1', '1'),
(42808, '55618', '0.092', '1', '0', '1', '1'),
(42808, '55620', '0.0483', '1', '0', '1', '1'),
(42808, '55625', '0.079', '1', '0', '1', '1'),
(42808, '55626', '0.1024', '1', '0', '1', '1'),
(42808, '55627', '0.0718', '1', '0', '1', '1'),
(42808, '55628', '0.0418', '1', '0', '1', '1'),
(42808, '55629', '0.0389', '1', '0', '1', '1'),
(42808, '55630', '0.0404', '1', '0', '1', '1'),
(42808, '55634', '0.0686', '1', '0', '1', '1'),
(42808, '55635', '0.092', '1', '0', '1', '1'),
(42808, '55636', '0.0614', '1', '0', '1', '1'),
(42808, '55637', '0.0404', '1', '0', '1', '1'),
(42808, '55638', '0.0382', '1', '0', '1', '1'),
(42808, '55639', '0.0324', '1', '0', '1', '1'),
(42808, '55643', '0.0787', '1', '0', '1', '1'),
(42808, '55644', '0.0868', '1', '0', '1', '1'),
(42808, '55645', '0.0751', '1', '0', '1', '1'),
(42808, '55646', '0.0389', '1', '0', '1', '1'),
(42808, '55652', '0.0637', '1', '0', '1', '1'),
(42808, '55653', '0.1118', '1', '0', '1', '1'),
(42808, '55654', '0.0926', '1', '0', '1', '1'),
(42808, '55655', '0.0389', '1', '0', '1', '1'),
(42808, '55656', '0.0346', '1', '0', '1', '1'),
(42808, '55657', '0.0425', '1', '0', '1', '1'),
(42808, '55661', '0.0725', '1', '0', '1', '1'),
(42808, '55662', '0.0884', '1', '0', '1', '1'),
(42808, '55663', '0.0796', '1', '0', '1', '1'),
(42808, '55664', '0.0591', '1', '0', '1', '1'),
(42808, '55666', '0.078', '1', '0', '1', '1'),
(42808, '55670', '0.0744', '1', '0', '1', '1'),
(42808, '55671', '0.0822', '1', '0', '1', '1'),
(42808, '55672', '0.0874', '1', '0', '1', '1'),
(42808, '55673', '0.067', '1', '0', '1', '1'),
(42808, '55679', '0.0767', '1', '0', '1', '1'),
(42808, '55680', '0.0848', '1', '0', '1', '1'),
(42808, '55681', '0.08', '1', '0', '1', '1'),
(42808, '55682', '0.0461', '1', '0', '1', '1'),
(42808, '55683', '0.0796', '1', '0', '1', '1'),
(42808, '55684', '0.0476', '1', '0', '1', '1'),
(42808, '55688', '0.0735', '1', '0', '1', '1'),
(42808, '55689', '0.0624', '1', '0', '1', '1'),
(42808, '55690', '0.0822', '1', '0', '1', '1'),
(42808, '55691', '0.065', '1', '0', '1', '1'),
(42808, '55693', '0.0425', '1', '0', '1', '1'),
(42808, '55697', '0.0611', '1', '0', '1', '1'),
(42808, '55698', '0.0858', '1', '0', '1', '1'),
(42808, '55699', '0.0754', '1', '0', '1', '1'),
(42808, '55700', '0.0618', '1', '0', '1', '1'),
(42808, '55701', '0.067', '1', '0', '1', '1'),
(42808, '55702', '0.0368', '1', '0', '1', '1'),
(42808, '55706', '0.0933', '1', '0', '1', '1'),
(42808, '55707', '0.0982', '1', '0', '1', '1'),
(42808, '55708', '0.0995', '1', '0', '1', '1'),
(42808, '55709', '0.0541', '1', '0', '1', '1'),
(42808, '55710', '0.0641', '1', '0', '1', '1'),
(42808, '55715', '0.1092', '1', '0', '1', '1'),
(42808, '55716', '0.106', '1', '0', '1', '1'),
(42808, '55717', '0.0913', '1', '0', '1', '1'),
(42808, '55718', '0.0512', '1', '0', '1', '1'),
(42808, '55719', '0.0735', '1', '0', '1', '1'),
(42808, '55720', '0.0526', '1', '0', '1', '1'),
(42808, '55724', '0.0959', '1', '0', '1', '1'),
(42808, '55725', '0.1112', '1', '0', '1', '1'),
(42808, '55726', '0.1157', '1', '0', '1', '1'),
(42808, '55727', '0.0584', '1', '0', '1', '1'),
(42808, '55728', '0.0569', '1', '0', '1', '1'),
(42808, '55733', '0.0959', '1', '0', '1', '1'),
(42808, '55734', '0.1157', '1', '0', '1', '1'),
(42808, '55735', '0.0933', '1', '0', '1', '1'),
(42808, '55736', '0.0878', '1', '0', '1', '1'),
(42808, '55737', '0.067', '1', '0', '1', '1'),
(42808, '55738', '0.0569', '1', '0', '1', '1'),
(42808, '55742', '0.1053', '1', '0', '1', '1'),
(42808, '55743', '0.1482', '1', '0', '1', '1'),
(42808, '55744', '0.0995', '1', '0', '1', '1'),
(42808, '55746', '0.0598', '1', '0', '1', '1'),
(42808, '55751', '0.1112', '1', '0', '1', '1'),
(42808, '55752', '0.1157', '1', '0', '1', '1'),
(42808, '55753', '0.1141', '1', '0', '1', '1'),
(42808, '55754', '0.0699', '1', '0', '1', '1'),
(42808, '55755', '0.0584', '1', '0', '1', '1'),
(42808, '55756', '0.0656', '1', '0', '1', '1'),
(42808, '55760', '0.1001', '1', '0', '1', '1'),
(42808, '55761', '0.117', '1', '0', '1', '1'),
(42808, '55762', '0.0861', '1', '0', '1', '1'),
(42808, '55763', '0.062', '1', '0', '1', '1'),
(42808, '55769', '0.0946', '1', '0', '1', '1'),
(42808, '55770', '0.1089', '1', '0', '1', '1'),
(42808, '55771', '0.1105', '1', '0', '1', '1'),
(42808, '55772', '0.0656', '1', '0', '1', '1'),
(42808, '55773', '0.0822', '1', '0', '1', '1'),
(42808, '55774', '0.0764', '1', '0', '1', '1'),
(42808, '55822', '1.4485', '1', '0', '1', '1'),
(42808, '55823', '1.4466', '1', '0', '1', '1'),
(42808, '55824', '1.4381', '1', '0', '1', '1'),
(42808, '58256', '4.1', '1', '0', '1', '1'),
(42808, '58268', '7.634', '1', '0', '1', '1'),
(42808, '62063', '0.2782', '1', '0', '1', '1'),
(42808, '62064', '0.3589', '1', '0', '1', '1'),
(42808, '62065', '0.3582', '1', '0', '1', '1'),
(42808, '62066', '0.3699', '1', '0', '1', '1'),
(42808, '62067', '0.3664', '1', '0', '1', '1'),
(42808, '62068', '0.3712', '1', '0', '1', '1'),
(42808, '62069', '0.3465', '1', '0', '1', '1'),
(42808, '62070', '0.3114', '1', '0', '1', '1'),
(42808, '62071', '0.3325', '1', '0', '1', '1'),
(42808, '62072', '0.3098', '1', '0', '1', '1'),
(42808, '62073', '0.2987', '1', '0', '1', '1'),
(42808, '62074', '0.2916', '1', '0', '1', '1'),
(42808, '62075', '0.2766', '1', '0', '1', '1'),
(42808, '62076', '0.3007', '1', '0', '1', '1'),
(42808, '62077', '0.2848', '1', '0', '1', '1'),
(42808, '62078', '0.2945', '1', '0', '1', '1'),
(42808, '62079', '0.3225', '1', '0', '1', '1'),
(42808, '62080', '0.2526', '1', '0', '1', '1'),
(42808, '62081', '0.2961', '1', '0', '1', '1'),
(42808, '62082', '0.3303', '1', '0', '1', '1'),
(42808, '62083', '0.2893', '1', '0', '1', '1'),
(42808, '62084', '0.2614', '1', '0', '1', '1'),
(42808, '62085', '0.2838', '1', '0', '1', '1'),
(42808, '62086', '0.3095', '1', '0', '1', '1'),
(42808, '62087', '0.3072', '1', '0', '1', '1'),
(42808, '62088', '0.2857', '1', '0', '1', '1'),
(42808, '62089', '0.2744', '1', '0', '1', '1'),
(42808, '62090', '0.251', '1', '0', '1', '1'),
(42808, '62091', '0.288', '1', '0', '1', '1'),
(42808, '62092', '0.2623', '1', '0', '1', '1'),
(42808, '62093', '0.287', '1', '0', '1', '1'),
(42808, '62094', '0.2588', '1', '0', '1', '1'),
(42808, '62095', '0.2653', '1', '0', '1', '1'),
(42808, '62096', '0.3121', '1', '0', '1', '1'),
(42808, '62097', '0.289', '1', '0', '1', '1'),
(42808, '62098', '0.2945', '1', '0', '1', '1'),
(42808, '62099', '0.3072', '1', '0', '1', '1'),
(42808, '62100', '0.2659', '1', '0', '1', '1'),
(42808, '62101', '0.2825', '1', '0', '1', '1'),
(42808, '62102', '0.2604', '1', '0', '1', '1'),
(42808, '62103', '0.2636', '1', '0', '1', '1'),
(42808, '62104', '0.2614', '1', '0', '1', '1'),
(42808, '66882', '0.0042', '1', '0', '1', '1'),
(42808, '66883', '0.0033', '1', '0', '1', '1'),
(42808, '66895', '0.0033', '1', '0', '1', '1'),
(42808, '66904', '0.0046', '1', '0', '1', '1'),
(42808, '66912', '0.0039', '1', '0', '1', '1'),
(42808, '66916', '0.002', '1', '0', '1', '1'),
(42808, '66919', '0.0029', '1', '0', '1', '1'),
(42808, '66920', '0.0026', '1', '0', '1', '1'),
(42808, '66924', '0.0016', '1', '0', '1', '1'),
(42808, '66931', '0.0039', '1', '0', '1', '1'),
(42808, '66932', '0.0022', '1', '0', '1', '1'),
(42808, '66941', '0.0055', '1', '0', '1', '1'),
(42808, '66942', '0.0036', '1', '0', '1', '1'),
(42808, '66956', '0.0013', '1', '0', '1', '1'),
(42808, '66957', '0.0055', '1', '0', '1', '1'),
(42808, '66958', '0.002', '1', '0', '1', '1'),
(42808, '66959', '0.0052', '1', '0', '1', '1'),
(42808, '66960', '0.0033', '1', '0', '1', '1'),
(42808, '66961', '0.0046', '1', '0', '1', '1'),
(42808, '66962', '0.0049', '1', '0', '1', '1'),
(42808, '66963', '0.0039', '1', '0', '1', '1'),
(42808, '66964', '0.0039', '1', '0', '1', '1'),
(42808, '66965', '0.0036', '1', '0', '1', '1'),
(42808, '66966', '0.002', '1', '0', '1', '1'),
(42808, '66967', '0.0026', '1', '0', '1', '1'),
(42808, '66968', '0.0022', '1', '0', '1', '1'),
(42808, '66969', '0.0049', '1', '0', '1', '1'),
(42808, '66970', '0.0046', '1', '0', '1', '1'),
(42808, '66971', '0.0062', '1', '0', '1', '1'),
(42808, '66974', '0.0101', '1', '0', '1', '1'),
(42808, '66976', '0.0075', '1', '0', '1', '1'),
(42808, '66980', '0.002', '1', '0', '1', '1'),
(42808, '66981', '0.0029', '1', '0', '1', '1'),
(42808, '66982', '0.0059', '1', '0', '1', '1'),
(42808, '66983', '0.0016', '1', '0', '1', '1'),
(42808, '66984', '0.0033', '1', '0', '1', '1'),
(42808, '66985', '0.0036', '1', '0', '1', '1'),
(42808, '66986', '0.0026', '1', '0', '1', '1'),
(42808, '66987', '0.0039', '1', '0', '1', '1'),
(42808, '66988', '0.0026', '1', '0', '1', '1'),
(42808, '66989', '0.0062', '1', '0', '1', '1'),
(42808, '66990', '0.0029', '1', '0', '1', '1'),
(42808, '66991', '0.0068', '1', '0', '1', '1'),
(42808, '66992', '0.0049', '1', '0', '1', '1'),
(42808, '66993', '0.0029', '1', '0', '1', '1'),
(42808, '66994', '0.0068', '1', '0', '1', '1'),
(42808, '67032', '0.0065', '1', '0', '1', '1'),
(42808, '67037', '0.0055', '1', '0', '1', '1'),
(42808, '67040', '0.0049', '1', '0', '1', '1'),
(42808, '67043', '0.0029', '1', '0', '1', '1'),
(42808, '67045', '0.0033', '1', '0', '1', '1'),
(42808, '67047', '0.0016', '1', '0', '1', '1'),
(42808, '67050', '0.0042', '1', '0', '1', '1'),
(42808, '67051', '0.0026', '1', '0', '1', '1'),
(42808, '67052', '0.0068', '1', '0', '1', '1'),
(42808, '67057', '0.0052', '1', '0', '1', '1'),
(42808, '67059', '0.0059', '1', '0', '1', '1'),
(42808, '67061', '0.0049', '1', '0', '1', '1'),
(42808, '67067', '0.0014', '1', '0', '1', '1'),
(42808, '67069', '0.0022', '1', '0', '1', '1'),
(42808, '67071', '0.0036', '1', '0', '1', '1'),
(42808, '67103', '0.0042', '1', '0', '1', '1'),
(42808, '67104', '0.0029', '1', '0', '1', '1'),
(42808, '67105', '0.0049', '1', '0', '1', '1'),
(42808, '67106', '0.0049', '1', '0', '1', '1'),
(42808, '67109', '0.0029', '1', '0', '1', '1'),
(42808, '67110', '0.0033', '1', '0', '1', '1'),
(42808, '67111', '0.0042', '1', '0', '1', '1'),
(42808, '67112', '0.0052', '1', '0', '1', '1'),
(42808, '67113', '0.0049', '1', '0', '1', '1'),
(42808, '67114', '0.0039', '1', '0', '1', '1'),
(42808, '67115', '0.0046', '1', '0', '1', '1'),
(42808, '67116', '0.0049', '1', '0', '1', '1'),
(42808, '67117', '0.0055', '1', '0', '1', '1'),
(42808, '67118', '0.0036', '1', '0', '1', '1'),
(42808, '67119', '0.0029', '1', '0', '1', '1'),
(42808, '67120', '0.0014', '1', '0', '1', '1'),
(42808, '67121', '0.0042', '1', '0', '1', '1'),
(42808, '67122', '0.0039', '1', '0', '1', '1'),
(42808, '67123', '0.0065', '1', '0', '1', '1'),
(42808, '67124', '0.0062', '1', '0', '1', '1'),
(42808, '67125', '0.0029', '1', '0', '1', '1'),
(42808, '67126', '0.0062', '1', '0', '1', '1'),
(42808, '67127', '0.0065', '1', '0', '1', '1'),
(42808, '67129', '0.0036', '1', '0', '1', '1'),
(42808, '67130', '0.0016', '1', '0', '1', '1'),
(42808, '67131', '0.0016', '1', '0', '1', '1'),
(42808, '67133', '0.0007', '1', '0', '1', '1'),
(42808, '67134', '0.0016', '1', '0', '1', '1'),
(42808, '67135', '0.0033', '1', '0', '1', '1'),
(42808, '67136', '0.0013', '1', '0', '1', '1'),
(42808, '67137', '0.0016', '1', '0', '1', '1'),
(42808, '67138', '0.0039', '1', '0', '1', '1'),
(42808, '67139', '0.0013', '1', '0', '1', '1'),
(42808, '67141', '0.0036', '1', '0', '1', '1'),
(42808, '67142', '0.0022', '1', '0', '1', '1'),
(42808, '67143', '0.0007', '1', '0', '1', '1'),
(42808, '67144', '0.0049', '1', '0', '1', '1'),
(42808, '67145', '0.0026', '1', '0', '1', '1'),
(42808, '67146', '0.002', '1', '0', '1', '1'),
(42808, '67147', '0.0023', '1', '0', '1', '1'),
(42808, '67148', '0.0013', '1', '0', '1', '1'),
(42808, '67150', '0.0016', '1', '0', '1', '1'),
(42808, '67539', '0.049', '1', '0', '1', '1'),
(42808, '68197', '3.9', '1', '0', '1', '2'),
(42808, '68198', '12', '1', '0', '1', '2'),
(42808, '68729', '0.2674', '1', '0', '1', '1'),
(42808, '68782', '0.0013', '1', '0', '1', '1'),
(42808, '68783', '0.003', '1', '0', '1', '1'),
(42808, '68787', '0.0004', '1', '0', '1', '1'),
(42808, '68788', '0.0009', '1', '0', '1', '1'),
(42808, '68789', '0.0013', '1', '0', '1', '1'),
(42808, '69820', '0.0003', '1', '0', '1', '1');


DELETE FROM `creature_loot_template` WHERE `entry` = 42428;
INSERT INTO `creature_loot_template` (`entry`, `item`, `ChanceOrQuestChance`, `lootmode`, `groupid`, `mincountOrRef`, `maxcount`) VALUES
(42428, '58269', '6.3', '1', '0', '1', '1'),
(42428, '63291', '25', '1', '0', '1', '1'),
(42428, '63300', '6.3', '1', '0', '1', '1'),
(42428, '63310', '6.3', '1', '0', '1', '1'),
(42428, '63317', '18.8', '1', '0', '1', '1'),
(42428, '63348', '12.5', '1', '0', '1', '1'),
(42428, '63349', '37.5', '1', '0', '1', '1');


DELETE FROM `creature_loot_template` WHERE `entry` = 42692;
INSERT INTO `creature_loot_template` (`entry`, `item`, `ChanceOrQuestChance`, `lootmode`, `groupid`, `mincountOrRef`, `maxcount`) VALUES
(42692, '52363', '0.0042', '1', '0', '1', '1'),
(42692, '52365', '0.0105', '1', '0', '1', '1'),
(42692, '52366', '0.0095', '1', '0', '1', '1'),
(42692, '52367', '0.0084', '1', '0', '1', '1'),
(42692, '52368', '0.0105', '1', '0', '1', '1'),
(42692, '52369', '0.0152', '1', '0', '1', '1'),
(42692, '52370', '0.0076', '1', '0', '1', '1'),
(42692, '52372', '0.0086', '1', '0', '1', '1'),
(42692, '52373', '0.0095', '1', '0', '1', '1'),
(42692, '52374', '0.0057', '1', '0', '1', '1'),
(42692, '52375', '0.0042', '1', '0', '1', '1'),
(42692, '52378', '0.0063', '1', '0', '1', '1'),
(42692, '52379', '0.0076', '1', '0', '1', '1'),
(42692, '52382', '0.0124', '1', '0', '1', '1'),
(42692, '52383', '0.0067', '1', '0', '1', '1'),
(42692, '52385', '0.0124', '1', '0', '1', '1'),
(42692, '52386', '0.0076', '1', '0', '1', '1'),
(42692, '52495', '0.0038', '1', '0', '1', '1'),
(42692, '52496', '0.0029', '1', '0', '1', '1'),
(42692, '52719', '0.0126', '1', '0', '1', '1'),
(42692, '53010', '35.1', '1', '0', '1', '6'),
(42692, '55284', '0.0352', '1', '0', '1', '1'),
(42692, '55285', '0.0371', '1', '0', '1', '1'),
(42692, '55286', '0.0419', '1', '0', '1', '1'),
(42692, '55287', '0.0419', '1', '0', '1', '1'),
(42692, '55288', '0.0447', '1', '0', '1', '1'),
(42692, '55293', '0.0466', '1', '0', '1', '1'),
(42692, '55294', '0.0675', '1', '0', '1', '1'),
(42692, '55295', '0.0252', '1', '0', '1', '1'),
(42692, '55296', '0.0352', '1', '0', '1', '1'),
(42692, '55297', '0.0447', '1', '0', '1', '1'),
(42692, '55302', '0.0105', '1', '0', '1', '1'),
(42692, '55303', '0.0152', '1', '0', '1', '1'),
(42692, '55304', '0.0067', '1', '0', '1', '1'),
(42692, '55306', '0.0124', '1', '0', '1', '1'),
(42692, '55311', '0.059', '1', '0', '1', '1'),
(42692, '55312', '0.0476', '1', '0', '1', '1'),
(42692, '55313', '0.0294', '1', '0', '1', '1'),
(42692, '55314', '0.0732', '1', '0', '1', '1'),
(42692, '55315', '0.0761', '1', '0', '1', '1'),
(42692, '55320', '0.0095', '1', '0', '1', '1'),
(42692, '55321', '0.0114', '1', '0', '1', '1'),
(42692, '55322', '0.0067', '1', '0', '1', '1'),
(42692, '55323', '0.0063', '1', '0', '1', '1'),
(42692, '55324', '0.0105', '1', '0', '1', '1'),
(42692, '55329', '0.0552', '1', '0', '1', '1'),
(42692, '55330', '0.0571', '1', '0', '1', '1'),
(42692, '55331', '0.0361', '1', '0', '1', '1'),
(42692, '55332', '0.0523', '1', '0', '1', '1'),
(42692, '55333', '0.0231', '1', '0', '1', '1'),
(42692, '55338', '0.0361', '1', '0', '1', '1'),
(42692, '55339', '0.0352', '1', '0', '1', '1'),
(42692, '55340', '0.0352', '1', '0', '1', '1'),
(42692, '55341', '0.0257', '1', '0', '1', '1'),
(42692, '55342', '0.0742', '1', '0', '1', '1'),
(42692, '55347', '0.039', '1', '0', '1', '1'),
(42692, '55348', '0.0523', '1', '0', '1', '1'),
(42692, '55349', '0.0504', '1', '0', '1', '1'),
(42692, '55350', '0.0637', '1', '0', '1', '1'),
(42692, '55351', '0.0628', '1', '0', '1', '1'),
(42692, '55356', '0.0076', '1', '0', '1', '1'),
(42692, '55357', '0.0209', '1', '0', '1', '1'),
(42692, '55358', '0.0105', '1', '0', '1', '1'),
(42692, '55359', '0.0095', '1', '0', '1', '1'),
(42692, '55360', '0.0067', '1', '0', '1', '1'),
(42692, '55365', '0.0847', '1', '0', '1', '1'),
(42692, '55366', '0.1161', '1', '0', '1', '1'),
(42692, '55367', '0.0656', '1', '0', '1', '1'),
(42692, '55368', '0.1065', '1', '0', '1', '1'),
(42692, '55369', '0.1046', '1', '0', '1', '1'),
(42692, '55374', '0.0571', '1', '0', '1', '1'),
(42692, '55375', '0.0704', '1', '0', '1', '1'),
(42692, '55376', '0.0441', '1', '0', '1', '1'),
(42692, '55378', '0.0637', '1', '0', '1', '1'),
(42692, '55383', '0.0352', '1', '0', '1', '1'),
(42692, '55384', '0.0618', '1', '0', '1', '1'),
(42692, '55385', '0.039', '1', '0', '1', '1'),
(42692, '55386', '0.0476', '1', '0', '1', '1'),
(42692, '55387', '0.0552', '1', '0', '1', '1'),
(42692, '55392', '0.0361', '1', '0', '1', '1'),
(42692, '55393', '0.0866', '1', '0', '1', '1'),
(42692, '55394', '0.0252', '1', '0', '1', '1'),
(42692, '55395', '0.0571', '1', '0', '1', '1'),
(42692, '55396', '0.0314', '1', '0', '1', '1'),
(42692, '55401', '0.1256', '1', '0', '1', '1'),
(42692, '55402', '0.0999', '1', '0', '1', '1'),
(42692, '55403', '0.097', '1', '0', '1', '1'),
(42692, '55404', '0.1094', '1', '0', '1', '1'),
(42692, '55405', '0.0945', '1', '0', '1', '1'),
(42692, '55410', '0.04', '1', '0', '1', '1'),
(42692, '55411', '0.0352', '1', '0', '1', '1'),
(42692, '55412', '0.0257', '1', '0', '1', '1'),
(42692, '55413', '0.0295', '1', '0', '1', '1'),
(42692, '55414', '0.0342', '1', '0', '1', '1'),
(42692, '55419', '0.195', '1', '0', '1', '1'),
(42692, '55420', '0.2302', '1', '0', '1', '1'),
(42692, '55421', '0.2397', '1', '0', '1', '1'),
(42692, '55422', '0.2369', '1', '0', '1', '1'),
(42692, '55423', '0.2635', '1', '0', '1', '1'),
(42692, '55428', '0.0628', '1', '0', '1', '1'),
(42692, '55429', '0.0361', '1', '0', '1', '1'),
(42692, '55430', '0.0495', '1', '0', '1', '1'),
(42692, '55431', '0.0694', '1', '0', '1', '1'),
(42692, '55432', '0.0571', '1', '0', '1', '1'),
(42692, '55437', '0.1855', '1', '0', '1', '1'),
(42692, '55438', '0.2064', '1', '0', '1', '1'),
(42692, '55439', '0.1512', '1', '0', '1', '1'),
(42692, '55440', '0.1646', '1', '0', '1', '1'),
(42692, '55441', '0.1817', '1', '0', '1', '1'),
(42692, '55446', '0.0209', '1', '0', '1', '1'),
(42692, '55447', '0.0352', '1', '0', '1', '1'),
(42692, '55448', '0.0147', '1', '0', '1', '1'),
(42692, '55449', '0.0295', '1', '0', '1', '1'),
(42692, '55450', '0.0352', '1', '0', '1', '1'),
(42692, '55455', '0.0495', '1', '0', '1', '1'),
(42692, '55456', '0.058', '1', '0', '1', '1'),
(42692, '55457', '0.0409', '1', '0', '1', '1'),
(42692, '55458', '0.058', '1', '0', '1', '1'),
(42692, '55459', '0.0476', '1', '0', '1', '1'),
(42692, '55464', '0.0266', '1', '0', '1', '1'),
(42692, '55465', '0.0371', '1', '0', '1', '1'),
(42692, '55466', '0.0314', '1', '0', '1', '1'),
(42692, '55467', '0.0342', '1', '0', '1', '1'),
(42692, '55468', '0.0323', '1', '0', '1', '1'),
(42692, '55473', '0.0095', '1', '0', '1', '1'),
(42692, '55474', '0.0086', '1', '0', '1', '1'),
(42692, '55475', '0.0021', '1', '0', '1', '1'),
(42692, '55476', '0.0143', '1', '0', '1', '1'),
(42692, '55477', '0.0086', '1', '0', '1', '1'),
(42692, '55482', '0.1084', '1', '0', '1', '1'),
(42692, '55483', '0.1151', '1', '0', '1', '1'),
(42692, '55484', '0.1103', '1', '0', '1', '1'),
(42692, '55485', '0.0861', '1', '0', '1', '1'),
(42692, '55486', '0.1674', '1', '0', '1', '1'),
(42692, '55491', '0.0771', '1', '0', '1', '1'),
(42692, '55492', '0.1151', '1', '0', '1', '1'),
(42692, '55493', '0.098', '1', '0', '1', '1'),
(42692, '55494', '0.0904', '1', '0', '1', '1'),
(42692, '55495', '0.0818', '1', '0', '1', '1'),
(42692, '55500', '0.0552', '1', '0', '1', '1'),
(42692, '55501', '0.0751', '1', '0', '1', '1'),
(42692, '55502', '0.0771', '1', '0', '1', '1'),
(42692, '55503', '0.1037', '1', '0', '1', '1'),
(42692, '55504', '0.0923', '1', '0', '1', '1'),
(42692, '55509', '0.0599', '1', '0', '1', '1'),
(42692, '55510', '0.0799', '1', '0', '1', '1'),
(42692, '55511', '0.0875', '1', '0', '1', '1'),
(42692, '55512', '0.0751', '1', '0', '1', '1'),
(42692, '55513', '0.0866', '1', '0', '1', '1'),
(42692, '55518', '0.0837', '1', '0', '1', '1'),
(42692, '55519', '0.1199', '1', '0', '1', '1'),
(42692, '55520', '0.0713', '1', '0', '1', '1'),
(42692, '55521', '0.0875', '1', '0', '1', '1'),
(42692, '55522', '0.0875', '1', '0', '1', '1'),
(42692, '55527', '0.0894', '1', '0', '1', '1'),
(42692, '55528', '0.0771', '1', '0', '1', '1'),
(42692, '55529', '0.098', '1', '0', '1', '1'),
(42692, '55530', '0.1046', '1', '0', '1', '1'),
(42692, '55531', '0.0923', '1', '0', '1', '1'),
(42692, '55536', '0.0894', '1', '0', '1', '1'),
(42692, '55537', '0.0923', '1', '0', '1', '1'),
(42692, '55538', '0.0885', '1', '0', '1', '1'),
(42692, '55539', '0.0904', '1', '0', '1', '1'),
(42692, '55540', '0.0399', '1', '0', '1', '1'),
(42692, '55545', '0.1237', '1', '0', '1', '1'),
(42692, '55546', '0.1817', '1', '0', '1', '1'),
(42692, '55547', '0.0809', '1', '0', '1', '1'),
(42692, '55548', '0.0951', '1', '0', '1', '1'),
(42692, '55549', '0.0913', '1', '0', '1', '1'),
(42692, '55554', '0.0732', '1', '0', '1', '1'),
(42692, '55555', '0.078', '1', '0', '1', '1'),
(42692, '55556', '0.0799', '1', '0', '1', '1'),
(42692, '55557', '0.0904', '1', '0', '1', '1'),
(42692, '55558', '0.0961', '1', '0', '1', '1'),
(42692, '55563', '0.0685', '1', '0', '1', '1'),
(42692, '55564', '0.0923', '1', '0', '1', '1'),
(42692, '55565', '0.0751', '1', '0', '1', '1'),
(42692, '55566', '0.042', '1', '0', '1', '1'),
(42692, '55567', '0.1008', '1', '0', '1', '1'),
(42692, '55572', '0.0809', '1', '0', '1', '1'),
(42692, '55573', '0.0894', '1', '0', '1', '1'),
(42692, '55574', '0.0913', '1', '0', '1', '1'),
(42692, '55575', '0.0904', '1', '0', '1', '1'),
(42692, '55576', '0.0837', '1', '0', '1', '1'),
(42692, '55581', '0.0875', '1', '0', '1', '1'),
(42692, '55582', '0.0818', '1', '0', '1', '1'),
(42692, '55583', '0.0999', '1', '0', '1', '1'),
(42692, '55584', '0.0866', '1', '0', '1', '1'),
(42692, '55585', '0.1075', '1', '0', '1', '1'),
(42692, '55590', '0.0989', '1', '0', '1', '1'),
(42692, '55591', '0.1113', '1', '0', '1', '1'),
(42692, '55592', '0.0942', '1', '0', '1', '1'),
(42692, '55593', '0.1027', '1', '0', '1', '1'),
(42692, '55594', '0.1056', '1', '0', '1', '1'),
(42692, '55599', '0.1037', '1', '0', '1', '1'),
(42692, '55600', '0.1151', '1', '0', '1', '1'),
(42692, '55601', '0.078', '1', '0', '1', '1'),
(42692, '55602', '0.0951', '1', '0', '1', '1'),
(42692, '55603', '0.0462', '1', '0', '1', '1'),
(42692, '55608', '0.0942', '1', '0', '1', '1'),
(42692, '55609', '0.0923', '1', '0', '1', '1'),
(42692, '55610', '0.0847', '1', '0', '1', '1'),
(42692, '55611', '0.0856', '1', '0', '1', '1'),
(42692, '55617', '0.0866', '1', '0', '1', '1'),
(42692, '55618', '0.1332', '1', '0', '1', '1'),
(42692, '55619', '0.0809', '1', '0', '1', '1'),
(42692, '55620', '0.0462', '1', '0', '1', '1'),
(42692, '55621', '0.1246', '1', '0', '1', '1'),
(42692, '55626', '0.118', '1', '0', '1', '1'),
(42692, '55627', '0.1008', '1', '0', '1', '1'),
(42692, '55628', '0.0761', '1', '0', '1', '1'),
(42692, '55629', '0.0847', '1', '0', '1', '1'),
(42692, '55630', '0.0546', '1', '0', '1', '1'),
(42692, '55635', '0.0828', '1', '0', '1', '1'),
(42692, '55636', '0.0685', '1', '0', '1', '1'),
(42692, '55637', '0.0723', '1', '0', '1', '1'),
(42692, '55638', '0.0462', '1', '0', '1', '1'),
(42692, '55639', '0.0723', '1', '0', '1', '1'),
(42692, '55644', '0.0637', '1', '0', '1', '1'),
(42692, '55645', '0.0732', '1', '0', '1', '1'),
(42692, '55646', '0.0723', '1', '0', '1', '1'),
(42692, '55647', '0.0647', '1', '0', '1', '1'),
(42692, '55648', '0.0923', '1', '0', '1', '1'),
(42692, '55653', '0.0542', '1', '0', '1', '1'),
(42692, '55654', '0.079', '1', '0', '1', '1'),
(42692, '55655', '0.0932', '1', '0', '1', '1'),
(42692, '55656', '0.0866', '1', '0', '1', '1'),
(42692, '55662', '0.1018', '1', '0', '1', '1'),
(42692, '55663', '0.0875', '1', '0', '1', '1'),
(42692, '55664', '0.0723', '1', '0', '1', '1'),
(42692, '55665', '0.0694', '1', '0', '1', '1'),
(42692, '55666', '0.0913', '1', '0', '1', '1'),
(42692, '55671', '0.0732', '1', '0', '1', '1'),
(42692, '55672', '0.079', '1', '0', '1', '1'),
(42692, '55673', '0.0735', '1', '0', '1', '1'),
(42692, '55674', '0.098', '1', '0', '1', '1'),
(42692, '55675', '0.1113', '1', '0', '1', '1'),
(42692, '55680', '0.0609', '1', '0', '1', '1'),
(42692, '55681', '0.0761', '1', '0', '1', '1'),
(42692, '55682', '0.0704', '1', '0', '1', '1'),
(42692, '55683', '0.0885', '1', '0', '1', '1'),
(42692, '55684', '0.079', '1', '0', '1', '1'),
(42692, '55689', '0.0675', '1', '0', '1', '1'),
(42692, '55690', '0.0885', '1', '0', '1', '1'),
(42692, '55691', '0.0761', '1', '0', '1', '1'),
(42692, '55692', '0.0885', '1', '0', '1', '1'),
(42692, '55693', '0.1103', '1', '0', '1', '1'),
(42692, '55698', '0.0713', '1', '0', '1', '1'),
(42692, '55699', '0.0989', '1', '0', '1', '1'),
(42692, '55700', '0.0761', '1', '0', '1', '1'),
(42692, '55701', '0.0546', '1', '0', '1', '1'),
(42692, '55702', '0.0885', '1', '0', '1', '1'),
(42692, '55707', '0.098', '1', '0', '1', '1'),
(42692, '55708', '0.1075', '1', '0', '1', '1'),
(42692, '55709', '0.1029', '1', '0', '1', '1'),
(42692, '55710', '0.1389', '1', '0', '1', '1'),
(42692, '55711', '0.0693', '1', '0', '1', '1'),
(42692, '55716', '0.1141', '1', '0', '1', '1'),
(42692, '55717', '0.0961', '1', '0', '1', '1'),
(42692, '55718', '0.1227', '1', '0', '1', '1'),
(42692, '55719', '0.118', '1', '0', '1', '1'),
(42692, '55720', '0.1094', '1', '0', '1', '1'),
(42692, '55725', '0.1046', '1', '0', '1', '1'),
(42692, '55726', '0.1161', '1', '0', '1', '1'),
(42692, '55727', '0.117', '1', '0', '1', '1'),
(42692, '55728', '0.1427', '1', '0', '1', '1'),
(42692, '55729', '0.1141', '1', '0', '1', '1'),
(42692, '55734', '0.1065', '1', '0', '1', '1'),
(42692, '55735', '0.1598', '1', '0', '1', '1'),
(42692, '55736', '0.1132', '1', '0', '1', '1'),
(42692, '55737', '0.1208', '1', '0', '1', '1'),
(42692, '55738', '0.137', '1', '0', '1', '1'),
(42692, '55743', '0.1294', '1', '0', '1', '1'),
(42692, '55744', '0.1493', '1', '0', '1', '1'),
(42692, '55745', '0.1113', '1', '0', '1', '1'),
(42692, '55746', '0.0777', '1', '0', '1', '1'),
(42692, '55747', '0.1379', '1', '0', '1', '1'),
(42692, '55752', '0.1122', '1', '0', '1', '1'),
(42692, '55753', '0.1208', '1', '0', '1', '1'),
(42692, '55754', '0.1065', '1', '0', '1', '1'),
(42692, '55755', '0.1379', '1', '0', '1', '1'),
(42692, '55756', '0.0651', '1', '0', '1', '1'),
(42692, '55761', '0.0885', '1', '0', '1', '1'),
(42692, '55762', '0.1084', '1', '0', '1', '1'),
(42692, '55763', '0.1075', '1', '0', '1', '1'),
(42692, '55764', '0.1417', '1', '0', '1', '1'),
(42692, '55765', '0.1151', '1', '0', '1', '1'),
(42692, '55770', '0.097', '1', '0', '1', '1'),
(42692, '55771', '0.1379', '1', '0', '1', '1'),
(42692, '55772', '0.1122', '1', '0', '1', '1'),
(42692, '55773', '0.117', '1', '0', '1', '1'),
(42692, '55774', '0.0588', '1', '0', '1', '1'),
(42692, '55822', '1.5296', '1', '0', '1', '1'),
(42692, '55823', '1.6742', '1', '0', '1', '1'),
(42692, '55824', '1.4925', '1', '0', '1', '1'),
(42692, '58256', '4', '1', '0', '1', '1'),
(42692, '58268', '7.4419', '1', '0', '1', '1'),
(42692, '58269', '40', '1', '0', '1', '1'),
(42692, '62063', '0.4385', '1', '0', '1', '1'),
(42692, '62064', '0.4623', '1', '0', '1', '1'),
(42692, '62065', '0.4699', '1', '0', '1', '1'),
(42692, '62066', '0.546', '1', '0', '1', '1'),
(42692, '62067', '0.5032', '1', '0', '1', '1'),
(42692, '62068', '0.507', '1', '0', '1', '1'),
(42692, '62069', '0.487', '1', '0', '1', '1'),
(42692, '62070', '0.5983', '1', '0', '1', '1'),
(42692, '62071', '0.4233', '1', '0', '1', '1'),
(42692, '62072', '0.429', '1', '0', '1', '1'),
(42692, '62074', '0.1764', '1', '0', '1', '1'),
(42692, '62075', '0.1827', '1', '0', '1', '1'),
(42692, '62078', '0.2352', '1', '0', '1', '1'),
(42692, '62079', '0.1764', '1', '0', '1', '1'),
(42692, '62082', '0.1596', '1', '0', '1', '1'),
(42692, '62083', '0.1617', '1', '0', '1', '1'),
(42692, '62085', '0.1743', '1', '0', '1', '1'),
(42692, '62087', '0.1617', '1', '0', '1', '1'),
(42692, '62092', '0.2037', '1', '0', '1', '1'),
(42692, '62095', '0.1302', '1', '0', '1', '1'),
(42692, '62097', '0.1827', '1', '0', '1', '1'),
(42692, '62098', '0.1512', '1', '0', '1', '1'),
(42692, '62100', '0.1596', '1', '0', '1', '1'),
(42692, '62101', '0.1659', '1', '0', '1', '1'),
(42692, '62102', '0.1533', '1', '0', '1', '1'),
(42692, '62105', '0.176', '1', '0', '1', '1'),
(42692, '62106', '0.215', '1', '0', '1', '1'),
(42692, '62107', '0.2074', '1', '0', '1', '1'),
(42692, '62108', '0.2064', '1', '0', '1', '1'),
(42692, '62109', '0.1703', '1', '0', '1', '1'),
(42692, '62110', '0.1864', '1', '0', '1', '1'),
(42692, '62111', '0.1798', '1', '0', '1', '1'),
(42692, '62112', '0.1988', '1', '0', '1', '1'),
(42692, '62113', '0.2606', '1', '0', '1', '1'),
(42692, '62114', '0.2055', '1', '0', '1', '1'),
(42692, '62115', '0.1522', '1', '0', '1', '1'),
(42692, '62116', '0.1674', '1', '0', '1', '1'),
(42692, '62117', '0.2359', '1', '0', '1', '1'),
(42692, '62118', '0.1646', '1', '0', '1', '1'),
(42692, '62119', '0.1941', '1', '0', '1', '1'),
(42692, '62120', '0.1798', '1', '0', '1', '1'),
(42692, '62121', '0.1864', '1', '0', '1', '1'),
(42692, '62122', '0.1836', '1', '0', '1', '1'),
(42692, '62123', '0.2055', '1', '0', '1', '1'),
(42692, '62124', '0.1922', '1', '0', '1', '1'),
(42692, '62125', '0.1912', '1', '0', '1', '1'),
(42692, '62126', '0.2083', '1', '0', '1', '1'),
(42692, '62127', '0.2112', '1', '0', '1', '1'),
(42692, '62128', '0.1627', '1', '0', '1', '1'),
(42692, '62129', '0.1779', '1', '0', '1', '1'),
(42692, '62130', '0.1665', '1', '0', '1', '1'),
(42692, '62131', '0.2226', '1', '0', '1', '1'),
(42692, '62132', '0.1769', '1', '0', '1', '1'),
(42692, '62133', '0.1474', '1', '0', '1', '1'),
(42692, '62134', '0.1636', '1', '0', '1', '1'),
(42692, '62135', '0.1979', '1', '0', '1', '1'),
(42692, '62136', '0.1703', '1', '0', '1', '1'),
(42692, '62323', '0.001', '1', '0', '1', '1'),
(42692, '63291', '56.7742', '1', '0', '1', '1'),
(42692, '63300', '12.9032', '1', '0', '1', '1'),
(42692, '63310', '16.7742', '1', '0', '1', '1'),
(42692, '63316', '2.5806', '1', '0', '1', '1'),
(42692, '63317', '40', '1', '0', '1', '1'),
(42692, '63318', '3.871', '1', '0', '1', '1'),
(42692, '63348', '50.3226', '1', '0', '1', '1'),
(42692, '63349', '45.1613', '1', '0', '1', '1'),
(42692, '66904', '0.0057', '1', '0', '1', '1'),
(42692, '66912', '0.0019', '1', '0', '1', '1'),
(42692, '66916', '0.0029', '1', '0', '1', '1'),
(42692, '66919', '0.0076', '1', '0', '1', '1'),
(42692, '66920', '0.0019', '1', '0', '1', '1'),
(42692, '66924', '0.0019', '1', '0', '1', '1'),
(42692, '66931', '0.0038', '1', '0', '1', '1'),
(42692, '66940', '0.0048', '1', '0', '1', '1'),
(42692, '66941', '0.0067', '1', '0', '1', '1'),
(42692, '66942', '0.0021', '1', '0', '1', '1'),
(42692, '66960', '0.0076', '1', '0', '1', '1'),
(42692, '66961', '0.0048', '1', '0', '1', '1'),
(42692, '66962', '0.0019', '1', '0', '1', '1'),
(42692, '66964', '0.0038', '1', '0', '1', '1'),
(42692, '66965', '0.0057', '1', '0', '1', '1'),
(42692, '66966', '0.0029', '1', '0', '1', '1'),
(42692, '66969', '0.0057', '1', '0', '1', '1'),
(42692, '66971', '0.0042', '1', '0', '1', '1'),
(42692, '66972', '0.0067', '1', '0', '1', '1'),
(42692, '66973', '0.0067', '1', '0', '1', '1'),
(42692, '66974', '0.0219', '1', '0', '1', '1'),
(42692, '66975', '0.0021', '1', '0', '1', '1'),
(42692, '66976', '0.0133', '1', '0', '1', '1'),
(42692, '66983', '0.0019', '1', '0', '1', '1'),
(42692, '66984', '0.0038', '1', '0', '1', '1'),
(42692, '66985', '0.0048', '1', '0', '1', '1'),
(42692, '66986', '0.001', '1', '0', '1', '1'),
(42692, '66987', '0.001', '1', '0', '1', '1'),
(42692, '66988', '0.0048', '1', '0', '1', '1'),
(42692, '66990', '0.0095', '1', '0', '1', '1'),
(42692, '66991', '0.0038', '1', '0', '1', '1'),
(42692, '66992', '0.0057', '1', '0', '1', '1'),
(42692, '66993', '0.0143', '1', '0', '1', '1'),
(42692, '66994', '0.0124', '1', '0', '1', '1'),
(42692, '67043', '0.0029', '1', '0', '1', '1'),
(42692, '67045', '0.0019', '1', '0', '1', '1'),
(42692, '67047', '0.0038', '1', '0', '1', '1'),
(42692, '67050', '0.0057', '1', '0', '1', '1'),
(42692, '67051', '0.0057', '1', '0', '1', '1'),
(42692, '67052', '0.0019', '1', '0', '1', '1'),
(42692, '67057', '0.0021', '1', '0', '1', '1'),
(42692, '67059', '0.0063', '1', '0', '1', '1'),
(42692, '67061', '0.0038', '1', '0', '1', '1'),
(42692, '67067', '0.0057', '1', '0', '1', '1'),
(42692, '67069', '0.0021', '1', '0', '1', '1'),
(42692, '67071', '0.0114', '1', '0', '1', '1'),
(42692, '67110', '0.0057', '1', '0', '1', '1'),
(42692, '67111', '0.001', '1', '0', '1', '1'),
(42692, '67112', '0.0029', '1', '0', '1', '1'),
(42692, '67113', '0.0038', '1', '0', '1', '1'),
(42692, '67114', '0.0019', '1', '0', '1', '1'),
(42692, '67115', '0.0114', '1', '0', '1', '1'),
(42692, '67116', '0.0048', '1', '0', '1', '1'),
(42692, '67117', '0.0038', '1', '0', '1', '1'),
(42692, '67118', '0.0067', '1', '0', '1', '1'),
(42692, '67120', '0.0042', '1', '0', '1', '1'),
(42692, '67121', '0.0063', '1', '0', '1', '1'),
(42692, '67122', '0.0086', '1', '0', '1', '1'),
(42692, '67123', '0.0162', '1', '0', '1', '1'),
(42692, '67124', '0.0209', '1', '0', '1', '1'),
(42692, '67125', '0.0048', '1', '0', '1', '1'),
(42692, '67126', '0.0105', '1', '0', '1', '1'),
(42692, '67127', '0.0076', '1', '0', '1', '1'),
(42692, '67130', '0.0019', '1', '0', '1', '1'),
(42692, '67132', '0.0019', '1', '0', '1', '1'),
(42692, '67136', '0.0038', '1', '0', '1', '1'),
(42692, '67137', '0.0019', '1', '0', '1', '1'),
(42692, '67138', '0.001', '1', '0', '1', '1'),
(42692, '67140', '0.0021', '1', '0', '1', '1'),
(42692, '67142', '0.0019', '1', '0', '1', '1'),
(42692, '67144', '0.001', '1', '0', '1', '1'),
(42692, '67146', '0.0021', '1', '0', '1', '1'),
(42692, '67147', '0.0021', '1', '0', '1', '1'),
(42692, '67148', '0.001', '1', '0', '1', '1'),
(42692, '67149', '0.0019', '1', '0', '1', '1'),
(42692, '67150', '0.0019', '1', '0', '1', '1'),
(42692, '67539', '0.0735', '1', '0', '1', '1'),
(42692, '68197', '4', '1', '0', '1', '2'),
(42692, '68198', '13.3', '1', '0', '1', '2'),
(42692, '68729', '0.3392', '1', '0', '1', '1'),
(42692, '68787', '0.0013', '1', '0', '1', '1'),
(42692, '68789', '0.0038', '1', '0', '1', '1');


DELETE FROM `creature_loot_template` WHERE `entry` = 42810;
INSERT INTO `creature_loot_template` (`entry`, `item`, `ChanceOrQuestChance`, `lootmode`, `groupid`, `mincountOrRef`, `maxcount`) VALUES
(42810, '52185', '10.2052', '1', '0', '1', '2'),
(42810, '52327', '0.5603', '1', '0', '1', '1'),
(42810, '52363', '0.0346', '1', '0', '1', '1'),
(42810, '52365', '0.0364', '1', '0', '1', '1'),
(42810, '52366', '0.0127', '1', '0', '1', '1'),
(42810, '52367', '0.0109', '1', '0', '1', '1'),
(42810, '52369', '0.0078', '1', '0', '1', '1'),
(42810, '52370', '0.0073', '1', '0', '1', '1'),
(42810, '52371', '0.0091', '1', '0', '1', '1'),
(42810, '52372', '0.0055', '1', '0', '1', '1'),
(42810, '52375', '0.0055', '1', '0', '1', '1'),
(42810, '52378', '0.0146', '1', '0', '1', '1'),
(42810, '52379', '0.0078', '1', '0', '1', '1'),
(42810, '52382', '0.02', '1', '0', '1', '1'),
(42810, '52383', '0.0055', '1', '0', '1', '1'),
(42810, '52385', '0.0091', '1', '0', '1', '1'),
(42810, '52386', '0.0109', '1', '0', '1', '1'),
(42810, '52388', '0.0073', '1', '0', '1', '1'),
(42810, '52494', '0.0036', '1', '0', '1', '1'),
(42810, '52506', '-7.5604', '1', '0', '1', '1'),
(42810, '52719', '0.0429', '1', '0', '1', '1'),
(42810, '52976', '0.0156', '1', '0', '1', '1'),
(42810, '55284', '0.0509', '1', '0', '1', '1'),
(42810, '55285', '0.0655', '1', '0', '1', '1'),
(42810, '55286', '0.0564', '1', '0', '1', '1'),
(42810, '55287', '0.0691', '1', '0', '1', '1'),
(42810, '55288', '0.0564', '1', '0', '1', '1'),
(42810, '55293', '0.0709', '1', '0', '1', '1'),
(42810, '55294', '0.0964', '1', '0', '1', '1'),
(42810, '55295', '0.0764', '1', '0', '1', '1'),
(42810, '55296', '0.0837', '1', '0', '1', '1'),
(42810, '55297', '0.0746', '1', '0', '1', '1'),
(42810, '55302', '0.0109', '1', '0', '1', '1'),
(42810, '55303', '0.0182', '1', '0', '1', '1'),
(42810, '55304', '0.0146', '1', '0', '1', '1'),
(42810, '55305', '0.02', '1', '0', '1', '1'),
(42810, '55306', '0.02', '1', '0', '1', '1'),
(42810, '55311', '0.1037', '1', '0', '1', '1'),
(42810, '55312', '0.0782', '1', '0', '1', '1'),
(42810, '55313', '0.06', '1', '0', '1', '1'),
(42810, '55314', '0.1001', '1', '0', '1', '1'),
(42810, '55315', '0.0928', '1', '0', '1', '1'),
(42810, '55320', '0.0164', '1', '0', '1', '1'),
(42810, '55321', '0.0073', '1', '0', '1', '1'),
(42810, '55322', '0.0164', '1', '0', '1', '1'),
(42810, '55323', '0.0127', '1', '0', '1', '1'),
(42810, '55324', '0.0091', '1', '0', '1', '1'),
(42810, '55329', '0.0418', '1', '0', '1', '1'),
(42810, '55330', '0.0782', '1', '0', '1', '1'),
(42810, '55331', '0.0837', '1', '0', '1', '1'),
(42810, '55332', '0.0637', '1', '0', '1', '1'),
(42810, '55333', '0.0528', '1', '0', '1', '1'),
(42810, '55338', '0.0382', '1', '0', '1', '1'),
(42810, '55339', '0.0509', '1', '0', '1', '1'),
(42810, '55340', '0.0546', '1', '0', '1', '1'),
(42810, '55341', '0.0473', '1', '0', '1', '1'),
(42810, '55342', '0.0691', '1', '0', '1', '1'),
(42810, '55347', '0.0637', '1', '0', '1', '1'),
(42810, '55348', '0.0928', '1', '0', '1', '1'),
(42810, '55349', '0.0637', '1', '0', '1', '1'),
(42810, '55350', '0.08', '1', '0', '1', '1'),
(42810, '55351', '0.0891', '1', '0', '1', '1'),
(42810, '55356', '0.0127', '1', '0', '1', '1'),
(42810, '55357', '0.0164', '1', '0', '1', '1'),
(42810, '55358', '0.02', '1', '0', '1', '1'),
(42810, '55359', '0.0146', '1', '0', '1', '1'),
(42810, '55360', '0.0091', '1', '0', '1', '1'),
(42810, '55365', '0.1346', '1', '0', '1', '1'),
(42810, '55366', '0.1273', '1', '0', '1', '1'),
(42810, '55367', '0.1091', '1', '0', '1', '1'),
(42810, '55368', '0.1856', '1', '0', '1', '1'),
(42810, '55369', '0.151', '1', '0', '1', '1'),
(42810, '55374', '0.0873', '1', '0', '1', '1'),
(42810, '55375', '0.0837', '1', '0', '1', '1'),
(42810, '55376', '0.0873', '1', '0', '1', '1'),
(42810, '55377', '0.0873', '1', '0', '1', '1'),
(42810, '55378', '0.0709', '1', '0', '1', '1'),
(42810, '55383', '0.0782', '1', '0', '1', '1'),
(42810, '55384', '0.0746', '1', '0', '1', '1'),
(42810, '55385', '0.0728', '1', '0', '1', '1'),
(42810, '55386', '0.1001', '1', '0', '1', '1'),
(42810, '55387', '0.0582', '1', '0', '1', '1'),
(42810, '55392', '0.0382', '1', '0', '1', '1'),
(42810, '55393', '0.0655', '1', '0', '1', '1'),
(42810, '55394', '0.0382', '1', '0', '1', '1'),
(42810, '55395', '0.0491', '1', '0', '1', '1'),
(42810, '55396', '0.0418', '1', '0', '1', '1'),
(42810, '55401', '0.1801', '1', '0', '1', '1'),
(42810, '55402', '0.2074', '1', '0', '1', '1'),
(42810, '55403', '0.1128', '1', '0', '1', '1'),
(42810, '55404', '0.2329', '1', '0', '1', '1'),
(42810, '55405', '0.1528', '1', '0', '1', '1'),
(42810, '55410', '0.0236', '1', '0', '1', '1'),
(42810, '55411', '0.0455', '1', '0', '1', '1'),
(42810, '55412', '0.0528', '1', '0', '1', '1'),
(42810, '55413', '0.0619', '1', '0', '1', '1'),
(42810, '55414', '0.0382', '1', '0', '1', '1'),
(42810, '55419', '0.3256', '1', '0', '1', '1'),
(42810, '55420', '0.3365', '1', '0', '1', '1'),
(42810, '55421', '0.3656', '1', '0', '1', '1'),
(42810, '55422', '0.3966', '1', '0', '1', '1'),
(42810, '55423', '0.3893', '1', '0', '1', '1'),
(42810, '55428', '0.0637', '1', '0', '1', '1'),
(42810, '55429', '0.0655', '1', '0', '1', '1'),
(42810, '55430', '0.0946', '1', '0', '1', '1'),
(42810, '55431', '0.1091', '1', '0', '1', '1'),
(42810, '55432', '0.0855', '1', '0', '1', '1'),
(42810, '55437', '0.3147', '1', '0', '1', '1'),
(42810, '55438', '0.2383', '1', '0', '1', '1'),
(42810, '55439', '0.262', '1', '0', '1', '1'),
(42810, '55440', '0.3129', '1', '0', '1', '1'),
(42810, '55441', '0.2911', '1', '0', '1', '1'),
(42810, '55446', '0.0327', '1', '0', '1', '1'),
(42810, '55447', '0.0509', '1', '0', '1', '1'),
(42810, '55448', '0.0291', '1', '0', '1', '1'),
(42810, '55449', '0.0491', '1', '0', '1', '1'),
(42810, '55450', '0.0273', '1', '0', '1', '1'),
(42810, '55455', '0.0728', '1', '0', '1', '1'),
(42810, '55456', '0.0637', '1', '0', '1', '1'),
(42810, '55457', '0.1091', '1', '0', '1', '1'),
(42810, '55458', '0.0619', '1', '0', '1', '1'),
(42810, '55459', '0.0728', '1', '0', '1', '1'),
(42810, '55464', '0.0273', '1', '0', '1', '1'),
(42810, '55465', '0.0473', '1', '0', '1', '1'),
(42810, '55466', '0.0291', '1', '0', '1', '1'),
(42810, '55467', '0.0346', '1', '0', '1', '1'),
(42810, '55468', '0.0564', '1', '0', '1', '1'),
(42810, '55473', '0.0127', '1', '0', '1', '1'),
(42810, '55474', '0.0073', '1', '0', '1', '1'),
(42810, '55475', '0.0164', '1', '0', '1', '1'),
(42810, '55476', '0.02', '1', '0', '1', '1'),
(42810, '55477', '0.0091', '1', '0', '1', '1'),
(42810, '55482', '0.1419', '1', '0', '1', '1'),
(42810, '55483', '0.1746', '1', '0', '1', '1'),
(42810, '55484', '0.1601', '1', '0', '1', '1'),
(42810, '55485', '0.2074', '1', '0', '1', '1'),
(42810, '55486', '0.1983', '1', '0', '1', '1'),
(42810, '55491', '0.1164', '1', '0', '1', '1'),
(42810, '55492', '0.1528', '1', '0', '1', '1'),
(42810, '55493', '0.1437', '1', '0', '1', '1'),
(42810, '55494', '0.1273', '1', '0', '1', '1'),
(42810, '55495', '0.1401', '1', '0', '1', '1'),
(42810, '55500', '0.2383', '1', '0', '1', '1'),
(42810, '55501', '0.1419', '1', '0', '1', '1'),
(42810, '55502', '0.1164', '1', '0', '1', '1'),
(42810, '55503', '0.0928', '1', '0', '1', '1'),
(42810, '55504', '0.1219', '1', '0', '1', '1'),
(42810, '55509', '0.1201', '1', '0', '1', '1'),
(42810, '55510', '0.1328', '1', '0', '1', '1'),
(42810, '55511', '0.1273', '1', '0', '1', '1'),
(42810, '55512', '0.1255', '1', '0', '1', '1'),
(42810, '55513', '0.1419', '1', '0', '1', '1'),
(42810, '55518', '0.1546', '1', '0', '1', '1'),
(42810, '55519', '0.2256', '1', '0', '1', '1'),
(42810, '55520', '0.1583', '1', '0', '1', '1'),
(42810, '55521', '0.1419', '1', '0', '1', '1'),
(42810, '55522', '0.1528', '1', '0', '1', '1'),
(42810, '55527', '0.1437', '1', '0', '1', '1'),
(42810, '55528', '0.1564', '1', '0', '1', '1'),
(42810, '55529', '0.151', '1', '0', '1', '1'),
(42810, '55530', '0.2419', '1', '0', '1', '1'),
(42810, '55531', '0.1583', '1', '0', '1', '1'),
(42810, '55536', '0.1455', '1', '0', '1', '1'),
(42810, '55537', '0.131', '1', '0', '1', '1'),
(42810, '55538', '0.1146', '1', '0', '1', '1'),
(42810, '55539', '0.1528', '1', '0', '1', '1'),
(42810, '55540', '0.1655', '1', '0', '1', '1'),
(42810, '55545', '0.1401', '1', '0', '1', '1'),
(42810, '55546', '0.1765', '1', '0', '1', '1'),
(42810, '55547', '0.1164', '1', '0', '1', '1'),
(42810, '55548', '0.1328', '1', '0', '1', '1'),
(42810, '55549', '0.1292', '1', '0', '1', '1'),
(42810, '55554', '0.1091', '1', '0', '1', '1'),
(42810, '55555', '0.2492', '1', '0', '1', '1'),
(42810, '55556', '0.1001', '1', '0', '1', '1'),
(42810, '55557', '0.1292', '1', '0', '1', '1'),
(42810, '55558', '0.1128', '1', '0', '1', '1'),
(42810, '55563', '0.1292', '1', '0', '1', '1'),
(42810, '55564', '0.0946', '1', '0', '1', '1'),
(42810, '55565', '0.1455', '1', '0', '1', '1'),
(42810, '55566', '0.1746', '1', '0', '1', '1'),
(42810, '55567', '0.1146', '1', '0', '1', '1'),
(42810, '55572', '0.111', '1', '0', '1', '1'),
(42810, '55573', '0.1328', '1', '0', '1', '1'),
(42810, '55574', '0.0928', '1', '0', '1', '1'),
(42810, '55575', '0.1819', '1', '0', '1', '1'),
(42810, '55576', '0.1401', '1', '0', '1', '1'),
(42810, '55581', '0.1583', '1', '0', '1', '1'),
(42810, '55582', '0.1019', '1', '0', '1', '1'),
(42810, '55583', '0.151', '1', '0', '1', '1'),
(42810, '55584', '0.1219', '1', '0', '1', '1'),
(42810, '55585', '0.1528', '1', '0', '1', '1'),
(42810, '55590', '0.2492', '1', '0', '1', '1'),
(42810, '55591', '0.1419', '1', '0', '1', '1'),
(42810, '55592', '0.191', '1', '0', '1', '1'),
(42810, '55593', '0.1328', '1', '0', '1', '1'),
(42810, '55594', '0.1201', '1', '0', '1', '1'),
(42810, '55599', '0.1419', '1', '0', '1', '1'),
(42810, '55600', '0.1019', '1', '0', '1', '1'),
(42810, '55601', '0.1182', '1', '0', '1', '1'),
(42810, '55602', '0.131', '1', '0', '1', '1'),
(42810, '55603', '0.1201', '1', '0', '1', '1'),
(42810, '55608', '0.131', '1', '0', '1', '1'),
(42810, '55609', '0.1983', '1', '0', '1', '1'),
(42810, '55610', '0.1328', '1', '0', '1', '1'),
(42810, '55611', '0.1655', '1', '0', '1', '1'),
(42810, '55612', '0.1783', '1', '0', '1', '1'),
(42810, '55617', '0.0855', '1', '0', '1', '1'),
(42810, '55618', '0.1856', '1', '0', '1', '1'),
(42810, '55619', '0.131', '1', '0', '1', '1'),
(42810, '55620', '0.1401', '1', '0', '1', '1'),
(42810, '55621', '0.1219', '1', '0', '1', '1'),
(42810, '55626', '0.1201', '1', '0', '1', '1'),
(42810, '55627', '0.1619', '1', '0', '1', '1'),
(42810, '55628', '0.0928', '1', '0', '1', '1'),
(42810, '55629', '0.111', '1', '0', '1', '1'),
(42810, '55630', '0.1219', '1', '0', '1', '1'),
(42810, '55635', '0.0964', '1', '0', '1', '1'),
(42810, '55636', '0.1055', '1', '0', '1', '1'),
(42810, '55637', '0.1583', '1', '0', '1', '1'),
(42810, '55638', '0.1583', '1', '0', '1', '1'),
(42810, '55639', '0.1219', '1', '0', '1', '1'),
(42810, '55644', '0.1383', '1', '0', '1', '1'),
(42810, '55645', '0.1237', '1', '0', '1', '1'),
(42810, '55646', '0.0873', '1', '0', '1', '1'),
(42810, '55647', '0.1564', '1', '0', '1', '1'),
(42810, '55648', '0.1364', '1', '0', '1', '1'),
(42810, '55653', '0.1292', '1', '0', '1', '1'),
(42810, '55654', '0.1146', '1', '0', '1', '1'),
(42810, '55655', '0.151', '1', '0', '1', '1'),
(42810, '55656', '0.1182', '1', '0', '1', '1'),
(42810, '55657', '0.1164', '1', '0', '1', '1'),
(42810, '55662', '0.111', '1', '0', '1', '1'),
(42810, '55663', '0.1237', '1', '0', '1', '1'),
(42810, '55664', '0.1055', '1', '0', '1', '1'),
(42810, '55665', '0.0964', '1', '0', '1', '1'),
(42810, '55666', '0.1128', '1', '0', '1', '1'),
(42810, '55671', '0.0855', '1', '0', '1', '1'),
(42810, '55672', '0.1164', '1', '0', '1', '1'),
(42810, '55673', '0.2219', '1', '0', '1', '1'),
(42810, '55674', '0.1637', '1', '0', '1', '1'),
(42810, '55675', '0.1164', '1', '0', '1', '1'),
(42810, '55680', '0.111', '1', '0', '1', '1'),
(42810, '55681', '0.1164', '1', '0', '1', '1'),
(42810, '55682', '0.1073', '1', '0', '1', '1'),
(42810, '55683', '0.2401', '1', '0', '1', '1'),
(42810, '55684', '0.151', '1', '0', '1', '1'),
(42810, '55689', '0.131', '1', '0', '1', '1'),
(42810, '55690', '0.1164', '1', '0', '1', '1'),
(42810, '55691', '0.1219', '1', '0', '1', '1'),
(42810, '55692', '0.1073', '1', '0', '1', '1'),
(42810, '55693', '0.1364', '1', '0', '1', '1'),
(42810, '55698', '0.1037', '1', '0', '1', '1'),
(42810, '55699', '0.1273', '1', '0', '1', '1'),
(42810, '55700', '0.1128', '1', '0', '1', '1'),
(42810, '55701', '0.1019', '1', '0', '1', '1'),
(42810, '55702', '0.1091', '1', '0', '1', '1'),
(42810, '55707', '0.1364', '1', '0', '1', '1'),
(42810, '55708', '0.1928', '1', '0', '1', '1'),
(42810, '55709', '0.1619', '1', '0', '1', '1'),
(42810, '55710', '0.1674', '1', '0', '1', '1'),
(42810, '55711', '0.1856', '1', '0', '1', '1'),
(42810, '55716', '0.1692', '1', '0', '1', '1'),
(42810, '55717', '0.1655', '1', '0', '1', '1'),
(42810, '55718', '0.1674', '1', '0', '1', '1'),
(42810, '55719', '0.1546', '1', '0', '1', '1'),
(42810, '55720', '0.1783', '1', '0', '1', '1'),
(42810, '55725', '0.1692', '1', '0', '1', '1'),
(42810, '55726', '0.1601', '1', '0', '1', '1'),
(42810, '55727', '0.1655', '1', '0', '1', '1'),
(42810, '55728', '0.211', '1', '0', '1', '1'),
(42810, '55729', '0.1965', '1', '0', '1', '1'),
(42810, '55734', '0.1474', '1', '0', '1', '1'),
(42810, '55735', '0.3074', '1', '0', '1', '1'),
(42810, '55736', '0.2128', '1', '0', '1', '1'),
(42810, '55737', '0.2056', '1', '0', '1', '1'),
(42810, '55738', '0.1765', '1', '0', '1', '1'),
(42810, '55743', '0.2765', '1', '0', '1', '1'),
(42810, '55744', '0.1783', '1', '0', '1', '1'),
(42810, '55745', '0.1928', '1', '0', '1', '1'),
(42810, '55746', '0.2219', '1', '0', '1', '1'),
(42810, '55747', '0.191', '1', '0', '1', '1'),
(42810, '55752', '0.3566', '1', '0', '1', '1'),
(42810, '55753', '0.1983', '1', '0', '1', '1'),
(42810, '55754', '0.1583', '1', '0', '1', '1'),
(42810, '55755', '0.1928', '1', '0', '1', '1'),
(42810, '55756', '0.2274', '1', '0', '1', '1'),
(42810, '55761', '0.191', '1', '0', '1', '1'),
(42810, '55762', '0.151', '1', '0', '1', '1'),
(42810, '55763', '0.1765', '1', '0', '1', '1'),
(42810, '55764', '0.1874', '1', '0', '1', '1'),
(42810, '55765', '0.2438', '1', '0', '1', '1'),
(42810, '55770', '0.1528', '1', '0', '1', '1'),
(42810, '55771', '0.1255', '1', '0', '1', '1'),
(42810, '55772', '0.1801', '1', '0', '1', '1'),
(42810, '55773', '0.1637', '1', '0', '1', '1'),
(42810, '55774', '0.1637', '1', '0', '1', '1'),
(42810, '55822', '2.2303', '1', '0', '1', '1'),
(42810, '55823', '2.2594', '1', '0', '1', '1'),
(42810, '55824', '2.3158', '1', '0', '1', '1'),
(42810, '58256', '7.3022', '1', '0', '1', '1'),
(42810, '58268', '14.2602', '1', '0', '1', '1'),
(42810, '60486', '5.6593', '1', '0', '1', '1'),
(42810, '62063', '0.9078', '1', '0', '1', '1'),
(42810, '62064', '0.946', '1', '0', '1', '1'),
(42810, '62065', '0.8204', '1', '0', '1', '1'),
(42810, '62066', '0.9678', '1', '0', '1', '1'),
(42810, '62067', '0.9278', '1', '0', '1', '1'),
(42810, '62068', '1.0697', '1', '0', '1', '1'),
(42810, '62069', '0.8004', '1', '0', '1', '1'),
(42810, '62070', '0.9187', '1', '0', '1', '1'),
(42810, '62071', '0.8168', '1', '0', '1', '1'),
(42810, '62072', '0.7804', '1', '0', '1', '1'),
(42810, '62073', '0.2183', '1', '0', '1', '1'),
(42810, '62074', '0.2128', '1', '0', '1', '1'),
(42810, '62075', '0.2329', '1', '0', '1', '1'),
(42810, '62076', '0.1801', '1', '0', '1', '1'),
(42810, '62077', '0.1746', '1', '0', '1', '1'),
(42810, '62078', '0.1793', '1', '0', '1', '1'),
(42810, '62079', '0.1793', '1', '0', '1', '1'),
(42810, '62080', '0.1728', '1', '0', '1', '1'),
(42810, '62081', '0.1819', '1', '0', '1', '1'),
(42810, '62082', '0.3147', '1', '0', '1', '1'),
(42810, '62083', '0.2292', '1', '0', '1', '1'),
(42810, '62084', '0.2219', '1', '0', '1', '1'),
(42810, '62085', '0.1801', '1', '0', '1', '1'),
(42810, '62086', '0.1819', '1', '0', '1', '1'),
(42810, '62087', '0.2292', '1', '0', '1', '1'),
(42810, '62088', '0.1928', '1', '0', '1', '1'),
(42810, '62089', '0.1403', '1', '0', '1', '1'),
(42810, '62090', '0.1655', '1', '0', '1', '1'),
(42810, '62091', '0.1746', '1', '0', '1', '1'),
(42810, '62092', '0.1856', '1', '0', '1', '1'),
(42810, '62093', '0.2238', '1', '0', '1', '1'),
(42810, '62094', '0.1637', '1', '0', '1', '1'),
(42810, '62095', '0.1637', '1', '0', '1', '1'),
(42810, '62096', '0.2547', '1', '0', '1', '1'),
(42810, '62097', '0.1928', '1', '0', '1', '1'),
(42810, '62098', '0.1715', '1', '0', '1', '1'),
(42810, '62099', '0.2201', '1', '0', '1', '1'),
(42810, '62101', '0.1598', '1', '0', '1', '1'),
(42810, '62102', '0.2066', '1', '0', '1', '1'),
(42810, '62103', '0.2074', '1', '0', '1', '1'),
(42810, '62104', '0.2401', '1', '0', '1', '1'),
(42810, '62105', '0.302', '1', '0', '1', '1'),
(42810, '62106', '0.2947', '1', '0', '1', '1'),
(42810, '62107', '0.3929', '1', '0', '1', '1'),
(42810, '62108', '0.3729', '1', '0', '1', '1'),
(42810, '62109', '0.3129', '1', '0', '1', '1'),
(42810, '62110', '0.3183', '1', '0', '1', '1'),
(42810, '62111', '0.3784', '1', '0', '1', '1'),
(42810, '62112', '0.3784', '1', '0', '1', '1'),
(42810, '62113', '0.3766', '1', '0', '1', '1'),
(42810, '62114', '0.402', '1', '0', '1', '1'),
(42810, '62115', '0.2856', '1', '0', '1', '1'),
(42810, '62116', '0.3966', '1', '0', '1', '1'),
(42810, '62117', '0.3838', '1', '0', '1', '1'),
(42810, '62118', '0.3093', '1', '0', '1', '1'),
(42810, '62119', '0.3293', '1', '0', '1', '1'),
(42810, '62120', '0.3038', '1', '0', '1', '1'),
(42810, '62121', '0.3438', '1', '0', '1', '1'),
(42810, '62122', '0.3165', '1', '0', '1', '1'),
(42810, '62123', '0.4075', '1', '0', '1', '1'),
(42810, '62124', '0.3165', '1', '0', '1', '1'),
(42810, '62125', '0.3456', '1', '0', '1', '1'),
(42810, '62126', '0.3256', '1', '0', '1', '1'),
(42810, '62127', '0.3475', '1', '0', '1', '1'),
(42810, '62128', '0.3511', '1', '0', '1', '1'),
(42810, '62129', '0.3183', '1', '0', '1', '1'),
(42810, '62130', '0.3074', '1', '0', '1', '1'),
(42810, '62131', '0.473', '1', '0', '1', '1'),
(42810, '62132', '0.3638', '1', '0', '1', '1'),
(42810, '62133', '0.3238', '1', '0', '1', '1'),
(42810, '62134', '0.3475', '1', '0', '1', '1'),
(42810, '62135', '0.362', '1', '0', '1', '1'),
(42810, '62136', '0.3638', '1', '0', '1', '1'),
(42810, '66904', '0.0073', '1', '0', '1', '1'),
(42810, '66916', '0.0073', '1', '0', '1', '1'),
(42810, '66919', '0.0073', '1', '0', '1', '1'),
(42810, '66920', '0.0055', '1', '0', '1', '1'),
(42810, '66924', '0.0073', '1', '0', '1', '1'),
(42810, '66931', '0.0109', '1', '0', '1', '1'),
(42810, '66932', '0.0055', '1', '0', '1', '1'),
(42810, '66940', '0.02', '1', '0', '1', '1'),
(42810, '66941', '0.0127', '1', '0', '1', '1'),
(42810, '66942', '0.0146', '1', '0', '1', '1'),
(42810, '66960', '0.0073', '1', '0', '1', '1'),
(42810, '66961', '0.0036', '1', '0', '1', '1'),
(42810, '66963', '0.0109', '1', '0', '1', '1'),
(42810, '66964', '0.0073', '1', '0', '1', '1'),
(42810, '66965', '0.0036', '1', '0', '1', '1'),
(42810, '66966', '0.0055', '1', '0', '1', '1'),
(42810, '66967', '0.0055', '1', '0', '1', '1'),
(42810, '66968', '0.0109', '1', '0', '1', '1'),
(42810, '66970', '0.0039', '1', '0', '1', '1'),
(42810, '66971', '0.0055', '1', '0', '1', '1'),
(42810, '66972', '0.0491', '1', '0', '1', '1'),
(42810, '66973', '0.0039', '1', '0', '1', '1'),
(42810, '66974', '0.0182', '1', '0', '1', '1'),
(42810, '66975', '0.0109', '1', '0', '1', '1'),
(42810, '66976', '0.0073', '1', '0', '1', '1'),
(42810, '66983', '0.0036', '1', '0', '1', '1'),
(42810, '66984', '0.0091', '1', '0', '1', '1'),
(42810, '66985', '0.0036', '1', '0', '1', '1'),
(42810, '66986', '0.0146', '1', '0', '1', '1'),
(42810, '66987', '0.0036', '1', '0', '1', '1'),
(42810, '66988', '0.0073', '1', '0', '1', '1'),
(42810, '66990', '0.0073', '1', '0', '1', '1'),
(42810, '66991', '0.0109', '1', '0', '1', '1'),
(42810, '66992', '0.0273', '1', '0', '1', '1'),
(42810, '66993', '0.0164', '1', '0', '1', '1'),
(42810, '66994', '0.0091', '1', '0', '1', '1'),
(42810, '67043', '0.0018', '1', '0', '1', '1'),
(42810, '67045', '0.0127', '1', '0', '1', '1'),
(42810, '67047', '0.0091', '1', '0', '1', '1'),
(42810, '67050', '0.0018', '1', '0', '1', '1'),
(42810, '67051', '0.0091', '1', '0', '1', '1'),
(42810, '67052', '0.0073', '1', '0', '1', '1'),
(42810, '67057', '0.0091', '1', '0', '1', '1'),
(42810, '67059', '0.0127', '1', '0', '1', '1'),
(42810, '67067', '0.0091', '1', '0', '1', '1'),
(42810, '67071', '0.0078', '1', '0', '1', '1'),
(42810, '67110', '0.0073', '1', '0', '1', '1'),
(42810, '67111', '0.0036', '1', '0', '1', '1'),
(42810, '67112', '0.0091', '1', '0', '1', '1'),
(42810, '67113', '0.0018', '1', '0', '1', '1'),
(42810, '67115', '0.0036', '1', '0', '1', '1'),
(42810, '67117', '0.0073', '1', '0', '1', '1'),
(42810, '67118', '0.0055', '1', '0', '1', '1'),
(42810, '67119', '0.0078', '1', '0', '1', '1'),
(42810, '67120', '0.0055', '1', '0', '1', '1'),
(42810, '67121', '0.0055', '1', '0', '1', '1'),
(42810, '67122', '0.0039', '1', '0', '1', '1'),
(42810, '67123', '0.0073', '1', '0', '1', '1'),
(42810, '67124', '0.0091', '1', '0', '1', '1'),
(42810, '67125', '0.0255', '1', '0', '1', '1'),
(42810, '67126', '0.0091', '1', '0', '1', '1'),
(42810, '67127', '0.0109', '1', '0', '1', '1'),
(42810, '67129', '0.0018', '1', '0', '1', '1'),
(42810, '67130', '0.0018', '1', '0', '1', '1'),
(42810, '67134', '0.0073', '1', '0', '1', '1'),
(42810, '67135', '0.0091', '1', '0', '1', '1'),
(42810, '67137', '0.0036', '1', '0', '1', '1'),
(42810, '67138', '0.0036', '1', '0', '1', '1'),
(42810, '67139', '0.0018', '1', '0', '1', '1'),
(42810, '67140', '0.0018', '1', '0', '1', '1'),
(42810, '67141', '0.0018', '1', '0', '1', '1'),
(42810, '67144', '0.0055', '1', '0', '1', '1'),
(42810, '67145', '0.0018', '1', '0', '1', '1'),
(42810, '67146', '0.0055', '1', '0', '1', '1'),
(42810, '67150', '0.0055', '1', '0', '1', '1'),
(42810, '67539', '0.1146', '1', '0', '1', '1'),
(42810, '68729', '0.7549', '1', '0', '1', '1'),
(42810, '68781', '0.0055', '1', '0', '1', '1'),
(42810, '68782', '0.0055', '1', '0', '1', '1'),
(42810, '68787', '0.0055', '1', '0', '1', '1'),
(42810, '68788', '0.0036', '1', '0', '1', '1'),
(42810, '68789', '0.0036', '1', '0', '1', '1');


DELETE FROM `creature_loot_template` WHERE `entry` = 42696;
INSERT INTO `creature_loot_template` (`entry`, `item`, `ChanceOrQuestChance`, `lootmode`, `groupid`, `mincountOrRef`, `maxcount`) VALUES
(42696, '52326', '0.0002', '1', '0', '1', '1'),
(42696, '52363', '0.0075', '1', '0', '1', '1'),
(42696, '52365', '0.0064', '1', '0', '1', '1'),
(42696, '52366', '0.0041', '1', '0', '1', '1'),
(42696, '52367', '0.0078', '1', '0', '1', '1'),
(42696, '52368', '0.0062', '1', '0', '1', '1'),
(42696, '52369', '0.0059', '1', '0', '1', '1'),
(42696, '52370', '0.0078', '1', '0', '1', '1'),
(42696, '52371', '0.0062', '1', '0', '1', '1'),
(42696, '52372', '0.0055', '1', '0', '1', '1'),
(42696, '52373', '0.0078', '1', '0', '1', '1'),
(42696, '52376', '0.0055', '1', '0', '1', '1'),
(42696, '52377', '0.0066', '1', '0', '1', '1'),
(42696, '52378', '0.0057', '1', '0', '1', '1'),
(42696, '52379', '0.0071', '1', '0', '1', '1'),
(42696, '52382', '0.0087', '1', '0', '1', '1'),
(42696, '52383', '0.0094', '1', '0', '1', '1'),
(42696, '52385', '0.0057', '1', '0', '1', '1'),
(42696, '52386', '0.0046', '1', '0', '1', '1'),
(42696, '52388', '0.0059', '1', '0', '1', '1'),
(42696, '52494', '0.003', '1', '0', '1', '1'),
(42696, '52495', '0.0027', '1', '0', '1', '1'),
(42696, '52496', '0.0032', '1', '0', '1', '1'),
(42696, '52719', '0.0103', '1', '0', '1', '1'),
(42696, '53010', '37.4', '1', '0', '1', '6'),
(42696, '55283', '0.0349', '1', '0', '1', '1'),
(42696, '55284', '0.0297', '1', '0', '1', '1'),
(42696, '55285', '0.0306', '1', '0', '1', '1'),
(42696, '55286', '0.0292', '1', '0', '1', '1'),
(42696, '55287', '0.0232', '1', '0', '1', '1'),
(42696, '55292', '0.0352', '1', '0', '1', '1'),
(42696, '55293', '0.034', '1', '0', '1', '1'),
(42696, '55294', '0.0281', '1', '0', '1', '1'),
(42696, '55297', '0.0243', '1', '0', '1', '1'),
(42696, '55301', '0.0068', '1', '0', '1', '1'),
(42696, '55302', '0.0075', '1', '0', '1', '1'),
(42696, '55303', '0.0068', '1', '0', '1', '1'),
(42696, '55304', '0.0059', '1', '0', '1', '1'),
(42696, '55305', '0.0036', '1', '0', '1', '1'),
(42696, '55306', '0.0052', '1', '0', '1', '1'),
(42696, '55310', '0.0502', '1', '0', '1', '1'),
(42696, '55311', '0.0443', '1', '0', '1', '1'),
(42696, '55312', '0.0425', '1', '0', '1', '1'),
(42696, '55314', '0.0335', '1', '0', '1', '1'),
(42696, '55319', '0.008', '1', '0', '1', '1'),
(42696, '55320', '0.0112', '1', '0', '1', '1'),
(42696, '55321', '0.0078', '1', '0', '1', '1'),
(42696, '55322', '0.0052', '1', '0', '1', '1'),
(42696, '55323', '0.0036', '1', '0', '1', '1'),
(42696, '55324', '0.0021', '1', '0', '1', '1'),
(42696, '55328', '0.0356', '1', '0', '1', '1'),
(42696, '55329', '0.0381', '1', '0', '1', '1'),
(42696, '55330', '0.0326', '1', '0', '1', '1'),
(42696, '55332', '0.0279', '1', '0', '1', '1'),
(42696, '55337', '0.0194', '1', '0', '1', '1'),
(42696, '55338', '0.0196', '1', '0', '1', '1'),
(42696, '55339', '0.0251', '1', '0', '1', '1'),
(42696, '55342', '0.0093', '1', '0', '1', '1'),
(42696, '55346', '0.0393', '1', '0', '1', '1'),
(42696, '55347', '0.0425', '1', '0', '1', '1'),
(42696, '55348', '0.0372', '1', '0', '1', '1'),
(42696, '55350', '0.0304', '1', '0', '1', '1'),
(42696, '55351', '0.0232', '1', '0', '1', '1'),
(42696, '55355', '0.0132', '1', '0', '1', '1'),
(42696, '55356', '0.008', '1', '0', '1', '1'),
(42696, '55357', '0.011', '1', '0', '1', '1'),
(42696, '55359', '0.0041', '1', '0', '1', '1'),
(42696, '55360', '0.0084', '1', '0', '1', '1'),
(42696, '55364', '0.0669', '1', '0', '1', '1'),
(42696, '55365', '0.0733', '1', '0', '1', '1'),
(42696, '55366', '0.0817', '1', '0', '1', '1'),
(42696, '55369', '0.0444', '1', '0', '1', '1'),
(42696, '55373', '0.0352', '1', '0', '1', '1'),
(42696, '55374', '0.0409', '1', '0', '1', '1'),
(42696, '55375', '0.0409', '1', '0', '1', '1'),
(42696, '55376', '0.0299', '1', '0', '1', '1'),
(42696, '55377', '0.0304', '1', '0', '1', '1'),
(42696, '55378', '0.0222', '1', '0', '1', '1'),
(42696, '55382', '0.045', '1', '0', '1', '1'),
(42696, '55383', '0.0557', '1', '0', '1', '1'),
(42696, '55384', '0.0441', '1', '0', '1', '1'),
(42696, '55386', '0.0273', '1', '0', '1', '1'),
(42696, '55387', '0.031', '1', '0', '1', '1'),
(42696, '55391', '0.021', '1', '0', '1', '1'),
(42696, '55392', '0.0242', '1', '0', '1', '1'),
(42696, '55393', '0.0352', '1', '0', '1', '1'),
(42696, '55394', '0.0299', '1', '0', '1', '1'),
(42696, '55395', '0.0144', '1', '0', '1', '1'),
(42696, '55396', '0.0237', '1', '0', '1', '1'),
(42696, '55400', '0.0856', '1', '0', '1', '1'),
(42696, '55401', '0.0979', '1', '0', '1', '1'),
(42696, '55402', '0.0874', '1', '0', '1', '1'),
(42696, '55404', '0.0573', '1', '0', '1', '1'),
(42696, '55405', '0.0676', '1', '0', '1', '1'),
(42696, '55409', '0.0217', '1', '0', '1', '1'),
(42696, '55410', '0.0219', '1', '0', '1', '1'),
(42696, '55411', '0.0251', '1', '0', '1', '1'),
(42696, '55412', '0.015', '1', '0', '1', '1'),
(42696, '55413', '0.0196', '1', '0', '1', '1'),
(42696, '55414', '0.0201', '1', '0', '1', '1'),
(42696, '55418', '0.174', '1', '0', '1', '1'),
(42696, '55419', '0.2162', '1', '0', '1', '1'),
(42696, '55420', '0.1794', '1', '0', '1', '1'),
(42696, '55422', '0.1295', '1', '0', '1', '1'),
(42696, '55423', '0.1171', '1', '0', '1', '1'),
(42696, '55427', '0.0397', '1', '0', '1', '1'),
(42696, '55428', '0.0461', '1', '0', '1', '1'),
(42696, '55429', '0.0368', '1', '0', '1', '1'),
(42696, '55431', '0.0248', '1', '0', '1', '1'),
(42696, '55432', '0.0232', '1', '0', '1', '1'),
(42696, '55436', '0.1473', '1', '0', '1', '1'),
(42696, '55437', '0.1762', '1', '0', '1', '1'),
(42696, '55438', '0.1336', '1', '0', '1', '1'),
(42696, '55439', '0.0862', '1', '0', '1', '1'),
(42696, '55441', '0.0862', '1', '0', '1', '1'),
(42696, '55445', '0.0274', '1', '0', '1', '1'),
(42696, '55446', '0.0226', '1', '0', '1', '1'),
(42696, '55447', '0.0265', '1', '0', '1', '1'),
(42696, '55449', '0.017', '1', '0', '1', '1'),
(42696, '55450', '0.0181', '1', '0', '1', '1'),
(42696, '55454', '0.032', '1', '0', '1', '1'),
(42696, '55455', '0.0454', '1', '0', '1', '1'),
(42696, '55456', '0.0409', '1', '0', '1', '1'),
(42696, '55458', '0.031', '1', '0', '1', '1'),
(42696, '55459', '0.0217', '1', '0', '1', '1'),
(42696, '55463', '0.0221', '1', '0', '1', '1'),
(42696, '55464', '0.0231', '1', '0', '1', '1'),
(42696, '55465', '0.0224', '1', '0', '1', '1'),
(42696, '55467', '0.0155', '1', '0', '1', '1'),
(42696, '55468', '0.0186', '1', '0', '1', '1'),
(42696, '55472', '0.008', '1', '0', '1', '1'),
(42696, '55473', '0.0053', '1', '0', '1', '1'),
(42696, '55474', '0.0025', '1', '0', '1', '1'),
(42696, '55475', '0.0043', '1', '0', '1', '1'),
(42696, '55476', '0.0057', '1', '0', '1', '1'),
(42696, '55477', '0.0055', '1', '0', '1', '1'),
(42696, '55481', '0.1002', '1', '0', '1', '1'),
(42696, '55482', '0.1078', '1', '0', '1', '1'),
(42696, '55483', '0.0785', '1', '0', '1', '1'),
(42696, '55484', '0.0645', '1', '0', '1', '1'),
(42696, '55490', '0.0635', '1', '0', '1', '1'),
(42696, '55491', '0.0737', '1', '0', '1', '1'),
(42696, '55492', '0.0804', '1', '0', '1', '1'),
(42696, '55494', '0.0516', '1', '0', '1', '1'),
(42696, '55495', '0.0449', '1', '0', '1', '1'),
(42696, '55499', '0.0687', '1', '0', '1', '1'),
(42696, '55500', '0.0836', '1', '0', '1', '1'),
(42696, '55501', '0.0619', '1', '0', '1', '1'),
(42696, '55502', '0.053', '1', '0', '1', '1'),
(42696, '55503', '0.0372', '1', '0', '1', '1'),
(42696, '55508', '0.0756', '1', '0', '1', '1'),
(42696, '55509', '0.0671', '1', '0', '1', '1'),
(42696, '55510', '0.0694', '1', '0', '1', '1'),
(42696, '55511', '0.0715', '1', '0', '1', '1'),
(42696, '55512', '0.0485', '1', '0', '1', '1'),
(42696, '55517', '0.0667', '1', '0', '1', '1'),
(42696, '55518', '0.0813', '1', '0', '1', '1'),
(42696, '55519', '0.0767', '1', '0', '1', '1'),
(42696, '55521', '0.0495', '1', '0', '1', '1'),
(42696, '55522', '0.0361', '1', '0', '1', '1'),
(42696, '55526', '0.089', '1', '0', '1', '1'),
(42696, '55527', '0.0858', '1', '0', '1', '1'),
(42696, '55528', '0.0653', '1', '0', '1', '1'),
(42696, '55529', '0.0464', '1', '0', '1', '1'),
(42696, '55530', '0.0444', '1', '0', '1', '1'),
(42696, '55531', '0.0428', '1', '0', '1', '1'),
(42696, '55535', '0.0758', '1', '0', '1', '1'),
(42696, '55536', '0.0763', '1', '0', '1', '1'),
(42696, '55537', '0.0717', '1', '0', '1', '1'),
(42696, '55538', '0.0418', '1', '0', '1', '1'),
(42696, '55539', '0.0655', '1', '0', '1', '1'),
(42696, '55540', '0.0387', '1', '0', '1', '1'),
(42696, '55544', '0.0783', '1', '0', '1', '1'),
(42696, '55545', '0.0673', '1', '0', '1', '1'),
(42696, '55546', '0.0724', '1', '0', '1', '1'),
(42696, '55548', '0.0392', '1', '0', '1', '1'),
(42696, '55549', '0.0428', '1', '0', '1', '1'),
(42696, '55553', '0.0687', '1', '0', '1', '1'),
(42696, '55554', '0.0671', '1', '0', '1', '1'),
(42696, '55555', '0.0744', '1', '0', '1', '1'),
(42696, '55558', '0.0387', '1', '0', '1', '1'),
(42696, '55562', '0.0637', '1', '0', '1', '1'),
(42696, '55563', '0.0705', '1', '0', '1', '1'),
(42696, '55564', '0.0582', '1', '0', '1', '1'),
(42696, '55565', '0.0418', '1', '0', '1', '1'),
(42696, '55566', '0.0671', '1', '0', '1', '1'),
(42696, '55567', '0.0346', '1', '0', '1', '1'),
(42696, '55571', '0.0705', '1', '0', '1', '1'),
(42696, '55572', '0.0694', '1', '0', '1', '1'),
(42696, '55573', '0.0687', '1', '0', '1', '1'),
(42696, '55575', '0.0361', '1', '0', '1', '1'),
(42696, '55576', '0.0433', '1', '0', '1', '1'),
(42696, '55580', '0.0678', '1', '0', '1', '1'),
(42696, '55581', '0.0628', '1', '0', '1', '1'),
(42696, '55582', '0.0742', '1', '0', '1', '1'),
(42696, '55584', '0.0449', '1', '0', '1', '1'),
(42696, '55585', '0.0366', '1', '0', '1', '1'),
(42696, '55589', '0.0662', '1', '0', '1', '1'),
(42696, '55590', '0.0648', '1', '0', '1', '1'),
(42696, '55591', '0.0537', '1', '0', '1', '1'),
(42696, '55592', '0.0635', '1', '0', '1', '1'),
(42696, '55593', '0.0392', '1', '0', '1', '1'),
(42696, '55598', '0.0769', '1', '0', '1', '1'),
(42696, '55599', '0.0767', '1', '0', '1', '1'),
(42696, '55600', '0.0788', '1', '0', '1', '1'),
(42696, '55601', '0.0583', '1', '0', '1', '1'),
(42696, '55602', '0.0604', '1', '0', '1', '1'),
(42696, '55603', '0.0382', '1', '0', '1', '1'),
(42696, '55607', '0.0815', '1', '0', '1', '1'),
(42696, '55608', '0.0794', '1', '0', '1', '1'),
(42696, '55609', '0.0712', '1', '0', '1', '1'),
(42696, '55611', '0.0439', '1', '0', '1', '1'),
(42696, '55612', '0.0449', '1', '0', '1', '1'),
(42696, '55616', '0.0605', '1', '0', '1', '1'),
(42696, '55617', '0.0767', '1', '0', '1', '1'),
(42696, '55618', '0.0594', '1', '0', '1', '1'),
(42696, '55619', '0.047', '1', '0', '1', '1'),
(42696, '55620', '0.0501', '1', '0', '1', '1'),
(42696, '55621', '0.0418', '1', '0', '1', '1'),
(42696, '55625', '0.0639', '1', '0', '1', '1'),
(42696, '55626', '0.0623', '1', '0', '1', '1'),
(42696, '55627', '0.0655', '1', '0', '1', '1'),
(42696, '55628', '0.0537', '1', '0', '1', '1'),
(42696, '55629', '0.0361', '1', '0', '1', '1'),
(42696, '55634', '0.0619', '1', '0', '1', '1'),
(42696, '55635', '0.06', '1', '0', '1', '1'),
(42696, '55636', '0.0616', '1', '0', '1', '1'),
(42696, '55637', '0.0537', '1', '0', '1', '1'),
(42696, '55638', '0.0464', '1', '0', '1', '1'),
(42696, '55639', '0.0346', '1', '0', '1', '1'),
(42696, '55643', '0.053', '1', '0', '1', '1'),
(42696, '55644', '0.0683', '1', '0', '1', '1'),
(42696, '55645', '0.0598', '1', '0', '1', '1'),
(42696, '55646', '0.0506', '1', '0', '1', '1'),
(42696, '55648', '0.0547', '1', '0', '1', '1'),
(42696, '55652', '0.0557', '1', '0', '1', '1'),
(42696, '55653', '0.0696', '1', '0', '1', '1'),
(42696, '55654', '0.0571', '1', '0', '1', '1'),
(42696, '55655', '0.047', '1', '0', '1', '1'),
(42696, '55656', '0.0315', '1', '0', '1', '1'),
(42696, '55661', '0.0564', '1', '0', '1', '1'),
(42696, '55662', '0.0692', '1', '0', '1', '1'),
(42696, '55663', '0.0511', '1', '0', '1', '1'),
(42696, '55664', '0.0423', '1', '0', '1', '1'),
(42696, '55665', '0.0655', '1', '0', '1', '1'),
(42696, '55666', '0.0464', '1', '0', '1', '1'),
(42696, '55670', '0.0724', '1', '0', '1', '1'),
(42696, '55671', '0.102', '1', '0', '1', '1'),
(42696, '55672', '0.0778', '1', '0', '1', '1'),
(42696, '55673', '0.0418', '1', '0', '1', '1'),
(42696, '55674', '0.0671', '1', '0', '1', '1'),
(42696, '55675', '0.0578', '1', '0', '1', '1'),
(42696, '55679', '0.0747', '1', '0', '1', '1'),
(42696, '55680', '0.0765', '1', '0', '1', '1'),
(42696, '55681', '0.0696', '1', '0', '1', '1'),
(42696, '55683', '0.065', '1', '0', '1', '1'),
(42696, '55684', '0.0444', '1', '0', '1', '1'),
(42696, '55688', '0.0669', '1', '0', '1', '1'),
(42696, '55689', '0.0662', '1', '0', '1', '1'),
(42696, '55690', '0.0662', '1', '0', '1', '1'),
(42696, '55692', '0.063', '1', '0', '1', '1'),
(42696, '55697', '0.0619', '1', '0', '1', '1'),
(42696, '55698', '0.0836', '1', '0', '1', '1'),
(42696, '55699', '0.0619', '1', '0', '1', '1'),
(42696, '55700', '0.0377', '1', '0', '1', '1'),
(42696, '55702', '0.032', '1', '0', '1', '1'),
(42696, '55706', '0.0808', '1', '0', '1', '1'),
(42696, '55707', '0.0938', '1', '0', '1', '1'),
(42696, '55708', '0.0692', '1', '0', '1', '1'),
(42696, '55711', '0.0526', '1', '0', '1', '1'),
(42696, '55715', '0.0826', '1', '0', '1', '1'),
(42696, '55716', '0.1135', '1', '0', '1', '1'),
(42696, '55717', '0.0804', '1', '0', '1', '1'),
(42696, '55720', '0.0526', '1', '0', '1', '1'),
(42696, '55724', '0.0788', '1', '0', '1', '1'),
(42696, '55725', '0.0897', '1', '0', '1', '1'),
(42696, '55726', '0.1059', '1', '0', '1', '1'),
(42696, '55727', '0.0645', '1', '0', '1', '1'),
(42696, '55728', '0.0686', '1', '0', '1', '1'),
(42696, '55729', '0.0531', '1', '0', '1', '1'),
(42696, '55733', '0.0906', '1', '0', '1', '1'),
(42696, '55734', '0.1114', '1', '0', '1', '1'),
(42696, '55735', '0.0993', '1', '0', '1', '1'),
(42696, '55737', '0.065', '1', '0', '1', '1'),
(42696, '55742', '0.1107', '1', '0', '1', '1'),
(42696, '55743', '0.1002', '1', '0', '1', '1'),
(42696, '55744', '0.0963', '1', '0', '1', '1'),
(42696, '55746', '0.0562', '1', '0', '1', '1'),
(42696, '55747', '0.0562', '1', '0', '1', '1'),
(42696, '55751', '0.0936', '1', '0', '1', '1'),
(42696, '55752', '0.1231', '1', '0', '1', '1'),
(42696, '55753', '0.0954', '1', '0', '1', '1'),
(42696, '55755', '0.0552', '1', '0', '1', '1'),
(42696, '55760', '0.1', '1', '0', '1', '1'),
(42696, '55761', '0.1091', '1', '0', '1', '1'),
(42696, '55762', '0.0929', '1', '0', '1', '1'),
(42696, '55763', '0.0624', '1', '0', '1', '1'),
(42696, '55764', '0.0686', '1', '0', '1', '1'),
(42696, '55769', '0.1011', '1', '0', '1', '1'),
(42696, '55770', '0.0984', '1', '0', '1', '1'),
(42696, '55771', '0.0954', '1', '0', '1', '1'),
(42696, '55773', '0.0666', '1', '0', '1', '1'),
(42696, '55774', '0.066', '1', '0', '1', '1'),
(42696, '55822', '1.341', '1', '0', '1', '1'),
(42696, '55823', '1.3273', '1', '0', '1', '1'),
(42696, '55824', '1.3451', '1', '0', '1', '1'),
(42696, '58256', '4.2', '1', '0', '1', '1'),
(42696, '58268', '8.0189', '1', '0', '1', '1'),
(42696, '58269', '33.0463', '1', '0', '1', '1'),
(42696, '62063', '0.3194', '1', '0', '1', '1'),
(42696, '62064', '0.3612', '1', '0', '1', '1'),
(42696, '62065', '0.3374', '1', '0', '1', '1'),
(42696, '62066', '0.3687', '1', '0', '1', '1'),
(42696, '62067', '0.3635', '1', '0', '1', '1'),
(42696, '62068', '0.3666', '1', '0', '1', '1'),
(42696, '62069', '0.379', '1', '0', '1', '1'),
(42696, '62070', '0.384', '1', '0', '1', '1'),
(42696, '62071', '0.3584', '1', '0', '1', '1'),
(42696, '62072', '0.3418', '1', '0', '1', '1'),
(42696, '62073', '0.2918', '1', '0', '1', '1'),
(42696, '62074', '0.3228', '1', '0', '1', '1'),
(42696, '62075', '0.2685', '1', '0', '1', '1'),
(42696, '62076', '0.2922', '1', '0', '1', '1'),
(42696, '62077', '0.2943', '1', '0', '1', '1'),
(42696, '62078', '0.2947', '1', '0', '1', '1'),
(42696, '62079', '0.2897', '1', '0', '1', '1'),
(42696, '62080', '0.2906', '1', '0', '1', '1'),
(42696, '62081', '0.339', '1', '0', '1', '1'),
(42696, '62082', '0.3194', '1', '0', '1', '1'),
(42696, '62083', '0.344', '1', '0', '1', '1'),
(42696, '62084', '0.2906', '1', '0', '1', '1'),
(42696, '62085', '0.3082', '1', '0', '1', '1'),
(42696, '62086', '0.3153', '1', '0', '1', '1'),
(42696, '62087', '0.3121', '1', '0', '1', '1'),
(42696, '62088', '0.2906', '1', '0', '1', '1'),
(42696, '62089', '0.2938', '1', '0', '1', '1'),
(42696, '62090', '0.2861', '1', '0', '1', '1'),
(42696, '62091', '0.3434', '1', '0', '1', '1'),
(42696, '62092', '0.3155', '1', '0', '1', '1'),
(42696, '62093', '0.2998', '1', '0', '1', '1'),
(42696, '62094', '0.2792', '1', '0', '1', '1'),
(42696, '62095', '0.2639', '1', '0', '1', '1'),
(42696, '62096', '0.3144', '1', '0', '1', '1'),
(42696, '62097', '0.3205', '1', '0', '1', '1'),
(42696, '62098', '0.3084', '1', '0', '1', '1'),
(42696, '62099', '0.292', '1', '0', '1', '1'),
(42696, '62100', '0.2612', '1', '0', '1', '1'),
(42696, '62101', '0.3155', '1', '0', '1', '1'),
(42696, '62102', '0.2915', '1', '0', '1', '1'),
(42696, '62103', '0.2888', '1', '0', '1', '1'),
(42696, '62104', '0.2835', '1', '0', '1', '1'),
(42696, '62110', '0.0686', '1', '0', '1', '1'),
(42696, '63291', '44.4564', '1', '0', '1', '1'),
(42696, '63300', '16.7922', '1', '0', '1', '1'),
(42696, '63310', '18.7298', '1', '0', '1', '1'),
(42696, '63316', '3.8751', '1', '0', '1', '1'),
(42696, '63317', '42.8418', '1', '0', '1', '1'),
(42696, '63318', '1.1841', '1', '0', '1', '1'),
(42696, '63348', '43.9182', '1', '0', '1', '1'),
(42696, '63349', '46.6093', '1', '0', '1', '1'),
(42696, '66882', '0.0034', '1', '0', '1', '1'),
(42696, '66883', '0.0043', '1', '0', '1', '1'),
(42696, '66895', '0.0009', '1', '0', '1', '1'),
(42696, '66904', '0.003', '1', '0', '1', '1'),
(42696, '66912', '0.0016', '1', '0', '1', '1'),
(42696, '66916', '0.0025', '1', '0', '1', '1'),
(42696, '66919', '0.003', '1', '0', '1', '1'),
(42696, '66920', '0.0039', '1', '0', '1', '1'),
(42696, '66924', '0.0032', '1', '0', '1', '1'),
(42696, '66931', '0.0036', '1', '0', '1', '1'),
(42696, '66932', '0.0041', '1', '0', '1', '1'),
(42696, '66941', '0.0015', '1', '0', '1', '1'),
(42696, '66942', '0.005', '1', '0', '1', '1'),
(42696, '66956', '0.003', '1', '0', '1', '1'),
(42696, '66957', '0.0048', '1', '0', '1', '1'),
(42696, '66958', '0.0025', '1', '0', '1', '1'),
(42696, '66959', '0.0032', '1', '0', '1', '1'),
(42696, '66960', '0.0039', '1', '0', '1', '1'),
(42696, '66961', '0.0037', '1', '0', '1', '1'),
(42696, '66962', '0.0032', '1', '0', '1', '1'),
(42696, '66963', '0.005', '1', '0', '1', '1'),
(42696, '66964', '0.0071', '1', '0', '1', '1'),
(42696, '66965', '0.0016', '1', '0', '1', '1'),
(42696, '66966', '0.0039', '1', '0', '1', '1'),
(42696, '66967', '0.0048', '1', '0', '1', '1'),
(42696, '66968', '0.0046', '1', '0', '1', '1'),
(42696, '66969', '0.0015', '1', '0', '1', '1'),
(42696, '66970', '0.0046', '1', '0', '1', '1'),
(42696, '66971', '0.0026', '1', '0', '1', '1'),
(42696, '66972', '0.0062', '1', '0', '1', '1'),
(42696, '66973', '0.0041', '1', '0', '1', '1'),
(42696, '66974', '0.0021', '1', '0', '1', '1'),
(42696, '66976', '0.0021', '1', '0', '1', '1'),
(42696, '66980', '0.003', '1', '0', '1', '1'),
(42696, '66981', '0.0021', '1', '0', '1', '1'),
(42696, '66982', '0.0041', '1', '0', '1', '1'),
(42696, '66983', '0.0032', '1', '0', '1', '1'),
(42696, '66984', '0.0034', '1', '0', '1', '1'),
(42696, '66985', '0.0025', '1', '0', '1', '1'),
(42696, '66986', '0.0043', '1', '0', '1', '1'),
(42696, '66987', '0.0046', '1', '0', '1', '1'),
(42696, '66988', '0.0025', '1', '0', '1', '1'),
(42696, '66989', '0.0039', '1', '0', '1', '1'),
(42696, '66990', '0.0037', '1', '0', '1', '1'),
(42696, '66991', '0.0037', '1', '0', '1', '1'),
(42696, '66992', '0.0059', '1', '0', '1', '1'),
(42696, '66993', '0.0064', '1', '0', '1', '1'),
(42696, '66994', '0.0041', '1', '0', '1', '1'),
(42696, '67032', '0.0018', '1', '0', '1', '1'),
(42696, '67037', '0.0183', '1', '0', '1', '1'),
(42696, '67040', '0.0025', '1', '0', '1', '1'),
(42696, '67043', '0.003', '1', '0', '1', '1'),
(42696, '67045', '0.0021', '1', '0', '1', '1'),
(42696, '67047', '0.0032', '1', '0', '1', '1'),
(42696, '67050', '0.0018', '1', '0', '1', '1'),
(42696, '67051', '0.0053', '1', '0', '1', '1'),
(42696, '67052', '0.0025', '1', '0', '1', '1'),
(42696, '67057', '0.0048', '1', '0', '1', '1'),
(42696, '67059', '0.0096', '1', '0', '1', '1'),
(42696, '67061', '0.0057', '1', '0', '1', '1'),
(42696, '67067', '0.0089', '1', '0', '1', '1'),
(42696, '67069', '0.0046', '1', '0', '1', '1'),
(42696, '67103', '0.0021', '1', '0', '1', '1'),
(42696, '67104', '0.0087', '1', '0', '1', '1'),
(42696, '67105', '0.0025', '1', '0', '1', '1'),
(42696, '67106', '0.0027', '1', '0', '1', '1'),
(42696, '67109', '0.0025', '1', '0', '1', '1'),
(42696, '67110', '0.0021', '1', '0', '1', '1'),
(42696, '67111', '0.0064', '1', '0', '1', '1'),
(42696, '67112', '0.0007', '1', '0', '1', '1'),
(42696, '67113', '0.0016', '1', '0', '1', '1'),
(42696, '67114', '0.003', '1', '0', '1', '1'),
(42696, '67115', '0.0043', '1', '0', '1', '1'),
(42696, '67116', '0.003', '1', '0', '1', '1'),
(42696, '67117', '0.0034', '1', '0', '1', '1'),
(42696, '67118', '0.0087', '1', '0', '1', '1'),
(42696, '67120', '0.0046', '1', '0', '1', '1'),
(42696, '67121', '0.0031', '1', '0', '1', '1'),
(42696, '67123', '0.0052', '1', '0', '1', '1'),
(42696, '67124', '0.0026', '1', '0', '1', '1'),
(42696, '67125', '0.0048', '1', '0', '1', '1'),
(42696, '67126', '0.0015', '1', '0', '1', '1'),
(42696, '67127', '0.0041', '1', '0', '1', '1'),
(42696, '67129', '0.0014', '1', '0', '1', '1'),
(42696, '67130', '0.0005', '1', '0', '1', '1'),
(42696, '67131', '0.0011', '1', '0', '1', '1'),
(42696, '67132', '0.0011', '1', '0', '1', '1'),
(42696, '67133', '0.0011', '1', '0', '1', '1'),
(42696, '67134', '0.0011', '1', '0', '1', '1'),
(42696, '67135', '0.0009', '1', '0', '1', '1'),
(42696, '67136', '0.001', '1', '0', '1', '1'),
(42696, '67137', '0.0009', '1', '0', '1', '1'),
(42696, '67138', '0.0025', '1', '0', '1', '1'),
(42696, '67139', '0.0011', '1', '0', '1', '1'),
(42696, '67140', '0.0021', '1', '0', '1', '1'),
(42696, '67141', '0.0015', '1', '0', '1', '1'),
(42696, '67142', '0.0027', '1', '0', '1', '1'),
(42696, '67144', '0.003', '1', '0', '1', '1'),
(42696, '67145', '0.0023', '1', '0', '1', '1'),
(42696, '67147', '0.0032', '1', '0', '1', '1'),
(42696, '67148', '0.0009', '1', '0', '1', '1'),
(42696, '67149', '0.0014', '1', '0', '1', '1'),
(42696, '67150', '0.0009', '1', '0', '1', '1'),
(42696, '68197', '4.4', '1', '0', '1', '2'),
(42696, '68198', '12.5', '1', '0', '1', '2'),
(42696, '68729', '0.2339', '1', '0', '1', '1'),
(42696, '68781', '0.0027', '1', '0', '1', '1'),
(42696, '68782', '0.0009', '1', '0', '1', '1'),
(42696, '68783', '0.0037', '1', '0', '1', '1'),
(42696, '68787', '0.0006', '1', '0', '1', '1'),
(42696, '68788', '0.003', '1', '0', '1', '1'),
(42696, '68789', '0.0053', '1', '0', '1', '1'),
(42696, '69820', '0.0011', '1', '0', '1', '1');


DELETE FROM `creature_loot_template` WHERE `entry` = 42691;
INSERT INTO `creature_loot_template` (`entry`, `item`, `ChanceOrQuestChance`, `lootmode`, `groupid`, `mincountOrRef`, `maxcount`) VALUES
(42691, '44312', '0.0005', '1', '0', '1', '1'),
(42691, '52363', '0.0048', '1', '0', '1', '1'),
(42691, '52364', '0.0071', '1', '0', '1', '1'),
(42691, '52365', '0.0071', '1', '0', '1', '1'),
(42691, '52367', '0.0077', '1', '0', '1', '1'),
(42691, '52368', '0.006', '1', '0', '1', '1'),
(42691, '52369', '0.0066', '1', '0', '1', '1'),
(42691, '52372', '0.0071', '1', '0', '1', '1'),
(42691, '52373', '0.0082', '1', '0', '1', '1'),
(42691, '52375', '0.0055', '1', '0', '1', '1'),
(42691, '52376', '0.0121', '1', '0', '1', '1'),
(42691, '52382', '0.0083', '1', '0', '1', '1'),
(42691, '52385', '0.0082', '1', '0', '1', '1'),
(42691, '52386', '0.0071', '1', '0', '1', '1'),
(42691, '52388', '0.0071', '1', '0', '1', '1'),
(42691, '52494', '0.0033', '1', '0', '1', '1'),
(42691, '52495', '0.0049', '1', '0', '1', '1'),
(42691, '52496', '0.0049', '1', '0', '1', '1'),
(42691, '52719', '0.006', '1', '0', '1', '1'),
(42691, '53010', '36.8', '1', '0', '1', '6'),
(42691, '55283', '0.0258', '1', '0', '1', '1'),
(42691, '55284', '0.0345', '1', '0', '1', '1'),
(42691, '55285', '0.0307', '1', '0', '1', '1'),
(42691, '55292', '0.0269', '1', '0', '1', '1'),
(42691, '55293', '0.04', '1', '0', '1', '1'),
(42691, '55294', '0.023', '1', '0', '1', '1'),
(42691, '55296', '0.0298', '1', '0', '1', '1'),
(42691, '55297', '0.0155', '1', '0', '1', '1'),
(42691, '55301', '0.0115', '1', '0', '1', '1'),
(42691, '55302', '0.0049', '1', '0', '1', '1'),
(42691, '55303', '0.0082', '1', '0', '1', '1'),
(42691, '55305', '0.0071', '1', '0', '1', '1'),
(42691, '55306', '0.0024', '1', '0', '1', '1'),
(42691, '55310', '0.046', '1', '0', '1', '1'),
(42691, '55311', '0.0586', '1', '0', '1', '1'),
(42691, '55312', '0.0433', '1', '0', '1', '1'),
(42691, '55315', '0.0202', '1', '0', '1', '1'),
(42691, '55319', '0.0044', '1', '0', '1', '1'),
(42691, '55320', '0.0088', '1', '0', '1', '1'),
(42691, '55321', '0.006', '1', '0', '1', '1'),
(42691, '55322', '0.0036', '1', '0', '1', '1'),
(42691, '55323', '0.0107', '1', '0', '1', '1'),
(42691, '55324', '0.0024', '1', '0', '1', '1'),
(42691, '55328', '0.034', '1', '0', '1', '1'),
(42691, '55329', '0.0411', '1', '0', '1', '1'),
(42691, '55330', '0.0296', '1', '0', '1', '1'),
(42691, '55333', '0.0179', '1', '0', '1', '1'),
(42691, '55337', '0.0285', '1', '0', '1', '1'),
(42691, '55338', '0.0318', '1', '0', '1', '1'),
(42691, '55339', '0.0219', '1', '0', '1', '1'),
(42691, '55341', '0.0155', '1', '0', '1', '1'),
(42691, '55342', '0.0307', '1', '0', '1', '1'),
(42691, '55346', '0.0307', '1', '0', '1', '1'),
(42691, '55347', '0.0384', '1', '0', '1', '1'),
(42691, '55348', '0.0329', '1', '0', '1', '1'),
(42691, '55349', '0.025', '1', '0', '1', '1'),
(42691, '55350', '0.0274', '1', '0', '1', '1'),
(42691, '55351', '0.0179', '1', '0', '1', '1'),
(42691, '55355', '0.0115', '1', '0', '1', '1'),
(42691, '55356', '0.0099', '1', '0', '1', '1'),
(42691, '55357', '0.0044', '1', '0', '1', '1'),
(42691, '55359', '0.011', '1', '0', '1', '1'),
(42691, '55360', '0.0104', '1', '0', '1', '1'),
(42691, '55364', '0.0723', '1', '0', '1', '1'),
(42691, '55365', '0.0723', '1', '0', '1', '1'),
(42691, '55366', '0.0652', '1', '0', '1', '1'),
(42691, '55367', '0.0636', '1', '0', '1', '1'),
(42691, '55369', '0.0369', '1', '0', '1', '1'),
(42691, '55373', '0.0345', '1', '0', '1', '1'),
(42691, '55374', '0.0471', '1', '0', '1', '1'),
(42691, '55375', '0.051', '1', '0', '1', '1'),
(42691, '55378', '0.0369', '1', '0', '1', '1'),
(42691, '55382', '0.0521', '1', '0', '1', '1'),
(42691, '55383', '0.0619', '1', '0', '1', '1'),
(42691, '55384', '0.0307', '1', '0', '1', '1'),
(42691, '55386', '0.0429', '1', '0', '1', '1'),
(42691, '55387', '0.0393', '1', '0', '1', '1'),
(42691, '55391', '0.0164', '1', '0', '1', '1'),
(42691, '55392', '0.0312', '1', '0', '1', '1'),
(42691, '55393', '0.0258', '1', '0', '1', '1'),
(42691, '55394', '0.0155', '1', '0', '1', '1'),
(42691, '55396', '0.0214', '1', '0', '1', '1'),
(42691, '55400', '0.103', '1', '0', '1', '1'),
(42691, '55401', '0.1074', '1', '0', '1', '1'),
(42691, '55402', '0.0751', '1', '0', '1', '1'),
(42691, '55403', '0.0866', '1', '0', '1', '1'),
(42691, '55404', '0.0536', '1', '0', '1', '1'),
(42691, '55409', '0.0285', '1', '0', '1', '1'),
(42691, '55410', '0.0345', '1', '0', '1', '1'),
(42691, '55411', '0.0329', '1', '0', '1', '1'),
(42691, '55414', '0.0107', '1', '0', '1', '1'),
(42691, '55418', '0.171', '1', '0', '1', '1'),
(42691, '55419', '0.1945', '1', '0', '1', '1'),
(42691, '55420', '0.1781', '1', '0', '1', '1'),
(42691, '55421', '0.1143', '1', '0', '1', '1'),
(42691, '55423', '0.1215', '1', '0', '1', '1'),
(42691, '55427', '0.0345', '1', '0', '1', '1'),
(42691, '55428', '0.063', '1', '0', '1', '1'),
(42691, '55429', '0.0378', '1', '0', '1', '1'),
(42691, '55431', '0.0592', '1', '0', '1', '1'),
(42691, '55432', '0.0357', '1', '0', '1', '1'),
(42691, '55436', '0.1452', '1', '0', '1', '1'),
(42691, '55437', '0.1397', '1', '0', '1', '1'),
(42691, '55438', '0.1277', '1', '0', '1', '1'),
(42691, '55440', '0.0857', '1', '0', '1', '1'),
(42691, '55445', '0.0214', '1', '0', '1', '1'),
(42691, '55446', '0.0296', '1', '0', '1', '1'),
(42691, '55447', '0.0252', '1', '0', '1', '1'),
(42691, '55448', '0.0269', '1', '0', '1', '1'),
(42691, '55454', '0.0395', '1', '0', '1', '1'),
(42691, '55455', '0.0521', '1', '0', '1', '1'),
(42691, '55456', '0.0323', '1', '0', '1', '1'),
(42691, '55457', '0.0444', '1', '0', '1', '1'),
(42691, '55458', '0.0226', '1', '0', '1', '1'),
(42691, '55463', '0.0197', '1', '0', '1', '1'),
(42691, '55464', '0.0279', '1', '0', '1', '1'),
(42691, '55465', '0.023', '1', '0', '1', '1'),
(42691, '55467', '0.0252', '1', '0', '1', '1'),
(42691, '55468', '0.0155', '1', '0', '1', '1'),
(42691, '55472', '0.006', '1', '0', '1', '1'),
(42691, '55473', '0.0088', '1', '0', '1', '1'),
(42691, '55474', '0.0033', '1', '0', '1', '1'),
(42691, '55475', '0.0024', '1', '0', '1', '1'),
(42691, '55476', '0.0049', '1', '0', '1', '1'),
(42691, '55477', '0.0012', '1', '0', '1', '1'),
(42691, '55481', '0.1063', '1', '0', '1', '1'),
(42691, '55482', '0.1206', '1', '0', '1', '1'),
(42691, '55483', '0.1134', '1', '0', '1', '1'),
(42691, '55485', '0.0774', '1', '0', '1', '1'),
(42691, '55490', '0.0575', '1', '0', '1', '1'),
(42691, '55491', '0.074', '1', '0', '1', '1'),
(42691, '55492', '0.0696', '1', '0', '1', '1'),
(42691, '55493', '0.0641', '1', '0', '1', '1'),
(42691, '55494', '0.0452', '1', '0', '1', '1'),
(42691, '55499', '0.0806', '1', '0', '1', '1'),
(42691, '55500', '0.0603', '1', '0', '1', '1'),
(42691, '55501', '0.0537', '1', '0', '1', '1'),
(42691, '55502', '0.0357', '1', '0', '1', '1'),
(42691, '55504', '0.0381', '1', '0', '1', '1'),
(42691, '55508', '0.0762', '1', '0', '1', '1'),
(42691, '55509', '0.0647', '1', '0', '1', '1'),
(42691, '55510', '0.063', '1', '0', '1', '1'),
(42691, '55511', '0.0718', '1', '0', '1', '1'),
(42691, '55513', '0.05', '1', '0', '1', '1'),
(42691, '55517', '0.068', '1', '0', '1', '1'),
(42691, '55518', '0.0981', '1', '0', '1', '1'),
(42691, '55519', '0.0712', '1', '0', '1', '1'),
(42691, '55521', '0.0381', '1', '0', '1', '1'),
(42691, '55522', '0.0429', '1', '0', '1', '1'),
(42691, '55526', '0.0767', '1', '0', '1', '1'),
(42691, '55527', '0.0647', '1', '0', '1', '1'),
(42691, '55528', '0.0773', '1', '0', '1', '1'),
(42691, '55529', '0.0833', '1', '0', '1', '1'),
(42691, '55530', '0.0524', '1', '0', '1', '1'),
(42691, '55535', '0.0663', '1', '0', '1', '1'),
(42691, '55536', '0.0625', '1', '0', '1', '1'),
(42691, '55537', '0.0592', '1', '0', '1', '1'),
(42691, '55544', '0.074', '1', '0', '1', '1'),
(42691, '55545', '0.069', '1', '0', '1', '1'),
(42691, '55546', '0.0701', '1', '0', '1', '1'),
(42691, '55547', '0.0476', '1', '0', '1', '1'),
(42691, '55548', '0.0393', '1', '0', '1', '1'),
(42691, '55549', '0.0369', '1', '0', '1', '1'),
(42691, '55553', '0.0669', '1', '0', '1', '1'),
(42691, '55554', '0.0652', '1', '0', '1', '1'),
(42691, '55555', '0.0597', '1', '0', '1', '1'),
(42691, '55558', '0.0393', '1', '0', '1', '1'),
(42691, '55562', '0.0893', '1', '0', '1', '1'),
(42691, '55563', '0.074', '1', '0', '1', '1'),
(42691, '55564', '0.0559', '1', '0', '1', '1'),
(42691, '55567', '0.0357', '1', '0', '1', '1'),
(42691, '55571', '0.0767', '1', '0', '1', '1'),
(42691, '55572', '0.0553', '1', '0', '1', '1'),
(42691, '55573', '0.0926', '1', '0', '1', '1'),
(42691, '55574', '0.0441', '1', '0', '1', '1'),
(42691, '55575', '0.0381', '1', '0', '1', '1'),
(42691, '55576', '0.0333', '1', '0', '1', '1'),
(42691, '55580', '0.0641', '1', '0', '1', '1'),
(42691, '55581', '0.0718', '1', '0', '1', '1'),
(42691, '55582', '0.0526', '1', '0', '1', '1'),
(42691, '55583', '0.0429', '1', '0', '1', '1'),
(42691, '55585', '0.031', '1', '0', '1', '1'),
(42691, '55589', '0.0581', '1', '0', '1', '1'),
(42691, '55590', '0.074', '1', '0', '1', '1'),
(42691, '55591', '0.0669', '1', '0', '1', '1'),
(42691, '55592', '0.0512', '1', '0', '1', '1'),
(42691, '55593', '0.0595', '1', '0', '1', '1'),
(42691, '55598', '0.0745', '1', '0', '1', '1'),
(42691, '55599', '0.0817', '1', '0', '1', '1'),
(42691, '55600', '0.0696', '1', '0', '1', '1'),
(42691, '55602', '0.0464', '1', '0', '1', '1'),
(42691, '55603', '0.0476', '1', '0', '1', '1'),
(42691, '55607', '0.0745', '1', '0', '1', '1'),
(42691, '55608', '0.0784', '1', '0', '1', '1'),
(42691, '55609', '0.0806', '1', '0', '1', '1'),
(42691, '55612', '0.0429', '1', '0', '1', '1'),
(42691, '55616', '0.0521', '1', '0', '1', '1'),
(42691, '55617', '0.1123', '1', '0', '1', '1'),
(42691, '55618', '0.0625', '1', '0', '1', '1'),
(42691, '55619', '0.0625', '1', '0', '1', '1'),
(42691, '55620', '0.0429', '1', '0', '1', '1'),
(42691, '55625', '0.0975', '1', '0', '1', '1'),
(42691, '55626', '0.0625', '1', '0', '1', '1'),
(42691, '55627', '0.0636', '1', '0', '1', '1'),
(42691, '55628', '0.0647', '1', '0', '1', '1'),
(42691, '55629', '0.05', '1', '0', '1', '1'),
(42691, '55630', '0.0452', '1', '0', '1', '1'),
(42691, '55634', '0.0543', '1', '0', '1', '1'),
(42691, '55635', '0.0597', '1', '0', '1', '1'),
(42691, '55636', '0.086', '1', '0', '1', '1'),
(42691, '55637', '0.0524', '1', '0', '1', '1'),
(42691, '55639', '0.0357', '1', '0', '1', '1'),
(42691, '55643', '0.0822', '1', '0', '1', '1'),
(42691, '55644', '0.0652', '1', '0', '1', '1'),
(42691, '55645', '0.0416', '1', '0', '1', '1'),
(42691, '55648', '0.0429', '1', '0', '1', '1'),
(42691, '55652', '0.0707', '1', '0', '1', '1'),
(42691, '55653', '0.0762', '1', '0', '1', '1'),
(42691, '55654', '0.1058', '1', '0', '1', '1'),
(42691, '55657', '0.0536', '1', '0', '1', '1'),
(42691, '55661', '0.0575', '1', '0', '1', '1'),
(42691, '55662', '0.0981', '1', '0', '1', '1'),
(42691, '55663', '0.0723', '1', '0', '1', '1'),
(42691, '55666', '0.031', '1', '0', '1', '1'),
(42691, '55670', '0.0581', '1', '0', '1', '1'),
(42691, '55671', '0.0729', '1', '0', '1', '1'),
(42691, '55672', '0.0543', '1', '0', '1', '1'),
(42691, '55673', '0.0464', '1', '0', '1', '1'),
(42691, '55674', '0.0464', '1', '0', '1', '1'),
(42691, '55679', '0.0975', '1', '0', '1', '1'),
(42691, '55680', '0.0784', '1', '0', '1', '1'),
(42691, '55681', '0.0767', '1', '0', '1', '1'),
(42691, '55682', '0.0488', '1', '0', '1', '1'),
(42691, '55688', '0.0877', '1', '0', '1', '1'),
(42691, '55689', '0.0701', '1', '0', '1', '1'),
(42691, '55690', '0.0712', '1', '0', '1', '1'),
(42691, '55692', '0.0476', '1', '0', '1', '1'),
(42691, '55693', '0.0369', '1', '0', '1', '1'),
(42691, '55697', '0.063', '1', '0', '1', '1'),
(42691, '55698', '0.0669', '1', '0', '1', '1'),
(42691, '55699', '0.0597', '1', '0', '1', '1'),
(42691, '55701', '0.0452', '1', '0', '1', '1'),
(42691, '55702', '0.0429', '1', '0', '1', '1'),
(42691, '55706', '0.1058', '1', '0', '1', '1'),
(42691, '55707', '0.1123', '1', '0', '1', '1'),
(42691, '55708', '0.0899', '1', '0', '1', '1'),
(42691, '55709', '0.0524', '1', '0', '1', '1'),
(42691, '55711', '0.0607', '1', '0', '1', '1'),
(42691, '55715', '0.0701', '1', '0', '1', '1'),
(42691, '55716', '0.069', '1', '0', '1', '1'),
(42691, '55717', '0.074', '1', '0', '1', '1'),
(42691, '55720', '0.0834', '1', '0', '1', '1'),
(42691, '55724', '0.0806', '1', '0', '1', '1'),
(42691, '55725', '0.097', '1', '0', '1', '1'),
(42691, '55726', '0.1058', '1', '0', '1', '1'),
(42691, '55729', '0.0536', '1', '0', '1', '1'),
(42691, '55733', '0.1288', '1', '0', '1', '1'),
(42691, '55734', '0.0959', '1', '0', '1', '1'),
(42691, '55735', '0.0784', '1', '0', '1', '1'),
(42691, '55736', '0.0607', '1', '0', '1', '1'),
(42691, '55742', '0.0888', '1', '0', '1', '1'),
(42691, '55743', '0.1178', '1', '0', '1', '1'),
(42691, '55744', '0.0762', '1', '0', '1', '1'),
(42691, '55746', '0.056', '1', '0', '1', '1'),
(42691, '55747', '0.0607', '1', '0', '1', '1'),
(42691, '55751', '0.114', '1', '0', '1', '1'),
(42691, '55752', '0.1145', '1', '0', '1', '1'),
(42691, '55753', '0.0932', '1', '0', '1', '1'),
(42691, '55755', '0.0679', '1', '0', '1', '1'),
(42691, '55756', '0.0679', '1', '0', '1', '1'),
(42691, '55760', '0.1112', '1', '0', '1', '1'),
(42691, '55761', '0.0975', '1', '0', '1', '1'),
(42691, '55762', '0.1047', '1', '0', '1', '1'),
(42691, '55763', '0.0667', '1', '0', '1', '1'),
(42691, '55769', '0.0822', '1', '0', '1', '1'),
(42691, '55770', '0.0734', '1', '0', '1', '1'),
(42691, '55771', '0.0954', '1', '0', '1', '1'),
(42691, '55822', '1.2933', '1', '0', '1', '1'),
(42691, '55823', '1.2626', '1', '0', '1', '1'),
(42691, '55824', '1.324', '1', '0', '1', '1'),
(42691, '58256', '4.3392', '1', '0', '1', '1'),
(42691, '58268', '8.1168', '1', '0', '1', '1'),
(42691, '58269', '35.6459', '1', '0', '1', '1'),
(42691, '62063', '0.3343', '1', '0', '1', '1'),
(42691, '62064', '0.4028', '1', '0', '1', '1'),
(42691, '62065', '0.3683', '1', '0', '1', '1'),
(42691, '62066', '0.3924', '1', '0', '1', '1'),
(42691, '62067', '0.4379', '1', '0', '1', '1'),
(42691, '62068', '0.3628', '1', '0', '1', '1'),
(42691, '62069', '0.3546', '1', '0', '1', '1'),
(42691, '62070', '0.3754', '1', '0', '1', '1'),
(42691, '62071', '0.3403', '1', '0', '1', '1'),
(42691, '62072', '0.3425', '1', '0', '1', '1'),
(42691, '62073', '0.308', '1', '0', '1', '1'),
(42691, '62074', '0.3283', '1', '0', '1', '1'),
(42691, '62075', '0.2877', '1', '0', '1', '1'),
(42691, '62076', '0.2937', '1', '0', '1', '1'),
(42691, '62077', '0.3688', '1', '0', '1', '1'),
(42691, '62078', '0.3502', '1', '0', '1', '1'),
(42691, '62079', '0.2872', '1', '0', '1', '1'),
(42691, '62080', '0.3041', '1', '0', '1', '1'),
(42691, '62081', '0.3485', '1', '0', '1', '1'),
(42691, '62082', '0.3644', '1', '0', '1', '1'),
(42691, '62083', '0.2959', '1', '0', '1', '1'),
(42691, '62084', '0.2367', '1', '0', '1', '1'),
(42691, '62085', '0.3441', '1', '0', '1', '1'),
(42691, '62086', '0.3293', '1', '0', '1', '1'),
(42691, '62087', '0.3951', '1', '0', '1', '1'),
(42691, '62088', '0.3014', '1', '0', '1', '1'),
(42691, '62089', '0.2915', '1', '0', '1', '1'),
(42691, '62090', '0.2959', '1', '0', '1', '1'),
(42691, '62091', '0.3589', '1', '0', '1', '1'),
(42691, '62092', '0.3463', '1', '0', '1', '1'),
(42691, '62093', '0.2603', '1', '0', '1', '1'),
(42691, '62094', '0.2839', '1', '0', '1', '1'),
(42691, '62095', '0.3102', '1', '0', '1', '1'),
(42691, '62096', '0.377', '1', '0', '1', '1'),
(42691, '62097', '0.3611', '1', '0', '1', '1'),
(42691, '62098', '0.3436', '1', '0', '1', '1'),
(42691, '62099', '0.2899', '1', '0', '1', '1'),
(42691, '62100', '0.2598', '1', '0', '1', '1'),
(42691, '62101', '0.3096', '1', '0', '1', '1'),
(42691, '62102', '0.3146', '1', '0', '1', '1'),
(42691, '62103', '0.2888', '1', '0', '1', '1'),
(42691, '62104', '0.2893', '1', '0', '1', '1'),
(42691, '63291', '47.6077', '1', '0', '1', '1'),
(42691, '63300', '13.3971', '1', '0', '1', '1'),
(42691, '63310', '29.1866', '1', '0', '1', '1'),
(42691, '63316', '3.5885', '1', '0', '1', '1'),
(42691, '63317', '46.89', '1', '0', '1', '1'),
(42691, '63318', '2.1531', '1', '0', '1', '1'),
(42691, '63348', '38.5167', '1', '0', '1', '1'),
(42691, '63349', '44.4976', '1', '0', '1', '1'),
(42691, '66882', '0.0055', '1', '0', '1', '1'),
(42691, '66883', '0.0022', '1', '0', '1', '1'),
(42691, '66895', '0.0027', '1', '0', '1', '1'),
(42691, '66904', '0.0016', '1', '0', '1', '1'),
(42691, '66912', '0.0016', '1', '0', '1', '1'),
(42691, '66916', '0.0016', '1', '0', '1', '1'),
(42691, '66919', '0.0027', '1', '0', '1', '1'),
(42691, '66920', '0.0071', '1', '0', '1', '1'),
(42691, '66924', '0.0044', '1', '0', '1', '1'),
(42691, '66932', '0.0049', '1', '0', '1', '1'),
(42691, '66940', '0.0024', '1', '0', '1', '1'),
(42691, '66942', '0.0024', '1', '0', '1', '1'),
(42691, '66956', '0.0049', '1', '0', '1', '1'),
(42691, '66957', '0.0027', '1', '0', '1', '1'),
(42691, '66958', '0.0005', '1', '0', '1', '1'),
(42691, '66959', '0.0016', '1', '0', '1', '1'),
(42691, '66960', '0.0022', '1', '0', '1', '1'),
(42691, '66961', '0.0022', '1', '0', '1', '1'),
(42691, '66962', '0.0049', '1', '0', '1', '1'),
(42691, '66963', '0.0049', '1', '0', '1', '1'),
(42691, '66964', '0.0022', '1', '0', '1', '1'),
(42691, '66965', '0.0011', '1', '0', '1', '1'),
(42691, '66966', '0.0038', '1', '0', '1', '1'),
(42691, '66967', '0.0016', '1', '0', '1', '1'),
(42691, '66968', '0.0012', '1', '0', '1', '1'),
(42691, '66969', '0.0024', '1', '0', '1', '1'),
(42691, '66970', '0.0132', '1', '0', '1', '1'),
(42691, '66971', '0.0055', '1', '0', '1', '1'),
(42691, '66972', '0.0048', '1', '0', '1', '1'),
(42691, '66974', '0.0048', '1', '0', '1', '1'),
(42691, '66975', '0.0055', '1', '0', '1', '1'),
(42691, '66976', '0.0049', '1', '0', '1', '1'),
(42691, '66980', '0.0022', '1', '0', '1', '1'),
(42691, '66981', '0.0033', '1', '0', '1', '1'),
(42691, '66983', '0.0022', '1', '0', '1', '1'),
(42691, '66984', '0.0027', '1', '0', '1', '1'),
(42691, '66985', '0.0044', '1', '0', '1', '1'),
(42691, '66986', '0.0016', '1', '0', '1', '1'),
(42691, '66987', '0.0027', '1', '0', '1', '1'),
(42691, '66988', '0.0033', '1', '0', '1', '1'),
(42691, '66989', '0.006', '1', '0', '1', '1'),
(42691, '66990', '0.006', '1', '0', '1', '1'),
(42691, '66992', '0.0036', '1', '0', '1', '1'),
(42691, '66993', '0.0082', '1', '0', '1', '1'),
(42691, '67032', '0.0033', '1', '0', '1', '1'),
(42691, '67037', '0.0049', '1', '0', '1', '1'),
(42691, '67040', '0.0027', '1', '0', '1', '1'),
(42691, '67043', '0.0077', '1', '0', '1', '1'),
(42691, '67045', '0.0027', '1', '0', '1', '1'),
(42691, '67047', '0.0022', '1', '0', '1', '1'),
(42691, '67050', '0.0038', '1', '0', '1', '1'),
(42691, '67051', '0.0016', '1', '0', '1', '1'),
(42691, '67052', '0.0055', '1', '0', '1', '1'),
(42691, '67057', '0.0093', '1', '0', '1', '1'),
(42691, '67059', '0.0038', '1', '0', '1', '1'),
(42691, '67061', '0.0024', '1', '0', '1', '1'),
(42691, '67067', '0.0055', '1', '0', '1', '1'),
(42691, '67069', '0.006', '1', '0', '1', '1'),
(42691, '67071', '0.0024', '1', '0', '1', '1'),
(42691, '67103', '0.0066', '1', '0', '1', '1'),
(42691, '67104', '0.0005', '1', '0', '1', '1'),
(42691, '67105', '0.0011', '1', '0', '1', '1'),
(42691, '67106', '0.0044', '1', '0', '1', '1'),
(42691, '67109', '0.0027', '1', '0', '1', '1'),
(42691, '67110', '0.0038', '1', '0', '1', '1'),
(42691, '67111', '0.0044', '1', '0', '1', '1'),
(42691, '67112', '0.006', '1', '0', '1', '1'),
(42691, '67113', '0.006', '1', '0', '1', '1'),
(42691, '67114', '0.0027', '1', '0', '1', '1'),
(42691, '67115', '0.0038', '1', '0', '1', '1'),
(42691, '67116', '0.0044', '1', '0', '1', '1'),
(42691, '67117', '0.0011', '1', '0', '1', '1'),
(42691, '67118', '0.0038', '1', '0', '1', '1'),
(42691, '67119', '0.0055', '1', '0', '1', '1'),
(42691, '67120', '0.0024', '1', '0', '1', '1'),
(42691, '67121', '0.0049', '1', '0', '1', '1'),
(42691, '67122', '0.0049', '1', '0', '1', '1'),
(42691, '67124', '0.011', '1', '0', '1', '1'),
(42691, '67125', '0.0036', '1', '0', '1', '1'),
(42691, '67126', '0.0036', '1', '0', '1', '1'),
(42691, '67130', '0.0012', '1', '0', '1', '1'),
(42691, '67131', '0.0011', '1', '0', '1', '1'),
(42691, '67134', '0.0022', '1', '0', '1', '1'),
(42691, '67135', '0.0038', '1', '0', '1', '1'),
(42691, '67140', '0.0016', '1', '0', '1', '1'),
(42691, '67141', '0.0022', '1', '0', '1', '1'),
(42691, '67142', '0.0012', '1', '0', '1', '1'),
(42691, '67143', '0.0011', '1', '0', '1', '1'),
(42691, '67144', '0.0011', '1', '0', '1', '1'),
(42691, '67145', '0.0022', '1', '0', '1', '1'),
(42691, '67146', '0.0022', '1', '0', '1', '1'),
(42691, '67148', '0.0022', '1', '0', '1', '1'),
(42691, '67149', '0.0027', '1', '0', '1', '1'),
(42691, '68197', '4.4', '1', '0', '1', '2'),
(42691, '68198', '12.7', '1', '0', '1', '2'),
(42691, '68729', '0.2184', '1', '0', '1', '1'),
(42691, '68781', '0.0007', '1', '0', '1', '1'),
(42691, '68782', '0.0044', '1', '0', '1', '1'),
(42691, '68787', '0.0021', '1', '0', '1', '1'),
(42691, '68788', '0.0038', '1', '0', '1', '1'),
(42691, '68789', '0.0007', '1', '0', '1', '1'),
(42691, '69820', '0.0011', '1', '0', '1', '1');


DELETE FROM `creature_loot_template` WHERE `entry` = 42789;
INSERT INTO `creature_loot_template` (`entry`, `item`, `ChanceOrQuestChance`, `lootmode`, `groupid`, `mincountOrRef`, `maxcount`) VALUES
(42789, '52325', '34.4487', '1', '0', '1', '1'),
(42789, '52363', '0.0083', '1', '0', '1', '1'),
(42789, '52364', '0.0142', '1', '0', '1', '1'),
(42789, '52365', '0.0142', '1', '0', '1', '1'),
(42789, '52366', '0.013', '1', '0', '1', '1'),
(42789, '52367', '0.0095', '1', '0', '1', '1'),
(42789, '52368', '0.0059', '1', '0', '1', '1'),
(42789, '52369', '0.0059', '1', '0', '1', '1'),
(42789, '52370', '0.0071', '1', '0', '1', '1'),
(42789, '52371', '0.0059', '1', '0', '1', '1'),
(42789, '52372', '0.0095', '1', '0', '1', '1'),
(42789, '52373', '0.013', '1', '0', '1', '1'),
(42789, '52374', '0.0106', '1', '0', '1', '1'),
(42789, '52375', '0.0083', '1', '0', '1', '1'),
(42789, '52376', '0.0154', '1', '0', '1', '1'),
(42789, '52377', '0.0106', '1', '0', '1', '1'),
(42789, '52378', '0.0106', '1', '0', '1', '1'),
(42789, '52379', '0.0106', '1', '0', '1', '1'),
(42789, '52382', '0.0095', '1', '0', '1', '1'),
(42789, '52383', '0.0118', '1', '0', '1', '1'),
(42789, '52385', '0.0059', '1', '0', '1', '1'),
(42789, '52386', '0.0106', '1', '0', '1', '1'),
(42789, '52388', '0.0165', '1', '0', '1', '1'),
(42789, '52494', '0.0035', '1', '0', '1', '1'),
(42789, '52495', '0.0035', '1', '0', '1', '1'),
(42789, '52496', '0.0083', '1', '0', '1', '1'),
(42789, '52506', '-7.2916', '1', '0', '1', '1'),
(42789, '52719', '0.0122', '1', '0', '1', '1'),
(42789, '55283', '0.0461', '1', '0', '1', '1'),
(42789, '55284', '0.052', '1', '0', '1', '1'),
(42789, '55285', '0.0544', '1', '0', '1', '1'),
(42789, '55286', '0.0343', '1', '0', '1', '1'),
(42789, '55287', '0.0626', '1', '0', '1', '1'),
(42789, '55288', '0.0414', '1', '0', '1', '1'),
(42789, '55292', '0.0473', '1', '0', '1', '1'),
(42789, '55293', '0.0532', '1', '0', '1', '1'),
(42789, '55294', '0.0733', '1', '0', '1', '1'),
(42789, '55295', '0.0319', '1', '0', '1', '1'),
(42789, '55296', '0.0485', '1', '0', '1', '1'),
(42789, '55297', '0.0414', '1', '0', '1', '1'),
(42789, '55301', '0.0248', '1', '0', '1', '1'),
(42789, '55302', '0.0095', '1', '0', '1', '1'),
(42789, '55303', '0.0165', '1', '0', '1', '1'),
(42789, '55304', '0.0083', '1', '0', '1', '1'),
(42789, '55305', '0.0083', '1', '0', '1', '1'),
(42789, '55306', '0.013', '1', '0', '1', '1'),
(42789, '55310', '0.0733', '1', '0', '1', '1'),
(42789, '55311', '0.0934', '1', '0', '1', '1'),
(42789, '55312', '0.0686', '1', '0', '1', '1'),
(42789, '55313', '0.0567', '1', '0', '1', '1'),
(42789, '55314', '0.0626', '1', '0', '1', '1'),
(42789, '55315', '0.0269', '1', '0', '1', '1'),
(42789, '55319', '0.0095', '1', '0', '1', '1'),
(42789, '55320', '0.0165', '1', '0', '1', '1'),
(42789, '55321', '0.0083', '1', '0', '1', '1'),
(42789, '55322', '0.0106', '1', '0', '1', '1'),
(42789, '55323', '0.0201', '1', '0', '1', '1'),
(42789, '55324', '0.0106', '1', '0', '1', '1'),
(42789, '55328', '0.0626', '1', '0', '1', '1'),
(42789, '55329', '0.1442', '1', '0', '1', '1'),
(42789, '55330', '0.0579', '1', '0', '1', '1'),
(42789, '55331', '0.0461', '1', '0', '1', '1'),
(42789, '55332', '0.0449', '1', '0', '1', '1'),
(42789, '55333', '0.0366', '1', '0', '1', '1'),
(42789, '55337', '0.0402', '1', '0', '1', '1'),
(42789, '55338', '0.0378', '1', '0', '1', '1'),
(42789, '55339', '0.0355', '1', '0', '1', '1'),
(42789, '55340', '0.0147', '1', '0', '1', '1'),
(42789, '55341', '0.0449', '1', '0', '1', '1'),
(42789, '55342', '0.0307', '1', '0', '1', '1'),
(42789, '55346', '0.0579', '1', '0', '1', '1'),
(42789, '55347', '0.0662', '1', '0', '1', '1'),
(42789, '55348', '0.0662', '1', '0', '1', '1'),
(42789, '55349', '0.0449', '1', '0', '1', '1'),
(42789, '55350', '0.0269', '1', '0', '1', '1'),
(42789, '55351', '0.0171', '1', '0', '1', '1'),
(42789, '55355', '0.0213', '1', '0', '1', '1'),
(42789, '55356', '0.0118', '1', '0', '1', '1'),
(42789, '55357', '0.0083', '1', '0', '1', '1'),
(42789, '55358', '0.0106', '1', '0', '1', '1'),
(42789, '55359', '0.0024', '1', '0', '1', '1'),
(42789, '55360', '0.013', '1', '0', '1', '1'),
(42789, '55364', '0.143', '1', '0', '1', '1'),
(42789, '55365', '0.1123', '1', '0', '1', '1'),
(42789, '55366', '0.0993', '1', '0', '1', '1'),
(42789, '55367', '0.0839', '1', '0', '1', '1'),
(42789, '55368', '0.091', '1', '0', '1', '1'),
(42789, '55369', '0.0537', '1', '0', '1', '1'),
(42789, '55373', '0.0532', '1', '0', '1', '1'),
(42789, '55374', '0.0544', '1', '0', '1', '1'),
(42789, '55375', '0.0532', '1', '0', '1', '1'),
(42789, '55376', '0.0437', '1', '0', '1', '1'),
(42789, '55377', '0.0244', '1', '0', '1', '1'),
(42789, '55378', '0.0366', '1', '0', '1', '1'),
(42789, '55382', '0.0556', '1', '0', '1', '1'),
(42789, '55383', '0.0946', '1', '0', '1', '1'),
(42789, '55384', '0.0792', '1', '0', '1', '1'),
(42789, '55385', '0.0378', '1', '0', '1', '1'),
(42789, '55386', '0.0426', '1', '0', '1', '1'),
(42789, '55387', '0.0508', '1', '0', '1', '1'),
(42789, '55391', '0.0331', '1', '0', '1', '1'),
(42789, '55392', '0.0402', '1', '0', '1', '1'),
(42789, '55393', '0.0414', '1', '0', '1', '1'),
(42789, '55394', '0.0284', '1', '0', '1', '1'),
(42789, '55395', '0.0269', '1', '0', '1', '1'),
(42789, '55396', '0.0355', '1', '0', '1', '1'),
(42789, '55400', '0.1643', '1', '0', '1', '1'),
(42789, '55401', '0.1607', '1', '0', '1', '1'),
(42789, '55402', '0.1749', '1', '0', '1', '1'),
(42789, '55403', '0.0863', '1', '0', '1', '1'),
(42789, '55404', '0.13', '1', '0', '1', '1'),
(42789, '55405', '0.0659', '1', '0', '1', '1'),
(42789, '55409', '0.0319', '1', '0', '1', '1'),
(42789, '55410', '0.0355', '1', '0', '1', '1'),
(42789, '55411', '0.0496', '1', '0', '1', '1'),
(42789, '55412', '0.0366', '1', '0', '1', '1'),
(42789, '55413', '0.0284', '1', '0', '1', '1'),
(42789, '55414', '0.0295', '1', '0', '1', '1'),
(42789, '55418', '0.3191', '1', '0', '1', '1'),
(42789, '55419', '0.3038', '1', '0', '1', '1'),
(42789, '55420', '0.3392', '1', '0', '1', '1'),
(42789, '55421', '0.2328', '1', '0', '1', '1'),
(42789, '55422', '0.2399', '1', '0', '1', '1'),
(42789, '55423', '0.2376', '1', '0', '1', '1'),
(42789, '55427', '0.0804', '1', '0', '1', '1'),
(42789, '55428', '0.0686', '1', '0', '1', '1'),
(42789, '55429', '0.0839', '1', '0', '1', '1'),
(42789, '55430', '0.0745', '1', '0', '1', '1'),
(42789, '55431', '0.0556', '1', '0', '1', '1'),
(42789, '55432', '0.0591', '1', '0', '1', '1'),
(42789, '55436', '0.1808', '1', '0', '1', '1'),
(42789, '55437', '0.3404', '1', '0', '1', '1'),
(42789, '55438', '0.2376', '1', '0', '1', '1'),
(42789, '55439', '0.1513', '1', '0', '1', '1'),
(42789, '55440', '0.1998', '1', '0', '1', '1'),
(42789, '55441', '0.1726', '1', '0', '1', '1'),
(42789, '55445', '0.0496', '1', '0', '1', '1'),
(42789, '55446', '0.0532', '1', '0', '1', '1'),
(42789, '55447', '0.0378', '1', '0', '1', '1'),
(42789, '55448', '0.0461', '1', '0', '1', '1'),
(42789, '55449', '0.0248', '1', '0', '1', '1'),
(42789, '55450', '0.0414', '1', '0', '1', '1'),
(42789, '55454', '0.0496', '1', '0', '1', '1'),
(42789, '55455', '0.078', '1', '0', '1', '1'),
(42789, '55456', '0.0567', '1', '0', '1', '1'),
(42789, '55457', '0.0532', '1', '0', '1', '1'),
(42789, '55458', '0.0626', '1', '0', '1', '1'),
(42789, '55459', '0.0437', '1', '0', '1', '1'),
(42789, '55463', '0.0366', '1', '0', '1', '1'),
(42789, '55464', '0.0319', '1', '0', '1', '1'),
(42789, '55465', '0.0236', '1', '0', '1', '1'),
(42789, '55466', '0.0171', '1', '0', '1', '1'),
(42789, '55468', '0.0171', '1', '0', '1', '1'),
(42789, '55472', '0.0059', '1', '0', '1', '1'),
(42789, '55473', '0.0213', '1', '0', '1', '1'),
(42789, '55474', '0.0095', '1', '0', '1', '1'),
(42789, '55475', '0.0047', '1', '0', '1', '1'),
(42789, '55476', '0.0047', '1', '0', '1', '1'),
(42789, '55477', '0.0024', '1', '0', '1', '1'),
(42789, '55481', '0.1998', '1', '0', '1', '1'),
(42789, '55482', '0.2577', '1', '0', '1', '1'),
(42789, '55483', '0.1477', '1', '0', '1', '1'),
(42789, '55484', '0.1005', '1', '0', '1', '1'),
(42789, '55485', '0.1241', '1', '0', '1', '1'),
(42789, '55486', '0.0635', '1', '0', '1', '1'),
(42789, '55490', '0.117', '1', '0', '1', '1'),
(42789, '55491', '0.0934', '1', '0', '1', '1'),
(42789, '55492', '0.1028', '1', '0', '1', '1'),
(42789, '55493', '0.0756', '1', '0', '1', '1'),
(42789, '55494', '0.0674', '1', '0', '1', '1'),
(42789, '55495', '0.0366', '1', '0', '1', '1'),
(42789, '55499', '0.1017', '1', '0', '1', '1'),
(42789, '55500', '0.0898', '1', '0', '1', '1'),
(42789, '55501', '0.091', '1', '0', '1', '1'),
(42789, '55502', '0.1111', '1', '0', '1', '1'),
(42789, '55503', '0.0562', '1', '0', '1', '1'),
(42789, '55504', '0.0317', '1', '0', '1', '1'),
(42789, '55508', '0.1667', '1', '0', '1', '1'),
(42789, '55509', '0.0957', '1', '0', '1', '1'),
(42789, '55510', '0.1087', '1', '0', '1', '1'),
(42789, '55511', '0.1005', '1', '0', '1', '1'),
(42789, '55512', '0.078', '1', '0', '1', '1'),
(42789, '55513', '0.0562', '1', '0', '1', '1'),
(42789, '55517', '0.0886', '1', '0', '1', '1'),
(42789, '55518', '0.1277', '1', '0', '1', '1'),
(42789, '55519', '0.117', '1', '0', '1', '1'),
(42789, '55520', '0.0957', '1', '0', '1', '1'),
(42789, '55521', '0.0792', '1', '0', '1', '1'),
(42789, '55522', '0.1111', '1', '0', '1', '1'),
(42789, '55526', '0.1206', '1', '0', '1', '1'),
(42789, '55527', '0.1915', '1', '0', '1', '1'),
(42789, '55528', '0.1501', '1', '0', '1', '1'),
(42789, '55529', '0.0804', '1', '0', '1', '1'),
(42789, '55530', '0.0969', '1', '0', '1', '1'),
(42789, '55531', '0.0875', '1', '0', '1', '1'),
(42789, '55535', '0.0851', '1', '0', '1', '1'),
(42789, '55536', '0.1454', '1', '0', '1', '1'),
(42789, '55537', '0.1028', '1', '0', '1', '1'),
(42789, '55539', '0.1147', '1', '0', '1', '1'),
(42789, '55540', '0.0804', '1', '0', '1', '1'),
(42789, '55544', '0.1477', '1', '0', '1', '1'),
(42789, '55545', '0.1182', '1', '0', '1', '1'),
(42789, '55546', '0.117', '1', '0', '1', '1'),
(42789, '55547', '0.0745', '1', '0', '1', '1'),
(42789, '55548', '0.0957', '1', '0', '1', '1'),
(42789, '55549', '0.0488', '1', '0', '1', '1'),
(42789, '55553', '0.1584', '1', '0', '1', '1'),
(42789, '55554', '0.0946', '1', '0', '1', '1'),
(42789, '55555', '0.1123', '1', '0', '1', '1'),
(42789, '55556', '0.078', '1', '0', '1', '1'),
(42789, '55557', '0.0488', '1', '0', '1', '1'),
(42789, '55558', '0.0804', '1', '0', '1', '1'),
(42789, '55562', '0.1607', '1', '0', '1', '1'),
(42789, '55563', '0.1005', '1', '0', '1', '1'),
(42789, '55564', '0.0756', '1', '0', '1', '1'),
(42789, '55565', '0.0464', '1', '0', '1', '1'),
(42789, '55566', '0.0946', '1', '0', '1', '1'),
(42789, '55567', '0.0537', '1', '0', '1', '1'),
(42789, '55571', '0.0993', '1', '0', '1', '1'),
(42789, '55572', '0.1182', '1', '0', '1', '1'),
(42789, '55573', '0.0993', '1', '0', '1', '1'),
(42789, '55574', '0.0934', '1', '0', '1', '1'),
(42789, '55575', '0.0721', '1', '0', '1', '1'),
(42789, '55576', '0.0863', '1', '0', '1', '1'),
(42789, '55580', '0.0875', '1', '0', '1', '1'),
(42789, '55581', '0.0946', '1', '0', '1', '1'),
(42789, '55582', '0.156', '1', '0', '1', '1'),
(42789, '55583', '0.1147', '1', '0', '1', '1'),
(42789, '55584', '0.0768', '1', '0', '1', '1'),
(42789, '55585', '0.0733', '1', '0', '1', '1'),
(42789, '55589', '0.1099', '1', '0', '1', '1'),
(42789, '55590', '0.1241', '1', '0', '1', '1'),
(42789, '55591', '0.0981', '1', '0', '1', '1'),
(42789, '55592', '0.0875', '1', '0', '1', '1'),
(42789, '55593', '0.091', '1', '0', '1', '1'),
(42789, '55594', '0.0875', '1', '0', '1', '1'),
(42789, '55598', '0.1147', '1', '0', '1', '1'),
(42789, '55599', '0.1253', '1', '0', '1', '1'),
(42789, '55600', '0.0756', '1', '0', '1', '1'),
(42789, '55601', '0.078', '1', '0', '1', '1'),
(42789, '55602', '0.0745', '1', '0', '1', '1'),
(42789, '55603', '0.091', '1', '0', '1', '1'),
(42789, '55607', '0.1324', '1', '0', '1', '1'),
(42789, '55608', '0.1265', '1', '0', '1', '1'),
(42789, '55609', '0.104', '1', '0', '1', '1'),
(42789, '55610', '0.0898', '1', '0', '1', '1'),
(42789, '55611', '0.1028', '1', '0', '1', '1'),
(42789, '55612', '0.0513', '1', '0', '1', '1'),
(42789, '55616', '0.1005', '1', '0', '1', '1'),
(42789, '55617', '0.1466', '1', '0', '1', '1'),
(42789, '55618', '0.0875', '1', '0', '1', '1'),
(42789, '55619', '0.1017', '1', '0', '1', '1'),
(42789, '55620', '0.0415', '1', '0', '1', '1'),
(42789, '55621', '0.0733', '1', '0', '1', '1'),
(42789, '55625', '0.0981', '1', '0', '1', '1'),
(42789, '55626', '0.1359', '1', '0', '1', '1'),
(42789, '55627', '0.1111', '1', '0', '1', '1'),
(42789, '55628', '0.0768', '1', '0', '1', '1'),
(42789, '55629', '0.1087', '1', '0', '1', '1'),
(42789, '55634', '0.1052', '1', '0', '1', '1'),
(42789, '55635', '0.1123', '1', '0', '1', '1'),
(42789, '55636', '0.1099', '1', '0', '1', '1'),
(42789, '55637', '0.0745', '1', '0', '1', '1'),
(42789, '55638', '0.0674', '1', '0', '1', '1'),
(42789, '55639', '0.0391', '1', '0', '1', '1'),
(42789, '55643', '0.1359', '1', '0', '1', '1'),
(42789, '55644', '0.1631', '1', '0', '1', '1'),
(42789, '55645', '0.1525', '1', '0', '1', '1'),
(42789, '55646', '0.0662', '1', '0', '1', '1'),
(42789, '55647', '0.0733', '1', '0', '1', '1'),
(42789, '55648', '0.0816', '1', '0', '1', '1'),
(42789, '55652', '0.0922', '1', '0', '1', '1'),
(42789, '55653', '0.13', '1', '0', '1', '1'),
(42789, '55654', '0.1052', '1', '0', '1', '1'),
(42789, '55655', '0.0591', '1', '0', '1', '1'),
(42789, '55656', '0.0745', '1', '0', '1', '1'),
(42789, '55657', '0.0851', '1', '0', '1', '1'),
(42789, '55661', '0.1135', '1', '0', '1', '1'),
(42789, '55662', '0.1466', '1', '0', '1', '1'),
(42789, '55663', '0.1312', '1', '0', '1', '1'),
(42789, '55664', '0.091', '1', '0', '1', '1'),
(42789, '55665', '0.0816', '1', '0', '1', '1'),
(42789, '55666', '0.0816', '1', '0', '1', '1'),
(42789, '55670', '0.1596', '1', '0', '1', '1'),
(42789, '55671', '0.13', '1', '0', '1', '1'),
(42789, '55672', '0.13', '1', '0', '1', '1'),
(42789, '55673', '0.0686', '1', '0', '1', '1'),
(42789, '55674', '0.0957', '1', '0', '1', '1'),
(42789, '55675', '0.0464', '1', '0', '1', '1'),
(42789, '55679', '0.1087', '1', '0', '1', '1'),
(42789, '55680', '0.1288', '1', '0', '1', '1'),
(42789, '55681', '0.0934', '1', '0', '1', '1'),
(42789, '55682', '0.0745', '1', '0', '1', '1'),
(42789, '55683', '0.0957', '1', '0', '1', '1'),
(42789, '55684', '0.0708', '1', '0', '1', '1'),
(42789, '55688', '0.1194', '1', '0', '1', '1'),
(42789, '55689', '0.1241', '1', '0', '1', '1'),
(42789, '55690', '0.1135', '1', '0', '1', '1'),
(42789, '55691', '0.0851', '1', '0', '1', '1'),
(42789, '55692', '0.0709', '1', '0', '1', '1'),
(42789, '55693', '0.0745', '1', '0', '1', '1'),
(42789, '55697', '0.1324', '1', '0', '1', '1'),
(42789, '55698', '0.0827', '1', '0', '1', '1'),
(42789, '55699', '0.1158', '1', '0', '1', '1'),
(42789, '55700', '0.0863', '1', '0', '1', '1'),
(42789, '55701', '0.1064', '1', '0', '1', '1'),
(42789, '55702', '0.0537', '1', '0', '1', '1'),
(42789, '55706', '0.1312', '1', '0', '1', '1'),
(42789, '55707', '0.1915', '1', '0', '1', '1'),
(42789, '55708', '0.1466', '1', '0', '1', '1'),
(42789, '55709', '0.0946', '1', '0', '1', '1'),
(42789, '55710', '0.1336', '1', '0', '1', '1'),
(42789, '55715', '0.1879', '1', '0', '1', '1'),
(42789, '55716', '0.143', '1', '0', '1', '1'),
(42789, '55717', '0.1678', '1', '0', '1', '1'),
(42789, '55718', '0.0855', '1', '0', '1', '1'),
(42789, '55719', '0.1359', '1', '0', '1', '1'),
(42789, '55720', '0.1135', '1', '0', '1', '1'),
(42789, '55724', '0.1206', '1', '0', '1', '1'),
(42789, '55725', '0.1738', '1', '0', '1', '1'),
(42789, '55726', '0.1631', '1', '0', '1', '1'),
(42789, '55727', '0.0969', '1', '0', '1', '1'),
(42789, '55728', '0.1135', '1', '0', '1', '1'),
(42789, '55729', '0.0757', '1', '0', '1', '1'),
(42789, '55733', '0.1418', '1', '0', '1', '1'),
(42789, '55734', '0.2104', '1', '0', '1', '1'),
(42789, '55735', '0.1667', '1', '0', '1', '1'),
(42789, '55736', '0.1206', '1', '0', '1', '1'),
(42789, '55737', '0.1076', '1', '0', '1', '1'),
(42789, '55738', '0.1229', '1', '0', '1', '1'),
(42789, '55742', '0.1265', '1', '0', '1', '1'),
(42789, '55743', '0.1868', '1', '0', '1', '1'),
(42789, '55744', '0.1678', '1', '0', '1', '1'),
(42789, '55745', '0.1631', '1', '0', '1', '1'),
(42789, '55746', '0.1111', '1', '0', '1', '1'),
(42789, '55747', '0.1277', '1', '0', '1', '1'),
(42789, '55751', '0.1927', '1', '0', '1', '1'),
(42789, '55752', '0.1986', '1', '0', '1', '1'),
(42789, '55753', '0.1631', '1', '0', '1', '1'),
(42789, '55754', '0.1253', '1', '0', '1', '1'),
(42789, '55755', '0.1537', '1', '0', '1', '1'),
(42789, '55756', '0.0806', '1', '0', '1', '1'),
(42789, '55760', '0.1407', '1', '0', '1', '1'),
(42789, '55761', '0.1749', '1', '0', '1', '1'),
(42789, '55762', '0.1466', '1', '0', '1', '1'),
(42789, '55763', '0.1087', '1', '0', '1', '1'),
(42789, '55764', '0.117', '1', '0', '1', '1'),
(42789, '55765', '0.143', '1', '0', '1', '1'),
(42789, '55769', '0.1206', '1', '0', '1', '1'),
(42789, '55770', '0.1584', '1', '0', '1', '1'),
(42789, '55771', '0.1702', '1', '0', '1', '1'),
(42789, '55772', '0.1324', '1', '0', '1', '1'),
(42789, '55773', '0.1359', '1', '0', '1', '1'),
(42789, '55774', '0.0635', '1', '0', '1', '1'),
(42789, '55822', '1.9526', '1', '0', '1', '1'),
(42789, '55823', '1.8947', '1', '0', '1', '1'),
(42789, '55824', '2.1358', '1', '0', '1', '1'),
(42789, '62063', '0.6194', '1', '0', '1', '1'),
(42789, '62064', '0.4988', '1', '0', '1', '1'),
(42789, '62065', '0.526', '1', '0', '1', '1'),
(42789, '62066', '0.6253', '1', '0', '1', '1'),
(42789, '62067', '0.6442', '1', '0', '1', '1'),
(42789, '62068', '0.5993', '1', '0', '1', '1'),
(42789, '62069', '0.6678', '1', '0', '1', '1'),
(42789, '62070', '0.6725', '1', '0', '1', '1'),
(42789, '62071', '0.5827', '1', '0', '1', '1'),
(42789, '62072', '0.5638', '1', '0', '1', '1'),
(42789, '62073', '0.4681', '1', '0', '1', '1'),
(42789, '62074', '0.487', '1', '0', '1', '1'),
(42789, '62075', '0.4385', '1', '0', '1', '1'),
(42789, '62076', '0.5804', '1', '0', '1', '1'),
(42789, '62077', '0.5213', '1', '0', '1', '1'),
(42789, '62078', '0.5733', '1', '0', '1', '1'),
(42789, '62079', '0.6371', '1', '0', '1', '1'),
(42789, '62080', '0.5012', '1', '0', '1', '1'),
(42789, '62081', '0.5733', '1', '0', '1', '1'),
(42789, '62082', '0.5591', '1', '0', '1', '1'),
(42789, '62083', '0.5792', '1', '0', '1', '1'),
(42789, '62084', '0.5201', '1', '0', '1', '1'),
(42789, '62085', '0.5307', '1', '0', '1', '1'),
(42789, '62086', '0.5815', '1', '0', '1', '1'),
(42789, '62087', '0.5543', '1', '0', '1', '1'),
(42789, '62088', '0.4952', '1', '0', '1', '1'),
(42789, '62089', '0.6501', '1', '0', '1', '1'),
(42789, '62090', '0.4562', '1', '0', '1', '1'),
(42789, '62091', '0.4574', '1', '0', '1', '1'),
(42789, '62092', '0.4539', '1', '0', '1', '1'),
(42789, '62093', '0.578', '1', '0', '1', '1'),
(42789, '62094', '0.5662', '1', '0', '1', '1'),
(42789, '62095', '0.5083', '1', '0', '1', '1'),
(42789, '62096', '0.5142', '1', '0', '1', '1'),
(42789, '62097', '0.6028', '1', '0', '1', '1'),
(42789, '62098', '0.5248', '1', '0', '1', '1'),
(42789, '62099', '0.4787', '1', '0', '1', '1'),
(42789, '62100', '0.5047', '1', '0', '1', '1'),
(42789, '62101', '0.4681', '1', '0', '1', '1'),
(42789, '62102', '0.4551', '1', '0', '1', '1'),
(42789, '62103', '0.4598', '1', '0', '1', '1'),
(42789, '62104', '0.4822', '1', '0', '1', '1'),
(42789, '62105', '0.0839', '1', '0', '1', '1'),
(42789, '62106', '0.1158', '1', '0', '1', '1'),
(42789, '62107', '0.1111', '1', '0', '1', '1'),
(42789, '62108', '0.1253', '1', '0', '1', '1'),
(42789, '62109', '0.1241', '1', '0', '1', '1'),
(42789, '62110', '0.0957', '1', '0', '1', '1'),
(42789, '62111', '0.1158', '1', '0', '1', '1'),
(42789, '62112', '0.1407', '1', '0', '1', '1'),
(42789, '62113', '0.1076', '1', '0', '1', '1'),
(42789, '62114', '0.1123', '1', '0', '1', '1'),
(42789, '62115', '0.1005', '1', '0', '1', '1'),
(42789, '62116', '0.1135', '1', '0', '1', '1'),
(42789, '62117', '0.104', '1', '0', '1', '1'),
(42789, '62118', '0.1111', '1', '0', '1', '1'),
(42789, '62119', '0.1182', '1', '0', '1', '1'),
(42789, '62120', '0.0969', '1', '0', '1', '1'),
(42789, '62121', '0.0993', '1', '0', '1', '1'),
(42789, '62122', '0.13', '1', '0', '1', '1'),
(42789, '62123', '0.1182', '1', '0', '1', '1'),
(42789, '62124', '0.1371', '1', '0', '1', '1'),
(42789, '62126', '0.1064', '1', '0', '1', '1'),
(42789, '62128', '0.1111', '1', '0', '1', '1'),
(42789, '62129', '0.1064', '1', '0', '1', '1'),
(42789, '62130', '0.1076', '1', '0', '1', '1'),
(42789, '62131', '0.1253', '1', '0', '1', '1'),
(42789, '62132', '0.0781', '1', '0', '1', '1'),
(42789, '62133', '0.1123', '1', '0', '1', '1'),
(42789, '62134', '0.0757', '1', '0', '1', '1'),
(42789, '62135', '0.1076', '1', '0', '1', '1'),
(42789, '62136', '0.1147', '1', '0', '1', '1'),
(42789, '66882', '0.0059', '1', '0', '1', '1'),
(42789, '66883', '0.0059', '1', '0', '1', '1'),
(42789, '66895', '0.0035', '1', '0', '1', '1'),
(42789, '66904', '0.0035', '1', '0', '1', '1'),
(42789, '66912', '0.0024', '1', '0', '1', '1'),
(42789, '66916', '0.0059', '1', '0', '1', '1'),
(42789, '66919', '0.0083', '1', '0', '1', '1'),
(42789, '66920', '0.0059', '1', '0', '1', '1'),
(42789, '66924', '0.0024', '1', '0', '1', '1'),
(42789, '66931', '0.0071', '1', '0', '1', '1'),
(42789, '66932', '0.0071', '1', '0', '1', '1'),
(42789, '66940', '0.0024', '1', '0', '1', '1'),
(42789, '66941', '0.0059', '1', '0', '1', '1'),
(42789, '66942', '0.0049', '1', '0', '1', '1'),
(42789, '66957', '0.0059', '1', '0', '1', '1'),
(42789, '66958', '0.0118', '1', '0', '1', '1'),
(42789, '66959', '0.013', '1', '0', '1', '1'),
(42789, '66960', '0.0083', '1', '0', '1', '1'),
(42789, '66961', '0.0047', '1', '0', '1', '1'),
(42789, '66962', '0.0083', '1', '0', '1', '1'),
(42789, '66963', '0.0083', '1', '0', '1', '1'),
(42789, '66964', '0.0047', '1', '0', '1', '1'),
(42789, '66965', '0.0071', '1', '0', '1', '1'),
(42789, '66966', '0.0024', '1', '0', '1', '1'),
(42789, '66967', '0.0071', '1', '0', '1', '1'),
(42789, '66969', '0.0095', '1', '0', '1', '1'),
(42789, '66971', '0.0024', '1', '0', '1', '1'),
(42789, '66972', '0.0024', '1', '0', '1', '1'),
(42789, '66973', '0.0073', '1', '0', '1', '1'),
(42789, '66975', '0.0049', '1', '0', '1', '1'),
(42789, '66976', '0.0083', '1', '0', '1', '1'),
(42789, '66980', '0.0047', '1', '0', '1', '1'),
(42789, '66981', '0.0118', '1', '0', '1', '1'),
(42789, '66982', '0.0083', '1', '0', '1', '1'),
(42789, '66983', '0.0059', '1', '0', '1', '1'),
(42789, '66984', '0.0047', '1', '0', '1', '1'),
(42789, '66985', '0.0024', '1', '0', '1', '1'),
(42789, '66986', '0.0177', '1', '0', '1', '1'),
(42789, '66987', '0.0059', '1', '0', '1', '1'),
(42789, '66988', '0.0059', '1', '0', '1', '1'),
(42789, '66989', '0.0095', '1', '0', '1', '1'),
(42789, '66991', '0.0083', '1', '0', '1', '1'),
(42789, '66993', '0.0049', '1', '0', '1', '1'),
(42789, '66994', '0.0071', '1', '0', '1', '1'),
(42789, '67032', '0.0047', '1', '0', '1', '1'),
(42789, '67037', '0.0095', '1', '0', '1', '1'),
(42789, '67040', '0.0059', '1', '0', '1', '1'),
(42789, '67043', '0.0083', '1', '0', '1', '1'),
(42789, '67045', '0.0047', '1', '0', '1', '1'),
(42789, '67047', '0.0035', '1', '0', '1', '1'),
(42789, '67050', '0.0047', '1', '0', '1', '1'),
(42789, '67051', '0.0059', '1', '0', '1', '1'),
(42789, '67052', '0.0035', '1', '0', '1', '1'),
(42789, '67057', '0.0154', '1', '0', '1', '1'),
(42789, '67067', '0.013', '1', '0', '1', '1'),
(42789, '67069', '0.0083', '1', '0', '1', '1'),
(42789, '67071', '0.0118', '1', '0', '1', '1'),
(42789, '67103', '0.0012', '1', '0', '1', '1'),
(42789, '67104', '0.013', '1', '0', '1', '1'),
(42789, '67105', '0.0059', '1', '0', '1', '1'),
(42789, '67106', '0.0083', '1', '0', '1', '1'),
(42789, '67109', '0.0035', '1', '0', '1', '1'),
(42789, '67110', '0.0024', '1', '0', '1', '1'),
(42789, '67111', '0.0012', '1', '0', '1', '1'),
(42789, '67112', '0.0059', '1', '0', '1', '1'),
(42789, '67113', '0.0177', '1', '0', '1', '1'),
(42789, '67114', '0.0059', '1', '0', '1', '1'),
(42789, '67115', '0.0012', '1', '0', '1', '1'),
(42789, '67116', '0.0012', '1', '0', '1', '1'),
(42789, '67117', '0.0035', '1', '0', '1', '1'),
(42789, '67119', '0.0047', '1', '0', '1', '1'),
(42789, '67120', '0.0047', '1', '0', '1', '1'),
(42789, '67121', '0.0071', '1', '0', '1', '1'),
(42789, '67122', '0.0083', '1', '0', '1', '1'),
(42789, '67124', '0.0083', '1', '0', '1', '1'),
(42789, '67125', '0.0095', '1', '0', '1', '1'),
(42789, '67126', '0.0414', '1', '0', '1', '1'),
(42789, '67127', '0.0024', '1', '0', '1', '1'),
(42789, '67129', '0.0012', '1', '0', '1', '1'),
(42789, '67130', '0.0012', '1', '0', '1', '1'),
(42789, '67131', '0.0047', '1', '0', '1', '1'),
(42789, '67133', '0.0012', '1', '0', '1', '1'),
(42789, '67134', '0.0012', '1', '0', '1', '1'),
(42789, '67135', '0.0012', '1', '0', '1', '1'),
(42789, '67136', '0.0012', '1', '0', '1', '1'),
(42789, '67137', '0.0083', '1', '0', '1', '1'),
(42789, '67138', '0.0035', '1', '0', '1', '1'),
(42789, '67139', '0.0012', '1', '0', '1', '1'),
(42789, '67140', '0.0024', '1', '0', '1', '1'),
(42789, '67141', '0.0012', '1', '0', '1', '1'),
(42789, '67142', '0.0095', '1', '0', '1', '1'),
(42789, '67143', '0.0012', '1', '0', '1', '1'),
(42789, '67146', '0.0012', '1', '0', '1', '1'),
(42789, '67147', '0.0024', '1', '0', '1', '1'),
(42789, '67148', '0.0035', '1', '0', '1', '1'),
(42789, '67149', '0.0024', '1', '0', '1', '1'),
(42789, '67150', '0.0012', '1', '0', '1', '1'),
(42789, '67539', '0.0934', '1', '0', '1', '1'),
(42789, '68729', '0.3439', '1', '0', '1', '1'),
(42789, '68781', '0.0024', '1', '0', '1', '1'),
(42789, '68782', '0.0015', '1', '0', '1', '1'),
(42789, '68783', '0.0015', '1', '0', '1', '1'),
(42789, '68788', '0.0047', '1', '0', '1', '1');


DELETE FROM `creature_loot_template` WHERE `entry` = 42695;
INSERT INTO `creature_loot_template` (`entry`, `item`, `ChanceOrQuestChance`, `lootmode`, `groupid`, `mincountOrRef`, `maxcount`) VALUES
(42695, '52364', '0.0067', '1', '0', '1', '1'),
(42695, '52367', '0.0164', '1', '0', '1', '1'),
(42695, '52368', '0.0082', '1', '0', '1', '1'),
(42695, '52371', '0.0053', '1', '0', '1', '1'),
(42695, '52372', '0.0089', '1', '0', '1', '1'),
(42695, '52373', '0.0089', '1', '0', '1', '1'),
(42695, '52374', '0.0089', '1', '0', '1', '1'),
(42695, '52375', '0.006', '1', '0', '1', '1'),
(42695, '52377', '0.0067', '1', '0', '1', '1'),
(42695, '52378', '0.0071', '1', '0', '1', '1'),
(42695, '52379', '0.0149', '1', '0', '1', '1'),
(42695, '52382', '0.0089', '1', '0', '1', '1'),
(42695, '52383', '0.0134', '1', '0', '1', '1'),
(42695, '52386', '0.0053', '1', '0', '1', '1'),
(42695, '52494', '0.003', '1', '0', '1', '1'),
(42695, '52495', '0.0053', '1', '0', '1', '1'),
(42695, '52496', '0.003', '1', '0', '1', '1'),
(42695, '52719', '0.0089', '1', '0', '1', '1'),
(42695, '53010', '36.3', '1', '0', '1', '6'),
(42695, '55283', '0.029', '1', '0', '1', '1'),
(42695, '55284', '0.0357', '1', '0', '1', '1'),
(42695, '55285', '0.029', '1', '0', '1', '1'),
(42695, '55286', '0.0268', '1', '0', '1', '1'),
(42695, '55287', '0.0285', '1', '0', '1', '1'),
(42695, '55292', '0.0372', '1', '0', '1', '1'),
(42695, '55293', '0.0529', '1', '0', '1', '1'),
(42695, '55294', '0.0223', '1', '0', '1', '1'),
(42695, '55295', '0.0196', '1', '0', '1', '1'),
(42695, '55296', '0.0372', '1', '0', '1', '1'),
(42695, '55297', '0.0338', '1', '0', '1', '1'),
(42695, '55301', '0.0104', '1', '0', '1', '1'),
(42695, '55302', '0.0045', '1', '0', '1', '1'),
(42695, '55303', '0.006', '1', '0', '1', '1'),
(42695, '55304', '0.0067', '1', '0', '1', '1'),
(42695, '55305', '0.0053', '1', '0', '1', '1'),
(42695, '55306', '0.0036', '1', '0', '1', '1'),
(42695, '55310', '0.0387', '1', '0', '1', '1'),
(42695, '55311', '0.0491', '1', '0', '1', '1'),
(42695, '55312', '0.038', '1', '0', '1', '1'),
(42695, '55313', '0.0424', '1', '0', '1', '1'),
(42695, '55319', '0.006', '1', '0', '1', '1'),
(42695, '55320', '0.0052', '1', '0', '1', '1'),
(42695, '55321', '0.0104', '1', '0', '1', '1'),
(42695, '55323', '0.0053', '1', '0', '1', '1'),
(42695, '55324', '0.0082', '1', '0', '1', '1'),
(42695, '55328', '0.0402', '1', '0', '1', '1'),
(42695, '55329', '0.0543', '1', '0', '1', '1'),
(42695, '55330', '0.0395', '1', '0', '1', '1'),
(42695, '55332', '0.0387', '1', '0', '1', '1'),
(42695, '55333', '0.0214', '1', '0', '1', '1'),
(42695, '55337', '0.0201', '1', '0', '1', '1'),
(42695, '55338', '0.0261', '1', '0', '1', '1'),
(42695, '55339', '0.0253', '1', '0', '1', '1'),
(42695, '55341', '0.0268', '1', '0', '1', '1'),
(42695, '55342', '0.0305', '1', '0', '1', '1'),
(42695, '55346', '0.0305', '1', '0', '1', '1'),
(42695, '55347', '0.0506', '1', '0', '1', '1'),
(42695, '55348', '0.0342', '1', '0', '1', '1'),
(42695, '55349', '0.0335', '1', '0', '1', '1'),
(42695, '55350', '0.0249', '1', '0', '1', '1'),
(42695, '55355', '0.0067', '1', '0', '1', '1'),
(42695, '55356', '0.0074', '1', '0', '1', '1'),
(42695, '55357', '0.0134', '1', '0', '1', '1'),
(42695, '55358', '0.0036', '1', '0', '1', '1'),
(42695, '55359', '0.0071', '1', '0', '1', '1'),
(42695, '55360', '0.0089', '1', '0', '1', '1'),
(42695, '55364', '0.0968', '1', '0', '1', '1'),
(42695, '55365', '0.0819', '1', '0', '1', '1'),
(42695, '55366', '0.0878', '1', '0', '1', '1'),
(42695, '55367', '0.0481', '1', '0', '1', '1'),
(42695, '55369', '0.0356', '1', '0', '1', '1'),
(42695, '55373', '0.0491', '1', '0', '1', '1'),
(42695, '55374', '0.0402', '1', '0', '1', '1'),
(42695, '55375', '0.0298', '1', '0', '1', '1'),
(42695, '55376', '0.0558', '1', '0', '1', '1'),
(42695, '55377', '0.0249', '1', '0', '1', '1'),
(42695, '55378', '0.0249', '1', '0', '1', '1'),
(42695, '55382', '0.0506', '1', '0', '1', '1'),
(42695, '55383', '0.0536', '1', '0', '1', '1'),
(42695, '55384', '0.0268', '1', '0', '1', '1'),
(42695, '55385', '0.0402', '1', '0', '1', '1'),
(42695, '55386', '0.0432', '1', '0', '1', '1'),
(42695, '55387', '0.0432', '1', '0', '1', '1'),
(42695, '55391', '0.0372', '1', '0', '1', '1'),
(42695, '55392', '0.0335', '1', '0', '1', '1'),
(42695, '55393', '0.0283', '1', '0', '1', '1'),
(42695, '55394', '0.0283', '1', '0', '1', '1'),
(42695, '55400', '0.0953', '1', '0', '1', '1'),
(42695, '55401', '0.099', '1', '0', '1', '1'),
(42695, '55402', '0.1139', '1', '0', '1', '1'),
(42695, '55403', '0.0641', '1', '0', '1', '1'),
(42695, '55409', '0.0238', '1', '0', '1', '1'),
(42695, '55410', '0.0283', '1', '0', '1', '1'),
(42695, '55411', '0.0268', '1', '0', '1', '1'),
(42695, '55412', '0.0194', '1', '0', '1', '1'),
(42695, '55413', '0.0196', '1', '0', '1', '1'),
(42695, '55414', '0.0249', '1', '0', '1', '1'),
(42695, '55418', '0.207', '1', '0', '1', '1'),
(42695, '55419', '0.1943', '1', '0', '1', '1'),
(42695, '55420', '0.1906', '1', '0', '1', '1'),
(42695, '55423', '0.1496', '1', '0', '1', '1'),
(42695, '55427', '0.0395', '1', '0', '1', '1'),
(42695, '55428', '0.0432', '1', '0', '1', '1'),
(42695, '55429', '0.0417', '1', '0', '1', '1'),
(42695, '55430', '0.0338', '1', '0', '1', '1'),
(42695, '55436', '0.1444', '1', '0', '1', '1'),
(42695, '55437', '0.1467', '1', '0', '1', '1'),
(42695, '55438', '0.1548', '1', '0', '1', '1'),
(42695, '55441', '0.0802', '1', '0', '1', '1'),
(42695, '55445', '0.0231', '1', '0', '1', '1'),
(42695, '55446', '0.029', '1', '0', '1', '1'),
(42695, '55447', '0.0208', '1', '0', '1', '1'),
(42695, '55448', '0.0201', '1', '0', '1', '1'),
(42695, '55454', '0.0432', '1', '0', '1', '1'),
(42695, '55455', '0.0491', '1', '0', '1', '1'),
(42695, '55456', '0.0499', '1', '0', '1', '1'),
(42695, '55457', '0.0303', '1', '0', '1', '1'),
(42695, '55458', '0.0573', '1', '0', '1', '1'),
(42695, '55463', '0.0268', '1', '0', '1', '1'),
(42695, '55464', '0.0156', '1', '0', '1', '1'),
(42695, '55465', '0.0261', '1', '0', '1', '1'),
(42695, '55466', '0.0275', '1', '0', '1', '1'),
(42695, '55467', '0.0107', '1', '0', '1', '1'),
(42695, '55468', '0.0196', '1', '0', '1', '1'),
(42695, '55472', '0.0097', '1', '0', '1', '1'),
(42695, '55473', '0.0015', '1', '0', '1', '1'),
(42695, '55474', '0.0067', '1', '0', '1', '1'),
(42695, '55475', '0.0112', '1', '0', '1', '1'),
(42695, '55476', '0.006', '1', '0', '1', '1'),
(42695, '55477', '0.0018', '1', '0', '1', '1'),
(42695, '55481', '0.1079', '1', '0', '1', '1'),
(42695, '55482', '0.1005', '1', '0', '1', '1'),
(42695, '55483', '0.0804', '1', '0', '1', '1'),
(42695, '55486', '0.057', '1', '0', '1', '1'),
(42695, '55490', '0.0521', '1', '0', '1', '1'),
(42695, '55491', '0.0596', '1', '0', '1', '1'),
(42695, '55492', '0.061', '1', '0', '1', '1'),
(42695, '55494', '0.0517', '1', '0', '1', '1'),
(42695, '55495', '0.0797', '1', '0', '1', '1'),
(42695, '55499', '0.067', '1', '0', '1', '1'),
(42695, '55500', '0.0849', '1', '0', '1', '1'),
(42695, '55501', '0.0476', '1', '0', '1', '1'),
(42695, '55502', '0.0374', '1', '0', '1', '1'),
(42695, '55503', '0.0463', '1', '0', '1', '1'),
(42695, '55508', '0.0677', '1', '0', '1', '1'),
(42695, '55509', '0.0744', '1', '0', '1', '1'),
(42695, '55510', '0.0462', '1', '0', '1', '1'),
(42695, '55512', '0.0499', '1', '0', '1', '1'),
(42695, '55513', '0.0774', '1', '0', '1', '1'),
(42695, '55517', '0.061', '1', '0', '1', '1'),
(42695, '55518', '0.0722', '1', '0', '1', '1'),
(42695, '55519', '0.0581', '1', '0', '1', '1'),
(42695, '55521', '0.0374', '1', '0', '1', '1'),
(42695, '55522', '0.0841', '1', '0', '1', '1'),
(42695, '55526', '0.0759', '1', '0', '1', '1'),
(42695, '55527', '0.067', '1', '0', '1', '1'),
(42695, '55528', '0.0685', '1', '0', '1', '1'),
(42695, '55530', '0.0428', '1', '0', '1', '1'),
(42695, '55531', '0.0392', '1', '0', '1', '1'),
(42695, '55535', '0.067', '1', '0', '1', '1'),
(42695, '55536', '0.0878', '1', '0', '1', '1'),
(42695, '55537', '0.0692', '1', '0', '1', '1'),
(42695, '55539', '0.0878', '1', '0', '1', '1'),
(42695, '55544', '0.0811', '1', '0', '1', '1'),
(42695, '55545', '0.0826', '1', '0', '1', '1'),
(42695, '55546', '0.0878', '1', '0', '1', '1'),
(42695, '55548', '0.0774', '1', '0', '1', '1'),
(42695, '55553', '0.0759', '1', '0', '1', '1'),
(42695, '55554', '0.0789', '1', '0', '1', '1'),
(42695, '55555', '0.0908', '1', '0', '1', '1'),
(42695, '55556', '0.0625', '1', '0', '1', '1'),
(42695, '55557', '0.0677', '1', '0', '1', '1'),
(42695, '55558', '0.0338', '1', '0', '1', '1'),
(42695, '55562', '0.064', '1', '0', '1', '1'),
(42695, '55563', '0.0797', '1', '0', '1', '1'),
(42695, '55564', '0.1236', '1', '0', '1', '1'),
(42695, '55566', '0.0392', '1', '0', '1', '1'),
(42695, '55571', '0.0707', '1', '0', '1', '1'),
(42695, '55572', '0.1102', '1', '0', '1', '1'),
(42695, '55573', '0.0603', '1', '0', '1', '1'),
(42695, '55574', '0.041', '1', '0', '1', '1'),
(42695, '55575', '0.0445', '1', '0', '1', '1'),
(42695, '55576', '0.0356', '1', '0', '1', '1'),
(42695, '55580', '0.0655', '1', '0', '1', '1'),
(42695, '55581', '0.0744', '1', '0', '1', '1'),
(42695, '55582', '0.0439', '1', '0', '1', '1'),
(42695, '55583', '0.041', '1', '0', '1', '1'),
(42695, '55584', '0.0481', '1', '0', '1', '1'),
(42695, '55585', '0.041', '1', '0', '1', '1'),
(42695, '55589', '0.0774', '1', '0', '1', '1'),
(42695, '55590', '0.0603', '1', '0', '1', '1'),
(42695, '55591', '0.1578', '1', '0', '1', '1'),
(42695, '55592', '0.0445', '1', '0', '1', '1'),
(42695, '55594', '0.041', '1', '0', '1', '1'),
(42695, '55598', '0.0536', '1', '0', '1', '1'),
(42695, '55599', '0.0834', '1', '0', '1', '1'),
(42695, '55600', '0.07', '1', '0', '1', '1'),
(42695, '55601', '0.0655', '1', '0', '1', '1'),
(42695, '55602', '0.0695', '1', '0', '1', '1'),
(42695, '55603', '0.0356', '1', '0', '1', '1'),
(42695, '55607', '0.0782', '1', '0', '1', '1'),
(42695, '55608', '0.0625', '1', '0', '1', '1'),
(42695, '55609', '0.0715', '1', '0', '1', '1'),
(42695, '55610', '0.0596', '1', '0', '1', '1'),
(42695, '55612', '0.0481', '1', '0', '1', '1'),
(42695, '55616', '0.067', '1', '0', '1', '1'),
(42695, '55617', '0.0841', '1', '0', '1', '1'),
(42695, '55618', '0.0618', '1', '0', '1', '1'),
(42695, '55619', '0.0748', '1', '0', '1', '1'),
(42695, '55621', '0.0759', '1', '0', '1', '1'),
(42695, '55625', '0.0752', '1', '0', '1', '1'),
(42695, '55626', '0.0722', '1', '0', '1', '1'),
(42695, '55627', '0.067', '1', '0', '1', '1'),
(42695, '55628', '0.0428', '1', '0', '1', '1'),
(42695, '55630', '0.0392', '1', '0', '1', '1'),
(42695, '55634', '0.0811', '1', '0', '1', '1'),
(42695, '55635', '0.0596', '1', '0', '1', '1'),
(42695, '55636', '0.0752', '1', '0', '1', '1'),
(42695, '55637', '0.0392', '1', '0', '1', '1'),
(42695, '55639', '0.057', '1', '0', '1', '1'),
(42695, '55643', '0.0663', '1', '0', '1', '1'),
(42695, '55644', '0.0707', '1', '0', '1', '1'),
(42695, '55645', '0.0655', '1', '0', '1', '1'),
(42695, '55648', '0.0481', '1', '0', '1', '1'),
(42695, '55652', '0.0551', '1', '0', '1', '1'),
(42695, '55653', '0.0476', '1', '0', '1', '1'),
(42695, '55654', '0.0476', '1', '0', '1', '1'),
(42695, '55655', '0.0707', '1', '0', '1', '1'),
(42695, '55656', '0.041', '1', '0', '1', '1'),
(42695, '55661', '0.1109', '1', '0', '1', '1'),
(42695, '55662', '0.0759', '1', '0', '1', '1'),
(42695, '55663', '0.0566', '1', '0', '1', '1'),
(42695, '55664', '0.0625', '1', '0', '1', '1'),
(42695, '55665', '0.0552', '1', '0', '1', '1'),
(42695, '55670', '0.0998', '1', '0', '1', '1'),
(42695, '55671', '0.0677', '1', '0', '1', '1'),
(42695, '55672', '0.0945', '1', '0', '1', '1'),
(42695, '55673', '0.0752', '1', '0', '1', '1'),
(42695, '55675', '0.0624', '1', '0', '1', '1'),
(42695, '55679', '0.0573', '1', '0', '1', '1'),
(42695, '55680', '0.0759', '1', '0', '1', '1'),
(42695, '55681', '0.0722', '1', '0', '1', '1'),
(42695, '55682', '0.041', '1', '0', '1', '1'),
(42695, '55683', '0.0677', '1', '0', '1', '1'),
(42695, '55684', '0.0463', '1', '0', '1', '1'),
(42695, '55688', '0.0685', '1', '0', '1', '1'),
(42695, '55689', '0.0633', '1', '0', '1', '1'),
(42695, '55690', '0.0558', '1', '0', '1', '1'),
(42695, '55697', '0.0521', '1', '0', '1', '1'),
(42695, '55698', '0.073', '1', '0', '1', '1'),
(42695, '55699', '0.0551', '1', '0', '1', '1'),
(42695, '55701', '0.0392', '1', '0', '1', '1'),
(42695, '55702', '0.041', '1', '0', '1', '1'),
(42695, '55706', '0.0916', '1', '0', '1', '1'),
(42695, '55707', '0.096', '1', '0', '1', '1'),
(42695, '55708', '0.0945', '1', '0', '1', '1'),
(42695, '55710', '0.0677', '1', '0', '1', '1'),
(42695, '55711', '0.0802', '1', '0', '1', '1'),
(42695, '55715', '0.0744', '1', '0', '1', '1'),
(42695, '55716', '0.0931', '1', '0', '1', '1'),
(42695, '55717', '0.0864', '1', '0', '1', '1'),
(42695, '55718', '0.0826', '1', '0', '1', '1'),
(42695, '55719', '0.0909', '1', '0', '1', '1'),
(42695, '55720', '0.0552', '1', '0', '1', '1'),
(42695, '55724', '0.0878', '1', '0', '1', '1'),
(42695, '55725', '0.0886', '1', '0', '1', '1'),
(42695, '55726', '0.1005', '1', '0', '1', '1'),
(42695, '55727', '0.0945', '1', '0', '1', '1'),
(42695, '55728', '0.0784', '1', '0', '1', '1'),
(42695, '55729', '0.0499', '1', '0', '1', '1'),
(42695, '55733', '0.0856', '1', '0', '1', '1'),
(42695, '55734', '0.14', '1', '0', '1', '1'),
(42695, '55735', '0.0819', '1', '0', '1', '1'),
(42695, '55736', '0.0624', '1', '0', '1', '1'),
(42695, '55742', '0.1027', '1', '0', '1', '1'),
(42695, '55743', '0.1236', '1', '0', '1', '1'),
(42695, '55744', '0.0752', '1', '0', '1', '1'),
(42695, '55745', '0.0588', '1', '0', '1', '1'),
(42695, '55746', '0.0909', '1', '0', '1', '1'),
(42695, '55751', '0.1132', '1', '0', '1', '1'),
(42695, '55752', '0.0975', '1', '0', '1', '1'),
(42695, '55753', '0.1079', '1', '0', '1', '1'),
(42695, '55755', '0.0659', '1', '0', '1', '1'),
(42695, '55756', '0.0641', '1', '0', '1', '1'),
(42695, '55760', '0.0983', '1', '0', '1', '1'),
(42695, '55761', '0.1184', '1', '0', '1', '1'),
(42695, '55762', '0.096', '1', '0', '1', '1'),
(42695, '55763', '0.0938', '1', '0', '1', '1'),
(42695, '55765', '0.0695', '1', '0', '1', '1'),
(42695, '55769', '0.0901', '1', '0', '1', '1'),
(42695, '55770', '0.0953', '1', '0', '1', '1'),
(42695, '55771', '0.096', '1', '0', '1', '1'),
(42695, '55772', '0.0945', '1', '0', '1', '1'),
(42695, '55773', '0.057', '1', '0', '1', '1'),
(42695, '55822', '1.3594', '1', '0', '1', '1'),
(42695, '55823', '1.4398', '1', '0', '1', '1'),
(42695, '55824', '1.4115', '1', '0', '1', '1'),
(42695, '58256', '4', '1', '0', '1', '1'),
(42695, '58268', '7.8241', '1', '0', '1', '1'),
(42695, '58269', '18.5185', '1', '0', '1', '1'),
(42695, '62063', '0.3462', '1', '0', '1', '1'),
(42695, '62064', '0.3797', '1', '0', '1', '1'),
(42695, '62065', '0.3432', '1', '0', '1', '1'),
(42695, '62066', '0.4035', '1', '0', '1', '1'),
(42695, '62067', '0.4333', '1', '0', '1', '1'),
(42695, '62068', '0.3588', '1', '0', '1', '1'),
(42695, '62069', '0.3715', '1', '0', '1', '1'),
(42695, '62070', '0.3402', '1', '0', '1', '1'),
(42695, '62071', '0.3387', '1', '0', '1', '1'),
(42695, '62072', '0.3104', '1', '0', '1', '1'),
(42695, '62073', '0.2762', '1', '0', '1', '1'),
(42695, '62074', '0.332', '1', '0', '1', '1'),
(42695, '62075', '0.3067', '1', '0', '1', '1'),
(42695, '62076', '0.2628', '1', '0', '1', '1'),
(42695, '62077', '0.3625', '1', '0', '1', '1'),
(42695, '62078', '0.2658', '1', '0', '1', '1'),
(42695, '62079', '0.2955', '1', '0', '1', '1'),
(42695, '62080', '0.3439', '1', '0', '1', '1'),
(42695, '62081', '0.3506', '1', '0', '1', '1'),
(42695, '62082', '0.335', '1', '0', '1', '1'),
(42695, '62083', '0.3261', '1', '0', '1', '1'),
(42695, '62084', '0.2792', '1', '0', '1', '1'),
(42695, '62085', '0.3186', '1', '0', '1', '1'),
(42695, '62086', '0.3931', '1', '0', '1', '1'),
(42695, '62087', '0.3856', '1', '0', '1', '1'),
(42695, '62088', '0.3276', '1', '0', '1', '1'),
(42695, '62089', '0.2829', '1', '0', '1', '1'),
(42695, '62090', '0.3387', '1', '0', '1', '1'),
(42695, '62091', '0.2851', '1', '0', '1', '1'),
(42695, '62092', '0.303', '1', '0', '1', '1'),
(42695, '62093', '0.2754', '1', '0', '1', '1'),
(42695, '62094', '0.335', '1', '0', '1', '1'),
(42695, '62095', '0.2784', '1', '0', '1', '1'),
(42695, '62096', '0.3179', '1', '0', '1', '1'),
(42695, '62097', '0.2874', '1', '0', '1', '1'),
(42695, '62098', '0.2628', '1', '0', '1', '1'),
(42695, '62099', '0.2769', '1', '0', '1', '1'),
(42695, '62100', '0.3529', '1', '0', '1', '1'),
(42695, '62101', '0.2926', '1', '0', '1', '1'),
(42695, '62102', '0.2598', '1', '0', '1', '1'),
(42695, '62103', '0.2799', '1', '0', '1', '1'),
(42695, '62104', '0.262', '1', '0', '1', '1'),
(42695, '62119', '0.0677', '1', '0', '1', '1'),
(42695, '62130', '0.0641', '1', '0', '1', '1'),
(42695, '63291', '59.2593', '1', '0', '1', '1'),
(42695, '63300', '16.0494', '1', '0', '1', '1'),
(42695, '63310', '17.284', '1', '0', '1', '1'),
(42695, '63316', '3.7037', '1', '0', '1', '1'),
(42695, '63317', '35.8025', '1', '0', '1', '1'),
(42695, '63318', '6.1728', '1', '0', '1', '1'),
(42695, '63348', '48.1481', '1', '0', '1', '1'),
(42695, '63349', '53.0864', '1', '0', '1', '1'),
(42695, '66882', '0.0037', '1', '0', '1', '1'),
(42695, '66883', '0.0015', '1', '0', '1', '1'),
(42695, '66895', '0.006', '1', '0', '1', '1'),
(42695, '66904', '0.0015', '1', '0', '1', '1'),
(42695, '66912', '0.003', '1', '0', '1', '1'),
(42695, '66916', '0.006', '1', '0', '1', '1'),
(42695, '66919', '0.003', '1', '0', '1', '1'),
(42695, '66920', '0.0007', '1', '0', '1', '1'),
(42695, '66924', '0.0045', '1', '0', '1', '1'),
(42695, '66931', '0.0018', '1', '0', '1', '1'),
(42695, '66932', '0.0036', '1', '0', '1', '1'),
(42695, '66942', '0.0018', '1', '0', '1', '1'),
(42695, '66956', '0.0022', '1', '0', '1', '1'),
(42695, '66957', '0.0052', '1', '0', '1', '1'),
(42695, '66958', '0.0015', '1', '0', '1', '1'),
(42695, '66959', '0.0022', '1', '0', '1', '1'),
(42695, '66960', '0.003', '1', '0', '1', '1'),
(42695, '66961', '0.0015', '1', '0', '1', '1'),
(42695, '66962', '0.0022', '1', '0', '1', '1'),
(42695, '66963', '0.003', '1', '0', '1', '1'),
(42695, '66964', '0.003', '1', '0', '1', '1'),
(42695, '66965', '0.0052', '1', '0', '1', '1'),
(42695, '66966', '0.003', '1', '0', '1', '1'),
(42695, '66967', '0.0007', '1', '0', '1', '1'),
(42695, '66968', '0.0071', '1', '0', '1', '1'),
(42695, '66969', '0.006', '1', '0', '1', '1'),
(42695, '66970', '0.0097', '1', '0', '1', '1'),
(42695, '66972', '0.006', '1', '0', '1', '1'),
(42695, '66973', '0.0018', '1', '0', '1', '1'),
(42695, '66974', '0.0097', '1', '0', '1', '1'),
(42695, '66975', '0.0074', '1', '0', '1', '1'),
(42695, '66976', '0.0089', '1', '0', '1', '1'),
(42695, '66980', '0.0022', '1', '0', '1', '1'),
(42695, '66981', '0.0007', '1', '0', '1', '1'),
(42695, '66982', '0.0037', '1', '0', '1', '1'),
(42695, '66983', '0.006', '1', '0', '1', '1'),
(42695, '66984', '0.0037', '1', '0', '1', '1'),
(42695, '66985', '0.006', '1', '0', '1', '1'),
(42695, '66986', '0.0022', '1', '0', '1', '1'),
(42695, '66987', '0.003', '1', '0', '1', '1'),
(42695, '66988', '0.0037', '1', '0', '1', '1'),
(42695, '66989', '0.0067', '1', '0', '1', '1'),
(42695, '66990', '0.0018', '1', '0', '1', '1'),
(42695, '66991', '0.0052', '1', '0', '1', '1'),
(42695, '66992', '0.0018', '1', '0', '1', '1'),
(42695, '66993', '0.0036', '1', '0', '1', '1'),
(42695, '66994', '0.0089', '1', '0', '1', '1'),
(42695, '67032', '0.003', '1', '0', '1', '1'),
(42695, '67040', '0.0127', '1', '0', '1', '1'),
(42695, '67043', '0.0022', '1', '0', '1', '1'),
(42695, '67045', '0.006', '1', '0', '1', '1'),
(42695, '67047', '0.0037', '1', '0', '1', '1'),
(42695, '67050', '0.0045', '1', '0', '1', '1'),
(42695, '67051', '0.003', '1', '0', '1', '1'),
(42695, '67052', '0.0037', '1', '0', '1', '1'),
(42695, '67057', '0.0018', '1', '0', '1', '1'),
(42695, '67059', '0.0018', '1', '0', '1', '1'),
(42695, '67061', '0.0045', '1', '0', '1', '1'),
(42695, '67069', '0.0097', '1', '0', '1', '1'),
(42695, '67071', '0.0018', '1', '0', '1', '1'),
(42695, '67103', '0.003', '1', '0', '1', '1'),
(42695, '67104', '0.0007', '1', '0', '1', '1'),
(42695, '67106', '0.0015', '1', '0', '1', '1'),
(42695, '67109', '0.0045', '1', '0', '1', '1'),
(42695, '67110', '0.0045', '1', '0', '1', '1'),
(42695, '67111', '0.0045', '1', '0', '1', '1'),
(42695, '67112', '0.003', '1', '0', '1', '1'),
(42695, '67113', '0.0015', '1', '0', '1', '1'),
(42695, '67114', '0.003', '1', '0', '1', '1'),
(42695, '67115', '0.0045', '1', '0', '1', '1'),
(42695, '67116', '0.0037', '1', '0', '1', '1'),
(42695, '67117', '0.003', '1', '0', '1', '1'),
(42695, '67118', '0.0037', '1', '0', '1', '1'),
(42695, '67119', '0.0074', '1', '0', '1', '1'),
(42695, '67120', '0.0036', '1', '0', '1', '1'),
(42695, '67122', '0.0082', '1', '0', '1', '1'),
(42695, '67123', '0.0018', '1', '0', '1', '1'),
(42695, '67124', '0.0082', '1', '0', '1', '1'),
(42695, '67125', '0.0067', '1', '0', '1', '1'),
(42695, '67126', '0.0036', '1', '0', '1', '1'),
(42695, '67127', '0.0036', '1', '0', '1', '1'),
(42695, '67129', '0.0015', '1', '0', '1', '1'),
(42695, '67130', '0.0015', '1', '0', '1', '1'),
(42695, '67132', '0.0015', '1', '0', '1', '1'),
(42695, '67134', '0.003', '1', '0', '1', '1'),
(42695, '67135', '0.0015', '1', '0', '1', '1'),
(42695, '67137', '0.0022', '1', '0', '1', '1'),
(42695, '67138', '0.0045', '1', '0', '1', '1'),
(42695, '67139', '0.0045', '1', '0', '1', '1'),
(42695, '67141', '0.0015', '1', '0', '1', '1'),
(42695, '67142', '0.0015', '1', '0', '1', '1'),
(42695, '67145', '0.0015', '1', '0', '1', '1'),
(42695, '67146', '0.003', '1', '0', '1', '1'),
(42695, '67147', '0.0018', '1', '0', '1', '1'),
(42695, '67149', '0.0022', '1', '0', '1', '1'),
(42695, '67150', '0.003', '1', '0', '1', '1'),
(42695, '67539', '0.0641', '1', '0', '1', '1'),
(42695, '68197', '4.4', '1', '0', '1', '2'),
(42695, '68198', '13', '1', '0', '1', '2'),
(42695, '68729', '0.2695', '1', '0', '1', '1'),
(42695, '68781', '0.0037', '1', '0', '1', '1'),
(42695, '68782', '0.003', '1', '0', '1', '1'),
(42695, '68783', '0.0045', '1', '0', '1', '1'),
(42695, '68787', '0.0037', '1', '0', '1', '1'),
(42695, '68789', '0.003', '1', '0', '1', '1'),
(42695, '69820', '0.0015', '1', '0', '1', '1');


DELETE FROM `creature_loot_template` WHERE `entry` = 43430;
INSERT INTO `creature_loot_template` (`entry`, `item`, `ChanceOrQuestChance`, `lootmode`, `groupid`, `mincountOrRef`, `maxcount`) VALUES
(43430, '52328', '0.0013', '1', '0', '1', '1'),
(43430, '52363', '0.009', '1', '0', '1', '1'),
(43430, '52364', '0.0084', '1', '0', '1', '1'),
(43430, '52365', '0.0058', '1', '0', '1', '1'),
(43430, '52366', '0.0071', '1', '0', '1', '1'),
(43430, '52367', '0.0046', '1', '0', '1', '1'),
(43430, '52369', '0.0058', '1', '0', '1', '1'),
(43430, '52370', '0.0077', '1', '0', '1', '1'),
(43430, '52371', '0.0046', '1', '0', '1', '1'),
(43430, '52372', '0.0071', '1', '0', '1', '1'),
(43430, '52373', '0.0071', '1', '0', '1', '1'),
(43430, '52374', '0.0071', '1', '0', '1', '1'),
(43430, '52375', '0.0046', '1', '0', '1', '1'),
(43430, '52376', '0.0077', '1', '0', '1', '1'),
(43430, '52377', '0.0071', '1', '0', '1', '1'),
(43430, '52378', '0.0077', '1', '0', '1', '1'),
(43430, '52379', '0.0116', '1', '0', '1', '1'),
(43430, '52382', '0.0064', '1', '0', '1', '1'),
(43430, '52383', '0.0077', '1', '0', '1', '1'),
(43430, '52385', '0.0064', '1', '0', '1', '1'),
(43430, '52386', '0.0046', '1', '0', '1', '1'),
(43430, '52496', '0.0039', '1', '0', '1', '1'),
(43430, '52719', '0.0186', '1', '0', '1', '1'),
(43430, '53010', '34.9', '1', '0', '1', '6'),
(43430, '55283', '0.031', '1', '0', '1', '1'),
(43430, '55284', '0.0264', '1', '0', '1', '1'),
(43430, '55285', '0.0329', '1', '0', '1', '1'),
(43430, '55286', '0.0279', '1', '0', '1', '1'),
(43430, '55288', '0.0279', '1', '0', '1', '1'),
(43430, '55292', '0.0245', '1', '0', '1', '1'),
(43430, '55293', '0.038', '1', '0', '1', '1'),
(43430, '55294', '0.029', '1', '0', '1', '1'),
(43430, '55296', '0.038', '1', '0', '1', '1'),
(43430, '55297', '0.0402', '1', '0', '1', '1'),
(43430, '55301', '0.0097', '1', '0', '1', '1'),
(43430, '55302', '0.0064', '1', '0', '1', '1'),
(43430, '55303', '0.0097', '1', '0', '1', '1'),
(43430, '55305', '0.009', '1', '0', '1', '1'),
(43430, '55306', '0.011', '1', '0', '1', '1'),
(43430, '55310', '0.0419', '1', '0', '1', '1'),
(43430, '55311', '0.0342', '1', '0', '1', '1'),
(43430, '55312', '0.0426', '1', '0', '1', '1'),
(43430, '55315', '0.0232', '1', '0', '1', '1'),
(43430, '55319', '0.0097', '1', '0', '1', '1'),
(43430, '55320', '0.0084', '1', '0', '1', '1'),
(43430, '55321', '0.0084', '1', '0', '1', '1'),
(43430, '55322', '0.0058', '1', '0', '1', '1'),
(43430, '55323', '0.0031', '1', '0', '1', '1'),
(43430, '55324', '0.0031', '1', '0', '1', '1'),
(43430, '55328', '0.0361', '1', '0', '1', '1'),
(43430, '55329', '0.0387', '1', '0', '1', '1'),
(43430, '55330', '0.031', '1', '0', '1', '1'),
(43430, '55331', '0.0406', '1', '0', '1', '1'),
(43430, '55333', '0.0186', '1', '0', '1', '1'),
(43430, '55337', '0.0168', '1', '0', '1', '1'),
(43430, '55338', '0.0232', '1', '0', '1', '1'),
(43430, '55339', '0.0219', '1', '0', '1', '1'),
(43430, '55340', '0.029', '1', '0', '1', '1'),
(43430, '55342', '0.0303', '1', '0', '1', '1'),
(43430, '55346', '0.0368', '1', '0', '1', '1'),
(43430, '55347', '0.0393', '1', '0', '1', '1'),
(43430, '55348', '0.0419', '1', '0', '1', '1'),
(43430, '55349', '0.0248', '1', '0', '1', '1'),
(43430, '55350', '0.0294', '1', '0', '1', '1'),
(43430, '55355', '0.0039', '1', '0', '1', '1'),
(43430, '55356', '0.0045', '1', '0', '1', '1'),
(43430, '55357', '0.0032', '1', '0', '1', '1'),
(43430, '55358', '0.0084', '1', '0', '1', '1'),
(43430, '55360', '0.0097', '1', '0', '1', '1'),
(43430, '55364', '0.0774', '1', '0', '1', '1'),
(43430, '55365', '0.0993', '1', '0', '1', '1'),
(43430, '55366', '0.0626', '1', '0', '1', '1'),
(43430, '55367', '0.0418', '1', '0', '1', '1'),
(43430, '55368', '0.0761', '1', '0', '1', '1'),
(43430, '55373', '0.04', '1', '0', '1', '1'),
(43430, '55374', '0.0742', '1', '0', '1', '1'),
(43430, '55375', '0.0361', '1', '0', '1', '1'),
(43430, '55376', '0.0279', '1', '0', '1', '1'),
(43430, '55377', '0.0294', '1', '0', '1', '1'),
(43430, '55378', '0.0325', '1', '0', '1', '1'),
(43430, '55382', '0.0464', '1', '0', '1', '1'),
(43430, '55383', '0.0677', '1', '0', '1', '1'),
(43430, '55384', '0.0393', '1', '0', '1', '1'),
(43430, '55385', '0.031', '1', '0', '1', '1'),
(43430, '55386', '0.0232', '1', '0', '1', '1'),
(43430, '55387', '0.0217', '1', '0', '1', '1'),
(43430, '55391', '0.0303', '1', '0', '1', '1'),
(43430, '55392', '0.0284', '1', '0', '1', '1'),
(43430, '55393', '0.0593', '1', '0', '1', '1'),
(43430, '55394', '0.0303', '1', '0', '1', '1'),
(43430, '55396', '0.0186', '1', '0', '1', '1'),
(43430, '55400', '0.089', '1', '0', '1', '1'),
(43430, '55401', '0.089', '1', '0', '1', '1'),
(43430, '55402', '0.0903', '1', '0', '1', '1'),
(43430, '55404', '0.065', '1', '0', '1', '1'),
(43430, '55405', '0.0557', '1', '0', '1', '1'),
(43430, '55409', '0.0303', '1', '0', '1', '1'),
(43430, '55410', '0.0168', '1', '0', '1', '1'),
(43430, '55411', '0.0297', '1', '0', '1', '1'),
(43430, '55412', '0.02', '1', '0', '1', '1'),
(43430, '55413', '0.029', '1', '0', '1', '1'),
(43430, '55418', '0.1954', '1', '0', '1', '1'),
(43430, '55419', '0.216', '1', '0', '1', '1'),
(43430, '55420', '0.196', '1', '0', '1', '1'),
(43430, '55421', '0.1857', '1', '0', '1', '1'),
(43430, '55422', '0.1145', '1', '0', '1', '1'),
(43430, '55423', '0.1346', '1', '0', '1', '1'),
(43430, '55427', '0.0419', '1', '0', '1', '1'),
(43430, '55428', '0.0542', '1', '0', '1', '1'),
(43430, '55429', '0.0439', '1', '0', '1', '1'),
(43430, '55430', '0.0418', '1', '0', '1', '1'),
(43430, '55432', '0.0542', '1', '0', '1', '1'),
(43430, '55436', '0.1283', '1', '0', '1', '1'),
(43430, '55437', '0.1606', '1', '0', '1', '1'),
(43430, '55438', '0.169', '1', '0', '1', '1'),
(43430, '55439', '0.1207', '1', '0', '1', '1'),
(43430, '55440', '0.1114', '1', '0', '1', '1'),
(43430, '55441', '0.1021', '1', '0', '1', '1'),
(43430, '55445', '0.0516', '1', '0', '1', '1'),
(43430, '55446', '0.038', '1', '0', '1', '1'),
(43430, '55447', '0.0219', '1', '0', '1', '1'),
(43430, '55448', '0.0245', '1', '0', '1', '1'),
(43430, '55449', '0.0284', '1', '0', '1', '1'),
(43430, '55450', '0.017', '1', '0', '1', '1'),
(43430, '55454', '0.0445', '1', '0', '1', '1'),
(43430, '55455', '0.04', '1', '0', '1', '1'),
(43430, '55456', '0.0387', '1', '0', '1', '1'),
(43430, '55457', '0.0406', '1', '0', '1', '1'),
(43430, '55459', '0.0294', '1', '0', '1', '1'),
(43430, '55463', '0.0219', '1', '0', '1', '1'),
(43430, '55464', '0.0219', '1', '0', '1', '1'),
(43430, '55465', '0.02', '1', '0', '1', '1'),
(43430, '55466', '0.0155', '1', '0', '1', '1'),
(43430, '55467', '0.0239', '1', '0', '1', '1'),
(43430, '55472', '0.0168', '1', '0', '1', '1'),
(43430, '55473', '0.0045', '1', '0', '1', '1'),
(43430, '55474', '0.0097', '1', '0', '1', '1'),
(43430, '55475', '0.0058', '1', '0', '1', '1'),
(43430, '55476', '0.0058', '1', '0', '1', '1'),
(43430, '55477', '0.0031', '1', '0', '1', '1'),
(43430, '55481', '0.1277', '1', '0', '1', '1'),
(43430, '55482', '0.098', '1', '0', '1', '1'),
(43430, '55483', '0.0916', '1', '0', '1', '1'),
(43430, '55485', '0.0696', '1', '0', '1', '1'),
(43430, '55486', '0.0557', '1', '0', '1', '1'),
(43430, '55490', '0.0658', '1', '0', '1', '1'),
(43430, '55491', '0.0703', '1', '0', '1', '1'),
(43430, '55492', '0.0851', '1', '0', '1', '1'),
(43430, '55493', '0.0671', '1', '0', '1', '1'),
(43430, '55494', '0.0526', '1', '0', '1', '1'),
(43430, '55495', '0.048', '1', '0', '1', '1'),
(43430, '55499', '0.0748', '1', '0', '1', '1'),
(43430, '55500', '0.0729', '1', '0', '1', '1'),
(43430, '55501', '0.0696', '1', '0', '1', '1'),
(43430, '55502', '0.0387', '1', '0', '1', '1'),
(43430, '55503', '0.0433', '1', '0', '1', '1'),
(43430, '55508', '0.0548', '1', '0', '1', '1'),
(43430, '55509', '0.0677', '1', '0', '1', '1'),
(43430, '55510', '0.0767', '1', '0', '1', '1'),
(43430, '55512', '0.0819', '1', '0', '1', '1'),
(43430, '55513', '0.0495', '1', '0', '1', '1'),
(43430, '55517', '0.0555', '1', '0', '1', '1'),
(43430, '55518', '0.0658', '1', '0', '1', '1'),
(43430, '55519', '0.0864', '1', '0', '1', '1'),
(43430, '55520', '0.0748', '1', '0', '1', '1'),
(43430, '55521', '0.0371', '1', '0', '1', '1'),
(43430, '55522', '0.0573', '1', '0', '1', '1'),
(43430, '55526', '0.1103', '1', '0', '1', '1'),
(43430, '55527', '0.0948', '1', '0', '1', '1'),
(43430, '55528', '0.0787', '1', '0', '1', '1'),
(43430, '55530', '0.0754', '1', '0', '1', '1'),
(43430, '55531', '0.0449', '1', '0', '1', '1'),
(43430, '55535', '0.0877', '1', '0', '1', '1'),
(43430, '55536', '0.0916', '1', '0', '1', '1'),
(43430, '55537', '0.0793', '1', '0', '1', '1'),
(43430, '55538', '0.0703', '1', '0', '1', '1'),
(43430, '55539', '0.0402', '1', '0', '1', '1'),
(43430, '55540', '0.0542', '1', '0', '1', '1'),
(43430, '55544', '0.0696', '1', '0', '1', '1'),
(43430, '55545', '0.0806', '1', '0', '1', '1'),
(43430, '55546', '0.0916', '1', '0', '1', '1'),
(43430, '55548', '0.0418', '1', '0', '1', '1'),
(43430, '55549', '0.0557', '1', '0', '1', '1'),
(43430, '55553', '0.06', '1', '0', '1', '1'),
(43430, '55554', '0.0813', '1', '0', '1', '1'),
(43430, '55555', '0.0677', '1', '0', '1', '1'),
(43430, '55556', '0.0651', '1', '0', '1', '1'),
(43430, '55557', '0.048', '1', '0', '1', '1'),
(43430, '55558', '0.0402', '1', '0', '1', '1'),
(43430, '55562', '0.0941', '1', '0', '1', '1'),
(43430, '55563', '0.0709', '1', '0', '1', '1'),
(43430, '55564', '0.0658', '1', '0', '1', '1'),
(43430, '55565', '0.0402', '1', '0', '1', '1'),
(43430, '55566', '0.0449', '1', '0', '1', '1'),
(43430, '55567', '0.0387', '1', '0', '1', '1'),
(43430, '55571', '0.0561', '1', '0', '1', '1'),
(43430, '55572', '0.1116', '1', '0', '1', '1'),
(43430, '55573', '0.06', '1', '0', '1', '1'),
(43430, '55574', '0.048', '1', '0', '1', '1'),
(43430, '55575', '0.0402', '1', '0', '1', '1'),
(43430, '55576', '0.0542', '1', '0', '1', '1'),
(43430, '55580', '0.0664', '1', '0', '1', '1'),
(43430, '55581', '0.0819', '1', '0', '1', '1'),
(43430, '55582', '0.0722', '1', '0', '1', '1'),
(43430, '55583', '0.0645', '1', '0', '1', '1'),
(43430, '55584', '0.048', '1', '0', '1', '1'),
(43430, '55585', '0.0433', '1', '0', '1', '1'),
(43430, '55589', '0.0613', '1', '0', '1', '1'),
(43430, '55590', '0.1', '1', '0', '1', '1'),
(43430, '55591', '0.0716', '1', '0', '1', '1'),
(43430, '55593', '0.0418', '1', '0', '1', '1'),
(43430, '55594', '0.0557', '1', '0', '1', '1'),
(43430, '55598', '0.0832', '1', '0', '1', '1'),
(43430, '55599', '0.0871', '1', '0', '1', '1'),
(43430, '55600', '0.0993', '1', '0', '1', '1'),
(43430, '55601', '0.0645', '1', '0', '1', '1'),
(43430, '55602', '0.0845', '1', '0', '1', '1'),
(43430, '55603', '0.0464', '1', '0', '1', '1'),
(43430, '55607', '0.089', '1', '0', '1', '1'),
(43430, '55608', '0.0838', '1', '0', '1', '1'),
(43430, '55609', '0.0645', '1', '0', '1', '1'),
(43430, '55610', '0.0632', '1', '0', '1', '1'),
(43430, '55611', '0.0774', '1', '0', '1', '1'),
(43430, '55612', '0.0495', '1', '0', '1', '1'),
(43430, '55616', '0.0761', '1', '0', '1', '1'),
(43430, '55617', '0.0838', '1', '0', '1', '1'),
(43430, '55618', '0.0754', '1', '0', '1', '1'),
(43430, '55619', '0.0684', '1', '0', '1', '1'),
(43430, '55620', '0.0418', '1', '0', '1', '1'),
(43430, '55621', '0.0526', '1', '0', '1', '1'),
(43430, '55625', '0.0761', '1', '0', '1', '1'),
(43430, '55626', '0.0735', '1', '0', '1', '1'),
(43430, '55627', '0.0716', '1', '0', '1', '1'),
(43430, '55628', '0.0495', '1', '0', '1', '1'),
(43430, '55629', '0.0677', '1', '0', '1', '1'),
(43430, '55630', '0.0387', '1', '0', '1', '1'),
(43430, '55634', '0.0838', '1', '0', '1', '1'),
(43430, '55635', '0.0761', '1', '0', '1', '1'),
(43430, '55636', '0.0729', '1', '0', '1', '1'),
(43430, '55637', '0.0555', '1', '0', '1', '1'),
(43430, '55638', '0.0464', '1', '0', '1', '1'),
(43430, '55643', '0.0761', '1', '0', '1', '1'),
(43430, '55644', '0.0729', '1', '0', '1', '1'),
(43430, '55645', '0.0619', '1', '0', '1', '1'),
(43430, '55646', '0.0402', '1', '0', '1', '1'),
(43430, '55647', '0.0433', '1', '0', '1', '1'),
(43430, '55648', '0.0511', '1', '0', '1', '1'),
(43430, '55652', '0.0664', '1', '0', '1', '1'),
(43430, '55653', '0.0555', '1', '0', '1', '1'),
(43430, '55654', '0.1019', '1', '0', '1', '1'),
(43430, '55655', '0.0632', '1', '0', '1', '1'),
(43430, '55656', '0.0449', '1', '0', '1', '1'),
(43430, '55657', '0.0356', '1', '0', '1', '1'),
(43430, '55661', '0.0671', '1', '0', '1', '1'),
(43430, '55662', '0.0845', '1', '0', '1', '1'),
(43430, '55663', '0.0703', '1', '0', '1', '1'),
(43430, '55664', '0.0696', '1', '0', '1', '1'),
(43430, '55665', '0.0542', '1', '0', '1', '1'),
(43430, '55670', '0.0548', '1', '0', '1', '1'),
(43430, '55671', '0.0864', '1', '0', '1', '1'),
(43430, '55672', '0.0664', '1', '0', '1', '1'),
(43430, '55675', '0.0825', '1', '0', '1', '1'),
(43430, '55679', '0.0671', '1', '0', '1', '1'),
(43430, '55680', '0.0722', '1', '0', '1', '1'),
(43430, '55681', '0.0651', '1', '0', '1', '1'),
(43430, '55682', '0.0587', '1', '0', '1', '1'),
(43430, '55683', '0.0542', '1', '0', '1', '1'),
(43430, '55684', '0.065', '1', '0', '1', '1'),
(43430, '55688', '0.0864', '1', '0', '1', '1'),
(43430, '55689', '0.0774', '1', '0', '1', '1'),
(43430, '55690', '0.0555', '1', '0', '1', '1'),
(43430, '55691', '0.0464', '1', '0', '1', '1'),
(43430, '55692', '0.0696', '1', '0', '1', '1'),
(43430, '55693', '0.0402', '1', '0', '1', '1'),
(43430, '55697', '0.0503', '1', '0', '1', '1'),
(43430, '55698', '0.0735', '1', '0', '1', '1'),
(43430, '55699', '0.0851', '1', '0', '1', '1'),
(43430, '55700', '0.0593', '1', '0', '1', '1'),
(43430, '55701', '0.0402', '1', '0', '1', '1'),
(43430, '55702', '0.0449', '1', '0', '1', '1'),
(43430, '55706', '0.0754', '1', '0', '1', '1'),
(43430, '55707', '0.1006', '1', '0', '1', '1'),
(43430, '55708', '0.1083', '1', '0', '1', '1'),
(43430, '55709', '0.0526', '1', '0', '1', '1'),
(43430, '55710', '0.0712', '1', '0', '1', '1'),
(43430, '55711', '0.0696', '1', '0', '1', '1'),
(43430, '55715', '0.0883', '1', '0', '1', '1'),
(43430, '55716', '0.1032', '1', '0', '1', '1'),
(43430, '55717', '0.0677', '1', '0', '1', '1'),
(43430, '55718', '0.0941', '1', '0', '1', '1'),
(43430, '55719', '0.0712', '1', '0', '1', '1'),
(43430, '55720', '0.0635', '1', '0', '1', '1'),
(43430, '55724', '0.1174', '1', '0', '1', '1'),
(43430, '55725', '0.0813', '1', '0', '1', '1'),
(43430, '55726', '0.1012', '1', '0', '1', '1'),
(43430, '55728', '0.0774', '1', '0', '1', '1'),
(43430, '55729', '0.0696', '1', '0', '1', '1'),
(43430, '55733', '0.0961', '1', '0', '1', '1'),
(43430, '55734', '0.129', '1', '0', '1', '1'),
(43430, '55735', '0.1141', '1', '0', '1', '1'),
(43430, '55736', '0.098', '1', '0', '1', '1'),
(43430, '55738', '0.0696', '1', '0', '1', '1'),
(43430, '55742', '0.1116', '1', '0', '1', '1'),
(43430, '55743', '0.1341', '1', '0', '1', '1'),
(43430, '55744', '0.1386', '1', '0', '1', '1'),
(43430, '55745', '0.0727', '1', '0', '1', '1'),
(43430, '55746', '0.0867', '1', '0', '1', '1'),
(43430, '55747', '0.1037', '1', '0', '1', '1'),
(43430, '55751', '0.1083', '1', '0', '1', '1'),
(43430, '55752', '0.1161', '1', '0', '1', '1'),
(43430, '55753', '0.0883', '1', '0', '1', '1'),
(43430, '55754', '0.0867', '1', '0', '1', '1'),
(43430, '55755', '0.1077', '1', '0', '1', '1'),
(43430, '55756', '0.0604', '1', '0', '1', '1'),
(43430, '55760', '0.1174', '1', '0', '1', '1'),
(43430, '55761', '0.1096', '1', '0', '1', '1'),
(43430, '55762', '0.0974', '1', '0', '1', '1'),
(43430, '55763', '0.0635', '1', '0', '1', '1'),
(43430, '55765', '0.0619', '1', '0', '1', '1'),
(43430, '55769', '0.0993', '1', '0', '1', '1'),
(43430, '55770', '0.1122', '1', '0', '1', '1'),
(43430, '55771', '0.0948', '1', '0', '1', '1'),
(43430, '55772', '0.0712', '1', '0', '1', '1'),
(43430, '55774', '0.1006', '1', '0', '1', '1'),
(43430, '55822', '1.4368', '1', '0', '1', '1'),
(43430, '55823', '1.4284', '1', '0', '1', '1'),
(43430, '55824', '1.4548', '1', '0', '1', '1'),
(43430, '58256', '3.8', '1', '0', '1', '1'),
(43430, '58268', '8.2768', '1', '0', '1', '1'),
(43430, '58269', '42.7083', '1', '0', '1', '1'),
(43430, '62063', '0.3205', '1', '0', '1', '1'),
(43430, '62064', '0.3598', '1', '0', '1', '1'),
(43430, '62065', '0.3502', '1', '0', '1', '1'),
(43430, '62066', '0.3734', '1', '0', '1', '1'),
(43430, '62067', '0.3947', '1', '0', '1', '1'),
(43430, '62068', '0.3934', '1', '0', '1', '1'),
(43430, '62069', '0.4159', '1', '0', '1', '1'),
(43430, '62070', '0.3463', '1', '0', '1', '1'),
(43430, '62071', '0.3192', '1', '0', '1', '1'),
(43430, '62072', '0.3805', '1', '0', '1', '1'),
(43430, '62073', '0.2676', '1', '0', '1', '1'),
(43430, '62074', '0.3308', '1', '0', '1', '1'),
(43430, '62075', '0.2612', '1', '0', '1', '1'),
(43430, '62076', '0.3643', '1', '0', '1', '1'),
(43430, '62077', '0.2734', '1', '0', '1', '1'),
(43430, '62078', '0.3192', '1', '0', '1', '1'),
(43430, '62079', '0.2973', '1', '0', '1', '1'),
(43430, '62080', '0.2979', '1', '0', '1', '1'),
(43430, '62081', '0.2818', '1', '0', '1', '1'),
(43430, '62082', '0.3231', '1', '0', '1', '1'),
(43430, '62083', '0.334', '1', '0', '1', '1'),
(43430, '62084', '0.3327', '1', '0', '1', '1'),
(43430, '62085', '0.2792', '1', '0', '1', '1'),
(43430, '62086', '0.3386', '1', '0', '1', '1'),
(43430, '62087', '0.2844', '1', '0', '1', '1'),
(43430, '62088', '0.305', '1', '0', '1', '1'),
(43430, '62089', '0.2902', '1', '0', '1', '1'),
(43430, '62090', '0.2921', '1', '0', '1', '1'),
(43430, '62091', '0.2863', '1', '0', '1', '1'),
(43430, '62092', '0.2973', '1', '0', '1', '1'),
(43430, '62093', '0.3005', '1', '0', '1', '1'),
(43430, '62094', '0.3063', '1', '0', '1', '1'),
(43430, '62095', '0.2463', '1', '0', '1', '1'),
(43430, '62096', '0.3192', '1', '0', '1', '1'),
(43430, '62097', '0.3373', '1', '0', '1', '1'),
(43430, '62098', '0.2915', '1', '0', '1', '1'),
(43430, '62099', '0.2792', '1', '0', '1', '1'),
(43430, '62100', '0.3186', '1', '0', '1', '1'),
(43430, '62101', '0.2547', '1', '0', '1', '1'),
(43430, '62102', '0.3012', '1', '0', '1', '1'),
(43430, '62103', '0.2741', '1', '0', '1', '1'),
(43430, '62104', '0.267', '1', '0', '1', '1'),
(43430, '62107', '0.0929', '1', '0', '1', '1'),
(43430, '62112', '0.1052', '1', '0', '1', '1'),
(43430, '62127', '0.1006', '1', '0', '1', '1'),
(43430, '63291', '50', '1', '0', '1', '1'),
(43430, '63300', '13.1944', '1', '0', '1', '1'),
(43430, '63310', '20.4861', '1', '0', '1', '1'),
(43430, '63316', '3.125', '1', '0', '1', '1'),
(43430, '63317', '50.3472', '1', '0', '1', '1'),
(43430, '63318', '2.0833', '1', '0', '1', '1'),
(43430, '63348', '44.0972', '1', '0', '1', '1'),
(43430, '63349', '41.3194', '1', '0', '1', '1'),
(43430, '66882', '0.0155', '1', '0', '1', '1'),
(43430, '66883', '0.0026', '1', '0', '1', '1'),
(43430, '66895', '0.0084', '1', '0', '1', '1'),
(43430, '66904', '0.0019', '1', '0', '1', '1'),
(43430, '66912', '0.0032', '1', '0', '1', '1'),
(43430, '66916', '0.0071', '1', '0', '1', '1'),
(43430, '66919', '0.0026', '1', '0', '1', '1'),
(43430, '66920', '0.0019', '1', '0', '1', '1'),
(43430, '66924', '0.011', '1', '0', '1', '1'),
(43430, '66931', '0.0045', '1', '0', '1', '1'),
(43430, '66932', '0.0031', '1', '0', '1', '1'),
(43430, '66941', '0.0058', '1', '0', '1', '1'),
(43430, '66942', '0.0031', '1', '0', '1', '1'),
(43430, '66956', '0.0039', '1', '0', '1', '1'),
(43430, '66957', '0.0032', '1', '0', '1', '1'),
(43430, '66958', '0.0045', '1', '0', '1', '1'),
(43430, '66959', '0.0045', '1', '0', '1', '1'),
(43430, '66960', '0.0064', '1', '0', '1', '1'),
(43430, '66961', '0.0026', '1', '0', '1', '1'),
(43430, '66962', '0.0019', '1', '0', '1', '1'),
(43430, '66963', '0.0019', '1', '0', '1', '1'),
(43430, '66964', '0.0032', '1', '0', '1', '1'),
(43430, '66965', '0.0064', '1', '0', '1', '1'),
(43430, '66966', '0.0052', '1', '0', '1', '1'),
(43430, '66967', '0.0039', '1', '0', '1', '1'),
(43430, '66970', '0.0077', '1', '0', '1', '1'),
(43430, '66971', '0.0077', '1', '0', '1', '1'),
(43430, '66972', '0.0142', '1', '0', '1', '1'),
(43430, '66973', '0.0052', '1', '0', '1', '1'),
(43430, '66974', '0.0168', '1', '0', '1', '1'),
(43430, '66975', '0.0077', '1', '0', '1', '1'),
(43430, '66976', '0.0062', '1', '0', '1', '1'),
(43430, '66980', '0.0019', '1', '0', '1', '1'),
(43430, '66981', '0.0026', '1', '0', '1', '1'),
(43430, '66982', '0.0039', '1', '0', '1', '1'),
(43430, '66984', '0.0039', '1', '0', '1', '1'),
(43430, '66985', '0.0032', '1', '0', '1', '1'),
(43430, '66986', '0.0064', '1', '0', '1', '1'),
(43430, '66987', '0.0058', '1', '0', '1', '1'),
(43430, '66988', '0.0064', '1', '0', '1', '1'),
(43430, '66989', '0.0058', '1', '0', '1', '1'),
(43430, '66990', '0.0046', '1', '0', '1', '1'),
(43430, '66991', '0.0064', '1', '0', '1', '1'),
(43430, '66992', '0.0058', '1', '0', '1', '1'),
(43430, '66993', '0.0064', '1', '0', '1', '1'),
(43430, '66994', '0.0046', '1', '0', '1', '1'),
(43430, '67032', '0.0052', '1', '0', '1', '1'),
(43430, '67037', '0.0039', '1', '0', '1', '1'),
(43430, '67040', '0.0026', '1', '0', '1', '1'),
(43430, '67043', '0.0032', '1', '0', '1', '1'),
(43430, '67045', '0.0026', '1', '0', '1', '1'),
(43430, '67047', '0.0026', '1', '0', '1', '1'),
(43430, '67050', '0.0039', '1', '0', '1', '1'),
(43430, '67051', '0.0026', '1', '0', '1', '1'),
(43430, '67052', '0.0045', '1', '0', '1', '1'),
(43430, '67057', '0.0052', '1', '0', '1', '1'),
(43430, '67059', '0.0084', '1', '0', '1', '1'),
(43430, '67061', '0.0046', '1', '0', '1', '1'),
(43430, '67069', '0.0015', '1', '0', '1', '1'),
(43430, '67071', '0.0015', '1', '0', '1', '1'),
(43430, '67104', '0.0032', '1', '0', '1', '1'),
(43430, '67105', '0.0006', '1', '0', '1', '1'),
(43430, '67106', '0.0019', '1', '0', '1', '1'),
(43430, '67109', '0.0026', '1', '0', '1', '1'),
(43430, '67110', '0.0039', '1', '0', '1', '1'),
(43430, '67111', '0.0026', '1', '0', '1', '1'),
(43430, '67112', '0.0045', '1', '0', '1', '1'),
(43430, '67113', '0.0071', '1', '0', '1', '1'),
(43430, '67114', '0.0019', '1', '0', '1', '1'),
(43430, '67115', '0.0006', '1', '0', '1', '1'),
(43430, '67116', '0.0077', '1', '0', '1', '1'),
(43430, '67117', '0.0045', '1', '0', '1', '1'),
(43430, '67118', '0.0019', '1', '0', '1', '1'),
(43430, '67119', '0.0116', '1', '0', '1', '1'),
(43430, '67120', '0.0045', '1', '0', '1', '1'),
(43430, '67121', '0.0064', '1', '0', '1', '1'),
(43430, '67122', '0.0039', '1', '0', '1', '1'),
(43430, '67126', '0.0058', '1', '0', '1', '1'),
(43430, '67127', '0.0058', '1', '0', '1', '1'),
(43430, '67129', '0.0019', '1', '0', '1', '1'),
(43430, '67130', '0.0019', '1', '0', '1', '1'),
(43430, '67133', '0.0026', '1', '0', '1', '1'),
(43430, '67134', '0.0039', '1', '0', '1', '1'),
(43430, '67135', '0.0019', '1', '0', '1', '1'),
(43430, '67138', '0.0019', '1', '0', '1', '1'),
(43430, '67142', '0.0058', '1', '0', '1', '1'),
(43430, '67145', '0.0013', '1', '0', '1', '1'),
(43430, '67146', '0.0142', '1', '0', '1', '1'),
(43430, '67147', '0.0013', '1', '0', '1', '1'),
(43430, '67148', '0.0052', '1', '0', '1', '1'),
(43430, '67149', '0.0015', '1', '0', '1', '1'),
(43430, '67348', '0.0013', '1', '0', '1', '1'),
(43430, '68197', '3.9', '1', '0', '1', '2'),
(43430, '68198', '12.2', '1', '0', '1', '2'),
(43430, '68729', '0.283', '1', '0', '1', '1'),
(43430, '68781', '0.0032', '1', '0', '1', '1'),
(43430, '68783', '0.0009', '1', '0', '1', '1'),
(43430, '68787', '0.0052', '1', '0', '1', '1'),
(43430, '68788', '0.0032', '1', '0', '1', '1'),
(43430, '68789', '0.0039', '1', '0', '1', '1'),
(43430, '69820', '0.0007', '1', '0', '1', '1');

UPDATE `creature_template_addon` SET `auras` = '' WHERE `entry` =49859;
UPDATE `creature_addon` SET `auras` = '' WHERE `guid` =250048;
UPDATE `creature_addon` SET `auras` = '' WHERE `guid` =250049;
UPDATE `creature_addon` SET `auras` = '' WHERE `guid` =250050;
UPDATE `creature_addon` SET `auras` = '' WHERE `guid` =250051;
UPDATE `creature_addon` SET `auras` = '' WHERE `guid` =250052;
UPDATE `creature_addon` SET `auras` = '' WHERE `guid` =250053;
UPDATE `creature_addon` SET `auras` = '' WHERE `guid` =250054;
UPDATE `creature_addon` SET `auras` = '' WHERE `guid` =250055;
UPDATE `creature_addon` SET `auras` = '' WHERE `guid` =250056;
UPDATE `creature_addon` SET `auras` = '' WHERE `guid` =250057;
UPDATE `creature_addon` SET `auras` = '' WHERE `guid` =250058;
UPDATE `creature_addon` SET `auras` = '' WHERE `guid` =250059;
UPDATE `creature_addon` SET `auras` = '' WHERE `guid` =250060;
UPDATE `creature_addon` SET `auras` = '' WHERE `guid` =250061;
UPDATE `creature_addon` SET `auras` = '' WHERE `guid` =250062;
UPDATE `creature_addon` SET `auras` = '' WHERE `guid` =250063;
UPDATE `creature_addon` SET `auras` = '' WHERE `guid` =250064;
UPDATE `creature_addon` SET `auras` = '' WHERE `guid` =250065;
UPDATE `creature_addon` SET `auras` = '' WHERE `guid` =250066;
UPDATE `creature_addon` SET `auras` = '' WHERE `guid` =250067;
UPDATE `creature_addon` SET `auras` = '' WHERE `guid` =250068;
UPDATE `creature_addon` SET `auras` = '' WHERE `guid` =250069;
UPDATE `creature_addon` SET `auras` = '' WHERE `guid` =250070;
UPDATE `creature_addon` SET `auras` = '' WHERE `guid` =250071;
UPDATE `creature_addon` SET `auras` = '' WHERE `guid` =250072;
UPDATE `creature_addon` SET `auras` = '' WHERE `guid` =250073;
UPDATE `creature_addon` SET `auras` = '' WHERE `guid` =250074;
UPDATE `creature_addon` SET `auras` = '' WHERE `guid` =250075;
UPDATE `creature_addon` SET `auras` = '' WHERE `guid` =250076;
UPDATE `creature_addon` SET `auras` = '' WHERE `guid` =250077;
UPDATE `creature_addon` SET `auras` = '' WHERE `guid` =250078;
UPDATE `creature_addon` SET `auras` = '' WHERE `guid` =250079;
UPDATE `creature_addon` SET `auras` = '' WHERE `guid` =250080;
UPDATE `creature_addon` SET `auras` = '' WHERE `guid` =250081;
UPDATE `creature_addon` SET `auras` = '' WHERE `guid` =250082;
UPDATE `creature_addon` SET `auras` = '' WHERE `guid` =250083;
UPDATE `creature_addon` SET `auras` = '' WHERE `guid` =250084;
UPDATE `creature_addon` SET `auras` = '' WHERE `guid` =250085;
UPDATE `creature_addon` SET `auras` = '' WHERE `guid` =250086;
UPDATE `creature_addon` SET `auras` = '' WHERE `guid` =250087;
UPDATE `creature_addon` SET `auras` = '' WHERE `guid` =250088;
UPDATE `creature_addon` SET `auras` = '' WHERE `guid` =250089;
UPDATE `creature_addon` SET `auras` = '' WHERE `guid` =250090;
UPDATE `creature_addon` SET `auras` = '' WHERE `guid` =250091;
UPDATE `creature_addon` SET `auras` = '' WHERE `guid` =250092;
UPDATE `creature_addon` SET `auras` = '' WHERE `guid` =250093;
UPDATE `creature_addon` SET `auras` = '' WHERE `guid` =250094;
UPDATE `creature_addon` SET `auras` = '' WHERE `guid` =250095;
UPDATE `creature_addon` SET `auras` = '' WHERE `guid` =250096;
UPDATE `creature_addon` SET `auras` = '' WHERE `guid` =250097;
UPDATE `creature_addon` SET `auras` = '' WHERE `guid` =250098;
UPDATE `creature_addon` SET `auras` = '' WHERE `guid` =250099;
UPDATE `creature_addon` SET `auras` = '' WHERE `guid` =250100;
UPDATE `creature_addon` SET `auras` = '' WHERE `guid` =250101;
UPDATE `creature_addon` SET `auras` = '' WHERE `guid` =250102;
UPDATE `creature_addon` SET `auras` = '' WHERE `guid` =250103;
UPDATE `creature_addon` SET `auras` = '' WHERE `guid` =250104;
UPDATE `creature_addon` SET `auras` = '' WHERE `guid` =250105;
UPDATE `creature_addon` SET `auras` = '' WHERE `guid` =250106;
UPDATE `creature_addon` SET `auras` = '' WHERE `guid` =250107;
UPDATE `creature_addon` SET `auras` = '' WHERE `guid` =250108;
UPDATE `creature_addon` SET `auras` = '' WHERE `guid` =250109;
UPDATE `creature_addon` SET `auras` = '' WHERE `guid` =250111;
UPDATE `creature_addon` SET `auras` = '' WHERE `guid` =250112;
UPDATE `creature_addon` SET `auras` = '' WHERE `guid` =250113;
UPDATE `creature_addon` SET `auras` = '' WHERE `guid` =250114;
UPDATE `creature_addon` SET `auras` = '' WHERE `guid` =250115;
UPDATE `creature_addon` SET `auras` = '' WHERE `guid` =250116;
UPDATE `creature_addon` SET `auras` = '' WHERE `guid` =250117;
UPDATE `creature_addon` SET `auras` = '' WHERE `guid` =250118;
UPDATE `creature_addon` SET `auras` = '' WHERE `guid` =250119;
UPDATE `creature_addon` SET `auras` = '' WHERE `guid` =250120;
UPDATE `creature_addon` SET `auras` = '' WHERE `guid` =250122;
UPDATE `creature_addon` SET `auras` = '' WHERE `guid` =250123;
UPDATE `creature_addon` SET `auras` = '' WHERE `guid` =250124;
UPDATE `creature_addon` SET `auras` = '' WHERE `guid` =250125;
UPDATE `creature_addon` SET `auras` = '' WHERE `guid` =250126;
UPDATE `creature_addon` SET `auras` = '' WHERE `guid` =250127;
UPDATE `creature_addon` SET `auras` = '' WHERE `guid` =250128;
UPDATE `creature_addon` SET `auras` = '' WHERE `guid` =250129;
UPDATE `creature_addon` SET `auras` = '' WHERE `guid` =250130;
UPDATE `creature_addon` SET `auras` = '' WHERE `guid` =250132;
UPDATE `creature_addon` SET `auras` = '' WHERE `guid` =250134;
UPDATE `creature_addon` SET `auras` = '' WHERE `guid` =250135;
UPDATE `creature_addon` SET `auras` = '' WHERE `guid` =250136;
UPDATE `creature_addon` SET `auras` = '' WHERE `guid` =250137;
UPDATE `creature_addon` SET `auras` = '' WHERE `guid` =250138;
UPDATE `creature_addon` SET `auras` = '' WHERE `guid` =250139;
UPDATE `creature_addon` SET `auras` = '' WHERE `guid` =250140;
UPDATE `creature_addon` SET `auras` = '' WHERE `guid` =250142;
UPDATE `creature_addon` SET `auras` = '' WHERE `guid` =250143;
UPDATE `creature_addon` SET `auras` = '' WHERE `guid` =250144;
UPDATE `creature_addon` SET `auras` = '' WHERE `guid` =250145;
UPDATE `creature_addon` SET `auras` = '' WHERE `guid` =250146;
UPDATE `creature_addon` SET `auras` = '' WHERE `guid` =250147;
UPDATE `creature_addon` SET `auras` = '' WHERE `guid` =250148;
UPDATE `creature_addon` SET `auras` = '' WHERE `guid` =250149;
UPDATE `creature_addon` SET `auras` = '' WHERE `guid` =250150;
UPDATE `creature_addon` SET `auras` = '' WHERE `guid` =250151;
UPDATE `creature_addon` SET `auras` = '' WHERE `guid` =250154;
UPDATE `creature_addon` SET `auras` = '' WHERE `guid` =250155;
UPDATE `creature_addon` SET `auras` = '' WHERE `guid` =250156;
UPDATE `creature_addon` SET `auras` = '' WHERE `guid` =250158;
UPDATE `creature_addon` SET `auras` = '' WHERE `guid` =250160;
UPDATE `creature_addon` SET `auras` = '' WHERE `guid` =250163;
UPDATE `creature_addon` SET `auras` = '' WHERE `guid` =250164;
UPDATE `creature_addon` SET `auras` = '' WHERE `guid` =250167;
UPDATE `creature_addon` SET `auras` = '' WHERE `guid` =250207;
UPDATE `creature_addon` SET `auras` = '' WHERE `guid` =250214;
UPDATE `creature_addon` SET `auras` = '' WHERE `guid` =250215;
UPDATE `creature_addon` SET `auras` = '' WHERE `guid` =250220;
UPDATE `creature_addon` SET `auras` = '' WHERE `guid` =250221;
UPDATE `creature_addon` SET `auras` = '' WHERE `guid` =250224;
UPDATE `creature_addon` SET `auras` = '' WHERE `guid` =250227;
UPDATE `creature_addon` SET `auras` = '' WHERE `guid` =250231;
UPDATE `creature_addon` SET `auras` = '' WHERE `guid` =250232;
UPDATE `creature_addon` SET `auras` = '' WHERE `guid` =250240;
UPDATE `creature_addon` SET `auras` = '' WHERE `guid` =250242;
UPDATE `creature_addon` SET `auras` = '' WHERE `guid` =250251;
UPDATE `creature_addon` SET `auras` = '' WHERE `guid` =250253;
UPDATE `creature_addon` SET `auras` = '' WHERE `guid` =250261;
UPDATE `creature_addon` SET `auras` = '' WHERE `guid` =250262;
UPDATE `creature_addon` SET `auras` = '' WHERE `guid` =250263;
UPDATE `creature_addon` SET `auras` = '' WHERE `guid` =316956;
UPDATE `creature_addon` SET `auras` = '' WHERE `guid` =316958;
UPDATE `creature_addon` SET `auras` = '' WHERE `guid` =316963;
UPDATE `creature_addon` SET `auras` = '' WHERE `guid` =316966;
UPDATE `creature_addon` SET `auras` = '' WHERE `guid` =316968;
UPDATE `creature_addon` SET `auras` = '' WHERE `guid` =316974;
UPDATE `creature_addon` SET `auras` = '' WHERE `guid` =316981;
UPDATE `creature_addon` SET `auras` = '' WHERE `guid` =316982;
UPDATE `creature_addon` SET `auras` = '' WHERE `guid` =316988;
UPDATE `creature_addon` SET `auras` = '' WHERE `guid` =316992;
UPDATE `creature_addon` SET `auras` = '' WHERE `guid` =316999;
UPDATE `creature_addon` SET `auras` = '' WHERE `guid` =317000;
UPDATE `creature_addon` SET `auras` = '' WHERE `guid` =317003;
UPDATE `creature_addon` SET `auras` = '' WHERE `guid` =317008;
UPDATE `creature_addon` SET `auras` = '' WHERE `guid` =317009;
UPDATE `creature_addon` SET `auras` = '' WHERE `guid` =317011;
UPDATE `creature_addon` SET `auras` = '' WHERE `guid` =317022;
UPDATE `creature_addon` SET `auras` = '' WHERE `guid` =317023;
UPDATE `creature_addon` SET `auras` = '' WHERE `guid` =317024;
UPDATE `creature_addon` SET `auras` = '' WHERE `guid` =317030;
UPDATE `creature_addon` SET `auras` = '' WHERE `guid` =317039;
UPDATE `creature_addon` SET `auras` = '' WHERE `guid` =317040;
UPDATE `creature_addon` SET `auras` = '' WHERE `guid` =317042;
UPDATE `creature_addon` SET `auras` = '' WHERE `guid` =317051;
UPDATE `creature_addon` SET `auras` = '' WHERE `guid` =317056;
UPDATE `creature_addon` SET `auras` = '' WHERE `guid` =317057;
UPDATE `creature_addon` SET `auras` = '' WHERE `guid` =317061;
UPDATE `creature_addon` SET `auras` = '' WHERE `guid` =317063;
UPDATE `creature_addon` SET `auras` = '' WHERE `guid` =317064;
UPDATE `creature_addon` SET `auras` = '' WHERE `guid` =317065;
UPDATE `creature_addon` SET `auras` = '' WHERE `guid` =317066;
UPDATE `creature_addon` SET `auras` = '' WHERE `guid` =317067;
UPDATE `creature_addon` SET `auras` = '' WHERE `guid` =317068;
UPDATE `creature_addon` SET `auras` = '' WHERE `guid` =317069;
UPDATE `creature_addon` SET `auras` = '' WHERE `guid` =317071;
UPDATE `creature_addon` SET `auras` = '' WHERE `guid` =317072;
UPDATE `creature_addon` SET `auras` = '' WHERE `guid` =317073;
UPDATE `creature_addon` SET `auras` = '' WHERE `guid` =317074;
UPDATE `creature_addon` SET `auras` = '' WHERE `guid` =317075;
UPDATE `creature_addon` SET `auras` = '' WHERE `guid` =317076;
UPDATE `creature_addon` SET `auras` = '' WHERE `guid` =317078;
UPDATE `creature_addon` SET `auras` = '' WHERE `guid` =317079;
UPDATE `creature_addon` SET `auras` = '' WHERE `guid` =317081;
UPDATE `creature_addon` SET `auras` = '' WHERE `guid` =317082;
UPDATE `creature_addon` SET `auras` = '' WHERE `guid` =317083;
UPDATE `creature_addon` SET `auras` = '' WHERE `guid` =317084;
UPDATE `creature_addon` SET `auras` = '' WHERE `guid` =317091;
UPDATE `creature_addon` SET `auras` = '' WHERE `guid` =317092;
UPDATE `creature_addon` SET `auras` = '' WHERE `guid` =317093;
UPDATE `creature_addon` SET `auras` = '' WHERE `guid` =317094;
UPDATE `creature_addon` SET `auras` = '' WHERE `guid` =317095;
UPDATE `creature_addon` SET `auras` = '' WHERE `guid` =317096;
UPDATE `creature_addon` SET `auras` = '' WHERE `guid` =317097;
UPDATE `creature_addon` SET `auras` = '' WHERE `guid` =317098;
UPDATE `creature_addon` SET `auras` = '' WHERE `guid` =317099;
UPDATE `creature_addon` SET `auras` = '' WHERE `guid` =317100;
UPDATE `creature_addon` SET `auras` = '' WHERE `guid` =317110;
UPDATE `creature_addon` SET `auras` = '' WHERE `guid` =317111;
UPDATE `creature_addon` SET `auras` = '' WHERE `guid` =317112;
UPDATE `creature_addon` SET `auras` = '' WHERE `guid` =317113;
UPDATE `creature_addon` SET `auras` = '' WHERE `guid` =317114;
UPDATE `creature_addon` SET `auras` = '' WHERE `guid` =317115;
UPDATE `creature_addon` SET `auras` = '' WHERE `guid` =317116;
UPDATE `creature_addon` SET `auras` = '' WHERE `guid` =317117;
UPDATE `creature_addon` SET `auras` = '' WHERE `guid` =317118;
UPDATE `creature_addon` SET `auras` = '' WHERE `guid` =317119;
UPDATE `creature_addon` SET `auras` = '' WHERE `guid` =317120;
UPDATE `creature_addon` SET `auras` = '' WHERE `guid` =317122;
UPDATE `creature_addon` SET `auras` = '' WHERE `guid` =317124;
UPDATE `creature_addon` SET `auras` = '' WHERE `guid` =317126;
UPDATE `creature_addon` SET `auras` = '' WHERE `guid` =317127;
UPDATE `creature_addon` SET `auras` = '' WHERE `guid` =317128;
UPDATE `creature_addon` SET `auras` = '' WHERE `guid` =317129;
UPDATE `creature_addon` SET `auras` = '' WHERE `guid` =317130;
UPDATE `creature_addon` SET `auras` = '' WHERE `guid` =317131;
UPDATE `creature_addon` SET `auras` = '' WHERE `guid` =317132;
UPDATE `creature_addon` SET `auras` = '' WHERE `guid` =317133;
UPDATE `creature_addon` SET `auras` = '' WHERE `guid` =317134;
UPDATE `creature_addon` SET `auras` = '' WHERE `guid` =317135;
UPDATE `creature_addon` SET `auras` = '' WHERE `guid` =317136;
UPDATE `creature_addon` SET `auras` = '' WHERE `guid` =317137;
UPDATE `creature_addon` SET `auras` = '' WHERE `guid` =317138;
UPDATE `creature_addon` SET `auras` = '' WHERE `guid` =317140;
UPDATE `creature_addon` SET `auras` = '' WHERE `guid` =317142;
UPDATE `creature_addon` SET `auras` = '' WHERE `guid` =317144;
UPDATE `creature_addon` SET `auras` = '' WHERE `guid` =317145;
UPDATE `creature_addon` SET `auras` = '' WHERE `guid` =317146;
UPDATE `creature_addon` SET `auras` = '' WHERE `guid` =317147;
UPDATE `creature_addon` SET `auras` = '' WHERE `guid` =317148;
UPDATE `creature_addon` SET `auras` = '' WHERE `guid` =317149;
UPDATE `creature_addon` SET `auras` = '' WHERE `guid` =317150;
UPDATE `creature_addon` SET `auras` = '' WHERE `guid` =317151;
UPDATE `creature_addon` SET `auras` = '' WHERE `guid` =317152;
UPDATE `creature_addon` SET `auras` = '' WHERE `guid` =317153;
UPDATE `creature_addon` SET `auras` = '' WHERE `guid` =317154;
UPDATE `creature_addon` SET `auras` = '' WHERE `guid` =317155;
UPDATE `creature_addon` SET `auras` = '' WHERE `guid` =317156;
UPDATE `creature_addon` SET `auras` = '' WHERE `guid` =317157;
UPDATE `creature_addon` SET `auras` = '' WHERE `guid` =317158;
UPDATE `creature_addon` SET `auras` = '' WHERE `guid` =317159;
UPDATE `creature_addon` SET `auras` = '' WHERE `guid` =317160;
UPDATE `creature_addon` SET `auras` = '' WHERE `guid` =317161;
UPDATE `creature_addon` SET `auras` = '' WHERE `guid` =317162;
UPDATE `creature_addon` SET `auras` = '' WHERE `guid` =317163;
UPDATE `creature_addon` SET `auras` = '' WHERE `guid` =317164;
UPDATE `creature_addon` SET `auras` = '' WHERE `guid` =317165;
UPDATE `creature_addon` SET `auras` = '' WHERE `guid` =317166;
UPDATE `creature_addon` SET `auras` = '' WHERE `guid` =317167;
UPDATE `creature_addon` SET `auras` = '' WHERE `guid` =317168;
UPDATE `creature_addon` SET `auras` = '' WHERE `guid` =317169;
UPDATE `creature_addon` SET `auras` = '' WHERE `guid` =317170;
UPDATE `creature_addon` SET `auras` = '' WHERE `guid` =317171;
UPDATE `creature_addon` SET `auras` = '' WHERE `guid` =317172;
UPDATE `creature_addon` SET `auras` = '' WHERE `guid` =317173;
UPDATE `creature_addon` SET `auras` = '' WHERE `guid` =317174;
UPDATE `creature_addon` SET `auras` = '' WHERE `guid` =317175;
UPDATE `creature_addon` SET `auras` = '' WHERE `guid` =317176;
UPDATE `creature_addon` SET `auras` = '' WHERE `guid` =317177;
UPDATE `creature_addon` SET `auras` = '' WHERE `guid` =317178;
UPDATE `creature_addon` SET `auras` = '' WHERE `guid` =317179;
UPDATE `creature_addon` SET `auras` = '' WHERE `guid` =317180;
UPDATE `creature_addon` SET `auras` = '' WHERE `guid` =317181;
UPDATE `creature_addon` SET `auras` = '' WHERE `guid` =317182;
UPDATE `creature_addon` SET `auras` = '' WHERE `guid` =317183;
UPDATE `creature_addon` SET `auras` = '' WHERE `guid` =317184;
UPDATE `creature_addon` SET `auras` = '' WHERE `guid` =317185;
UPDATE `creature_addon` SET `auras` = '' WHERE `guid` =317186;
UPDATE `creature_addon` SET `auras` = '' WHERE `guid` =317187;
UPDATE `creature_addon` SET `auras` = '' WHERE `guid` =317188;
UPDATE `creature_addon` SET `auras` = '' WHERE `guid` =317189;
UPDATE `creature_addon` SET `auras` = '' WHERE `guid` =317190;
UPDATE `creature_addon` SET `auras` = '' WHERE `guid` =317191;
UPDATE `creature_addon` SET `auras` = '' WHERE `guid` =317192;
UPDATE `creature_addon` SET `auras` = '' WHERE `guid` =317193;
UPDATE `creature_addon` SET `auras` = '' WHERE `guid` =317194;
UPDATE `creature_addon` SET `auras` = '' WHERE `guid` =317195;
UPDATE `creature_addon` SET `auras` = '' WHERE `guid` =317196;
UPDATE `creature_addon` SET `auras` = '' WHERE `guid` =317197;
UPDATE `creature_addon` SET `auras` = '' WHERE `guid` =317198;
UPDATE `creature_addon` SET `auras` = '' WHERE `guid` =317199;
UPDATE `creature_addon` SET `auras` = '' WHERE `guid` =317200;
UPDATE `creature_addon` SET `auras` = '' WHERE `guid` =317201;
UPDATE `creature_addon` SET `auras` = '' WHERE `guid` =317202;
UPDATE `creature_addon` SET `auras` = '' WHERE `guid` =317203;
UPDATE `creature_addon` SET `auras` = '' WHERE `guid` =317204;
UPDATE `creature_addon` SET `auras` = '' WHERE `guid` =317205;
UPDATE `creature_addon` SET `auras` = '' WHERE `guid` =317206;
UPDATE `creature_addon` SET `auras` = '' WHERE `guid` =317207;
UPDATE `creature_addon` SET `auras` = '' WHERE `guid` =317208;
UPDATE `creature_addon` SET `auras` = '' WHERE `guid` =317209;
UPDATE `creature_addon` SET `auras` = '' WHERE `guid` =317210;
UPDATE `creature_addon` SET `auras` = '' WHERE `guid` =317211;
UPDATE `creature_addon` SET `auras` = '' WHERE `guid` =317212;
UPDATE `creature_addon` SET `auras` = '' WHERE `guid` =317213;
UPDATE `creature_addon` SET `auras` = '' WHERE `guid` =317214;
UPDATE `creature_addon` SET `auras` = '' WHERE `guid` =317215;
UPDATE `creature_addon` SET `auras` = '' WHERE `guid` =317216;
UPDATE `creature_addon` SET `auras` = '' WHERE `guid` =317217;
UPDATE `creature_addon` SET `auras` = '' WHERE `guid` =317218;
UPDATE `creature_addon` SET `auras` = '' WHERE `guid` =317219;
UPDATE `creature_addon` SET `auras` = '' WHERE `guid` =317220;
UPDATE `creature_addon` SET `auras` = '' WHERE `guid` =317221;
UPDATE `creature_addon` SET `auras` = '' WHERE `guid` =317222;
UPDATE `creature_addon` SET `auras` = '' WHERE `guid` =317223;
UPDATE `creature_addon` SET `auras` = '' WHERE `guid` =317224;
UPDATE `creature_addon` SET `auras` = '' WHERE `guid` =317225;
UPDATE `creature_addon` SET `auras` = '' WHERE `guid` =317226;
UPDATE `creature_addon` SET `auras` = '' WHERE `guid` =317227;
UPDATE `creature_addon` SET `auras` = '' WHERE `guid` =317228;
UPDATE `creature_addon` SET `auras` = '' WHERE `guid` =317229;
UPDATE `creature_addon` SET `auras` = '' WHERE `guid` =317230;
UPDATE `creature_addon` SET `auras` = '' WHERE `guid` =317231;
UPDATE `creature_addon` SET `auras` = '' WHERE `guid` =317232;
UPDATE `creature_addon` SET `auras` = '' WHERE `guid` =317233;
UPDATE `creature_addon` SET `auras` = '' WHERE `guid` =317234;
UPDATE `creature_addon` SET `auras` = '' WHERE `guid` =317235;
UPDATE `creature_addon` SET `auras` = '' WHERE `guid` =317236;
UPDATE `creature_addon` SET `auras` = '' WHERE `guid` =317237;
UPDATE `creature_addon` SET `auras` = '' WHERE `guid` =317238;
UPDATE `creature_addon` SET `auras` = '' WHERE `guid` =317239;
UPDATE `creature_addon` SET `auras` = '' WHERE `guid` =317240;
UPDATE `creature_addon` SET `auras` = '' WHERE `guid` =317241;
UPDATE `creature_addon` SET `auras` = '' WHERE `guid` =317242;
UPDATE `creature_addon` SET `auras` = '' WHERE `guid` =317243;
UPDATE `creature_addon` SET `auras` = '' WHERE `guid` =317244;
UPDATE `creature_addon` SET `auras` = '' WHERE `guid` =317245;
UPDATE `creature_addon` SET `auras` = '' WHERE `guid` =317246;
UPDATE `creature_addon` SET `auras` = '' WHERE `guid` =317247;
UPDATE `creature_addon` SET `auras` = '' WHERE `guid` =317248;
UPDATE `creature_addon` SET `auras` = '' WHERE `guid` =317249;
UPDATE `creature_addon` SET `auras` = '' WHERE `guid` =317250;
UPDATE `creature_addon` SET `auras` = '' WHERE `guid` =317251;
UPDATE `creature_addon` SET `auras` = '' WHERE `guid` =317252;
UPDATE `creature_addon` SET `auras` = '' WHERE `guid` =317253;
UPDATE `creature_addon` SET `auras` = '' WHERE `guid` =317254;
UPDATE `creature_addon` SET `auras` = '' WHERE `guid` =317255;
UPDATE `creature_addon` SET `auras` = '' WHERE `guid` =317256;
UPDATE `creature_addon` SET `auras` = '' WHERE `guid` =317257;
UPDATE `creature_addon` SET `auras` = '' WHERE `guid` =317258;
UPDATE `creature_addon` SET `auras` = '' WHERE `guid` =317259;
UPDATE `creature_addon` SET `auras` = '' WHERE `guid` =317260;
UPDATE `creature_addon` SET `auras` = '' WHERE `guid` =317261;
UPDATE `creature_addon` SET `auras` = '' WHERE `guid` =317262;
UPDATE `creature_addon` SET `auras` = '' WHERE `guid` =317263;
UPDATE `creature_addon` SET `auras` = '' WHERE `guid` =317264;
UPDATE `creature_addon` SET `auras` = '' WHERE `guid` =317265;
UPDATE `creature_addon` SET `auras` = '' WHERE `guid` =317266;
UPDATE `creature_addon` SET `auras` = '' WHERE `guid` =317267;
UPDATE `creature_addon` SET `auras` = '' WHERE `guid` =317270;
UPDATE `creature_addon` SET `auras` = '' WHERE `guid` =317271;
UPDATE `creature_addon` SET `auras` = '' WHERE `guid` =317272;
UPDATE `creature_addon` SET `auras` = '' WHERE `guid` =317273;
UPDATE `creature_addon` SET `auras` = '' WHERE `guid` =317274;
UPDATE `creature_addon` SET `auras` = '' WHERE `guid` =317275;
UPDATE `creature_addon` SET `auras` = '' WHERE `guid` =317276;
UPDATE `creature_addon` SET `auras` = '' WHERE `guid` =317277;
UPDATE `creature_addon` SET `auras` = '' WHERE `guid` =317278;
UPDATE `creature_addon` SET `auras` = '' WHERE `guid` =317279;
UPDATE `creature_addon` SET `auras` = '' WHERE `guid` =317280;
UPDATE `creature_addon` SET `auras` = '' WHERE `guid` =317281;
UPDATE `creature_addon` SET `auras` = '' WHERE `guid` =317282;
UPDATE `creature_addon` SET `auras` = '' WHERE `guid` =317283;
UPDATE `creature_addon` SET `auras` = '' WHERE `guid` =317284;
UPDATE `creature_addon` SET `auras` = '' WHERE `guid` =317285;
UPDATE `creature_addon` SET `auras` = '' WHERE `guid` =317286;
UPDATE `creature_addon` SET `auras` = '' WHERE `guid` =317287;
UPDATE `creature_addon` SET `auras` = '' WHERE `guid` =317288;
UPDATE `creature_addon` SET `auras` = '' WHERE `guid` =317289;
UPDATE `creature_addon` SET `auras` = '' WHERE `guid` =317290;
UPDATE `creature_addon` SET `auras` = '' WHERE `guid` =317291;
UPDATE `creature_addon` SET `auras` = '' WHERE `guid` =317292;
UPDATE `creature_addon` SET `auras` = '' WHERE `guid` =317293;
UPDATE `creature_addon` SET `auras` = '' WHERE `guid` =317294;
UPDATE `creature_addon` SET `auras` = '' WHERE `guid` =317295;
UPDATE `creature_addon` SET `auras` = '' WHERE `guid` =317296;
UPDATE `creature_addon` SET `auras` = '' WHERE `guid` =317297;
UPDATE `creature_addon` SET `auras` = '' WHERE `guid` =317298;
UPDATE `creature_addon` SET `auras` = '' WHERE `guid` =317299;
UPDATE `creature_addon` SET `auras` = '' WHERE `guid` =317300;
UPDATE `creature_addon` SET `auras` = '' WHERE `guid` =317301;
UPDATE `creature_addon` SET `auras` = '' WHERE `guid` =317302;
UPDATE `creature_addon` SET `auras` = '' WHERE `guid` =317303;
UPDATE `creature_addon` SET `auras` = '' WHERE `guid` =317304;
UPDATE `creature_addon` SET `auras` = '' WHERE `guid` =317305;
UPDATE `creature_addon` SET `auras` = '' WHERE `guid` =317306;
UPDATE `creature_addon` SET `auras` = '' WHERE `guid` =317307;
UPDATE `creature_addon` SET `auras` = '' WHERE `guid` =317308;
UPDATE `creature_addon` SET `auras` = '' WHERE `guid` =317309;
UPDATE `creature_addon` SET `auras` = '' WHERE `guid` =317310;
UPDATE `creature_addon` SET `auras` = '' WHERE `guid` =317311;
UPDATE `creature_addon` SET `auras` = '' WHERE `guid` =317312;
UPDATE `creature_addon` SET `auras` = '' WHERE `guid` =317313;
UPDATE `creature_addon` SET `auras` = '' WHERE `guid` =317314;
UPDATE `creature_addon` SET `auras` = '' WHERE `guid` =317315;
UPDATE `creature_addon` SET `auras` = '' WHERE `guid` =317316;
UPDATE `creature_addon` SET `auras` = '' WHERE `guid` =317317;
UPDATE `creature_addon` SET `auras` = '' WHERE `guid` =317318;
UPDATE `creature_addon` SET `auras` = '' WHERE `guid` =317319;
UPDATE `creature_addon` SET `auras` = '' WHERE `guid` =317320;
UPDATE `creature_addon` SET `auras` = '' WHERE `guid` =317321;
UPDATE `creature_addon` SET `auras` = '' WHERE `guid` =317322;
UPDATE `creature_addon` SET `auras` = '' WHERE `guid` =317323;
UPDATE `creature_addon` SET `auras` = '' WHERE `guid` =317324;
UPDATE `creature_addon` SET `auras` = '' WHERE `guid` =317325;
UPDATE `creature_addon` SET `auras` = '' WHERE `guid` =317326;
UPDATE `creature_addon` SET `auras` = '' WHERE `guid` =317327;
UPDATE `creature_addon` SET `auras` = '' WHERE `guid` =317328;
UPDATE `creature_addon` SET `auras` = '' WHERE `guid` =317329;
UPDATE `creature_addon` SET `auras` = '' WHERE `guid` =317332;
UPDATE `creature_addon` SET `auras` = '' WHERE `guid` =317333;
UPDATE `creature_addon` SET `auras` = '' WHERE `guid` =317334;
UPDATE `creature_addon` SET `auras` = '' WHERE `guid` =317335;
UPDATE `creature_addon` SET `auras` = '' WHERE `guid` =317336;
UPDATE `creature_addon` SET `auras` = '' WHERE `guid` =317337;
UPDATE `creature_addon` SET `auras` = '' WHERE `guid` =317338;
UPDATE `creature_addon` SET `auras` = '' WHERE `guid` =317339;
UPDATE `creature_addon` SET `auras` = '' WHERE `guid` =317340;
UPDATE `creature_addon` SET `auras` = '' WHERE `guid` =317341;
UPDATE `creature_addon` SET `auras` = '' WHERE `guid` =317342;
UPDATE `creature_addon` SET `auras` = '' WHERE `guid` =317343;
UPDATE `creature_addon` SET `auras` = '' WHERE `guid` =317344;
UPDATE `creature_addon` SET `auras` = '' WHERE `guid` =317345;
UPDATE `creature_addon` SET `auras` = '' WHERE `guid` =317346;
UPDATE `creature_addon` SET `auras` = '' WHERE `guid` =317347;
UPDATE `creature_addon` SET `auras` = '' WHERE `guid` =317348;
UPDATE `creature_addon` SET `auras` = '' WHERE `guid` =317349;
UPDATE `creature_addon` SET `auras` = '' WHERE `guid` =317350;
UPDATE `creature_addon` SET `auras` = '' WHERE `guid` =317351;
UPDATE `creature_addon` SET `auras` = '' WHERE `guid` =317352;
UPDATE `creature_addon` SET `auras` = '' WHERE `guid` =317353;
UPDATE `creature_addon` SET `auras` = '' WHERE `guid` =317354;
UPDATE `creature_addon` SET `auras` = '' WHERE `guid` =317355;
UPDATE `creature_addon` SET `auras` = '' WHERE `guid` =317356;
UPDATE `creature_addon` SET `auras` = '' WHERE `guid` =317357;
UPDATE `creature_addon` SET `auras` = '' WHERE `guid` =317358;
UPDATE `creature_addon` SET `auras` = '' WHERE `guid` =317359;
UPDATE `creature_addon` SET `auras` = '' WHERE `guid` =317360;
UPDATE `creature_addon` SET `auras` = '' WHERE `guid` =317361;
UPDATE `creature_addon` SET `auras` = '' WHERE `guid` =317362;
UPDATE `creature_addon` SET `auras` = '' WHERE `guid` =317363;
UPDATE `creature_addon` SET `auras` = '' WHERE `guid` =317364;
UPDATE `creature_addon` SET `auras` = '' WHERE `guid` =317365;
UPDATE `creature_addon` SET `auras` = '' WHERE `guid` =317366;
UPDATE `creature_addon` SET `auras` = '' WHERE `guid` =317367;
UPDATE `creature_addon` SET `auras` = '' WHERE `guid` =317368;
UPDATE `creature_addon` SET `auras` = '' WHERE `guid` =317369;
UPDATE `creature_addon` SET `auras` = '' WHERE `guid` =317370;
UPDATE `creature_addon` SET `auras` = '' WHERE `guid` =317371;
UPDATE `creature_addon` SET `auras` = '' WHERE `guid` =317372;
UPDATE `creature_addon` SET `auras` = '' WHERE `guid` =317373;
UPDATE `creature_addon` SET `auras` = '' WHERE `guid` =317377;
UPDATE `creature_addon` SET `auras` = '' WHERE `guid` =317378;
UPDATE `creature_addon` SET `auras` = '' WHERE `guid` =317379;
UPDATE `creature_addon` SET `auras` = '' WHERE `guid` =317380;
UPDATE `creature_addon` SET `auras` = '' WHERE `guid` =317381;
UPDATE `creature_addon` SET `auras` = '' WHERE `guid` =317382;
UPDATE `creature_addon` SET `auras` = '' WHERE `guid` =317383;
UPDATE `creature_addon` SET `auras` = '' WHERE `guid` =317384;
UPDATE `creature_addon` SET `auras` = '' WHERE `guid` =317385;
UPDATE `creature_addon` SET `auras` = '' WHERE `guid` =317386;
UPDATE `creature_addon` SET `auras` = '' WHERE `guid` =317387;
UPDATE `creature_addon` SET `auras` = '' WHERE `guid` =317388;
UPDATE `creature_addon` SET `auras` = '' WHERE `guid` =317389;
UPDATE `creature_addon` SET `auras` = '' WHERE `guid` =317390;
UPDATE `creature_addon` SET `auras` = '' WHERE `guid` =317391;
UPDATE `creature_addon` SET `auras` = '' WHERE `guid` =317392;
UPDATE `creature_addon` SET `auras` = '' WHERE `guid` =317393;
UPDATE `creature_addon` SET `auras` = '' WHERE `guid` =317394;
UPDATE `creature_addon` SET `auras` = '' WHERE `guid` =317395;
UPDATE `creature_addon` SET `auras` = '' WHERE `guid` =317396;
UPDATE `creature_addon` SET `auras` = '' WHERE `guid` =317397;
UPDATE `creature_addon` SET `auras` = '' WHERE `guid` =317398;
UPDATE `creature_addon` SET `auras` = '' WHERE `guid` =317399;
UPDATE `creature_addon` SET `auras` = '' WHERE `guid` =317400;
UPDATE `creature_addon` SET `auras` = '' WHERE `guid` =317401;
UPDATE `creature_addon` SET `auras` = '' WHERE `guid` =317402;
UPDATE `creature_addon` SET `auras` = '' WHERE `guid` =317403;
UPDATE `creature_addon` SET `auras` = '' WHERE `guid` =317404;
UPDATE `creature_addon` SET `auras` = '' WHERE `guid` =317405;

DELETE FROM `creature_loot_template` WHERE `entry` = 43537;
INSERT INTO `creature_loot_template` (`entry`, `item`, `ChanceOrQuestChance`, `lootmode`, `groupid`, `mincountOrRef`, `maxcount`) VALUES
(43537, '52363', '0.0091', '1', '0', '1', '1'),
(43537, '52364', '0.0045', '1', '0', '1', '1'),
(43537, '52365', '0.0078', '1', '0', '1', '1'),
(43537, '52366', '0.0091', '1', '0', '1', '1'),
(43537, '52367', '0.0091', '1', '0', '1', '1'),
(43537, '52368', '0.013', '1', '0', '1', '1'),
(43537, '52370', '0.0065', '1', '0', '1', '1'),
(43537, '52371', '0.0091', '1', '0', '1', '1'),
(43537, '52372', '0.0052', '1', '0', '1', '1'),
(43537, '52373', '0.0052', '1', '0', '1', '1'),
(43537, '52377', '0.0078', '1', '0', '1', '1'),
(43537, '52378', '0.0078', '1', '0', '1', '1'),
(43537, '52379', '0.0143', '1', '0', '1', '1'),
(43537, '52382', '0.013', '1', '0', '1', '1'),
(43537, '52383', '0.0091', '1', '0', '1', '1'),
(43537, '52388', '0.0045', '1', '0', '1', '1'),
(43537, '52496', '0.0091', '1', '0', '1', '1'),
(43537, '52719', '0.0136', '1', '0', '1', '1'),
(43537, '53010', '36.1', '1', '0', '1', '6'),
(43537, '55283', '0.0233', '1', '0', '1', '1'),
(43537, '55284', '0.0065', '1', '0', '1', '1'),
(43537, '55285', '0.0246', '1', '0', '1', '1'),
(43537, '55286', '0.0337', '1', '0', '1', '1'),
(43537, '55287', '0.0532', '1', '0', '1', '1'),
(43537, '55288', '0.0363', '1', '0', '1', '1'),
(43537, '55292', '0.0298', '1', '0', '1', '1'),
(43537, '55293', '0.0143', '1', '0', '1', '1'),
(43537, '55294', '0.0117', '1', '0', '1', '1'),
(43537, '55295', '0.035', '1', '0', '1', '1'),
(43537, '55296', '0.0337', '1', '0', '1', '1'),
(43537, '55297', '0.0681', '1', '0', '1', '1'),
(43537, '55301', '0.0026', '1', '0', '1', '1'),
(43537, '55302', '0.0026', '1', '0', '1', '1'),
(43537, '55303', '0.0013', '1', '0', '1', '1'),
(43537, '55304', '0.0045', '1', '0', '1', '1'),
(43537, '55305', '0.0104', '1', '0', '1', '1'),
(43537, '55306', '0.0091', '1', '0', '1', '1'),
(43537, '55310', '0.0402', '1', '0', '1', '1'),
(43537, '55311', '0.0311', '1', '0', '1', '1'),
(43537, '55312', '0.0285', '1', '0', '1', '1'),
(43537, '55313', '0.0428', '1', '0', '1', '1'),
(43537, '55314', '0.0318', '1', '0', '1', '1'),
(43537, '55315', '0.0908', '1', '0', '1', '1'),
(43537, '55319', '0.0026', '1', '0', '1', '1'),
(43537, '55320', '0.0039', '1', '0', '1', '1'),
(43537, '55321', '0.0013', '1', '0', '1', '1'),
(43537, '55322', '0.013', '1', '0', '1', '1'),
(43537, '55323', '0.0194', '1', '0', '1', '1'),
(43537, '55328', '0.0246', '1', '0', '1', '1'),
(43537, '55329', '0.0246', '1', '0', '1', '1'),
(43537, '55330', '0.022', '1', '0', '1', '1'),
(43537, '55332', '0.0506', '1', '0', '1', '1'),
(43537, '55333', '0.0363', '1', '0', '1', '1'),
(43537, '55337', '0.0091', '1', '0', '1', '1'),
(43537, '55338', '0.0337', '1', '0', '1', '1'),
(43537, '55339', '0.013', '1', '0', '1', '1'),
(43537, '55340', '0.035', '1', '0', '1', '1'),
(43537, '55341', '0.0136', '1', '0', '1', '1'),
(43537, '55342', '0.0272', '1', '0', '1', '1'),
(43537, '55346', '0.0791', '1', '0', '1', '1'),
(43537, '55347', '0.0169', '1', '0', '1', '1'),
(43537, '55348', '0.0298', '1', '0', '1', '1'),
(43537, '55349', '0.0454', '1', '0', '1', '1'),
(43537, '55350', '0.0454', '1', '0', '1', '1'),
(43537, '55351', '0.0428', '1', '0', '1', '1'),
(43537, '55355', '0.0013', '1', '0', '1', '1'),
(43537, '55356', '0.0065', '1', '0', '1', '1'),
(43537, '55357', '0.0026', '1', '0', '1', '1'),
(43537, '55358', '0.0065', '1', '0', '1', '1'),
(43537, '55359', '0.0104', '1', '0', '1', '1'),
(43537, '55360', '0.0091', '1', '0', '1', '1'),
(43537, '55364', '0.0726', '1', '0', '1', '1'),
(43537, '55365', '0.0376', '1', '0', '1', '1'),
(43537, '55366', '0.057', '1', '0', '1', '1'),
(43537, '55367', '0.0499', '1', '0', '1', '1'),
(43537, '55368', '0.0843', '1', '0', '1', '1'),
(43537, '55369', '0.1167', '1', '0', '1', '1'),
(43537, '55373', '0.0233', '1', '0', '1', '1'),
(43537, '55374', '0.0311', '1', '0', '1', '1'),
(43537, '55375', '0.0311', '1', '0', '1', '1'),
(43537, '55376', '0.0791', '1', '0', '1', '1'),
(43537, '55377', '0.0519', '1', '0', '1', '1'),
(43537, '55378', '0.0318', '1', '0', '1', '1'),
(43537, '55382', '0.0376', '1', '0', '1', '1'),
(43537, '55383', '0.0337', '1', '0', '1', '1'),
(43537, '55384', '0.0298', '1', '0', '1', '1'),
(43537, '55385', '0.0376', '1', '0', '1', '1'),
(43537, '55386', '0.0532', '1', '0', '1', '1'),
(43537, '55387', '0.048', '1', '0', '1', '1'),
(43537, '55391', '0.0143', '1', '0', '1', '1'),
(43537, '55392', '0.0104', '1', '0', '1', '1'),
(43537, '55393', '0.0117', '1', '0', '1', '1'),
(43537, '55394', '0.022', '1', '0', '1', '1'),
(43537, '55395', '0.0227', '1', '0', '1', '1'),
(43537, '55396', '0.0091', '1', '0', '1', '1'),
(43537, '55400', '0.0557', '1', '0', '1', '1'),
(43537, '55401', '0.0752', '1', '0', '1', '1'),
(43537, '55402', '0.0428', '1', '0', '1', '1'),
(43537, '55403', '0.1219', '1', '0', '1', '1'),
(43537, '55404', '0.0817', '1', '0', '1', '1'),
(43537, '55405', '0.1322', '1', '0', '1', '1'),
(43537, '55409', '0.0169', '1', '0', '1', '1'),
(43537, '55410', '0.0181', '1', '0', '1', '1'),
(43537, '55411', '0.0194', '1', '0', '1', '1'),
(43537, '55412', '0.0583', '1', '0', '1', '1'),
(43537, '55413', '0.0285', '1', '0', '1', '1'),
(43537, '55414', '0.0337', '1', '0', '1', '1'),
(43537, '55418', '0.1646', '1', '0', '1', '1'),
(43537, '55419', '0.118', '1', '0', '1', '1'),
(43537, '55420', '0.1556', '1', '0', '1', '1'),
(43537, '55421', '0.1854', '1', '0', '1', '1'),
(43537, '55422', '0.2709', '1', '0', '1', '1'),
(43537, '55423', '0.2269', '1', '0', '1', '1'),
(43537, '55427', '0.0259', '1', '0', '1', '1'),
(43537, '55428', '0.022', '1', '0', '1', '1'),
(43537, '55429', '0.0104', '1', '0', '1', '1'),
(43537, '55430', '0.0402', '1', '0', '1', '1'),
(43537, '55431', '0.0687', '1', '0', '1', '1'),
(43537, '55432', '0.0318', '1', '0', '1', '1'),
(43537, '55436', '0.1011', '1', '0', '1', '1'),
(43537, '55437', '0.1063', '1', '0', '1', '1'),
(43537, '55438', '0.0895', '1', '0', '1', '1'),
(43537, '55439', '0.1543', '1', '0', '1', '1'),
(43537, '55440', '0.175', '1', '0', '1', '1'),
(43537, '55441', '0.2009', '1', '0', '1', '1'),
(43537, '55445', '0.0169', '1', '0', '1', '1'),
(43537, '55446', '0.0039', '1', '0', '1', '1'),
(43537, '55447', '0.013', '1', '0', '1', '1'),
(43537, '55448', '0.0227', '1', '0', '1', '1'),
(43537, '55449', '0.0324', '1', '0', '1', '1'),
(43537, '55450', '0.0227', '1', '0', '1', '1'),
(43537, '55454', '0.0181', '1', '0', '1', '1'),
(43537, '55455', '0.0259', '1', '0', '1', '1'),
(43537, '55456', '0.0285', '1', '0', '1', '1'),
(43537, '55457', '0.0583', '1', '0', '1', '1'),
(43537, '55458', '0.092', '1', '0', '1', '1'),
(43537, '55459', '0.059', '1', '0', '1', '1'),
(43537, '55463', '0.0143', '1', '0', '1', '1'),
(43537, '55464', '0.0143', '1', '0', '1', '1'),
(43537, '55465', '0.0324', '1', '0', '1', '1'),
(43537, '55466', '0.0182', '1', '0', '1', '1'),
(43537, '55467', '0.0298', '1', '0', '1', '1'),
(43537, '55468', '0.0259', '1', '0', '1', '1'),
(43537, '55472', '0.0052', '1', '0', '1', '1'),
(43537, '55473', '0.0013', '1', '0', '1', '1'),
(43537, '55474', '0.0026', '1', '0', '1', '1'),
(43537, '55477', '0.0065', '1', '0', '1', '1'),
(43537, '55481', '0.0532', '1', '0', '1', '1'),
(43537, '55482', '0.0946', '1', '0', '1', '1'),
(43537, '55483', '0.0557', '1', '0', '1', '1'),
(43537, '55484', '0.1309', '1', '0', '1', '1'),
(43537, '55485', '0.0953', '1', '0', '1', '1'),
(43537, '55486', '0.1044', '1', '0', '1', '1'),
(43537, '55490', '0.0648', '1', '0', '1', '1'),
(43537, '55491', '0.0337', '1', '0', '1', '1'),
(43537, '55492', '0.0441', '1', '0', '1', '1'),
(43537, '55493', '0.0946', '1', '0', '1', '1'),
(43537, '55494', '0.0499', '1', '0', '1', '1'),
(43537, '55495', '0.0895', '1', '0', '1', '1'),
(43537, '55499', '0.0532', '1', '0', '1', '1'),
(43537, '55500', '0.0389', '1', '0', '1', '1'),
(43537, '55501', '0.0311', '1', '0', '1', '1'),
(43537, '55502', '0.0596', '1', '0', '1', '1'),
(43537, '55503', '0.0681', '1', '0', '1', '1'),
(43537, '55504', '0.0739', '1', '0', '1', '1'),
(43537, '55508', '0.0557', '1', '0', '1', '1'),
(43537, '55509', '0.0311', '1', '0', '1', '1'),
(43537, '55510', '0.0454', '1', '0', '1', '1'),
(43537, '55511', '0.083', '1', '0', '1', '1'),
(43537, '55512', '0.083', '1', '0', '1', '1'),
(43537, '55513', '0.0765', '1', '0', '1', '1'),
(43537, '55517', '0.07', '1', '0', '1', '1'),
(43537, '55518', '0.1517', '1', '0', '1', '1'),
(43537, '55519', '0.0376', '1', '0', '1', '1'),
(43537, '55520', '0.07', '1', '0', '1', '1'),
(43537, '55521', '0.0817', '1', '0', '1', '1'),
(43537, '55522', '0.0765', '1', '0', '1', '1'),
(43537, '55526', '0.0454', '1', '0', '1', '1'),
(43537, '55527', '0.0544', '1', '0', '1', '1'),
(43537, '55528', '0.0519', '1', '0', '1', '1'),
(43537, '55529', '0.083', '1', '0', '1', '1'),
(43537, '55530', '0.0765', '1', '0', '1', '1'),
(43537, '55531', '0.1024', '1', '0', '1', '1'),
(43537, '55535', '0.0428', '1', '0', '1', '1'),
(43537, '55536', '0.0311', '1', '0', '1', '1'),
(43537, '55537', '0.0298', '1', '0', '1', '1'),
(43537, '55538', '0.1011', '1', '0', '1', '1'),
(43537, '55539', '0.1024', '1', '0', '1', '1'),
(43537, '55540', '0.059', '1', '0', '1', '1'),
(43537, '55544', '0.0441', '1', '0', '1', '1'),
(43537, '55545', '0.0402', '1', '0', '1', '1'),
(43537, '55546', '0.0544', '1', '0', '1', '1'),
(43537, '55547', '0.0661', '1', '0', '1', '1'),
(43537, '55548', '0.0907', '1', '0', '1', '1'),
(43537, '55549', '0.0998', '1', '0', '1', '1'),
(43537, '55553', '0.0726', '1', '0', '1', '1'),
(43537, '55554', '0.0402', '1', '0', '1', '1'),
(43537, '55555', '0.0389', '1', '0', '1', '1'),
(43537, '55556', '0.0856', '1', '0', '1', '1'),
(43537, '55557', '0.0869', '1', '0', '1', '1'),
(43537, '55558', '0.0752', '1', '0', '1', '1'),
(43537, '55562', '0.0337', '1', '0', '1', '1'),
(43537, '55563', '0.0467', '1', '0', '1', '1'),
(43537, '55564', '0.0428', '1', '0', '1', '1'),
(43537, '55565', '0.0687', '1', '0', '1', '1'),
(43537, '55566', '0.0843', '1', '0', '1', '1'),
(43537, '55567', '0.0545', '1', '0', '1', '1'),
(43537, '55571', '0.0298', '1', '0', '1', '1'),
(43537, '55572', '0.0467', '1', '0', '1', '1'),
(43537, '55573', '0.0557', '1', '0', '1', '1'),
(43537, '55575', '0.0454', '1', '0', '1', '1'),
(43537, '55576', '0.0635', '1', '0', '1', '1'),
(43537, '55580', '0.0324', '1', '0', '1', '1'),
(43537, '55581', '0.0389', '1', '0', '1', '1'),
(43537, '55582', '0.0285', '1', '0', '1', '1'),
(43537, '55583', '0.0882', '1', '0', '1', '1'),
(43537, '55584', '0.0713', '1', '0', '1', '1'),
(43537, '55585', '0.0726', '1', '0', '1', '1'),
(43537, '55589', '0.0713', '1', '0', '1', '1'),
(43537, '55590', '0.0544', '1', '0', '1', '1'),
(43537, '55591', '0.0544', '1', '0', '1', '1'),
(43537, '55592', '0.0869', '1', '0', '1', '1'),
(43537, '55593', '0.059', '1', '0', '1', '1'),
(43537, '55594', '0.0856', '1', '0', '1', '1'),
(43537, '55598', '0.0363', '1', '0', '1', '1'),
(43537, '55599', '0.0467', '1', '0', '1', '1'),
(43537, '55600', '0.0609', '1', '0', '1', '1'),
(43537, '55601', '0.0791', '1', '0', '1', '1'),
(43537, '55602', '0.0998', '1', '0', '1', '1'),
(43537, '55603', '0.0772', '1', '0', '1', '1'),
(43537, '55607', '0.0428', '1', '0', '1', '1'),
(43537, '55608', '0.057', '1', '0', '1', '1'),
(43537, '55609', '0.0674', '1', '0', '1', '1'),
(43537, '55610', '0.083', '1', '0', '1', '1'),
(43537, '55611', '0.092', '1', '0', '1', '1'),
(43537, '55612', '0.1309', '1', '0', '1', '1'),
(43537, '55616', '0.0557', '1', '0', '1', '1'),
(43537, '55617', '0.0454', '1', '0', '1', '1'),
(43537, '55618', '0.048', '1', '0', '1', '1'),
(43537, '55619', '0.0804', '1', '0', '1', '1'),
(43537, '55620', '0.0804', '1', '0', '1', '1'),
(43537, '55621', '0.0778', '1', '0', '1', '1'),
(43537, '55625', '0.0454', '1', '0', '1', '1'),
(43537, '55626', '0.0532', '1', '0', '1', '1'),
(43537, '55627', '0.0428', '1', '0', '1', '1'),
(43537, '55628', '0.0596', '1', '0', '1', '1'),
(43537, '55629', '0.0908', '1', '0', '1', '1'),
(43537, '55630', '0.0726', '1', '0', '1', '1'),
(43537, '55634', '0.057', '1', '0', '1', '1'),
(43537, '55635', '0.0609', '1', '0', '1', '1'),
(43537, '55636', '0.0389', '1', '0', '1', '1'),
(43537, '55637', '0.0557', '1', '0', '1', '1'),
(43537, '55638', '0.0778', '1', '0', '1', '1'),
(43537, '55639', '0.0726', '1', '0', '1', '1'),
(43537, '55643', '0.0428', '1', '0', '1', '1'),
(43537, '55644', '0.0324', '1', '0', '1', '1'),
(43537, '55645', '0.0363', '1', '0', '1', '1'),
(43537, '55646', '0.0681', '1', '0', '1', '1'),
(43537, '55647', '0.0713', '1', '0', '1', '1'),
(43537, '55648', '0.0862', '1', '0', '1', '1'),
(43537, '55652', '0.0609', '1', '0', '1', '1'),
(43537, '55653', '0.0765', '1', '0', '1', '1'),
(43537, '55654', '0.0519', '1', '0', '1', '1'),
(43537, '55655', '0.0499', '1', '0', '1', '1'),
(43537, '55656', '0.0765', '1', '0', '1', '1'),
(43537, '55657', '0.0363', '1', '0', '1', '1'),
(43537, '55661', '0.0454', '1', '0', '1', '1'),
(43537, '55662', '0.0441', '1', '0', '1', '1'),
(43537, '55663', '0.0441', '1', '0', '1', '1'),
(43537, '55664', '0.1225', '1', '0', '1', '1'),
(43537, '55665', '0.0791', '1', '0', '1', '1'),
(43537, '55666', '0.0946', '1', '0', '1', '1'),
(43537, '55670', '0.0441', '1', '0', '1', '1'),
(43537, '55671', '0.0583', '1', '0', '1', '1'),
(43537, '55672', '0.0519', '1', '0', '1', '1'),
(43537, '55673', '0.0765', '1', '0', '1', '1'),
(43537, '55674', '0.0635', '1', '0', '1', '1'),
(43537, '55675', '0.0985', '1', '0', '1', '1'),
(43537, '55679', '0.0467', '1', '0', '1', '1'),
(43537, '55680', '0.0519', '1', '0', '1', '1'),
(43537, '55681', '0.0298', '1', '0', '1', '1'),
(43537, '55682', '0.0791', '1', '0', '1', '1'),
(43537, '55683', '0.0778', '1', '0', '1', '1'),
(43537, '55684', '0.1076', '1', '0', '1', '1'),
(43537, '55688', '0.0583', '1', '0', '1', '1'),
(43537, '55689', '0.0467', '1', '0', '1', '1'),
(43537, '55690', '0.0402', '1', '0', '1', '1'),
(43537, '55691', '0.0946', '1', '0', '1', '1'),
(43537, '55692', '0.083', '1', '0', '1', '1'),
(43537, '55693', '0.0856', '1', '0', '1', '1'),
(43537, '55697', '0.0298', '1', '0', '1', '1'),
(43537, '55698', '0.0674', '1', '0', '1', '1'),
(43537, '55699', '0.0337', '1', '0', '1', '1'),
(43537, '55700', '0.0635', '1', '0', '1', '1'),
(43537, '55701', '0.0765', '1', '0', '1', '1'),
(43537, '55702', '0.059', '1', '0', '1', '1'),
(43537, '55706', '0.0246', '1', '0', '1', '1'),
(43537, '55707', '0.1024', '1', '0', '1', '1'),
(43537, '55708', '0.0532', '1', '0', '1', '1'),
(43537, '55709', '0.1024', '1', '0', '1', '1'),
(43537, '55710', '0.118', '1', '0', '1', '1'),
(43537, '55711', '0.0953', '1', '0', '1', '1'),
(43537, '55715', '0.057', '1', '0', '1', '1'),
(43537, '55716', '0.0687', '1', '0', '1', '1'),
(43537, '55717', '0.0778', '1', '0', '1', '1'),
(43537, '55718', '0.1141', '1', '0', '1', '1'),
(43537, '55719', '0.0817', '1', '0', '1', '1'),
(43537, '55720', '0.1089', '1', '0', '1', '1'),
(43537, '55724', '0.0687', '1', '0', '1', '1'),
(43537, '55725', '0.0635', '1', '0', '1', '1'),
(43537, '55726', '0.0609', '1', '0', '1', '1'),
(43537, '55727', '0.0895', '1', '0', '1', '1'),
(43537, '55728', '0.1543', '1', '0', '1', '1'),
(43537, '55729', '0.1225', '1', '0', '1', '1'),
(43537, '55733', '0.0467', '1', '0', '1', '1'),
(43537, '55734', '0.0765', '1', '0', '1', '1'),
(43537, '55735', '0.0454', '1', '0', '1', '1'),
(43537, '55736', '0.1141', '1', '0', '1', '1'),
(43537, '55737', '0.14', '1', '0', '1', '1'),
(43537, '55738', '0.0953', '1', '0', '1', '1'),
(43537, '55742', '0.0648', '1', '0', '1', '1'),
(43537, '55743', '0.0895', '1', '0', '1', '1'),
(43537, '55744', '0.0726', '1', '0', '1', '1'),
(43537, '55745', '0.1322', '1', '0', '1', '1'),
(43537, '55746', '0.118', '1', '0', '1', '1'),
(43537, '55747', '0.0908', '1', '0', '1', '1'),
(43537, '55751', '0.0739', '1', '0', '1', '1'),
(43537, '55752', '0.0635', '1', '0', '1', '1'),
(43537, '55753', '0.0856', '1', '0', '1', '1'),
(43537, '55754', '0.1076', '1', '0', '1', '1'),
(43537, '55755', '0.1452', '1', '0', '1', '1'),
(43537, '55756', '0.0862', '1', '0', '1', '1'),
(43537, '55760', '0.07', '1', '0', '1', '1'),
(43537, '55761', '0.0648', '1', '0', '1', '1'),
(43537, '55762', '0.0752', '1', '0', '1', '1'),
(43537, '55763', '0.1193', '1', '0', '1', '1'),
(43537, '55764', '0.1387', '1', '0', '1', '1'),
(43537, '55765', '0.1219', '1', '0', '1', '1'),
(43537, '55769', '0.0519', '1', '0', '1', '1'),
(43537, '55770', '0.0532', '1', '0', '1', '1'),
(43537, '55771', '0.0687', '1', '0', '1', '1'),
(43537, '55772', '0.0869', '1', '0', '1', '1'),
(43537, '55773', '0.1024', '1', '0', '1', '1'),
(43537, '55774', '0.1543', '1', '0', '1', '1'),
(43537, '55822', '1.2134', '1', '0', '1', '1'),
(43537, '55823', '1.2225', '1', '0', '1', '1'),
(43537, '55824', '1.2005', '1', '0', '1', '1'),
(43537, '58256', '4.4025', '1', '0', '1', '1'),
(43537, '58268', '7.9933', '1', '0', '1', '1'),
(43537, '58269', '0.0021', '1', '0', '1', '1'),
(43537, '62063', '0.3189', '1', '0', '1', '1'),
(43537, '62064', '0.3747', '1', '0', '1', '1'),
(43537, '62065', '0.4252', '1', '0', '1', '1'),
(43537, '62066', '0.341', '1', '0', '1', '1'),
(43537, '62067', '0.4187', '1', '0', '1', '1'),
(43537, '62068', '0.4019', '1', '0', '1', '1'),
(43537, '62069', '0.3448', '1', '0', '1', '1'),
(43537, '62070', '0.3902', '1', '0', '1', '1'),
(43537, '62071', '0.3928', '1', '0', '1', '1'),
(43537, '62072', '0.3461', '1', '0', '1', '1'),
(43537, '62073', '0.258', '1', '0', '1', '1'),
(43537, '62074', '0.2658', '1', '0', '1', '1'),
(43537, '62075', '0.2606', '1', '0', '1', '1'),
(43537, '62076', '0.4006', '1', '0', '1', '1'),
(43537, '62077', '0.2839', '1', '0', '1', '1'),
(43537, '62078', '0.2709', '1', '0', '1', '1'),
(43537, '62079', '0.3008', '1', '0', '1', '1'),
(43537, '62080', '0.3604', '1', '0', '1', '1'),
(43537, '62081', '0.3332', '1', '0', '1', '1'),
(43537, '62082', '0.245', '1', '0', '1', '1'),
(43537, '62083', '0.3643', '1', '0', '1', '1'),
(43537, '62084', '0.2567', '1', '0', '1', '1'),
(43537, '62085', '0.2813', '1', '0', '1', '1'),
(43537, '62086', '0.2748', '1', '0', '1', '1'),
(43537, '62087', '0.3008', '1', '0', '1', '1'),
(43537, '62088', '0.3059', '1', '0', '1', '1'),
(43537, '62089', '0.3047', '1', '0', '1', '1'),
(43537, '62090', '0.2956', '1', '0', '1', '1'),
(43537, '62091', '0.2684', '1', '0', '1', '1'),
(43537, '62092', '0.3085', '1', '0', '1', '1'),
(43537, '62093', '0.2554', '1', '0', '1', '1'),
(43537, '62094', '0.2165', '1', '0', '1', '1'),
(43537, '62095', '0.1996', '1', '0', '1', '1'),
(43537, '62096', '0.3332', '1', '0', '1', '1'),
(43537, '62097', '0.3163', '1', '0', '1', '1'),
(43537, '62098', '0.2697', '1', '0', '1', '1'),
(43537, '62099', '0.2411', '1', '0', '1', '1'),
(43537, '62100', '0.2074', '1', '0', '1', '1'),
(43537, '62101', '0.2398', '1', '0', '1', '1'),
(43537, '62102', '0.2658', '1', '0', '1', '1'),
(43537, '62103', '0.2009', '1', '0', '1', '1'),
(43537, '62104', '0.2282', '1', '0', '1', '1'),
(43537, '62105', '0.0972', '1', '0', '1', '1'),
(43537, '62106', '0.0862', '1', '0', '1', '1'),
(43537, '62107', '0.1011', '1', '0', '1', '1'),
(43537, '62108', '0.0953', '1', '0', '1', '1'),
(43537, '62109', '0.0862', '1', '0', '1', '1'),
(43537, '62110', '0.0907', '1', '0', '1', '1'),
(43537, '62112', '0.1089', '1', '0', '1', '1'),
(43537, '62113', '0.0817', '1', '0', '1', '1'),
(43537, '62115', '0.0726', '1', '0', '1', '1'),
(43537, '62116', '0.1206', '1', '0', '1', '1'),
(43537, '62117', '0.1044', '1', '0', '1', '1'),
(43537, '62118', '0.0908', '1', '0', '1', '1'),
(43537, '62119', '0.0726', '1', '0', '1', '1'),
(43537, '62121', '0.0985', '1', '0', '1', '1'),
(43537, '62122', '0.0726', '1', '0', '1', '1'),
(43537, '62123', '0.1271', '1', '0', '1', '1'),
(43537, '62125', '0.0972', '1', '0', '1', '1'),
(43537, '62126', '0.0681', '1', '0', '1', '1'),
(43537, '62127', '0.0817', '1', '0', '1', '1'),
(43537, '62128', '0.1063', '1', '0', '1', '1'),
(43537, '62129', '0.0946', '1', '0', '1', '1'),
(43537, '62131', '0.0908', '1', '0', '1', '1'),
(43537, '62132', '0.0933', '1', '0', '1', '1'),
(43537, '62133', '0.0817', '1', '0', '1', '1'),
(43537, '62134', '0.1115', '1', '0', '1', '1'),
(43537, '62135', '0.0681', '1', '0', '1', '1'),
(43537, '62136', '0.0817', '1', '0', '1', '1'),
(43537, '63291', '0.0143', '1', '0', '1', '1'),
(43537, '63300', '13.8934', '1', '0', '1', '1'),
(43537, '63310', '0.0039', '1', '0', '1', '1'),
(43537, '63316', '0.0026', '1', '0', '1', '1'),
(43537, '63317', '0.0091', '1', '0', '1', '1'),
(43537, '63318', '1.2924', '1', '0', '1', '1'),
(43537, '63348', '0.0143', '1', '0', '1', '1'),
(43537, '63349', '0.0318', '1', '0', '1', '1'),
(43537, '66882', '0.0039', '1', '0', '1', '1'),
(43537, '66895', '0.0013', '1', '0', '1', '1'),
(43537, '66904', '0.0013', '1', '0', '1', '1'),
(43537, '66912', '0.0065', '1', '0', '1', '1'),
(43537, '66916', '0.0013', '1', '0', '1', '1'),
(43537, '66920', '0.0026', '1', '0', '1', '1'),
(43537, '66924', '0.0039', '1', '0', '1', '1'),
(43537, '66931', '0.0117', '1', '0', '1', '1'),
(43537, '66932', '0.0045', '1', '0', '1', '1'),
(43537, '66940', '0.0052', '1', '0', '1', '1'),
(43537, '66941', '0.0045', '1', '0', '1', '1'),
(43537, '66942', '0.0052', '1', '0', '1', '1'),
(43537, '66956', '0.0052', '1', '0', '1', '1'),
(43537, '66957', '0.0026', '1', '0', '1', '1'),
(43537, '66958', '0.0026', '1', '0', '1', '1'),
(43537, '66959', '0.0091', '1', '0', '1', '1'),
(43537, '66962', '0.0026', '1', '0', '1', '1'),
(43537, '66964', '0.0026', '1', '0', '1', '1'),
(43537, '66965', '0.0013', '1', '0', '1', '1'),
(43537, '66966', '0.0013', '1', '0', '1', '1'),
(43537, '66968', '0.0065', '1', '0', '1', '1'),
(43537, '66969', '0.0065', '1', '0', '1', '1'),
(43537, '66970', '0.013', '1', '0', '1', '1'),
(43537, '66971', '0.0065', '1', '0', '1', '1'),
(43537, '66972', '0.0078', '1', '0', '1', '1'),
(43537, '66973', '0.0104', '1', '0', '1', '1'),
(43537, '66974', '0.0052', '1', '0', '1', '1'),
(43537, '66975', '0.0415', '1', '0', '1', '1'),
(43537, '66976', '0.0091', '1', '0', '1', '1'),
(43537, '66981', '0.0013', '1', '0', '1', '1'),
(43537, '66982', '0.0026', '1', '0', '1', '1'),
(43537, '66983', '0.0207', '1', '0', '1', '1'),
(43537, '66984', '0.0026', '1', '0', '1', '1'),
(43537, '66987', '0.0104', '1', '0', '1', '1'),
(43537, '66988', '0.0013', '1', '0', '1', '1'),
(43537, '66989', '0.0052', '1', '0', '1', '1'),
(43537, '66991', '0.0091', '1', '0', '1', '1'),
(43537, '66992', '0.0045', '1', '0', '1', '1'),
(43537, '67037', '0.0013', '1', '0', '1', '1'),
(43537, '67043', '0.0026', '1', '0', '1', '1'),
(43537, '67045', '0.0052', '1', '0', '1', '1'),
(43537, '67050', '0.0013', '1', '0', '1', '1'),
(43537, '67051', '0.0039', '1', '0', '1', '1'),
(43537, '67052', '0.0039', '1', '0', '1', '1'),
(43537, '67057', '0.0039', '1', '0', '1', '1'),
(43537, '67059', '0.0052', '1', '0', '1', '1'),
(43537, '67061', '0.0078', '1', '0', '1', '1'),
(43537, '67067', '0.0143', '1', '0', '1', '1'),
(43537, '67069', '0.0078', '1', '0', '1', '1'),
(43537, '67071', '0.0078', '1', '0', '1', '1'),
(43537, '67103', '0.0013', '1', '0', '1', '1'),
(43537, '67104', '0.0013', '1', '0', '1', '1'),
(43537, '67105', '0.0026', '1', '0', '1', '1'),
(43537, '67110', '0.0039', '1', '0', '1', '1'),
(43537, '67111', '0.0026', '1', '0', '1', '1'),
(43537, '67112', '0.0013', '1', '0', '1', '1'),
(43537, '67114', '0.0013', '1', '0', '1', '1'),
(43537, '67115', '0.0026', '1', '0', '1', '1'),
(43537, '67116', '0.0013', '1', '0', '1', '1'),
(43537, '67117', '0.0026', '1', '0', '1', '1'),
(43537, '67118', '0.0026', '1', '0', '1', '1'),
(43537, '67119', '0.0169', '1', '0', '1', '1'),
(43537, '67120', '0.0052', '1', '0', '1', '1'),
(43537, '67121', '0.0078', '1', '0', '1', '1'),
(43537, '67122', '0.0143', '1', '0', '1', '1'),
(43537, '67123', '0.0117', '1', '0', '1', '1'),
(43537, '67125', '0.0052', '1', '0', '1', '1'),
(43537, '67126', '0.0104', '1', '0', '1', '1'),
(43537, '67129', '0.0026', '1', '0', '1', '1'),
(43537, '67130', '0.0013', '1', '0', '1', '1'),
(43537, '67131', '0.0013', '1', '0', '1', '1'),
(43537, '67132', '0.0026', '1', '0', '1', '1'),
(43537, '67133', '0.0013', '1', '0', '1', '1'),
(43537, '67135', '0.0013', '1', '0', '1', '1'),
(43537, '67137', '0.0039', '1', '0', '1', '1'),
(43537, '67140', '0.0026', '1', '0', '1', '1'),
(43537, '67143', '0.0013', '1', '0', '1', '1'),
(43537, '67144', '0.0026', '1', '0', '1', '1'),
(43537, '67145', '0.0026', '1', '0', '1', '1'),
(43537, '67146', '0.0039', '1', '0', '1', '1'),
(43537, '67147', '0.0013', '1', '0', '1', '1'),
(43537, '67148', '0.0013', '1', '0', '1', '1'),
(43537, '67149', '0.0039', '1', '0', '1', '1'),
(43537, '67150', '0.0026', '1', '0', '1', '1'),
(43537, '68197', '3.8', '1', '0', '1', '2'),
(43537, '68198', '12.2', '1', '0', '1', '2'),
(43537, '68729', '0.6443', '1', '0', '1', '1'),
(43537, '68781', '0.0026', '1', '0', '1', '1'),
(43537, '68783', '0.0026', '1', '0', '1', '1'),
(43537, '68787', '0.0078', '1', '0', '1', '1'),
(43537, '68788', '0.0039', '1', '0', '1', '1'),
(43537, '68789', '0.0026', '1', '0', '1', '1'),
(43537, '69820', '0.0026', '1', '0', '1', '1');


DELETE FROM `creature_loot_template` WHERE `entry` = 43438;
INSERT INTO `creature_loot_template` (`entry`, `item`, `ChanceOrQuestChance`, `lootmode`, `groupid`, `mincountOrRef`, `maxcount`) VALUES
(43438, '55792', '0', '1', '1', '1', '1'),
(43438, '55793', '0', '1', '1', '1', '1'),
(43438, '55794', '0', '1', '1', '1', '1'),
(43438, '55795', '0', '1', '1', '1', '1'),
(43438, '55796', '0', '1', '1', '1', '1');


DELETE FROM `creature_loot_template` WHERE `entry` = 49642;
INSERT INTO `creature_loot_template` (`entry`, `item`, `ChanceOrQuestChance`, `lootmode`, `groupid`, `mincountOrRef`, `maxcount`) VALUES
(49642, '52506', '-100', '1', '0', '1', '1'),
(49642, '56328', '0', '1', '1', '1', '1'),
(49642, '56329', '0', '1', '1', '1', '1'),
(49642, '56330', '0', '1', '1', '1', '1'),
(49642, '56331', '0', '1', '1', '1', '1'),
(49642, '56332', '0', '1', '1', '1', '1'),
(49642, '71213', '0', '1', '2', '1', '1'),
(49642, '71218', '0', '1', '2', '1', '1'),
(49642, '71265', '0', '1', '2', '1', '1');


DELETE FROM `skinning_loot_template` WHERE `entry` = 43214;
INSERT INTO `skinning_loot_template` (`entry`, `item`, `ChanceOrQuestChance`, `lootmode`, `groupid`, `mincountOrRef`, `maxcount`) VALUES
(43214, '52976', '89.4257', '1', '0', '1', '1'),
(43214, '52979', '51.6864', '1', '0', '1', '1');


DELETE FROM `skinning_loot_template` WHERE `entry` = 42188;
INSERT INTO `skinning_loot_template` (`entry`, `item`, `ChanceOrQuestChance`, `lootmode`, `groupid`, `mincountOrRef`, `maxcount`) VALUES
(42188, '52177', '21.3923', '1', '0', '1', '1'),
(42188, '52178', '20.9305', '1', '0', '1', '1'),
(42188, '52179', '20.1916', '1', '0', '1', '1'),
(42188, '52180', '20.0185', '1', '0', '1', '1'),
(42188, '52181', '21.2768', '1', '0', '1', '1'),
(42188, '52182', '19.8684', '1', '0', '1', '1'),
(42188, '60485', '80.351', '1', '0', '1', '1'),
(42188, '60486', '19.0834', '1', '0', '1', '1');


DELETE FROM `skinning_loot_template` WHERE `entry` = 42808;
INSERT INTO `skinning_loot_template` (`entry`, `item`, `ChanceOrQuestChance`, `lootmode`, `groupid`, `mincountOrRef`, `maxcount`) VALUES
(42808, '52976', '85.2394', '1', '0', '1', '1'),
(42808, '52977', '43.5268', '1', '0', '1', '1');

DELETE FROM `skinning_loot_template` WHERE `entry` = 43438;
INSERT INTO `skinning_loot_template` (`entry`, `item`, `ChanceOrQuestChance`, `lootmode`, `groupid`, `mincountOrRef`, `maxcount`) VALUES
(43438, '52185', '5.1356', '1', '0', '1', '1'),
(43438, '52327', '11.2572', '1', '0', '1', '1'),
(43438, '60486', '83.6072', '1', '0', '1', '1');


DELETE FROM `pickpocketing_loot_template` WHERE `entry` = 42188;
INSERT INTO `pickpocketing_loot_template` (`entry`, `item`, `ChanceOrQuestChance`, `lootmode`, `groupid`, `mincountOrRef`, `maxcount`) VALUES
(42188, '52177', '45.0766', '1', '0', '1', '2'),
(42188, '52178', '44.6389', '1', '0', '1', '2'),
(42188, '52179', '35.2298', '1', '0', '1', '2'),
(42188, '52180', '38.512', '1', '0', '1', '1'),
(42188, '52181', '42.8884', '1', '0', '1', '2'),
(42188, '52182', '38.512', '1', '0', '1', '2'),
(42188, '60485', '100', '1', '0', '1', '1'),
(42188, '60486', '35.2298', '1', '0', '1', '1');


DELETE FROM `pickpocketing_loot_template` WHERE `entry` = 42808;
INSERT INTO `pickpocketing_loot_template` (`entry`, `item`, `ChanceOrQuestChance`, `lootmode`, `groupid`, `mincountOrRef`, `maxcount`) VALUES
(42808, '52976', '100', '1', '0', '1', '8'),
(42808, '52977', '100', '1', '0', '1', '8');


DELETE FROM `pickpocketing_loot_template` WHERE `entry` = 42692;
INSERT INTO `pickpocketing_loot_template` (`entry`, `item`, `ChanceOrQuestChance`, `lootmode`, `groupid`, `mincountOrRef`, `maxcount`) VALUES
(42692, '58269', '18.7929', '1', '0', '1', '1'),
(42692, '63291', '21.7899', '1', '0', '1', '1'),
(42692, '63300', '8.3658', '1', '0', '1', '1'),
(42692, '63310', '11.0895', '1', '0', '1', '1'),
(42692, '63316', '1.3619', '1', '0', '1', '1'),
(42692, '63317', '19.2607', '1', '0', '1', '1'),
(42692, '63318', '1.1673', '1', '0', '1', '1'),
(42692, '63348', '23.7354', '1', '0', '1', '1'),
(42692, '63349', '45.1613', '1', '0', '1', '1');

DELETE FROM `pickpocketing_loot_template` WHERE `entry` = 42696;
INSERT INTO `pickpocketing_loot_template` (`entry`, `item`, `ChanceOrQuestChance`, `lootmode`, `groupid`, `mincountOrRef`, `maxcount`) VALUES
(42696, '58269', '17.1251', '1', '0', '1', '1'),
(42696, '63291', '22.2475', '1', '0', '1', '1'),
(42696, '63300', '8.0917', '1', '0', '1', '1'),
(42696, '63310', '10.3468', '1', '0', '1', '1'),
(42696, '63316', '1.6487', '1', '0', '1', '1'),
(42696, '63317', '21.7169', '1', '0', '1', '1'),
(42696, '63318', '1.137', '1', '0', '1', '1'),
(42696, '63348', '23.0055', '1', '0', '1', '1'),
(42696, '63349', '46.6093', '1', '0', '1', '1');


DELETE FROM `pickpocketing_loot_template` WHERE `entry` = 42691;
INSERT INTO `pickpocketing_loot_template` (`entry`, `item`, `ChanceOrQuestChance`, `lootmode`, `groupid`, `mincountOrRef`, `maxcount`) VALUES
(42691, '58269', '17.6372', '1', '0', '1', '1'),
(42691, '63291', '22.262', '1', '0', '1', '1'),
(42691, '63300', '13.3971', '1', '0', '1', '1'),
(42691, '63310', '10.8722', '1', '0', '1', '1'),
(42691, '63316', '2.1505', '1', '0', '1', '1'),
(42691, '63317', '22.6205', '1', '0', '1', '1'),
(42691, '63318', '1.1549', '1', '0', '1', '1'),
(42691, '63348', '21.9833', '1', '0', '1', '1'),
(42691, '63349', '44.4976', '1', '0', '1', '1');


DELETE FROM `pickpocketing_loot_template` WHERE `entry` = 42789;
INSERT INTO `pickpocketing_loot_template` (`entry`, `item`, `ChanceOrQuestChance`, `lootmode`, `groupid`, `mincountOrRef`, `maxcount`) VALUES
(42789, '58269', '22.2222', '1', '0', '1', '1'),
(42789, '63291', '22.2222', '1', '0', '1', '1'),
(42789, '63317', '77.7778', '1', '0', '1', '1'),
(42789, '63348', '33.3333', '1', '0', '1', '1');


DELETE FROM `pickpocketing_loot_template` WHERE `entry` = 42695;
INSERT INTO `pickpocketing_loot_template` (`entry`, `item`, `ChanceOrQuestChance`, `lootmode`, `groupid`, `mincountOrRef`, `maxcount`) VALUES
(42695, '55536', '0.2012', '1', '0', '1', '1'),
(42695, '58269', '16.6667', '1', '0', '1', '1'),
(42695, '62116', '0.2012', '1', '0', '1', '1'),
(42695, '63291', '22.334', '1', '0', '1', '1'),
(42695, '63300', '8.6519', '1', '0', '1', '1'),
(42695, '63310', '9.6579', '1', '0', '1', '1'),
(42695, '63316', '1.8109', '1', '0', '1', '1'),
(42695, '63317', '21.9316', '1', '0', '1', '1'),
(42695, '63318', '1.8109', '1', '0', '1', '1'),
(42695, '63348', '22.1328', '1', '0', '1', '1'),
(42695, '63349', '24.3461', '1', '0', '1', '1');


DELETE FROM `pickpocketing_loot_template` WHERE `entry` = 43430;
INSERT INTO `pickpocketing_loot_template` (`entry`, `item`, `ChanceOrQuestChance`, `lootmode`, `groupid`, `mincountOrRef`, `maxcount`) VALUES
(43430, '58269', '19.1648', '1', '0', '1', '1'),
(43430, '63291', '22.3711', '1', '0', '1', '1'),
(43430, '63300', '13.1944', '1', '0', '1', '1'),
(43430, '63310', '12.0103', '1', '0', '1', '1'),
(43430, '63316', '2.0103', '1', '0', '1', '1'),
(43430, '63317', '20.4124', '1', '0', '1', '1'),
(43430, '63318', '0.8247', '1', '0', '1', '1'),
(43430, '63348', '22.0619', '1', '0', '1', '1'),
(43430, '63349', '41.3194', '1', '0', '1', '1');


DELETE FROM `pickpocketing_loot_template` WHERE `entry` = 43537;
INSERT INTO `pickpocketing_loot_template` (`entry`, `item`, `ChanceOrQuestChance`, `lootmode`, `groupid`, `mincountOrRef`, `maxcount`) VALUES
(43537, '58269', '16.644', '1', '0', '1', '1'),
(43537, '63291', '22.558', '1', '0', '1', '1'),
(43537, '63300', '13.8934', '1', '0', '1', '1'),
(43537, '63310', '10.7393', '1', '0', '1', '1'),
(43537, '63316', '1.4031', '1', '0', '1', '1'),
(43537, '63317', '32.9564', '1', '0', '1', '1'),
(43537, '63318', '0.9174', '1', '0', '1', '1'),
(43537, '63348', '24.6087', '1', '0', '1', '1'),
(43537, '63349', '41.6801', '1', '0', '1', '1');

DELETE FROM `gameobject` WHERE id IN (207898,207897,207343,204381,207407,207415) AND map=725;
INSERT INTO `gameobject` VALUES (191460, 207415, 725, 0, 0, 3, 1, 1103.76, 864.712, 287.903, 0.191985, 0, 0, 0.0958452, 0.995396, 7200, 100, 1);
INSERT INTO `gameobject` VALUES (191461, 207407, 725, 0, 0, 3, 1, 1049.27, 908.646, 298.863, -1.25664, 0, 0, -0.587785, 0.809017, 7200, 255, 1);
INSERT INTO `gameobject` VALUES (191462, 204381, 725, 0, 0, 3, 1, 1235.72, 1197.74, 247.605, 0.977383, 0, 0, 0.469471, 0.882948, 7200, 255, 0);
INSERT INTO `gameobject` VALUES (191463, 204381, 725, 0, 0, 3, 1, 1324.74, 1206.68, 245.773, 2.86233, 0, 0, 0.990268, 0.139175, 7200, 255, 0);
INSERT INTO `gameobject` VALUES (58879, 207343, 725, 0, 0, 3, 1, 1156.7, 913.234, 286.285, 3.14159, 0, 0, -1, 0, 7200, 255, 0);
INSERT INTO `gameobject` VALUES (191465, 207898, 725, 0, 0, 3, 1, 822.226, 986.487, 324.245, 0, 0, 0, 0, 1, 7200, 255, 1);
INSERT INTO `gameobject` VALUES (191466, 207897, 725, 0, 0, 3, 1, 822.226, 986.487, 324.245, 0, 0, 0, 0, 1, 7200, 255, 1); 

DELETE FROM creature WHERE id=51396 AND map=725;
INSERT INTO `creature` VALUES ('287266', '51396', '725', '5088', '5088', '1', '1', '0', '0', '853.858', '999.752', '317.399', '0', '7200', '0', '0', '1', '0', '0', '0', '0', '0');
INSERT INTO `creature` VALUES ('287771', '51396', '725', '5088', '5088', '2', '1', '0', '0', '853.858', '999.752', '317.399', '0', '7200', '0', '0', '1', '0', '0', '0', '0', '0');

DELETE FROM creature_template_addon WHERE entry=51396;
INSERT INTO `creature_template_addon` VALUES ('51396', '0', '0', '50331648', '1', '0', '95299');
